image_id,scene_id,domain,region_index,x,y,width,height,center_x,center_y,context_padding,archive_path
case1,case1,real_csig,0,0,0,256,256,128.0,128.0,"{""256"": [0, 0, 0, 0], ""512"": [128, 128, 0, 0]}",data/patches/case1.npz
case1,case1,real_csig,1,256,0,256,256,384.0,128.0,"{""256"": [0, 0, 0, 0], ""512"": [0, 128, 0, 0]}",data/patches/case1.npz
case1,case1,real_csig,2,512,0,256,256,640.0,128.0,"{""256"": [0, 0, 0, 0], ""512"": [0, 128, 0, 0]}",data/patches/case1.npz
case1,case1,real_csig,3,768,0,256,256,896.0,128.0,"{""256"": [0, 0, 0, 0], ""512"": [0, 128, 0, 0]}",data/patches/case1.npz
case1,case1,real_csig,4,1024,0,256,256,1152.0,128.0,"{""256"": [0, 0, 0, 0], ""512"": [0, 128, 0, 0]}",data/patches/case1.npz
case1,case1,real_csig,5,1280,0,256,256,1408.0,128.0,"{""256"": [0, 0, 0, 0], ""512"": [0, 128, 0, 0]}",data/patches/case1.npz
case1,case1,real_csig,6,1536,0,256,256,1664.0,128.0,"{""256"": [0, 0, 0, 0], ""512"": [0, 128, 0, 0]}",data/patches/case1.npz
case1,case1,real_csig,7,1792,0,256,256,1920.0,128.0,"{""256"": [0, 0, 0, 0], ""512"": [0, 128, 0, 0]}",data/patches/case1.npz
case1,case1,real_csig,8,2048,0,256,256,2176.0,128.0,"{""256"": [0, 0, 0, 0], ""512"": [0, 128, 0, 0]}",data/patches/case1.npz
case1,case1,real_csig,9,2304,0,256,256,2432.0,128.0,"{""256"": [0, 0, 0, 0], ""512"": [0, 128, 0, 0]}",data/patches/case1.npz
case1,case1,real_csig,10,2560,0,256,256,2688.0,128.0,"{""256"": [0, 0, 0, 0], ""512"": [0, 128, 0, 0]}",data/patches/case1.npz
case1,case1,real_csig,11,2816,0,256,256,2944.0,128.0,"{""256"": [0, 0, 0, 0], ""512"": [0, 128, 0, 0]}",data/patches/case1.npz
case1,case1,real_csig,12,3072,0,256,256,3200.0,128.0,"{""256"": [0, 0, 0, 0], ""512"": [0, 128, 0, 0]}",data/patches/case1.npz
case1,case1,real_csig,13,3328,0,256,256,3456.0,128.0,"{""256"": [0, 0, 0, 0], ""512"": [0, 128, 0, 0]}",data/patches/case1.npz
case1,case1,real_csig,14,3584,0,256,256,3712.0,128.0,"{""256"": [0, 0, 0, 0], ""512"": [0, 128, 0, 0]}",data/patches/case1.npz
case1,case1,real_csig,15,3840,0,256,256,3968.0,128.0,"{""256"": [0, 0, 0, 0], ""512"": [0, 128, 128, 0]}",data/patches/case1.npz
case1,case1,real_csig,16,0,256,256,256,128.0,384.0,"{""256"": [0, 0, 0, 0], ""512"": [128, 0, 0, 0]}",data/patches/case1.npz
case1,case1,real_csig,17,256,256,256,256,384.0,384.0,"{""256"": [0, 0, 0, 0], ""512"": [0, 0, 0, 0]}",data/patches/case1.npz
case1,case1,real_csig,18,512,256,256,256,640.0,384.0,"{""256"": [0, 0, 0, 0], ""512"": [0, 0, 0, 0]}",data/patches/case1.npz
case1,case1,real_csig,19,768,256,256,256,896.0,384.0,"{""256"": [0, 0, 0, 0], ""512"": [0, 0, 0, 0]}",data/patches/case1.npz
case1,case1,real_csig,20,1024,256,256,256,1152.0,384.0,"{""256"": [0, 0, 0, 0], ""512"": [0, 0, 0, 0]}",data/patches/case1.npz
case1,case1,real_csig,21,1280,256,256,256,1408.0,384.0,"{""256"": [0, 0, 0, 0], ""512"": [0, 0, 0, 0]}",data/patches/case1.npz
case1,case1,real_csig,22,1536,256,256,256,1664.0,384.0,"{""256"": [0, 0, 0, 0], ""512"": [0, 0, 0, 0]}",data/patches/case1.npz
case1,case1,real_csig,23,1792,256,256,256,1920.0,384.0,"{""256"": [0, 0, 0, 0], ""512"": [0, 0, 0, 0]}",data/patches/case1.npz
case1,case1,real_csig,24,2048,256,256,256,2176.0,384.0,"{""256"": [0, 0, 0, 0], ""512"": [0, 0, 0, 0]}",data/patches/case1.npz
case1,case1,real_csig,25,2304,256,256,256,2432.0,384.0,"{""256"": [0, 0, 0, 0], ""512"": [0, 0, 0, 0]}",data/patches/case1.npz
case1,case1,real_csig,26,2560,256,256,256,2688.0,384.0,"{""256"": [0, 0, 0, 0], ""512"": [0, 0, 0, 0]}",data/patches/case1.npz
case1,case1,real_csig,27,2816,256,256,256,2944.0,384.0,"{""256"": [0, 0, 0, 0], ""512"": [0, 0, 0, 0]}",data/patches/case1.npz
case1,case1,real_csig,28,3072,256,256,256,3200.0,384.0,"{""256"": [0, 0, 0, 0], ""512"": [0, 0, 0, 0]}",data/patches/case1.npz
case1,case1,real_csig,29,3328,256,256,256,3456.0,384.0,"{""256"": [0, 0, 0, 0], ""512"": [0, 0, 0, 0]}",data/patches/case1.npz
case1,case1,real_csig,30,3584,256,256,256,3712.0,384.0,"{""256"": [0, 0, 0, 0], ""512"": [0, 0, 0, 0]}",data/patches/case1.npz
case1,case1,real_csig,31,3840,256,256,256,3968.0,384.0,"{""256"": [0, 0, 0, 0], ""512"": [0, 0, 128, 0]}",data/patches/case1.npz
case1,case1,real_csig,32,0,512,256,256,128.0,640.0,"{""256"": [0, 0, 0, 0], ""512"": [128, 0, 0, 0]}",data/patches/case1.npz
case1,case1,real_csig,33,256,512,256,256,384.0,640.0,"{""256"": [0, 0, 0, 0], ""512"": [0, 0, 0, 0]}",data/patches/case1.npz
case1,case1,real_csig,34,512,512,256,256,640.0,640.0,"{""256"": [0, 0, 0, 0], ""512"": [0, 0, 0, 0]}",data/patches/case1.npz
case1,case1,real_csig,35,768,512,256,256,896.0,640.0,"{""256"": [0, 0, 0, 0], ""512"": [0, 0, 0, 0]}",data/patches/case1.npz
case1,case1,real_csig,36,1024,512,256,256,1152.0,640.0,"{""256"": [0, 0, 0, 0], ""512"": [0, 0, 0, 0]}",data/patches/case1.npz
case1,case1,real_csig,37,1280,512,256,256,1408.0,640.0,"{""256"": [0, 0, 0, 0], ""512"": [0, 0, 0, 0]}",data/patches/case1.npz
case1,case1,real_csig,38,1536,512,256,256,1664.0,640.0,"{""256"": [0, 0, 0, 0], ""512"": [0, 0, 0, 0]}",data/patches/case1.npz
case1,case1,real_csig,39,1792,512,256,256,1920.0,640.0,"{""256"": [0, 0, 0, 0], ""512"": [0, 0, 0, 0]}",data/patches/case1.npz
case1,case1,real_csig,40,2048,512,256,256,2176.0,640.0,"{""256"": [0, 0, 0, 0], ""512"": [0, 0, 0, 0]}",data/patches/case1.npz
case1,case1,real_csig,41,2304,512,256,256,2432.0,640.0,"{""256"": [0, 0, 0, 0], ""512"": [0, 0, 0, 0]}",data/patches/case1.npz
case1,case1,real_csig,42,2560,512,256,256,2688.0,640.0,"{""256"": [0, 0, 0, 0], ""512"": [0, 0, 0, 0]}",data/patches/case1.npz
case1,case1,real_csig,43,2816,512,256,256,2944.0,640.0,"{""256"": [0, 0, 0, 0], ""512"": [0, 0, 0, 0]}",data/patches/case1.npz
case1,case1,real_csig,44,3072,512,256,256,3200.0,640.0,"{""256"": [0, 0, 0, 0], ""512"": [0, 0, 0, 0]}",data/patches/case1.npz
case1,case1,real_csig,45,3328,512,256,256,3456.0,640.0,"{""256"": [0, 0, 0, 0], ""512"": [0, 0, 0, 0]}",data/patches/case1.npz
case1,case1,real_csig,46,3584,512,256,256,3712.0,640.0,"{""256"": [0, 0, 0, 0], ""512"": [0, 0, 0, 0]}",data/patches/case1.npz
case1,case1,real_csig,47,3840,512,256,256,3968.0,640.0,"{""256"": [0, 0, 0, 0], ""512"": [0, 0, 128, 0]}",data/patches/case1.npz
case1,case1,real_csig,48,0,768,256,256,128.0,896.0,"{""256"": [0, 0, 0, 0], ""512"": [128, 0, 0, 0]}",data/patches/case1.npz
case1,case1,real_csig,49,256,768,256,256,384.0,896.0,"{""256"": [0, 0, 0, 0], ""512"": [0, 0, 0, 0]}",data/patches/case1.npz
case1,case1,real_csig,50,512,768,256,256,640.0,896.0,"{""256"": [0, 0, 0, 0], ""512"": [0, 0, 0, 0]}",data/patches/case1.npz
case1,case1,real_csig,51,768,768,256,256,896.0,896.0,"{""256"": [0, 0, 0, 0], ""512"": [0, 0, 0, 0]}",data/patches/case1.npz
case1,case1,real_csig,52,1024,768,256,256,1152.0,896.0,"{""256"": [0, 0, 0, 0], ""512"": [0, 0, 0, 0]}",data/patches/case1.npz
case1,case1,real_csig,53,1280,768,256,256,1408.0,896.0,"{""256"": [0, 0, 0, 0], ""512"": [0, 0, 0, 0]}",data/patches/case1.npz
case1,case1,real_csig,54,1536,768,256,256,1664.0,896.0,"{""256"": [0, 0, 0, 0], ""512"": [0, 0, 0, 0]}",data/patches/case1.npz
case1,case1,real_csig,55,1792,768,256,256,1920.0,896.0,"{""256"": [0, 0, 0, 0], ""512"": [0, 0, 0, 0]}",data/patches/case1.npz
case1,case1,real_csig,56,2048,768,256,256,2176.0,896.0,"{""256"": [0, 0, 0, 0], ""512"": [0, 0, 0, 0]}",data/patches/case1.npz
case1,case1,real_csig,57,2304,768,256,256,2432.0,896.0,"{""256"": [0, 0, 0, 0], ""512"": [0, 0, 0, 0]}",data/patches/case1.npz
case1,case1,real_csig,58,2560,768,256,256,2688.0,896.0,"{""256"": [0, 0, 0, 0], ""512"": [0, 0, 0, 0]}",data/patches/case1.npz
case1,case1,real_csig,59,2816,768,256,256,2944.0,896.0,"{""256"": [0, 0, 0, 0], ""512"": [0, 0, 0, 0]}",data/patches/case1.npz
case1,case1,real_csig,60,3072,768,256,256,3200.0,896.0,"{""256"": [0, 0, 0, 0], ""512"": [0, 0, 0, 0]}",data/patches/case1.npz
case1,case1,real_csig,61,3328,768,256,256,3456.0,896.0,"{""256"": [0, 0, 0, 0], ""512"": [0, 0, 0, 0]}",data/patches/case1.npz
case1,case1,real_csig,62,3584,768,256,256,3712.0,896.0,"{""256"": [0, 0, 0, 0], ""512"": [0, 0, 0, 0]}",data/patches/case1.npz
case1,case1,real_csig,63,3840,768,256,256,3968.0,896.0,"{""256"": [0, 0, 0, 0], ""512"": [0, 0, 128, 0]}",data/patches/case1.npz
case1,case1,real_csig,64,0,1024,256,256,128.0,1152.0,"{""256"": [0, 0, 0, 0], ""512"": [128, 0, 0, 0]}",data/patches/case1.npz
case1,case1,real_csig,65,256,1024,256,256,384.0,1152.0,"{""256"": [0, 0, 0, 0], ""512"": [0, 0, 0, 0]}",data/patches/case1.npz
case1,case1,real_csig,66,512,1024,256,256,640.0,1152.0,"{""256"": [0, 0, 0, 0], ""512"": [0, 0, 0, 0]}",data/patches/case1.npz
case1,case1,real_csig,67,768,1024,256,256,896.0,1152.0,"{""256"": [0, 0, 0, 0], ""512"": [0, 0, 0, 0]}",data/patches/case1.npz
case1,case1,real_csig,68,1024,1024,256,256,1152.0,1152.0,"{""256"": [0, 0, 0, 0], ""512"": [0, 0, 0, 0]}",data/patches/case1.npz
case1,case1,real_csig,69,1280,1024,256,256,1408.0,1152.0,"{""256"": [0, 0, 0, 0], ""512"": [0, 0, 0, 0]}",data/patches/case1.npz
case1,case1,real_csig,70,1536,1024,256,256,1664.0,1152.0,"{""256"": [0, 0, 0, 0], ""512"": [0, 0, 0, 0]}",data/patches/case1.npz
case1,case1,real_csig,71,1792,1024,256,256,1920.0,1152.0,"{""256"": [0, 0, 0, 0], ""512"": [0, 0, 0, 0]}",data/patches/case1.npz
case1,case1,real_csig,72,2048,1024,256,256,2176.0,1152.0,"{""256"": [0, 0, 0, 0], ""512"": [0, 0, 0, 0]}",data/patches/case1.npz
case1,case1,real_csig,73,2304,1024,256,256,2432.0,1152.0,"{""256"": [0, 0, 0, 0], ""512"": [0, 0, 0, 0]}",data/patches/case1.npz
case1,case1,real_csig,74,2560,1024,256,256,2688.0,1152.0,"{""256"": [0, 0, 0, 0], ""512"": [0, 0, 0, 0]}",data/patches/case1.npz
case1,case1,real_csig,75,2816,1024,256,256,2944.0,1152.0,"{""256"": [0, 0, 0, 0], ""512"": [0, 0, 0, 0]}",data/patches/case1.npz
case1,case1,real_csig,76,3072,1024,256,256,3200.0,1152.0,"{""256"": [0, 0, 0, 0], ""512"": [0, 0, 0, 0]}",data/patches/case1.npz
case1,case1,real_csig,77,3328,1024,256,256,3456.0,1152.0,"{""256"": [0, 0, 0, 0], ""512"": [0, 0, 0, 0]}",data/patches/case1.npz
case1,case1,real_csig,78,3584,1024,256,256,3712.0,1152.0,"{""256"": [0, 0, 0, 0], ""512"": [0, 0, 0, 0]}",data/patches/case1.npz
case1,case1,real_csig,79,3840,1024,256,256,3968.0,1152.0,"{""256"": [0, 0, 0, 0], ""512"": [0, 0, 128, 0]}",data/patches/case1.npz
case1,case1,real_csig,80,0,1280,256,256,128.0,1408.0,"{""256"": [0, 0, 0, 0], ""512"": [128, 0, 0, 0]}",data/patches/case1.npz
case1,case1,real_csig,81,256,1280,256,256,384.0,1408.0,"{""256"": [0, 0, 0, 0], ""512"": [0, 0, 0, 0]}",data/patches/case1.npz
case1,case1,real_csig,82,512,1280,256,256,640.0,1408.0,"{""256"": [0, 0, 0, 0], ""512"": [0, 0, 0, 0]}",data/patches/case1.npz
case1,case1,real_csig,83,768,1280,256,256,896.0,1408.0,"{""256"": [0, 0, 0, 0], ""512"": [0, 0, 0, 0]}",data/patches/case1.npz
case1,case1,real_csig,84,1024,1280,256,256,1152.0,1408.0,"{""256"": [0, 0, 0, 0], ""512"": [0, 0, 0, 0]}",data/patches/case1.npz
case1,case1,real_csig,85,1280,1280,256,256,1408.0,1408.0,"{""256"": [0, 0, 0, 0], ""512"": [0, 0, 0, 0]}",data/patches/case1.npz
case1,case1,real_csig,86,1536,1280,256,256,1664.0,1408.0,"{""256"": [0, 0, 0, 0], ""512"": [0, 0, 0, 0]}",data/patches/case1.npz
case1,case1,real_csig,87,1792,1280,256,256,1920.0,1408.0,"{""256"": [0, 0, 0, 0], ""512"": [0, 0, 0, 0]}",data/patches/case1.npz
case1,case1,real_csig,88,2048,1280,256,256,2176.0,1408.0,"{""256"": [0, 0, 0, 0], ""512"": [0, 0, 0, 0]}",data/patches/case1.npz
case1,case1,real_csig,89,2304,1280,256,256,2432.0,1408.0,"{""256"": [0, 0, 0, 0], ""512"": [0, 0, 0, 0]}",data/patches/case1.npz
case1,case1,real_csig,90,2560,1280,256,256,2688.0,1408.0,"{""256"": [0, 0, 0, 0], ""512"": [0, 0, 0, 0]}",data/patches/case1.npz
case1,case1,real_csig,91,2816,1280,256,256,2944.0,1408.0,"{""256"": [0, 0, 0, 0], ""512"": [0, 0, 0, 0]}",data/patches/case1.npz
case1,case1,real_csig,92,3072,1280,256,256,3200.0,1408.0,"{""256"": [0, 0, 0, 0], ""512"": [0, 0, 0, 0]}",data/patches/case1.npz
case1,case1,real_csig,93,3328,1280,256,256,3456.0,1408.0,"{""256"": [0, 0, 0, 0], ""512"": [0, 0, 0, 0]}",data/patches/case1.npz
case1,case1,real_csig,94,3584,1280,256,256,3712.0,1408.0,"{""256"": [0, 0, 0, 0], ""512"": [0, 0, 0, 0]}",data/patches/case1.npz
case1,case1,real_csig,95,3840,1280,256,256,3968.0,1408.0,"{""256"": [0, 0, 0, 0], ""512"": [0, 0, 128, 0]}",data/patches/case1.npz
case1,case1,real_csig,96,0,1536,256,256,128.0,1664.0,"{""256"": [0, 0, 0, 0], ""512"": [128, 0, 0, 0]}",data/patches/case1.npz
case1,case1,real_csig,97,256,1536,256,256,384.0,1664.0,"{""256"": [0, 0, 0, 0], ""512"": [0, 0, 0, 0]}",data/patches/case1.npz
case1,case1,real_csig,98,512,1536,256,256,640.0,1664.0,"{""256"": [0, 0, 0, 0], ""512"": [0, 0, 0, 0]}",data/patches/case1.npz
case1,case1,real_csig,99,768,1536,256,256,896.0,1664.0,"{""256"": [0, 0, 0, 0], ""512"": [0, 0, 0, 0]}",data/patches/case1.npz
case1,case1,real_csig,100,1024,1536,256,256,1152.0,1664.0,"{""256"": [0, 0, 0, 0], ""512"": [0, 0, 0, 0]}",data/patches/case1.npz
case1,case1,real_csig,101,1280,1536,256,256,1408.0,1664.0,"{""256"": [0, 0, 0, 0], ""512"": [0, 0, 0, 0]}",data/patches/case1.npz
case1,case1,real_csig,102,1536,1536,256,256,1664.0,1664.0,"{""256"": [0, 0, 0, 0], ""512"": [0, 0, 0, 0]}",data/patches/case1.npz
case1,case1,real_csig,103,1792,1536,256,256,1920.0,1664.0,"{""256"": [0, 0, 0, 0], ""512"": [0, 0, 0, 0]}",data/patches/case1.npz
case1,case1,real_csig,104,2048,1536,256,256,2176.0,1664.0,"{""256"": [0, 0, 0, 0], ""512"": [0, 0, 0, 0]}",data/patches/case1.npz
case1,case1,real_csig,105,2304,1536,256,256,2432.0,1664.0,"{""256"": [0, 0, 0, 0], ""512"": [0, 0, 0, 0]}",data/patches/case1.npz
case1,case1,real_csig,106,2560,1536,256,256,2688.0,1664.0,"{""256"": [0, 0, 0, 0], ""512"": [0, 0, 0, 0]}",data/patches/case1.npz
case1,case1,real_csig,107,2816,1536,256,256,2944.0,1664.0,"{""256"": [0, 0, 0, 0], ""512"": [0, 0, 0, 0]}",data/patches/case1.npz
case1,case1,real_csig,108,3072,1536,256,256,3200.0,1664.0,"{""256"": [0, 0, 0, 0], ""512"": [0, 0, 0, 0]}",data/patches/case1.npz
case1,case1,real_csig,109,3328,1536,256,256,3456.0,1664.0,"{""256"": [0, 0, 0, 0], ""512"": [0, 0, 0, 0]}",data/patches/case1.npz
case1,case1,real_csig,110,3584,1536,256,256,3712.0,1664.0,"{""256"": [0, 0, 0, 0], ""512"": [0, 0, 0, 0]}",data/patches/case1.npz
case1,case1,real_csig,111,3840,1536,256,256,3968.0,1664.0,"{""256"": [0, 0, 0, 0], ""512"": [0, 0, 128, 0]}",data/patches/case1.npz
case1,case1,real_csig,112,0,1792,256,256,128.0,1920.0,"{""256"": [0, 0, 0, 0], ""512"": [128, 0, 0, 0]}",data/patches/case1.npz
case1,case1,real_csig,113,256,1792,256,256,384.0,1920.0,"{""256"": [0, 0, 0, 0], ""512"": [0, 0, 0, 0]}",data/patches/case1.npz
case1,case1,real_csig,114,512,1792,256,256,640.0,1920.0,"{""256"": [0, 0, 0, 0], ""512"": [0, 0, 0, 0]}",data/patches/case1.npz
case1,case1,real_csig,115,768,1792,256,256,896.0,1920.0,"{""256"": [0, 0, 0, 0], ""512"": [0, 0, 0, 0]}",data/patches/case1.npz
case1,case1,real_csig,116,1024,1792,256,256,1152.0,1920.0,"{""256"": [0, 0, 0, 0], ""512"": [0, 0, 0, 0]}",data/patches/case1.npz
case1,case1,real_csig,117,1280,1792,256,256,1408.0,1920.0,"{""256"": [0, 0, 0, 0], ""512"": [0, 0, 0, 0]}",data/patches/case1.npz
case1,case1,real_csig,118,1536,1792,256,256,1664.0,1920.0,"{""256"": [0, 0, 0, 0], ""512"": [0, 0, 0, 0]}",data/patches/case1.npz
case1,case1,real_csig,119,1792,1792,256,256,1920.0,1920.0,"{""256"": [0, 0, 0, 0], ""512"": [0, 0, 0, 0]}",data/patches/case1.npz
case1,case1,real_csig,120,2048,1792,256,256,2176.0,1920.0,"{""256"": [0, 0, 0, 0], ""512"": [0, 0, 0, 0]}",data/patches/case1.npz
case1,case1,real_csig,121,2304,1792,256,256,2432.0,1920.0,"{""256"": [0, 0, 0, 0], ""512"": [0, 0, 0, 0]}",data/patches/case1.npz
case1,case1,real_csig,122,2560,1792,256,256,2688.0,1920.0,"{""256"": [0, 0, 0, 0], ""512"": [0, 0, 0, 0]}",data/patches/case1.npz
case1,case1,real_csig,123,2816,1792,256,256,2944.0,1920.0,"{""256"": [0, 0, 0, 0], ""512"": [0, 0, 0, 0]}",data/patches/case1.npz
case1,case1,real_csig,124,3072,1792,256,256,3200.0,1920.0,"{""256"": [0, 0, 0, 0], ""512"": [0, 0, 0, 0]}",data/patches/case1.npz
case1,case1,real_csig,125,3328,1792,256,256,3456.0,1920.0,"{""256"": [0, 0, 0, 0], ""512"": [0, 0, 0, 0]}",data/patches/case1.npz
case1,case1,real_csig,126,3584,1792,256,256,3712.0,1920.0,"{""256"": [0, 0, 0, 0], ""512"": [0, 0, 0, 0]}",data/patches/case1.npz
case1,case1,real_csig,127,3840,1792,256,256,3968.0,1920.0,"{""256"": [0, 0, 0, 0], ""512"": [0, 0, 128, 0]}",data/patches/case1.npz
case1,case1,real_csig,128,0,2048,256,256,128.0,2176.0,"{""256"": [0, 0, 0, 0], ""512"": [128, 0, 0, 0]}",data/patches/case1.npz
case1,case1,real_csig,129,256,2048,256,256,384.0,2176.0,"{""256"": [0, 0, 0, 0], ""512"": [0, 0, 0, 0]}",data/patches/case1.npz
case1,case1,real_csig,130,512,2048,256,256,640.0,2176.0,"{""256"": [0, 0, 0, 0], ""512"": [0, 0, 0, 0]}",data/patches/case1.npz
case1,case1,real_csig,131,768,2048,256,256,896.0,2176.0,"{""256"": [0, 0, 0, 0], ""512"": [0, 0, 0, 0]}",data/patches/case1.npz
case1,case1,real_csig,132,1024,2048,256,256,1152.0,2176.0,"{""256"": [0, 0, 0, 0], ""512"": [0, 0, 0, 0]}",data/patches/case1.npz
case1,case1,real_csig,133,1280,2048,256,256,1408.0,2176.0,"{""256"": [0, 0, 0, 0], ""512"": [0, 0, 0, 0]}",data/patches/case1.npz
case1,case1,real_csig,134,1536,2048,256,256,1664.0,2176.0,"{""256"": [0, 0, 0, 0], ""512"": [0, 0, 0, 0]}",data/patches/case1.npz
case1,case1,real_csig,135,1792,2048,256,256,1920.0,2176.0,"{""256"": [0, 0, 0, 0], ""512"": [0, 0, 0, 0]}",data/patches/case1.npz
case1,case1,real_csig,136,2048,2048,256,256,2176.0,2176.0,"{""256"": [0, 0, 0, 0], ""512"": [0, 0, 0, 0]}",data/patches/case1.npz
case1,case1,real_csig,137,2304,2048,256,256,2432.0,2176.0,"{""256"": [0, 0, 0, 0], ""512"": [0, 0, 0, 0]}",data/patches/case1.npz
case1,case1,real_csig,138,2560,2048,256,256,2688.0,2176.0,"{""256"": [0, 0, 0, 0], ""512"": [0, 0, 0, 0]}",data/patches/case1.npz
case1,case1,real_csig,139,2816,2048,256,256,2944.0,2176.0,"{""256"": [0, 0, 0, 0], ""512"": [0, 0, 0, 0]}",data/patches/case1.npz
case1,case1,real_csig,140,3072,2048,256,256,3200.0,2176.0,"{""256"": [0, 0, 0, 0], ""512"": [0, 0, 0, 0]}",data/patches/case1.npz
case1,case1,real_csig,141,3328,2048,256,256,3456.0,2176.0,"{""256"": [0, 0, 0, 0], ""512"": [0, 0, 0, 0]}",data/patches/case1.npz
case1,case1,real_csig,142,3584,2048,256,256,3712.0,2176.0,"{""256"": [0, 0, 0, 0], ""512"": [0, 0, 0, 0]}",data/patches/case1.npz
case1,case1,real_csig,143,3840,2048,256,256,3968.0,2176.0,"{""256"": [0, 0, 0, 0], ""512"": [0, 0, 128, 0]}",data/patches/case1.npz
case1,case1,real_csig,144,0,2304,256,256,128.0,2432.0,"{""256"": [0, 0, 0, 0], ""512"": [128, 0, 0, 0]}",data/patches/case1.npz
case1,case1,real_csig,145,256,2304,256,256,384.0,2432.0,"{""256"": [0, 0, 0, 0], ""512"": [0, 0, 0, 0]}",data/patches/case1.npz
case1,case1,real_csig,146,512,2304,256,256,640.0,2432.0,"{""256"": [0, 0, 0, 0], ""512"": [0, 0, 0, 0]}",data/patches/case1.npz
case1,case1,real_csig,147,768,2304,256,256,896.0,2432.0,"{""256"": [0, 0, 0, 0], ""512"": [0, 0, 0, 0]}",data/patches/case1.npz
case1,case1,real_csig,148,1024,2304,256,256,1152.0,2432.0,"{""256"": [0, 0, 0, 0], ""512"": [0, 0, 0, 0]}",data/patches/case1.npz
case1,case1,real_csig,149,1280,2304,256,256,1408.0,2432.0,"{""256"": [0, 0, 0, 0], ""512"": [0, 0, 0, 0]}",data/patches/case1.npz
case1,case1,real_csig,150,1536,2304,256,256,1664.0,2432.0,"{""256"": [0, 0, 0, 0], ""512"": [0, 0, 0, 0]}",data/patches/case1.npz
case1,case1,real_csig,151,1792,2304,256,256,1920.0,2432.0,"{""256"": [0, 0, 0, 0], ""512"": [0, 0, 0, 0]}",data/patches/case1.npz
case1,case1,real_csig,152,2048,2304,256,256,2176.0,2432.0,"{""256"": [0, 0, 0, 0], ""512"": [0, 0, 0, 0]}",data/patches/case1.npz
case1,case1,real_csig,153,2304,2304,256,256,2432.0,2432.0,"{""256"": [0, 0, 0, 0], ""512"": [0, 0, 0, 0]}",data/patches/case1.npz
case1,case1,real_csig,154,2560,2304,256,256,2688.0,2432.0,"{""256"": [0, 0, 0, 0], ""512"": [0, 0, 0, 0]}",data/patches/case1.npz
case1,case1,real_csig,155,2816,2304,256,256,2944.0,2432.0,"{""256"": [0, 0, 0, 0], ""512"": [0, 0, 0, 0]}",data/patches/case1.npz
case1,case1,real_csig,156,3072,2304,256,256,3200.0,2432.0,"{""256"": [0, 0, 0, 0], ""512"": [0, 0, 0, 0]}",data/patches/case1.npz
case1,case1,real_csig,157,3328,2304,256,256,3456.0,2432.0,"{""256"": [0, 0, 0, 0], ""512"": [0, 0, 0, 0]}",data/patches/case1.npz
case1,case1,real_csig,158,3584,2304,256,256,3712.0,2432.0,"{""256"": [0, 0, 0, 0], ""512"": [0, 0, 0, 0]}",data/patches/case1.npz
case1,case1,real_csig,159,3840,2304,256,256,3968.0,2432.0,"{""256"": [0, 0, 0, 0], ""512"": [0, 0, 128, 0]}",data/patches/case1.npz
case1,case1,real_csig,160,0,2560,256,256,128.0,2688.0,"{""256"": [0, 0, 0, 0], ""512"": [128, 0, 0, 0]}",data/patches/case1.npz
case1,case1,real_csig,161,256,2560,256,256,384.0,2688.0,"{""256"": [0, 0, 0, 0], ""512"": [0, 0, 0, 0]}",data/patches/case1.npz
case1,case1,real_csig,162,512,2560,256,256,640.0,2688.0,"{""256"": [0, 0, 0, 0], ""512"": [0, 0, 0, 0]}",data/patches/case1.npz
case1,case1,real_csig,163,768,2560,256,256,896.0,2688.0,"{""256"": [0, 0, 0, 0], ""512"": [0, 0, 0, 0]}",data/patches/case1.npz
case1,case1,real_csig,164,1024,2560,256,256,1152.0,2688.0,"{""256"": [0, 0, 0, 0], ""512"": [0, 0, 0, 0]}",data/patches/case1.npz
case1,case1,real_csig,165,1280,2560,256,256,1408.0,2688.0,"{""256"": [0, 0, 0, 0], ""512"": [0, 0, 0, 0]}",data/patches/case1.npz
case1,case1,real_csig,166,1536,2560,256,256,1664.0,2688.0,"{""256"": [0, 0, 0, 0], ""512"": [0, 0, 0, 0]}",data/patches/case1.npz
case1,case1,real_csig,167,1792,2560,256,256,1920.0,2688.0,"{""256"": [0, 0, 0, 0], ""512"": [0, 0, 0, 0]}",data/patches/case1.npz
case1,case1,real_csig,168,2048,2560,256,256,2176.0,2688.0,"{""256"": [0, 0, 0, 0], ""512"": [0, 0, 0, 0]}",data/patches/case1.npz
case1,case1,real_csig,169,2304,2560,256,256,2432.0,2688.0,"{""256"": [0, 0, 0, 0], ""512"": [0, 0, 0, 0]}",data/patches/case1.npz
case1,case1,real_csig,170,2560,2560,256,256,2688.0,2688.0,"{""256"": [0, 0, 0, 0], ""512"": [0, 0, 0, 0]}",data/patches/case1.npz
case1,case1,real_csig,171,2816,2560,256,256,2944.0,2688.0,"{""256"": [0, 0, 0, 0], ""512"": [0, 0, 0, 0]}",data/patches/case1.npz
case1,case1,real_csig,172,3072,2560,256,256,3200.0,2688.0,"{""256"": [0, 0, 0, 0], ""512"": [0, 0, 0, 0]}",data/patches/case1.npz
case1,case1,real_csig,173,3328,2560,256,256,3456.0,2688.0,"{""256"": [0, 0, 0, 0], ""512"": [0, 0, 0, 0]}",data/patches/case1.npz
case1,case1,real_csig,174,3584,2560,256,256,3712.0,2688.0,"{""256"": [0, 0, 0, 0], ""512"": [0, 0, 0, 0]}",data/patches/case1.npz
case1,case1,real_csig,175,3840,2560,256,256,3968.0,2688.0,"{""256"": [0, 0, 0, 0], ""512"": [0, 0, 128, 0]}",data/patches/case1.npz
case1,case1,real_csig,176,0,2816,256,256,128.0,2944.0,"{""256"": [0, 0, 0, 0], ""512"": [128, 0, 0, 128]}",data/patches/case1.npz
case1,case1,real_csig,177,256,2816,256,256,384.0,2944.0,"{""256"": [0, 0, 0, 0], ""512"": [0, 0, 0, 128]}",data/patches/case1.npz
case1,case1,real_csig,178,512,2816,256,256,640.0,2944.0,"{""256"": [0, 0, 0, 0], ""512"": [0, 0, 0, 128]}",data/patches/case1.npz
case1,case1,real_csig,179,768,2816,256,256,896.0,2944.0,"{""256"": [0, 0, 0, 0], ""512"": [0, 0, 0, 128]}",data/patches/case1.npz
case1,case1,real_csig,180,1024,2816,256,256,1152.0,2944.0,"{""256"": [0, 0, 0, 0], ""512"": [0, 0, 0, 128]}",data/patches/case1.npz
case1,case1,real_csig,181,1280,2816,256,256,1408.0,2944.0,"{""256"": [0, 0, 0, 0], ""512"": [0, 0, 0, 128]}",data/patches/case1.npz
case1,case1,real_csig,182,1536,2816,256,256,1664.0,2944.0,"{""256"": [0, 0, 0, 0], ""512"": [0, 0, 0, 128]}",data/patches/case1.npz
case1,case1,real_csig,183,1792,2816,256,256,1920.0,2944.0,"{""256"": [0, 0, 0, 0], ""512"": [0, 0, 0, 128]}",data/patches/case1.npz
case1,case1,real_csig,184,2048,2816,256,256,2176.0,2944.0,"{""256"": [0, 0, 0, 0], ""512"": [0, 0, 0, 128]}",data/patches/case1.npz
case1,case1,real_csig,185,2304,2816,256,256,2432.0,2944.0,"{""256"": [0, 0, 0, 0], ""512"": [0, 0, 0, 128]}",data/patches/case1.npz
case1,case1,real_csig,186,2560,2816,256,256,2688.0,2944.0,"{""256"": [0, 0, 0, 0], ""512"": [0, 0, 0, 128]}",data/patches/case1.npz
case1,case1,real_csig,187,2816,2816,256,256,2944.0,2944.0,"{""256"": [0, 0, 0, 0], ""512"": [0, 0, 0, 128]}",data/patches/case1.npz
case1,case1,real_csig,188,3072,2816,256,256,3200.0,2944.0,"{""256"": [0, 0, 0, 0], ""512"": [0, 0, 0, 128]}",data/patches/case1.npz
case1,case1,real_csig,189,3328,2816,256,256,3456.0,2944.0,"{""256"": [0, 0, 0, 0], ""512"": [0, 0, 0, 128]}",data/patches/case1.npz
case1,case1,real_csig,190,3584,2816,256,256,3712.0,2944.0,"{""256"": [0, 0, 0, 0], ""512"": [0, 0, 0, 128]}",data/patches/case1.npz
case1,case1,real_csig,191,3840,2816,256,256,3968.0,2944.0,"{""256"": [0, 0, 0, 0], ""512"": [0, 0, 128, 128]}",data/patches/case1.npz
case2,case2,real_csig,0,0,0,256,256,128.0,128.0,"{""256"": [0, 0, 0, 0], ""512"": [128, 128, 0, 0]}",data/patches/case2.npz
case2,case2,real_csig,1,256,0,256,256,384.0,128.0,"{""256"": [0, 0, 0, 0], ""512"": [0, 128, 0, 0]}",data/patches/case2.npz
case2,case2,real_csig,2,512,0,256,256,640.0,128.0,"{""256"": [0, 0, 0, 0], ""512"": [0, 128, 0, 0]}",data/patches/case2.npz
case2,case2,real_csig,3,768,0,256,256,896.0,128.0,"{""256"": [0, 0, 0, 0], ""512"": [0, 128, 0, 0]}",data/patches/case2.npz
case2,case2,real_csig,4,1024,0,256,256,1152.0,128.0,"{""256"": [0, 0, 0, 0], ""512"": [0, 128, 0, 0]}",data/patches/case2.npz
case2,case2,real_csig,5,1280,0,256,256,1408.0,128.0,"{""256"": [0, 0, 0, 0], ""512"": [0, 128, 0, 0]}",data/patches/case2.npz
case2,case2,real_csig,6,1536,0,256,256,1664.0,128.0,"{""256"": [0, 0, 0, 0], ""512"": [0, 128, 0, 0]}",data/patches/case2.npz
case2,case2,real_csig,7,1792,0,256,256,1920.0,128.0,"{""256"": [0, 0, 0, 0], ""512"": [0, 128, 0, 0]}",data/patches/case2.npz
case2,case2,real_csig,8,2048,0,256,256,2176.0,128.0,"{""256"": [0, 0, 0, 0], ""512"": [0, 128, 0, 0]}",data/patches/case2.npz
case2,case2,real_csig,9,2304,0,256,256,2432.0,128.0,"{""256"": [0, 0, 0, 0], ""512"": [0, 128, 0, 0]}",data/patches/case2.npz
case2,case2,real_csig,10,2560,0,256,256,2688.0,128.0,"{""256"": [0, 0, 0, 0], ""512"": [0, 128, 0, 0]}",data/patches/case2.npz
case2,case2,real_csig,11,2816,0,256,256,2944.0,128.0,"{""256"": [0, 0, 0, 0], ""512"": [0, 128, 128, 0]}",data/patches/case2.npz
case2,case2,real_csig,12,0,256,256,256,128.0,384.0,"{""256"": [0, 0, 0, 0], ""512"": [128, 0, 0, 0]}",data/patches/case2.npz
case2,case2,real_csig,13,256,256,256,256,384.0,384.0,"{""256"": [0, 0, 0, 0], ""512"": [0, 0, 0, 0]}",data/patches/case2.npz
case2,case2,real_csig,14,512,256,256,256,640.0,384.0,"{""256"": [0, 0, 0, 0], ""512"": [0, 0, 0, 0]}",data/patches/case2.npz
case2,case2,real_csig,15,768,256,256,256,896.0,384.0,"{""256"": [0, 0, 0, 0], ""512"": [0, 0, 0, 0]}",data/patches/case2.npz
case2,case2,real_csig,16,1024,256,256,256,1152.0,384.0,"{""256"": [0, 0, 0, 0], ""512"": [0, 0, 0, 0]}",data/patches/case2.npz
case2,case2,real_csig,17,1280,256,256,256,1408.0,384.0,"{""256"": [0, 0, 0, 0], ""512"": [0, 0, 0, 0]}",data/patches/case2.npz
case2,case2,real_csig,18,1536,256,256,256,1664.0,384.0,"{""256"": [0, 0, 0, 0], ""512"": [0, 0, 0, 0]}",data/patches/case2.npz
case2,case2,real_csig,19,1792,256,256,256,1920.0,384.0,"{""256"": [0, 0, 0, 0], ""512"": [0, 0, 0, 0]}",data/patches/case2.npz
case2,case2,real_csig,20,2048,256,256,256,2176.0,384.0,"{""256"": [0, 0, 0, 0], ""512"": [0, 0, 0, 0]}",data/patches/case2.npz
case2,case2,real_csig,21,2304,256,256,256,2432.0,384.0,"{""256"": [0, 0, 0, 0], ""512"": [0, 0, 0, 0]}",data/patches/case2.npz
case2,case2,real_csig,22,2560,256,256,256,2688.0,384.0,"{""256"": [0, 0, 0, 0], ""512"": [0, 0, 0, 0]}",data/patches/case2.npz
case2,case2,real_csig,23,2816,256,256,256,2944.0,384.0,"{""256"": [0, 0, 0, 0], ""512"": [0, 0, 128, 0]}",data/patches/case2.npz
case2,case2,real_csig,24,0,512,256,256,128.0,640.0,"{""256"": [0, 0, 0, 0], ""512"": [128, 0, 0, 0]}",data/patches/case2.npz
case2,case2,real_csig,25,256,512,256,256,384.0,640.0,"{""256"": [0, 0, 0, 0], ""512"": [0, 0, 0, 0]}",data/patches/case2.npz
case2,case2,real_csig,26,512,512,256,256,640.0,640.0,"{""256"": [0, 0, 0, 0], ""512"": [0, 0, 0, 0]}",data/patches/case2.npz
case2,case2,real_csig,27,768,512,256,256,896.0,640.0,"{""256"": [0, 0, 0, 0], ""512"": [0, 0, 0, 0]}",data/patches/case2.npz
case2,case2,real_csig,28,1024,512,256,256,1152.0,640.0,"{""256"": [0, 0, 0, 0], ""512"": [0, 0, 0, 0]}",data/patches/case2.npz
case2,case2,real_csig,29,1280,512,256,256,1408.0,640.0,"{""256"": [0, 0, 0, 0], ""512"": [0, 0, 0, 0]}",data/patches/case2.npz
case2,case2,real_csig,30,1536,512,256,256,1664.0,640.0,"{""256"": [0, 0, 0, 0], ""512"": [0, 0, 0, 0]}",data/patches/case2.npz
case2,case2,real_csig,31,1792,512,256,256,1920.0,640.0,"{""256"": [0, 0, 0, 0], ""512"": [0, 0, 0, 0]}",data/patches/case2.npz
case2,case2,real_csig,32,2048,512,256,256,2176.0,640.0,"{""256"": [0, 0, 0, 0], ""512"": [0, 0, 0, 0]}",data/patches/case2.npz
case2,case2,real_csig,33,2304,512,256,256,2432.0,640.0,"{""256"": [0, 0, 0, 0], ""512"": [0, 0, 0, 0]}",data/patches/case2.npz
case2,case2,real_csig,34,2560,512,256,256,2688.0,640.0,"{""256"": [0, 0, 0, 0], ""512"": [0, 0, 0, 0]}",data/patches/case2.npz
case2,case2,real_csig,35,2816,512,256,256,2944.0,640.0,"{""256"": [0, 0, 0, 0], ""512"": [0, 0, 128, 0]}",data/patches/case2.npz
case2,case2,real_csig,36,0,768,256,256,128.0,896.0,"{""256"": [0, 0, 0, 0], ""512"": [128, 0, 0, 0]}",data/patches/case2.npz
case2,case2,real_csig,37,256,768,256,256,384.0,896.0,"{""256"": [0, 0, 0, 0], ""512"": [0, 0, 0, 0]}",data/patches/case2.npz
case2,case2,real_csig,38,512,768,256,256,640.0,896.0,"{""256"": [0, 0, 0, 0], ""512"": [0, 0, 0, 0]}",data/patches/case2.npz
case2,case2,real_csig,39,768,768,256,256,896.0,896.0,"{""256"": [0, 0, 0, 0], ""512"": [0, 0, 0, 0]}",data/patches/case2.npz
case2,case2,real_csig,40,1024,768,256,256,1152.0,896.0,"{""256"": [0, 0, 0, 0], ""512"": [0, 0, 0, 0]}",data/patches/case2.npz
case2,case2,real_csig,41,1280,768,256,256,1408.0,896.0,"{""256"": [0, 0, 0, 0], ""512"": [0, 0, 0, 0]}",data/patches/case2.npz
case2,case2,real_csig,42,1536,768,256,256,1664.0,896.0,"{""256"": [0, 0, 0, 0], ""512"": [0, 0, 0, 0]}",data/patches/case2.npz
case2,case2,real_csig,43,1792,768,256,256,1920.0,896.0,"{""256"": [0, 0, 0, 0], ""512"": [0, 0, 0, 0]}",data/patches/case2.npz
case2,case2,real_csig,44,2048,768,256,256,2176.0,896.0,"{""256"": [0, 0, 0, 0], ""512"": [0, 0, 0, 0]}",data/patches/case2.npz
case2,case2,real_csig,45,2304,768,256,256,2432.0,896.0,"{""256"": [0, 0, 0, 0], ""512"": [0, 0, 0, 0]}",data/patches/case2.npz
case2,case2,real_csig,46,2560,768,256,256,2688.0,896.0,"{""256"": [0, 0, 0, 0], ""512"": [0, 0, 0, 0]}",data/patches/case2.npz
case2,case2,real_csig,47,2816,768,256,256,2944.0,896.0,"{""256"": [0, 0, 0, 0], ""512"": [0, 0, 128, 0]}",data/patches/case2.npz
case2,case2,real_csig,48,0,1024,256,256,128.0,1152.0,"{""256"": [0, 0, 0, 0], ""512"": [128, 0, 0, 0]}",data/patches/case2.npz
case2,case2,real_csig,49,256,1024,256,256,384.0,1152.0,"{""256"": [0, 0, 0, 0], ""512"": [0, 0, 0, 0]}",data/patches/case2.npz
case2,case2,real_csig,50,512,1024,256,256,640.0,1152.0,"{""256"": [0, 0, 0, 0], ""512"": [0, 0, 0, 0]}",data/patches/case2.npz
case2,case2,real_csig,51,768,1024,256,256,896.0,1152.0,"{""256"": [0, 0, 0, 0], ""512"": [0, 0, 0, 0]}",data/patches/case2.npz
case2,case2,real_csig,52,1024,1024,256,256,1152.0,1152.0,"{""256"": [0, 0, 0, 0], ""512"": [0, 0, 0, 0]}",data/patches/case2.npz
case2,case2,real_csig,53,1280,1024,256,256,1408.0,1152.0,"{""256"": [0, 0, 0, 0], ""512"": [0, 0, 0, 0]}",data/patches/case2.npz
case2,case2,real_csig,54,1536,1024,256,256,1664.0,1152.0,"{""256"": [0, 0, 0, 0], ""512"": [0, 0, 0, 0]}",data/patches/case2.npz
case2,case2,real_csig,55,1792,1024,256,256,1920.0,1152.0,"{""256"": [0, 0, 0, 0], ""512"": [0, 0, 0, 0]}",data/patches/case2.npz
case2,case2,real_csig,56,2048,1024,256,256,2176.0,1152.0,"{""256"": [0, 0, 0, 0], ""512"": [0, 0, 0, 0]}",data/patches/case2.npz
case2,case2,real_csig,57,2304,1024,256,256,2432.0,1152.0,"{""256"": [0, 0, 0, 0], ""512"": [0, 0, 0, 0]}",data/patches/case2.npz
case2,case2,real_csig,58,2560,1024,256,256,2688.0,1152.0,"{""256"": [0, 0, 0, 0], ""512"": [0, 0, 0, 0]}",data/patches/case2.npz
case2,case2,real_csig,59,2816,1024,256,256,2944.0,1152.0,"{""256"": [0, 0, 0, 0], ""512"": [0, 0, 128, 0]}",data/patches/case2.npz
case2,case2,real_csig,60,0,1280,256,256,128.0,1408.0,"{""256"": [0, 0, 0, 0], ""512"": [128, 0, 0, 0]}",data/patches/case2.npz
case2,case2,real_csig,61,256,1280,256,256,384.0,1408.0,"{""256"": [0, 0, 0, 0], ""512"": [0, 0, 0, 0]}",data/patches/case2.npz
case2,case2,real_csig,62,512,1280,256,256,640.0,1408.0,"{""256"": [0, 0, 0, 0], ""512"": [0, 0, 0, 0]}",data/patches/case2.npz
case2,case2,real_csig,63,768,1280,256,256,896.0,1408.0,"{""256"": [0, 0, 0, 0], ""512"": [0, 0, 0, 0]}",data/patches/case2.npz
case2,case2,real_csig,64,1024,1280,256,256,1152.0,1408.0,"{""256"": [0, 0, 0, 0], ""512"": [0, 0, 0, 0]}",data/patches/case2.npz
case2,case2,real_csig,65,1280,1280,256,256,1408.0,1408.0,"{""256"": [0, 0, 0, 0], ""512"": [0, 0, 0, 0]}",data/patches/case2.npz
case2,case2,real_csig,66,1536,1280,256,256,1664.0,1408.0,"{""256"": [0, 0, 0, 0], ""512"": [0, 0, 0, 0]}",data/patches/case2.npz
case2,case2,real_csig,67,1792,1280,256,256,1920.0,1408.0,"{""256"": [0, 0, 0, 0], ""512"": [0, 0, 0, 0]}",data/patches/case2.npz
case2,case2,real_csig,68,2048,1280,256,256,2176.0,1408.0,"{""256"": [0, 0, 0, 0], ""512"": [0, 0, 0, 0]}",data/patches/case2.npz
case2,case2,real_csig,69,2304,1280,256,256,2432.0,1408.0,"{""256"": [0, 0, 0, 0], ""512"": [0, 0, 0, 0]}",data/patches/case2.npz
case2,case2,real_csig,70,2560,1280,256,256,2688.0,1408.0,"{""256"": [0, 0, 0, 0], ""512"": [0, 0, 0, 0]}",data/patches/case2.npz
case2,case2,real_csig,71,2816,1280,256,256,2944.0,1408.0,"{""256"": [0, 0, 0, 0], ""512"": [0, 0, 128, 0]}",data/patches/case2.npz
case2,case2,real_csig,72,0,1536,256,256,128.0,1664.0,"{""256"": [0, 0, 0, 0], ""512"": [128, 0, 0, 0]}",data/patches/case2.npz
case2,case2,real_csig,73,256,1536,256,256,384.0,1664.0,"{""256"": [0, 0, 0, 0], ""512"": [0, 0, 0, 0]}",data/patches/case2.npz
case2,case2,real_csig,74,512,1536,256,256,640.0,1664.0,"{""256"": [0, 0, 0, 0], ""512"": [0, 0, 0, 0]}",data/patches/case2.npz
case2,case2,real_csig,75,768,1536,256,256,896.0,1664.0,"{""256"": [0, 0, 0, 0], ""512"": [0, 0, 0, 0]}",data/patches/case2.npz
case2,case2,real_csig,76,1024,1536,256,256,1152.0,1664.0,"{""256"": [0, 0, 0, 0], ""512"": [0, 0, 0, 0]}",data/patches/case2.npz
case2,case2,real_csig,77,1280,1536,256,256,1408.0,1664.0,"{""256"": [0, 0, 0, 0], ""512"": [0, 0, 0, 0]}",data/patches/case2.npz
case2,case2,real_csig,78,1536,1536,256,256,1664.0,1664.0,"{""256"": [0, 0, 0, 0], ""512"": [0, 0, 0, 0]}",data/patches/case2.npz
case2,case2,real_csig,79,1792,1536,256,256,1920.0,1664.0,"{""256"": [0, 0, 0, 0], ""512"": [0, 0, 0, 0]}",data/patches/case2.npz
case2,case2,real_csig,80,2048,1536,256,256,2176.0,1664.0,"{""256"": [0, 0, 0, 0], ""512"": [0, 0, 0, 0]}",data/patches/case2.npz
case2,case2,real_csig,81,2304,1536,256,256,2432.0,1664.0,"{""256"": [0, 0, 0, 0], ""512"": [0, 0, 0, 0]}",data/patches/case2.npz
case2,case2,real_csig,82,2560,1536,256,256,2688.0,1664.0,"{""256"": [0, 0, 0, 0], ""512"": [0, 0, 0, 0]}",data/patches/case2.npz
case2,case2,real_csig,83,2816,1536,256,256,2944.0,1664.0,"{""256"": [0, 0, 0, 0], ""512"": [0, 0, 128, 0]}",data/patches/case2.npz
case2,case2,real_csig,84,0,1792,256,256,128.0,1920.0,"{""256"": [0, 0, 0, 0], ""512"": [128, 0, 0, 0]}",data/patches/case2.npz
case2,case2,real_csig,85,256,1792,256,256,384.0,1920.0,"{""256"": [0, 0, 0, 0], ""512"": [0, 0, 0, 0]}",data/patches/case2.npz
case2,case2,real_csig,86,512,1792,256,256,640.0,1920.0,"{""256"": [0, 0, 0, 0], ""512"": [0, 0, 0, 0]}",data/patches/case2.npz
case2,case2,real_csig,87,768,1792,256,256,896.0,1920.0,"{""256"": [0, 0, 0, 0], ""512"": [0, 0, 0, 0]}",data/patches/case2.npz
case2,case2,real_csig,88,1024,1792,256,256,1152.0,1920.0,"{""256"": [0, 0, 0, 0], ""512"": [0, 0, 0, 0]}",data/patches/case2.npz
case2,case2,real_csig,89,1280,1792,256,256,1408.0,1920.0,"{""256"": [0, 0, 0, 0], ""512"": [0, 0, 0, 0]}",data/patches/case2.npz
case2,case2,real_csig,90,1536,1792,256,256,1664.0,1920.0,"{""256"": [0, 0, 0, 0], ""512"": [0, 0, 0, 0]}",data/patches/case2.npz
case2,case2,real_csig,91,1792,1792,256,256,1920.0,1920.0,"{""256"": [0, 0, 0, 0], ""512"": [0, 0, 0, 0]}",data/patches/case2.npz
case2,case2,real_csig,92,2048,1792,256,256,2176.0,1920.0,"{""256"": [0, 0, 0, 0], ""512"": [0, 0, 0, 0]}",data/patches/case2.npz
case2,case2,real_csig,93,2304,1792,256,256,2432.0,1920.0,"{""256"": [0, 0, 0, 0], ""512"": [0, 0, 0, 0]}",data/patches/case2.npz
case2,case2,real_csig,94,2560,1792,256,256,2688.0,1920.0,"{""256"": [0, 0, 0, 0], ""512"": [0, 0, 0, 0]}",data/patches/case2.npz
case2,case2,real_csig,95,2816,1792,256,256,2944.0,1920.0,"{""256"": [0, 0, 0, 0], ""512"": [0, 0, 128, 0]}",data/patches/case2.npz
case2,case2,real_csig,96,0,2048,256,256,128.0,2176.0,"{""256"": [0, 0, 0, 0], ""512"": [128, 0, 0, 0]}",data/patches/case2.npz
case2,case2,real_csig,97,256,2048,256,256,384.0,2176.0,"{""256"": [0, 0, 0, 0], ""512"": [0, 0, 0, 0]}",data/patches/case2.npz
case2,case2,real_csig,98,512,2048,256,256,640.0,2176.0,"{""256"": [0, 0, 0, 0], ""512"": [0, 0, 0, 0]}",data/patches/case2.npz
case2,case2,real_csig,99,768,2048,256,256,896.0,2176.0,"{""256"": [0, 0, 0, 0], ""512"": [0, 0, 0, 0]}",data/patches/case2.npz
case2,case2,real_csig,100,1024,2048,256,256,1152.0,2176.0,"{""256"": [0, 0, 0, 0], ""512"": [0, 0, 0, 0]}",data/patches/case2.npz
case2,case2,real_csig,101,1280,2048,256,256,1408.0,2176.0,"{""256"": [0, 0, 0, 0], ""512"": [0, 0, 0, 0]}",data/patches/case2.npz
case2,case2,real_csig,102,1536,2048,256,256,1664.0,2176.0,"{""256"": [0, 0, 0, 0], ""512"": [0, 0, 0, 0]}",data/patches/case2.npz
case2,case2,real_csig,103,1792,2048,256,256,1920.0,2176.0,"{""256"": [0, 0, 0, 0], ""512"": [0, 0, 0, 0]}",data/patches/case2.npz
case2,case2,real_csig,104,2048,2048,256,256,2176.0,2176.0,"{""256"": [0, 0, 0, 0], ""512"": [0, 0, 0, 0]}",data/patches/case2.npz
case2,case2,real_csig,105,2304,2048,256,256,2432.0,2176.0,"{""256"": [0, 0, 0, 0], ""512"": [0, 0, 0, 0]}",data/patches/case2.npz
case2,case2,real_csig,106,2560,2048,256,256,2688.0,2176.0,"{""256"": [0, 0, 0, 0], ""512"": [0, 0, 0, 0]}",data/patches/case2.npz
case2,case2,real_csig,107,2816,2048,256,256,2944.0,2176.0,"{""256"": [0, 0, 0, 0], ""512"": [0, 0, 128, 0]}",data/patches/case2.npz
case2,case2,real_csig,108,0,2304,256,256,128.0,2432.0,"{""256"": [0, 0, 0, 0], ""512"": [128, 0, 0, 0]}",data/patches/case2.npz
case2,case2,real_csig,109,256,2304,256,256,384.0,2432.0,"{""256"": [0, 0, 0, 0], ""512"": [0, 0, 0, 0]}",data/patches/case2.npz
case2,case2,real_csig,110,512,2304,256,256,640.0,2432.0,"{""256"": [0, 0, 0, 0], ""512"": [0, 0, 0, 0]}",data/patches/case2.npz
case2,case2,real_csig,111,768,2304,256,256,896.0,2432.0,"{""256"": [0, 0, 0, 0], ""512"": [0, 0, 0, 0]}",data/patches/case2.npz
case2,case2,real_csig,112,1024,2304,256,256,1152.0,2432.0,"{""256"": [0, 0, 0, 0], ""512"": [0, 0, 0, 0]}",data/patches/case2.npz
case2,case2,real_csig,113,1280,2304,256,256,1408.0,2432.0,"{""256"": [0, 0, 0, 0], ""512"": [0, 0, 0, 0]}",data/patches/case2.npz
case2,case2,real_csig,114,1536,2304,256,256,1664.0,2432.0,"{""256"": [0, 0, 0, 0], ""512"": [0, 0, 0, 0]}",data/patches/case2.npz
case2,case2,real_csig,115,1792,2304,256,256,1920.0,2432.0,"{""256"": [0, 0, 0, 0], ""512"": [0, 0, 0, 0]}",data/patches/case2.npz
case2,case2,real_csig,116,2048,2304,256,256,2176.0,2432.0,"{""256"": [0, 0, 0, 0], ""512"": [0, 0, 0, 0]}",data/patches/case2.npz
case2,case2,real_csig,117,2304,2304,256,256,2432.0,2432.0,"{""256"": [0, 0, 0, 0], ""512"": [0, 0, 0, 0]}",data/patches/case2.npz
case2,case2,real_csig,118,2560,2304,256,256,2688.0,2432.0,"{""256"": [0, 0, 0, 0], ""512"": [0, 0, 0, 0]}",data/patches/case2.npz
case2,case2,real_csig,119,2816,2304,256,256,2944.0,2432.0,"{""256"": [0, 0, 0, 0], ""512"": [0, 0, 128, 0]}",data/patches/case2.npz
case2,case2,real_csig,120,0,2560,256,256,128.0,2688.0,"{""256"": [0, 0, 0, 0], ""512"": [128, 0, 0, 0]}",data/patches/case2.npz
case2,case2,real_csig,121,256,2560,256,256,384.0,2688.0,"{""256"": [0, 0, 0, 0], ""512"": [0, 0, 0, 0]}",data/patches/case2.npz
case2,case2,real_csig,122,512,2560,256,256,640.0,2688.0,"{""256"": [0, 0, 0, 0], ""512"": [0, 0, 0, 0]}",data/patches/case2.npz
case2,case2,real_csig,123,768,2560,256,256,896.0,2688.0,"{""256"": [0, 0, 0, 0], ""512"": [0, 0, 0, 0]}",data/patches/case2.npz
case2,case2,real_csig,124,1024,2560,256,256,1152.0,2688.0,"{""256"": [0, 0, 0, 0], ""512"": [0, 0, 0, 0]}",data/patches/case2.npz
case2,case2,real_csig,125,1280,2560,256,256,1408.0,2688.0,"{""256"": [0, 0, 0, 0], ""512"": [0, 0, 0, 0]}",data/patches/case2.npz
case2,case2,real_csig,126,1536,2560,256,256,1664.0,2688.0,"{""256"": [0, 0, 0, 0], ""512"": [0, 0, 0, 0]}",data/patches/case2.npz
case2,case2,real_csig,127,1792,2560,256,256,1920.0,2688.0,"{""256"": [0, 0, 0, 0], ""512"": [0, 0, 0, 0]}",data/patches/case2.npz
case2,case2,real_csig,128,2048,2560,256,256,2176.0,2688.0,"{""256"": [0, 0, 0, 0], ""512"": [0, 0, 0, 0]}",data/patches/case2.npz
case2,case2,real_csig,129,2304,2560,256,256,2432.0,2688.0,"{""256"": [0, 0, 0, 0], ""512"": [0, 0, 0, 0]}",data/patches/case2.npz
case2,case2,real_csig,130,2560,2560,256,256,2688.0,2688.0,"{""256"": [0, 0, 0, 0], ""512"": [0, 0, 0, 0]}",data/patches/case2.npz
case2,case2,real_csig,131,2816,2560,256,256,2944.0,2688.0,"{""256"": [0, 0, 0, 0], ""512"": [0, 0, 128, 0]}",data/patches/case2.npz
case2,case2,real_csig,132,0,2816,256,256,128.0,2944.0,"{""256"": [0, 0, 0, 0], ""512"": [128, 0, 0, 0]}",data/patches/case2.npz
case2,case2,real_csig,133,256,2816,256,256,384.0,2944.0,"{""256"": [0, 0, 0, 0], ""512"": [0, 0, 0, 0]}",data/patches/case2.npz
case2,case2,real_csig,134,512,2816,256,256,640.0,2944.0,"{""256"": [0, 0, 0, 0], ""512"": [0, 0, 0, 0]}",data/patches/case2.npz
case2,case2,real_csig,135,768,2816,256,256,896.0,2944.0,"{""256"": [0, 0, 0, 0], ""512"": [0, 0, 0, 0]}",data/patches/case2.npz
case2,case2,real_csig,136,1024,2816,256,256,1152.0,2944.0,"{""256"": [0, 0, 0, 0], ""512"": [0, 0, 0, 0]}",data/patches/case2.npz
case2,case2,real_csig,137,1280,2816,256,256,1408.0,2944.0,"{""256"": [0, 0, 0, 0], ""512"": [0, 0, 0, 0]}",data/patches/case2.npz
case2,case2,real_csig,138,1536,2816,256,256,1664.0,2944.0,"{""256"": [0, 0, 0, 0], ""512"": [0, 0, 0, 0]}",data/patches/case2.npz
case2,case2,real_csig,139,1792,2816,256,256,1920.0,2944.0,"{""256"": [0, 0, 0, 0], ""512"": [0, 0, 0, 0]}",data/patches/case2.npz
case2,case2,real_csig,140,2048,2816,256,256,2176.0,2944.0,"{""256"": [0, 0, 0, 0], ""512"": [0, 0, 0, 0]}",data/patches/case2.npz
case2,case2,real_csig,141,2304,2816,256,256,2432.0,2944.0,"{""256"": [0, 0, 0, 0], ""512"": [0, 0, 0, 0]}",data/patches/case2.npz
case2,case2,real_csig,142,2560,2816,256,256,2688.0,2944.0,"{""256"": [0, 0, 0, 0], ""512"": [0, 0, 0, 0]}",data/patches/case2.npz
case2,case2,real_csig,143,2816,2816,256,256,2944.0,2944.0,"{""256"": [0, 0, 0, 0], ""512"": [0, 0, 128, 0]}",data/patches/case2.npz
case2,case2,real_csig,144,0,3072,256,256,128.0,3200.0,"{""256"": [0, 0, 0, 0], ""512"": [128, 0, 0, 0]}",data/patches/case2.npz
case2,case2,real_csig,145,256,3072,256,256,384.0,3200.0,"{""256"": [0, 0, 0, 0], ""512"": [0, 0, 0, 0]}",data/patches/case2.npz
case2,case2,real_csig,146,512,3072,256,256,640.0,3200.0,"{""256"": [0, 0, 0, 0], ""512"": [0, 0, 0, 0]}",data/patches/case2.npz
case2,case2,real_csig,147,768,3072,256,256,896.0,3200.0,"{""256"": [0, 0, 0, 0], ""512"": [0, 0, 0, 0]}",data/patches/case2.npz
case2,case2,real_csig,148,1024,3072,256,256,1152.0,3200.0,"{""256"": [0, 0, 0, 0], ""512"": [0, 0, 0, 0]}",data/patches/case2.npz
case2,case2,real_csig,149,1280,3072,256,256,1408.0,3200.0,"{""256"": [0, 0, 0, 0], ""512"": [0, 0, 0, 0]}",data/patches/case2.npz
case2,case2,real_csig,150,1536,3072,256,256,1664.0,3200.0,"{""256"": [0, 0, 0, 0], ""512"": [0, 0, 0, 0]}",data/patches/case2.npz
case2,case2,real_csig,151,1792,3072,256,256,1920.0,3200.0,"{""256"": [0, 0, 0, 0], ""512"": [0, 0, 0, 0]}",data/patches/case2.npz
case2,case2,real_csig,152,2048,3072,256,256,2176.0,3200.0,"{""256"": [0, 0, 0, 0], ""512"": [0, 0, 0, 0]}",data/patches/case2.npz
case2,case2,real_csig,153,2304,3072,256,256,2432.0,3200.0,"{""256"": [0, 0, 0, 0], ""512"": [0, 0, 0, 0]}",data/patches/case2.npz
case2,case2,real_csig,154,2560,3072,256,256,2688.0,3200.0,"{""256"": [0, 0, 0, 0], ""512"": [0, 0, 0, 0]}",data/patches/case2.npz
case2,case2,real_csig,155,2816,3072,256,256,2944.0,3200.0,"{""256"": [0, 0, 0, 0], ""512"": [0, 0, 128, 0]}",data/patches/case2.npz
case2,case2,real_csig,156,0,3328,256,256,128.0,3456.0,"{""256"": [0, 0, 0, 0], ""512"": [128, 0, 0, 0]}",data/patches/case2.npz
case2,case2,real_csig,157,256,3328,256,256,384.0,3456.0,"{""256"": [0, 0, 0, 0], ""512"": [0, 0, 0, 0]}",data/patches/case2.npz
case2,case2,real_csig,158,512,3328,256,256,640.0,3456.0,"{""256"": [0, 0, 0, 0], ""512"": [0, 0, 0, 0]}",data/patches/case2.npz
case2,case2,real_csig,159,768,3328,256,256,896.0,3456.0,"{""256"": [0, 0, 0, 0], ""512"": [0, 0, 0, 0]}",data/patches/case2.npz
case2,case2,real_csig,160,1024,3328,256,256,1152.0,3456.0,"{""256"": [0, 0, 0, 0], ""512"": [0, 0, 0, 0]}",data/patches/case2.npz
case2,case2,real_csig,161,1280,3328,256,256,1408.0,3456.0,"{""256"": [0, 0, 0, 0], ""512"": [0, 0, 0, 0]}",data/patches/case2.npz
case2,case2,real_csig,162,1536,3328,256,256,1664.0,3456.0,"{""256"": [0, 0, 0, 0], ""512"": [0, 0, 0, 0]}",data/patches/case2.npz
case2,case2,real_csig,163,1792,3328,256,256,1920.0,3456.0,"{""256"": [0, 0, 0, 0], ""512"": [0, 0, 0, 0]}",data/patches/case2.npz
case2,case2,real_csig,164,2048,3328,256,256,2176.0,3456.0,"{""256"": [0, 0, 0, 0], ""512"": [0, 0, 0, 0]}",data/patches/case2.npz
case2,case2,real_csig,165,2304,3328,256,256,2432.0,3456.0,"{""256"": [0, 0, 0, 0], ""512"": [0, 0, 0, 0]}",data/patches/case2.npz
case2,case2,real_csig,166,2560,3328,256,256,2688.0,3456.0,"{""256"": [0, 0, 0, 0], ""512"": [0, 0, 0, 0]}",data/patches/case2.npz
case2,case2,real_csig,167,2816,3328,256,256,2944.0,3456.0,"{""256"": [0, 0, 0, 0], ""512"": [0, 0, 128, 0]}",data/patches/case2.npz
case2,case2,real_csig,168,0,3584,256,256,128.0,3712.0,"{""256"": [0, 0, 0, 0], ""512"": [128, 0, 0, 0]}",data/patches/case2.npz
case2,case2,real_csig,169,256,3584,256,256,384.0,3712.0,"{""256"": [0, 0, 0, 0], ""512"": [0, 0, 0, 0]}",data/patches/case2.npz
case2,case2,real_csig,170,512,3584,256,256,640.0,3712.0,"{""256"": [0, 0, 0, 0], ""512"": [0, 0, 0, 0]}",data/patches/case2.npz
case2,case2,real_csig,171,768,3584,256,256,896.0,3712.0,"{""256"": [0, 0, 0, 0], ""512"": [0, 0, 0, 0]}",data/patches/case2.npz
case2,case2,real_csig,172,1024,3584,256,256,1152.0,3712.0,"{""256"": [0, 0, 0, 0], ""512"": [0, 0, 0, 0]}",data/patches/case2.npz
case2,case2,real_csig,173,1280,3584,256,256,1408.0,3712.0,"{""256"": [0, 0, 0, 0], ""512"": [0, 0, 0, 0]}",data/patches/case2.npz
case2,case2,real_csig,174,1536,3584,256,256,1664.0,3712.0,"{""256"": [0, 0, 0, 0], ""512"": [0, 0, 0, 0]}",data/patches/case2.npz
case2,case2,real_csig,175,1792,3584,256,256,1920.0,3712.0,"{""256"": [0, 0, 0, 0], ""512"": [0, 0, 0, 0]}",data/patches/case2.npz
case2,case2,real_csig,176,2048,3584,256,256,2176.0,3712.0,"{""256"": [0, 0, 0, 0], ""512"": [0, 0, 0, 0]}",data/patches/case2.npz
case2,case2,real_csig,177,2304,3584,256,256,2432.0,3712.0,"{""256"": [0, 0, 0, 0], ""512"": [0, 0, 0, 0]}",data/patches/case2.npz
case2,case2,real_csig,178,2560,3584,256,256,2688.0,3712.0,"{""256"": [0, 0, 0, 0], ""512"": [0, 0, 0, 0]}",data/patches/case2.npz
case2,case2,real_csig,179,2816,3584,256,256,2944.0,3712.0,"{""256"": [0, 0, 0, 0], ""512"": [0, 0, 128, 0]}",data/patches/case2.npz
case2,case2,real_csig,180,0,3840,256,256,128.0,3968.0,"{""256"": [0, 0, 0, 0], ""512"": [128, 0, 0, 128]}",data/patches/case2.npz
case2,case2,real_csig,181,256,3840,256,256,384.0,3968.0,"{""256"": [0, 0, 0, 0], ""512"": [0, 0, 0, 128]}",data/patches/case2.npz
case2,case2,real_csig,182,512,3840,256,256,640.0,3968.0,"{""256"": [0, 0, 0, 0], ""512"": [0, 0, 0, 128]}",data/patches/case2.npz
case2,case2,real_csig,183,768,3840,256,256,896.0,3968.0,"{""256"": [0, 0, 0, 0], ""512"": [0, 0, 0, 128]}",data/patches/case2.npz
case2,case2,real_csig,184,1024,3840,256,256,1152.0,3968.0,"{""256"": [0, 0, 0, 0], ""512"": [0, 0, 0, 128]}",data/patches/case2.npz
case2,case2,real_csig,185,1280,3840,256,256,1408.0,3968.0,"{""256"": [0, 0, 0, 0], ""512"": [0, 0, 0, 128]}",data/patches/case2.npz
case2,case2,real_csig,186,1536,3840,256,256,1664.0,3968.0,"{""256"": [0, 0, 0, 0], ""512"": [0, 0, 0, 128]}",data/patches/case2.npz
case2,case2,real_csig,187,1792,3840,256,256,1920.0,3968.0,"{""256"": [0, 0, 0, 0], ""512"": [0, 0, 0, 128]}",data/patches/case2.npz
case2,case2,real_csig,188,2048,3840,256,256,2176.0,3968.0,"{""256"": [0, 0, 0, 0], ""512"": [0, 0, 0, 128]}",data/patches/case2.npz
case2,case2,real_csig,189,2304,3840,256,256,2432.0,3968.0,"{""256"": [0, 0, 0, 0], ""512"": [0, 0, 0, 128]}",data/patches/case2.npz
case2,case2,real_csig,190,2560,3840,256,256,2688.0,3968.0,"{""256"": [0, 0, 0, 0], ""512"": [0, 0, 0, 128]}",data/patches/case2.npz
case2,case2,real_csig,191,2816,3840,256,256,2944.0,3968.0,"{""256"": [0, 0, 0, 0], ""512"": [0, 0, 128, 128]}",data/patches/case2.npz
case3,case3,real_csig,0,0,0,256,256,128.0,128.0,"{""256"": [0, 0, 0, 0], ""512"": [128, 128, 0, 0]}",data/patches/case3.npz
case3,case3,real_csig,1,256,0,256,256,384.0,128.0,"{""256"": [0, 0, 0, 0], ""512"": [0, 128, 0, 0]}",data/patches/case3.npz
case3,case3,real_csig,2,512,0,256,256,640.0,128.0,"{""256"": [0, 0, 0, 0], ""512"": [0, 128, 0, 0]}",data/patches/case3.npz
case3,case3,real_csig,3,768,0,256,256,896.0,128.0,"{""256"": [0, 0, 0, 0], ""512"": [0, 128, 0, 0]}",data/patches/case3.npz
case3,case3,real_csig,4,1024,0,256,256,1152.0,128.0,"{""256"": [0, 0, 0, 0], ""512"": [0, 128, 0, 0]}",data/patches/case3.npz
case3,case3,real_csig,5,1280,0,256,256,1408.0,128.0,"{""256"": [0, 0, 0, 0], ""512"": [0, 128, 0, 0]}",data/patches/case3.npz
case3,case3,real_csig,6,1536,0,256,256,1664.0,128.0,"{""256"": [0, 0, 0, 0], ""512"": [0, 128, 0, 0]}",data/patches/case3.npz
case3,case3,real_csig,7,1792,0,256,256,1920.0,128.0,"{""256"": [0, 0, 0, 0], ""512"": [0, 128, 0, 0]}",data/patches/case3.npz
case3,case3,real_csig,8,2048,0,256,256,2176.0,128.0,"{""256"": [0, 0, 0, 0], ""512"": [0, 128, 0, 0]}",data/patches/case3.npz
case3,case3,real_csig,9,2304,0,256,256,2432.0,128.0,"{""256"": [0, 0, 0, 0], ""512"": [0, 128, 0, 0]}",data/patches/case3.npz
case3,case3,real_csig,10,2560,0,256,256,2688.0,128.0,"{""256"": [0, 0, 0, 0], ""512"": [0, 128, 0, 0]}",data/patches/case3.npz
case3,case3,real_csig,11,2816,0,256,256,2944.0,128.0,"{""256"": [0, 0, 0, 0], ""512"": [0, 128, 0, 0]}",data/patches/case3.npz
case3,case3,real_csig,12,3072,0,256,256,3200.0,128.0,"{""256"": [0, 0, 0, 0], ""512"": [0, 128, 0, 0]}",data/patches/case3.npz
case3,case3,real_csig,13,3328,0,256,256,3456.0,128.0,"{""256"": [0, 0, 0, 0], ""512"": [0, 128, 0, 0]}",data/patches/case3.npz
case3,case3,real_csig,14,3584,0,256,256,3712.0,128.0,"{""256"": [0, 0, 0, 0], ""512"": [0, 128, 0, 0]}",data/patches/case3.npz
case3,case3,real_csig,15,3840,0,256,256,3968.0,128.0,"{""256"": [0, 0, 0, 0], ""512"": [0, 128, 128, 0]}",data/patches/case3.npz
case3,case3,real_csig,16,0,256,256,256,128.0,384.0,"{""256"": [0, 0, 0, 0], ""512"": [128, 0, 0, 0]}",data/patches/case3.npz
case3,case3,real_csig,17,256,256,256,256,384.0,384.0,"{""256"": [0, 0, 0, 0], ""512"": [0, 0, 0, 0]}",data/patches/case3.npz
case3,case3,real_csig,18,512,256,256,256,640.0,384.0,"{""256"": [0, 0, 0, 0], ""512"": [0, 0, 0, 0]}",data/patches/case3.npz
case3,case3,real_csig,19,768,256,256,256,896.0,384.0,"{""256"": [0, 0, 0, 0], ""512"": [0, 0, 0, 0]}",data/patches/case3.npz
case3,case3,real_csig,20,1024,256,256,256,1152.0,384.0,"{""256"": [0, 0, 0, 0], ""512"": [0, 0, 0, 0]}",data/patches/case3.npz
case3,case3,real_csig,21,1280,256,256,256,1408.0,384.0,"{""256"": [0, 0, 0, 0], ""512"": [0, 0, 0, 0]}",data/patches/case3.npz
case3,case3,real_csig,22,1536,256,256,256,1664.0,384.0,"{""256"": [0, 0, 0, 0], ""512"": [0, 0, 0, 0]}",data/patches/case3.npz
case3,case3,real_csig,23,1792,256,256,256,1920.0,384.0,"{""256"": [0, 0, 0, 0], ""512"": [0, 0, 0, 0]}",data/patches/case3.npz
case3,case3,real_csig,24,2048,256,256,256,2176.0,384.0,"{""256"": [0, 0, 0, 0], ""512"": [0, 0, 0, 0]}",data/patches/case3.npz
case3,case3,real_csig,25,2304,256,256,256,2432.0,384.0,"{""256"": [0, 0, 0, 0], ""512"": [0, 0, 0, 0]}",data/patches/case3.npz
case3,case3,real_csig,26,2560,256,256,256,2688.0,384.0,"{""256"": [0, 0, 0, 0], ""512"": [0, 0, 0, 0]}",data/patches/case3.npz
case3,case3,real_csig,27,2816,256,256,256,2944.0,384.0,"{""256"": [0, 0, 0, 0], ""512"": [0, 0, 0, 0]}",data/patches/case3.npz
case3,case3,real_csig,28,3072,256,256,256,3200.0,384.0,"{""256"": [0, 0, 0, 0], ""512"": [0, 0, 0, 0]}",data/patches/case3.npz
case3,case3,real_csig,29,3328,256,256,256,3456.0,384.0,"{""256"": [0, 0, 0, 0], ""512"": [0, 0, 0, 0]}",data/patches/case3.npz
case3,case3,real_csig,30,3584,256,256,256,3712.0,384.0,"{""256"": [0, 0, 0, 0], ""512"": [0, 0, 0, 0]}",data/patches/case3.npz
case3,case3,real_csig,31,3840,256,256,256,3968.0,384.0,"{""256"": [0, 0, 0, 0], ""512"": [0, 0, 128, 0]}",data/patches/case3.npz
case3,case3,real_csig,32,0,512,256,256,128.0,640.0,"{""256"": [0, 0, 0, 0], ""512"": [128, 0, 0, 0]}",data/patches/case3.npz
case3,case3,real_csig,33,256,512,256,256,384.0,640.0,"{""256"": [0, 0, 0, 0], ""512"": [0, 0, 0, 0]}",data/patches/case3.npz
case3,case3,real_csig,34,512,512,256,256,640.0,640.0,"{""256"": [0, 0, 0, 0], ""512"": [0, 0, 0, 0]}",data/patches/case3.npz
case3,case3,real_csig,35,768,512,256,256,896.0,640.0,"{""256"": [0, 0, 0, 0], ""512"": [0, 0, 0, 0]}",data/patches/case3.npz
case3,case3,real_csig,36,1024,512,256,256,1152.0,640.0,"{""256"": [0, 0, 0, 0], ""512"": [0, 0, 0, 0]}",data/patches/case3.npz
case3,case3,real_csig,37,1280,512,256,256,1408.0,640.0,"{""256"": [0, 0, 0, 0], ""512"": [0, 0, 0, 0]}",data/patches/case3.npz
case3,case3,real_csig,38,1536,512,256,256,1664.0,640.0,"{""256"": [0, 0, 0, 0], ""512"": [0, 0, 0, 0]}",data/patches/case3.npz
case3,case3,real_csig,39,1792,512,256,256,1920.0,640.0,"{""256"": [0, 0, 0, 0], ""512"": [0, 0, 0, 0]}",data/patches/case3.npz
case3,case3,real_csig,40,2048,512,256,256,2176.0,640.0,"{""256"": [0, 0, 0, 0], ""512"": [0, 0, 0, 0]}",data/patches/case3.npz
case3,case3,real_csig,41,2304,512,256,256,2432.0,640.0,"{""256"": [0, 0, 0, 0], ""512"": [0, 0, 0, 0]}",data/patches/case3.npz
case3,case3,real_csig,42,2560,512,256,256,2688.0,640.0,"{""256"": [0, 0, 0, 0], ""512"": [0, 0, 0, 0]}",data/patches/case3.npz
case3,case3,real_csig,43,2816,512,256,256,2944.0,640.0,"{""256"": [0, 0, 0, 0], ""512"": [0, 0, 0, 0]}",data/patches/case3.npz
case3,case3,real_csig,44,3072,512,256,256,3200.0,640.0,"{""256"": [0, 0, 0, 0], ""512"": [0, 0, 0, 0]}",data/patches/case3.npz
case3,case3,real_csig,45,3328,512,256,256,3456.0,640.0,"{""256"": [0, 0, 0, 0], ""512"": [0, 0, 0, 0]}",data/patches/case3.npz
case3,case3,real_csig,46,3584,512,256,256,3712.0,640.0,"{""256"": [0, 0, 0, 0], ""512"": [0, 0, 0, 0]}",data/patches/case3.npz
case3,case3,real_csig,47,3840,512,256,256,3968.0,640.0,"{""256"": [0, 0, 0, 0], ""512"": [0, 0, 128, 0]}",data/patches/case3.npz
case3,case3,real_csig,48,0,768,256,256,128.0,896.0,"{""256"": [0, 0, 0, 0], ""512"": [128, 0, 0, 0]}",data/patches/case3.npz
case3,case3,real_csig,49,256,768,256,256,384.0,896.0,"{""256"": [0, 0, 0, 0], ""512"": [0, 0, 0, 0]}",data/patches/case3.npz
case3,case3,real_csig,50,512,768,256,256,640.0,896.0,"{""256"": [0, 0, 0, 0], ""512"": [0, 0, 0, 0]}",data/patches/case3.npz
case3,case3,real_csig,51,768,768,256,256,896.0,896.0,"{""256"": [0, 0, 0, 0], ""512"": [0, 0, 0, 0]}",data/patches/case3.npz
case3,case3,real_csig,52,1024,768,256,256,1152.0,896.0,"{""256"": [0, 0, 0, 0], ""512"": [0, 0, 0, 0]}",data/patches/case3.npz
case3,case3,real_csig,53,1280,768,256,256,1408.0,896.0,"{""256"": [0, 0, 0, 0], ""512"": [0, 0, 0, 0]}",data/patches/case3.npz
case3,case3,real_csig,54,1536,768,256,256,1664.0,896.0,"{""256"": [0, 0, 0, 0], ""512"": [0, 0, 0, 0]}",data/patches/case3.npz
case3,case3,real_csig,55,1792,768,256,256,1920.0,896.0,"{""256"": [0, 0, 0, 0], ""512"": [0, 0, 0, 0]}",data/patches/case3.npz
case3,case3,real_csig,56,2048,768,256,256,2176.0,896.0,"{""256"": [0, 0, 0, 0], ""512"": [0, 0, 0, 0]}",data/patches/case3.npz
case3,case3,real_csig,57,2304,768,256,256,2432.0,896.0,"{""256"": [0, 0, 0, 0], ""512"": [0, 0, 0, 0]}",data/patches/case3.npz
case3,case3,real_csig,58,2560,768,256,256,2688.0,896.0,"{""256"": [0, 0, 0, 0], ""512"": [0, 0, 0, 0]}",data/patches/case3.npz
case3,case3,real_csig,59,2816,768,256,256,2944.0,896.0,"{""256"": [0, 0, 0, 0], ""512"": [0, 0, 0, 0]}",data/patches/case3.npz
case3,case3,real_csig,60,3072,768,256,256,3200.0,896.0,"{""256"": [0, 0, 0, 0], ""512"": [0, 0, 0, 0]}",data/patches/case3.npz
case3,case3,real_csig,61,3328,768,256,256,3456.0,896.0,"{""256"": [0, 0, 0, 0], ""512"": [0, 0, 0, 0]}",data/patches/case3.npz
case3,case3,real_csig,62,3584,768,256,256,3712.0,896.0,"{""256"": [0, 0, 0, 0], ""512"": [0, 0, 0, 0]}",data/patches/case3.npz
case3,case3,real_csig,63,3840,768,256,256,3968.0,896.0,"{""256"": [0, 0, 0, 0], ""512"": [0, 0, 128, 0]}",data/patches/case3.npz
case3,case3,real_csig,64,0,1024,256,256,128.0,1152.0,"{""256"": [0, 0, 0, 0], ""512"": [128, 0, 0, 0]}",data/patches/case3.npz
case3,case3,real_csig,65,256,1024,256,256,384.0,1152.0,"{""256"": [0, 0, 0, 0], ""512"": [0, 0, 0, 0]}",data/patches/case3.npz
case3,case3,real_csig,66,512,1024,256,256,640.0,1152.0,"{""256"": [0, 0, 0, 0], ""512"": [0, 0, 0, 0]}",data/patches/case3.npz
case3,case3,real_csig,67,768,1024,256,256,896.0,1152.0,"{""256"": [0, 0, 0, 0], ""512"": [0, 0, 0, 0]}",data/patches/case3.npz
case3,case3,real_csig,68,1024,1024,256,256,1152.0,1152.0,"{""256"": [0, 0, 0, 0], ""512"": [0, 0, 0, 0]}",data/patches/case3.npz
case3,case3,real_csig,69,1280,1024,256,256,1408.0,1152.0,"{""256"": [0, 0, 0, 0], ""512"": [0, 0, 0, 0]}",data/patches/case3.npz
case3,case3,real_csig,70,1536,1024,256,256,1664.0,1152.0,"{""256"": [0, 0, 0, 0], ""512"": [0, 0, 0, 0]}",data/patches/case3.npz
case3,case3,real_csig,71,1792,1024,256,256,1920.0,1152.0,"{""256"": [0, 0, 0, 0], ""512"": [0, 0, 0, 0]}",data/patches/case3.npz
case3,case3,real_csig,72,2048,1024,256,256,2176.0,1152.0,"{""256"": [0, 0, 0, 0], ""512"": [0, 0, 0, 0]}",data/patches/case3.npz
case3,case3,real_csig,73,2304,1024,256,256,2432.0,1152.0,"{""256"": [0, 0, 0, 0], ""512"": [0, 0, 0, 0]}",data/patches/case3.npz
case3,case3,real_csig,74,2560,1024,256,256,2688.0,1152.0,"{""256"": [0, 0, 0, 0], ""512"": [0, 0, 0, 0]}",data/patches/case3.npz
case3,case3,real_csig,75,2816,1024,256,256,2944.0,1152.0,"{""256"": [0, 0, 0, 0], ""512"": [0, 0, 0, 0]}",data/patches/case3.npz
case3,case3,real_csig,76,3072,1024,256,256,3200.0,1152.0,"{""256"": [0, 0, 0, 0], ""512"": [0, 0, 0, 0]}",data/patches/case3.npz
case3,case3,real_csig,77,3328,1024,256,256,3456.0,1152.0,"{""256"": [0, 0, 0, 0], ""512"": [0, 0, 0, 0]}",data/patches/case3.npz
case3,case3,real_csig,78,3584,1024,256,256,3712.0,1152.0,"{""256"": [0, 0, 0, 0], ""512"": [0, 0, 0, 0]}",data/patches/case3.npz
case3,case3,real_csig,79,3840,1024,256,256,3968.0,1152.0,"{""256"": [0, 0, 0, 0], ""512"": [0, 0, 128, 0]}",data/patches/case3.npz
case3,case3,real_csig,80,0,1280,256,256,128.0,1408.0,"{""256"": [0, 0, 0, 0], ""512"": [128, 0, 0, 0]}",data/patches/case3.npz
case3,case3,real_csig,81,256,1280,256,256,384.0,1408.0,"{""256"": [0, 0, 0, 0], ""512"": [0, 0, 0, 0]}",data/patches/case3.npz
case3,case3,real_csig,82,512,1280,256,256,640.0,1408.0,"{""256"": [0, 0, 0, 0], ""512"": [0, 0, 0, 0]}",data/patches/case3.npz
case3,case3,real_csig,83,768,1280,256,256,896.0,1408.0,"{""256"": [0, 0, 0, 0], ""512"": [0, 0, 0, 0]}",data/patches/case3.npz
case3,case3,real_csig,84,1024,1280,256,256,1152.0,1408.0,"{""256"": [0, 0, 0, 0], ""512"": [0, 0, 0, 0]}",data/patches/case3.npz
case3,case3,real_csig,85,1280,1280,256,256,1408.0,1408.0,"{""256"": [0, 0, 0, 0], ""512"": [0, 0, 0, 0]}",data/patches/case3.npz
case3,case3,real_csig,86,1536,1280,256,256,1664.0,1408.0,"{""256"": [0, 0, 0, 0], ""512"": [0, 0, 0, 0]}",data/patches/case3.npz
case3,case3,real_csig,87,1792,1280,256,256,1920.0,1408.0,"{""256"": [0, 0, 0, 0], ""512"": [0, 0, 0, 0]}",data/patches/case3.npz
case3,case3,real_csig,88,2048,1280,256,256,2176.0,1408.0,"{""256"": [0, 0, 0, 0], ""512"": [0, 0, 0, 0]}",data/patches/case3.npz
case3,case3,real_csig,89,2304,1280,256,256,2432.0,1408.0,"{""256"": [0, 0, 0, 0], ""512"": [0, 0, 0, 0]}",data/patches/case3.npz
case3,case3,real_csig,90,2560,1280,256,256,2688.0,1408.0,"{""256"": [0, 0, 0, 0], ""512"": [0, 0, 0, 0]}",data/patches/case3.npz
case3,case3,real_csig,91,2816,1280,256,256,2944.0,1408.0,"{""256"": [0, 0, 0, 0], ""512"": [0, 0, 0, 0]}",data/patches/case3.npz
case3,case3,real_csig,92,3072,1280,256,256,3200.0,1408.0,"{""256"": [0, 0, 0, 0], ""512"": [0, 0, 0, 0]}",data/patches/case3.npz
case3,case3,real_csig,93,3328,1280,256,256,3456.0,1408.0,"{""256"": [0, 0, 0, 0], ""512"": [0, 0, 0, 0]}",data/patches/case3.npz
case3,case3,real_csig,94,3584,1280,256,256,3712.0,1408.0,"{""256"": [0, 0, 0, 0], ""512"": [0, 0, 0, 0]}",data/patches/case3.npz
case3,case3,real_csig,95,3840,1280,256,256,3968.0,1408.0,"{""256"": [0, 0, 0, 0], ""512"": [0, 0, 128, 0]}",data/patches/case3.npz
case3,case3,real_csig,96,0,1536,256,256,128.0,1664.0,"{""256"": [0, 0, 0, 0], ""512"": [128, 0, 0, 0]}",data/patches/case3.npz
case3,case3,real_csig,97,256,1536,256,256,384.0,1664.0,"{""256"": [0, 0, 0, 0], ""512"": [0, 0, 0, 0]}",data/patches/case3.npz
case3,case3,real_csig,98,512,1536,256,256,640.0,1664.0,"{""256"": [0, 0, 0, 0], ""512"": [0, 0, 0, 0]}",data/patches/case3.npz
case3,case3,real_csig,99,768,1536,256,256,896.0,1664.0,"{""256"": [0, 0, 0, 0], ""512"": [0, 0, 0, 0]}",data/patches/case3.npz
case3,case3,real_csig,100,1024,1536,256,256,1152.0,1664.0,"{""256"": [0, 0, 0, 0], ""512"": [0, 0, 0, 0]}",data/patches/case3.npz
case3,case3,real_csig,101,1280,1536,256,256,1408.0,1664.0,"{""256"": [0, 0, 0, 0], ""512"": [0, 0, 0, 0]}",data/patches/case3.npz
case3,case3,real_csig,102,1536,1536,256,256,1664.0,1664.0,"{""256"": [0, 0, 0, 0], ""512"": [0, 0, 0, 0]}",data/patches/case3.npz
case3,case3,real_csig,103,1792,1536,256,256,1920.0,1664.0,"{""256"": [0, 0, 0, 0], ""512"": [0, 0, 0, 0]}",data/patches/case3.npz
case3,case3,real_csig,104,2048,1536,256,256,2176.0,1664.0,"{""256"": [0, 0, 0, 0], ""512"": [0, 0, 0, 0]}",data/patches/case3.npz
case3,case3,real_csig,105,2304,1536,256,256,2432.0,1664.0,"{""256"": [0, 0, 0, 0], ""512"": [0, 0, 0, 0]}",data/patches/case3.npz
case3,case3,real_csig,106,2560,1536,256,256,2688.0,1664.0,"{""256"": [0, 0, 0, 0], ""512"": [0, 0, 0, 0]}",data/patches/case3.npz
case3,case3,real_csig,107,2816,1536,256,256,2944.0,1664.0,"{""256"": [0, 0, 0, 0], ""512"": [0, 0, 0, 0]}",data/patches/case3.npz
case3,case3,real_csig,108,3072,1536,256,256,3200.0,1664.0,"{""256"": [0, 0, 0, 0], ""512"": [0, 0, 0, 0]}",data/patches/case3.npz
case3,case3,real_csig,109,3328,1536,256,256,3456.0,1664.0,"{""256"": [0, 0, 0, 0], ""512"": [0, 0, 0, 0]}",data/patches/case3.npz
case3,case3,real_csig,110,3584,1536,256,256,3712.0,1664.0,"{""256"": [0, 0, 0, 0], ""512"": [0, 0, 0, 0]}",data/patches/case3.npz
case3,case3,real_csig,111,3840,1536,256,256,3968.0,1664.0,"{""256"": [0, 0, 0, 0], ""512"": [0, 0, 128, 0]}",data/patches/case3.npz
case3,case3,real_csig,112,0,1792,256,256,128.0,1920.0,"{""256"": [0, 0, 0, 0], ""512"": [128, 0, 0, 0]}",data/patches/case3.npz
case3,case3,real_csig,113,256,1792,256,256,384.0,1920.0,"{""256"": [0, 0, 0, 0], ""512"": [0, 0, 0, 0]}",data/patches/case3.npz
case3,case3,real_csig,114,512,1792,256,256,640.0,1920.0,"{""256"": [0, 0, 0, 0], ""512"": [0, 0, 0, 0]}",data/patches/case3.npz
case3,case3,real_csig,115,768,1792,256,256,896.0,1920.0,"{""256"": [0, 0, 0, 0], ""512"": [0, 0, 0, 0]}",data/patches/case3.npz
case3,case3,real_csig,116,1024,1792,256,256,1152.0,1920.0,"{""256"": [0, 0, 0, 0], ""512"": [0, 0, 0, 0]}",data/patches/case3.npz
case3,case3,real_csig,117,1280,1792,256,256,1408.0,1920.0,"{""256"": [0, 0, 0, 0], ""512"": [0, 0, 0, 0]}",data/patches/case3.npz
case3,case3,real_csig,118,1536,1792,256,256,1664.0,1920.0,"{""256"": [0, 0, 0, 0], ""512"": [0, 0, 0, 0]}",data/patches/case3.npz
case3,case3,real_csig,119,1792,1792,256,256,1920.0,1920.0,"{""256"": [0, 0, 0, 0], ""512"": [0, 0, 0, 0]}",data/patches/case3.npz
case3,case3,real_csig,120,2048,1792,256,256,2176.0,1920.0,"{""256"": [0, 0, 0, 0], ""512"": [0, 0, 0, 0]}",data/patches/case3.npz
case3,case3,real_csig,121,2304,1792,256,256,2432.0,1920.0,"{""256"": [0, 0, 0, 0], ""512"": [0, 0, 0, 0]}",data/patches/case3.npz
case3,case3,real_csig,122,2560,1792,256,256,2688.0,1920.0,"{""256"": [0, 0, 0, 0], ""512"": [0, 0, 0, 0]}",data/patches/case3.npz
case3,case3,real_csig,123,2816,1792,256,256,2944.0,1920.0,"{""256"": [0, 0, 0, 0], ""512"": [0, 0, 0, 0]}",data/patches/case3.npz
case3,case3,real_csig,124,3072,1792,256,256,3200.0,1920.0,"{""256"": [0, 0, 0, 0], ""512"": [0, 0, 0, 0]}",data/patches/case3.npz
case3,case3,real_csig,125,3328,1792,256,256,3456.0,1920.0,"{""256"": [0, 0, 0, 0], ""512"": [0, 0, 0, 0]}",data/patches/case3.npz
case3,case3,real_csig,126,3584,1792,256,256,3712.0,1920.0,"{""256"": [0, 0, 0, 0], ""512"": [0, 0, 0, 0]}",data/patches/case3.npz
case3,case3,real_csig,127,3840,1792,256,256,3968.0,1920.0,"{""256"": [0, 0, 0, 0], ""512"": [0, 0, 128, 0]}",data/patches/case3.npz
case3,case3,real_csig,128,0,2048,256,256,128.0,2176.0,"{""256"": [0, 0, 0, 0], ""512"": [128, 0, 0, 0]}",data/patches/case3.npz
case3,case3,real_csig,129,256,2048,256,256,384.0,2176.0,"{""256"": [0, 0, 0, 0], ""512"": [0, 0, 0, 0]}",data/patches/case3.npz
case3,case3,real_csig,130,512,2048,256,256,640.0,2176.0,"{""256"": [0, 0, 0, 0], ""512"": [0, 0, 0, 0]}",data/patches/case3.npz
case3,case3,real_csig,131,768,2048,256,256,896.0,2176.0,"{""256"": [0, 0, 0, 0], ""512"": [0, 0, 0, 0]}",data/patches/case3.npz
case3,case3,real_csig,132,1024,2048,256,256,1152.0,2176.0,"{""256"": [0, 0, 0, 0], ""512"": [0, 0, 0, 0]}",data/patches/case3.npz
case3,case3,real_csig,133,1280,2048,256,256,1408.0,2176.0,"{""256"": [0, 0, 0, 0], ""512"": [0, 0, 0, 0]}",data/patches/case3.npz
case3,case3,real_csig,134,1536,2048,256,256,1664.0,2176.0,"{""256"": [0, 0, 0, 0], ""512"": [0, 0, 0, 0]}",data/patches/case3.npz
case3,case3,real_csig,135,1792,2048,256,256,1920.0,2176.0,"{""256"": [0, 0, 0, 0], ""512"": [0, 0, 0, 0]}",data/patches/case3.npz
case3,case3,real_csig,136,2048,2048,256,256,2176.0,2176.0,"{""256"": [0, 0, 0, 0], ""512"": [0, 0, 0, 0]}",data/patches/case3.npz
case3,case3,real_csig,137,2304,2048,256,256,2432.0,2176.0,"{""256"": [0, 0, 0, 0], ""512"": [0, 0, 0, 0]}",data/patches/case3.npz
case3,case3,real_csig,138,2560,2048,256,256,2688.0,2176.0,"{""256"": [0, 0, 0, 0], ""512"": [0, 0, 0, 0]}",data/patches/case3.npz
case3,case3,real_csig,139,2816,2048,256,256,2944.0,2176.0,"{""256"": [0, 0, 0, 0], ""512"": [0, 0, 0, 0]}",data/patches/case3.npz
case3,case3,real_csig,140,3072,2048,256,256,3200.0,2176.0,"{""256"": [0, 0, 0, 0], ""512"": [0, 0, 0, 0]}",data/patches/case3.npz
case3,case3,real_csig,141,3328,2048,256,256,3456.0,2176.0,"{""256"": [0, 0, 0, 0], ""512"": [0, 0, 0, 0]}",data/patches/case3.npz
case3,case3,real_csig,142,3584,2048,256,256,3712.0,2176.0,"{""256"": [0, 0, 0, 0], ""512"": [0, 0, 0, 0]}",data/patches/case3.npz
case3,case3,real_csig,143,3840,2048,256,256,3968.0,2176.0,"{""256"": [0, 0, 0, 0], ""512"": [0, 0, 128, 0]}",data/patches/case3.npz
case3,case3,real_csig,144,0,2304,256,256,128.0,2432.0,"{""256"": [0, 0, 0, 0], ""512"": [128, 0, 0, 0]}",data/patches/case3.npz
case3,case3,real_csig,145,256,2304,256,256,384.0,2432.0,"{""256"": [0, 0, 0, 0], ""512"": [0, 0, 0, 0]}",data/patches/case3.npz
case3,case3,real_csig,146,512,2304,256,256,640.0,2432.0,"{""256"": [0, 0, 0, 0], ""512"": [0, 0, 0, 0]}",data/patches/case3.npz
case3,case3,real_csig,147,768,2304,256,256,896.0,2432.0,"{""256"": [0, 0, 0, 0], ""512"": [0, 0, 0, 0]}",data/patches/case3.npz
case3,case3,real_csig,148,1024,2304,256,256,1152.0,2432.0,"{""256"": [0, 0, 0, 0], ""512"": [0, 0, 0, 0]}",data/patches/case3.npz
case3,case3,real_csig,149,1280,2304,256,256,1408.0,2432.0,"{""256"": [0, 0, 0, 0], ""512"": [0, 0, 0, 0]}",data/patches/case3.npz
case3,case3,real_csig,150,1536,2304,256,256,1664.0,2432.0,"{""256"": [0, 0, 0, 0], ""512"": [0, 0, 0, 0]}",data/patches/case3.npz
case3,case3,real_csig,151,1792,2304,256,256,1920.0,2432.0,"{""256"": [0, 0, 0, 0], ""512"": [0, 0, 0, 0]}",data/patches/case3.npz
case3,case3,real_csig,152,2048,2304,256,256,2176.0,2432.0,"{""256"": [0, 0, 0, 0], ""512"": [0, 0, 0, 0]}",data/patches/case3.npz
case3,case3,real_csig,153,2304,2304,256,256,2432.0,2432.0,"{""256"": [0, 0, 0, 0], ""512"": [0, 0, 0, 0]}",data/patches/case3.npz
case3,case3,real_csig,154,2560,2304,256,256,2688.0,2432.0,"{""256"": [0, 0, 0, 0], ""512"": [0, 0, 0, 0]}",data/patches/case3.npz
case3,case3,real_csig,155,2816,2304,256,256,2944.0,2432.0,"{""256"": [0, 0, 0, 0], ""512"": [0, 0, 0, 0]}",data/patches/case3.npz
case3,case3,real_csig,156,3072,2304,256,256,3200.0,2432.0,"{""256"": [0, 0, 0, 0], ""512"": [0, 0, 0, 0]}",data/patches/case3.npz
case3,case3,real_csig,157,3328,2304,256,256,3456.0,2432.0,"{""256"": [0, 0, 0, 0], ""512"": [0, 0, 0, 0]}",data/patches/case3.npz
case3,case3,real_csig,158,3584,2304,256,256,3712.0,2432.0,"{""256"": [0, 0, 0, 0], ""512"": [0, 0, 0, 0]}",data/patches/case3.npz
case3,case3,real_csig,159,3840,2304,256,256,3968.0,2432.0,"{""256"": [0, 0, 0, 0], ""512"": [0, 0, 128, 0]}",data/patches/case3.npz
case3,case3,real_csig,160,0,2560,256,256,128.0,2688.0,"{""256"": [0, 0, 0, 0], ""512"": [128, 0, 0, 0]}",data/patches/case3.npz
case3,case3,real_csig,161,256,2560,256,256,384.0,2688.0,"{""256"": [0, 0, 0, 0], ""512"": [0, 0, 0, 0]}",data/patches/case3.npz
case3,case3,real_csig,162,512,2560,256,256,640.0,2688.0,"{""256"": [0, 0, 0, 0], ""512"": [0, 0, 0, 0]}",data/patches/case3.npz
case3,case3,real_csig,163,768,2560,256,256,896.0,2688.0,"{""256"": [0, 0, 0, 0], ""512"": [0, 0, 0, 0]}",data/patches/case3.npz
case3,case3,real_csig,164,1024,2560,256,256,1152.0,2688.0,"{""256"": [0, 0, 0, 0], ""512"": [0, 0, 0, 0]}",data/patches/case3.npz
case3,case3,real_csig,165,1280,2560,256,256,1408.0,2688.0,"{""256"": [0, 0, 0, 0], ""512"": [0, 0, 0, 0]}",data/patches/case3.npz
case3,case3,real_csig,166,1536,2560,256,256,1664.0,2688.0,"{""256"": [0, 0, 0, 0], ""512"": [0, 0, 0, 0]}",data/patches/case3.npz
case3,case3,real_csig,167,1792,2560,256,256,1920.0,2688.0,"{""256"": [0, 0, 0, 0], ""512"": [0, 0, 0, 0]}",data/patches/case3.npz
case3,case3,real_csig,168,2048,2560,256,256,2176.0,2688.0,"{""256"": [0, 0, 0, 0], ""512"": [0, 0, 0, 0]}",data/patches/case3.npz
case3,case3,real_csig,169,2304,2560,256,256,2432.0,2688.0,"{""256"": [0, 0, 0, 0], ""512"": [0, 0, 0, 0]}",data/patches/case3.npz
case3,case3,real_csig,170,2560,2560,256,256,2688.0,2688.0,"{""256"": [0, 0, 0, 0], ""512"": [0, 0, 0, 0]}",data/patches/case3.npz
case3,case3,real_csig,171,2816,2560,256,256,2944.0,2688.0,"{""256"": [0, 0, 0, 0], ""512"": [0, 0, 0, 0]}",data/patches/case3.npz
case3,case3,real_csig,172,3072,2560,256,256,3200.0,2688.0,"{""256"": [0, 0, 0, 0], ""512"": [0, 0, 0, 0]}",data/patches/case3.npz
case3,case3,real_csig,173,3328,2560,256,256,3456.0,2688.0,"{""256"": [0, 0, 0, 0], ""512"": [0, 0, 0, 0]}",data/patches/case3.npz
case3,case3,real_csig,174,3584,2560,256,256,3712.0,2688.0,"{""256"": [0, 0, 0, 0], ""512"": [0, 0, 0, 0]}",data/patches/case3.npz
case3,case3,real_csig,175,3840,2560,256,256,3968.0,2688.0,"{""256"": [0, 0, 0, 0], ""512"": [0, 0, 128, 0]}",data/patches/case3.npz
case3,case3,real_csig,176,0,2816,256,256,128.0,2944.0,"{""256"": [0, 0, 0, 0], ""512"": [128, 0, 0, 128]}",data/patches/case3.npz
case3,case3,real_csig,177,256,2816,256,256,384.0,2944.0,"{""256"": [0, 0, 0, 0], ""512"": [0, 0, 0, 128]}",data/patches/case3.npz
case3,case3,real_csig,178,512,2816,256,256,640.0,2944.0,"{""256"": [0, 0, 0, 0], ""512"": [0, 0, 0, 128]}",data/patches/case3.npz
case3,case3,real_csig,179,768,2816,256,256,896.0,2944.0,"{""256"": [0, 0, 0, 0], ""512"": [0, 0, 0, 128]}",data/patches/case3.npz
case3,case3,real_csig,180,1024,2816,256,256,1152.0,2944.0,"{""256"": [0, 0, 0, 0], ""512"": [0, 0, 0, 128]}",data/patches/case3.npz
case3,case3,real_csig,181,1280,2816,256,256,1408.0,2944.0,"{""256"": [0, 0, 0, 0], ""512"": [0, 0, 0, 128]}",data/patches/case3.npz
case3,case3,real_csig,182,1536,2816,256,256,1664.0,2944.0,"{""256"": [0, 0, 0, 0], ""512"": [0, 0, 0, 128]}",data/patches/case3.npz
case3,case3,real_csig,183,1792,2816,256,256,1920.0,2944.0,"{""256"": [0, 0, 0, 0], ""512"": [0, 0, 0, 128]}",data/patches/case3.npz
case3,case3,real_csig,184,2048,2816,256,256,2176.0,2944.0,"{""256"": [0, 0, 0, 0], ""512"": [0, 0, 0, 128]}",data/patches/case3.npz
case3,case3,real_csig,185,2304,2816,256,256,2432.0,2944.0,"{""256"": [0, 0, 0, 0], ""512"": [0, 0, 0, 128]}",data/patches/case3.npz
case3,case3,real_csig,186,2560,2816,256,256,2688.0,2944.0,"{""256"": [0, 0, 0, 0], ""512"": [0, 0, 0, 128]}",data/patches/case3.npz
case3,case3,real_csig,187,2816,2816,256,256,2944.0,2944.0,"{""256"": [0, 0, 0, 0], ""512"": [0, 0, 0, 128]}",data/patches/case3.npz
case3,case3,real_csig,188,3072,2816,256,256,3200.0,2944.0,"{""256"": [0, 0, 0, 0], ""512"": [0, 0, 0, 128]}",data/patches/case3.npz
case3,case3,real_csig,189,3328,2816,256,256,3456.0,2944.0,"{""256"": [0, 0, 0, 0], ""512"": [0, 0, 0, 128]}",data/patches/case3.npz
case3,case3,real_csig,190,3584,2816,256,256,3712.0,2944.0,"{""256"": [0, 0, 0, 0], ""512"": [0, 0, 0, 128]}",data/patches/case3.npz
case3,case3,real_csig,191,3840,2816,256,256,3968.0,2944.0,"{""256"": [0, 0, 0, 0], ""512"": [0, 0, 128, 128]}",data/patches/case3.npz
case4,case4,real_csig,0,0,0,256,256,128.0,128.0,"{""256"": [0, 0, 0, 0], ""512"": [128, 128, 0, 0]}",data/patches/case4.npz
case4,case4,real_csig,1,256,0,256,256,384.0,128.0,"{""256"": [0, 0, 0, 0], ""512"": [0, 128, 0, 0]}",data/patches/case4.npz
case4,case4,real_csig,2,512,0,256,256,640.0,128.0,"{""256"": [0, 0, 0, 0], ""512"": [0, 128, 0, 0]}",data/patches/case4.npz
case4,case4,real_csig,3,768,0,256,256,896.0,128.0,"{""256"": [0, 0, 0, 0], ""512"": [0, 128, 0, 0]}",data/patches/case4.npz
case4,case4,real_csig,4,1024,0,256,256,1152.0,128.0,"{""256"": [0, 0, 0, 0], ""512"": [0, 128, 0, 0]}",data/patches/case4.npz
case4,case4,real_csig,5,1280,0,256,256,1408.0,128.0,"{""256"": [0, 0, 0, 0], ""512"": [0, 128, 0, 0]}",data/patches/case4.npz
case4,case4,real_csig,6,1536,0,256,256,1664.0,128.0,"{""256"": [0, 0, 0, 0], ""512"": [0, 128, 0, 0]}",data/patches/case4.npz
case4,case4,real_csig,7,1792,0,256,256,1920.0,128.0,"{""256"": [0, 0, 0, 0], ""512"": [0, 128, 0, 0]}",data/patches/case4.npz
case4,case4,real_csig,8,2048,0,256,256,2176.0,128.0,"{""256"": [0, 0, 0, 0], ""512"": [0, 128, 0, 0]}",data/patches/case4.npz
case4,case4,real_csig,9,2304,0,256,256,2432.0,128.0,"{""256"": [0, 0, 0, 0], ""512"": [0, 128, 0, 0]}",data/patches/case4.npz
case4,case4,real_csig,10,2560,0,256,256,2688.0,128.0,"{""256"": [0, 0, 0, 0], ""512"": [0, 128, 0, 0]}",data/patches/case4.npz
case4,case4,real_csig,11,2816,0,256,256,2944.0,128.0,"{""256"": [0, 0, 0, 0], ""512"": [0, 128, 0, 0]}",data/patches/case4.npz
case4,case4,real_csig,12,3072,0,256,256,3200.0,128.0,"{""256"": [0, 0, 0, 0], ""512"": [0, 128, 0, 0]}",data/patches/case4.npz
case4,case4,real_csig,13,3328,0,256,256,3456.0,128.0,"{""256"": [0, 0, 0, 0], ""512"": [0, 128, 0, 0]}",data/patches/case4.npz
case4,case4,real_csig,14,3584,0,256,256,3712.0,128.0,"{""256"": [0, 0, 0, 0], ""512"": [0, 128, 0, 0]}",data/patches/case4.npz
case4,case4,real_csig,15,3840,0,256,256,3968.0,128.0,"{""256"": [0, 0, 0, 0], ""512"": [0, 128, 128, 0]}",data/patches/case4.npz
case4,case4,real_csig,16,0,256,256,256,128.0,384.0,"{""256"": [0, 0, 0, 0], ""512"": [128, 0, 0, 0]}",data/patches/case4.npz
case4,case4,real_csig,17,256,256,256,256,384.0,384.0,"{""256"": [0, 0, 0, 0], ""512"": [0, 0, 0, 0]}",data/patches/case4.npz
case4,case4,real_csig,18,512,256,256,256,640.0,384.0,"{""256"": [0, 0, 0, 0], ""512"": [0, 0, 0, 0]}",data/patches/case4.npz
case4,case4,real_csig,19,768,256,256,256,896.0,384.0,"{""256"": [0, 0, 0, 0], ""512"": [0, 0, 0, 0]}",data/patches/case4.npz
case4,case4,real_csig,20,1024,256,256,256,1152.0,384.0,"{""256"": [0, 0, 0, 0], ""512"": [0, 0, 0, 0]}",data/patches/case4.npz
case4,case4,real_csig,21,1280,256,256,256,1408.0,384.0,"{""256"": [0, 0, 0, 0], ""512"": [0, 0, 0, 0]}",data/patches/case4.npz
case4,case4,real_csig,22,1536,256,256,256,1664.0,384.0,"{""256"": [0, 0, 0, 0], ""512"": [0, 0, 0, 0]}",data/patches/case4.npz
case4,case4,real_csig,23,1792,256,256,256,1920.0,384.0,"{""256"": [0, 0, 0, 0], ""512"": [0, 0, 0, 0]}",data/patches/case4.npz
case4,case4,real_csig,24,2048,256,256,256,2176.0,384.0,"{""256"": [0, 0, 0, 0], ""512"": [0, 0, 0, 0]}",data/patches/case4.npz
case4,case4,real_csig,25,2304,256,256,256,2432.0,384.0,"{""256"": [0, 0, 0, 0], ""512"": [0, 0, 0, 0]}",data/patches/case4.npz
case4,case4,real_csig,26,2560,256,256,256,2688.0,384.0,"{""256"": [0, 0, 0, 0], ""512"": [0, 0, 0, 0]}",data/patches/case4.npz
case4,case4,real_csig,27,2816,256,256,256,2944.0,384.0,"{""256"": [0, 0, 0, 0], ""512"": [0, 0, 0, 0]}",data/patches/case4.npz
case4,case4,real_csig,28,3072,256,256,256,3200.0,384.0,"{""256"": [0, 0, 0, 0], ""512"": [0, 0, 0, 0]}",data/patches/case4.npz
case4,case4,real_csig,29,3328,256,256,256,3456.0,384.0,"{""256"": [0, 0, 0, 0], ""512"": [0, 0, 0, 0]}",data/patches/case4.npz
case4,case4,real_csig,30,3584,256,256,256,3712.0,384.0,"{""256"": [0, 0, 0, 0], ""512"": [0, 0, 0, 0]}",data/patches/case4.npz
case4,case4,real_csig,31,3840,256,256,256,3968.0,384.0,"{""256"": [0, 0, 0, 0], ""512"": [0, 0, 128, 0]}",data/patches/case4.npz
case4,case4,real_csig,32,0,512,256,256,128.0,640.0,"{""256"": [0, 0, 0, 0], ""512"": [128, 0, 0, 0]}",data/patches/case4.npz
case4,case4,real_csig,33,256,512,256,256,384.0,640.0,"{""256"": [0, 0, 0, 0], ""512"": [0, 0, 0, 0]}",data/patches/case4.npz
case4,case4,real_csig,34,512,512,256,256,640.0,640.0,"{""256"": [0, 0, 0, 0], ""512"": [0, 0, 0, 0]}",data/patches/case4.npz
case4,case4,real_csig,35,768,512,256,256,896.0,640.0,"{""256"": [0, 0, 0, 0], ""512"": [0, 0, 0, 0]}",data/patches/case4.npz
case4,case4,real_csig,36,1024,512,256,256,1152.0,640.0,"{""256"": [0, 0, 0, 0], ""512"": [0, 0, 0, 0]}",data/patches/case4.npz
case4,case4,real_csig,37,1280,512,256,256,1408.0,640.0,"{""256"": [0, 0, 0, 0], ""512"": [0, 0, 0, 0]}",data/patches/case4.npz
case4,case4,real_csig,38,1536,512,256,256,1664.0,640.0,"{""256"": [0, 0, 0, 0], ""512"": [0, 0, 0, 0]}",data/patches/case4.npz
case4,case4,real_csig,39,1792,512,256,256,1920.0,640.0,"{""256"": [0, 0, 0, 0], ""512"": [0, 0, 0, 0]}",data/patches/case4.npz
case4,case4,real_csig,40,2048,512,256,256,2176.0,640.0,"{""256"": [0, 0, 0, 0], ""512"": [0, 0, 0, 0]}",data/patches/case4.npz
case4,case4,real_csig,41,2304,512,256,256,2432.0,640.0,"{""256"": [0, 0, 0, 0], ""512"": [0, 0, 0, 0]}",data/patches/case4.npz
case4,case4,real_csig,42,2560,512,256,256,2688.0,640.0,"{""256"": [0, 0, 0, 0], ""512"": [0, 0, 0, 0]}",data/patches/case4.npz
case4,case4,real_csig,43,2816,512,256,256,2944.0,640.0,"{""256"": [0, 0, 0, 0], ""512"": [0, 0, 0, 0]}",data/patches/case4.npz
case4,case4,real_csig,44,3072,512,256,256,3200.0,640.0,"{""256"": [0, 0, 0, 0], ""512"": [0, 0, 0, 0]}",data/patches/case4.npz
case4,case4,real_csig,45,3328,512,256,256,3456.0,640.0,"{""256"": [0, 0, 0, 0], ""512"": [0, 0, 0, 0]}",data/patches/case4.npz
case4,case4,real_csig,46,3584,512,256,256,3712.0,640.0,"{""256"": [0, 0, 0, 0], ""512"": [0, 0, 0, 0]}",data/patches/case4.npz
case4,case4,real_csig,47,3840,512,256,256,3968.0,640.0,"{""256"": [0, 0, 0, 0], ""512"": [0, 0, 128, 0]}",data/patches/case4.npz
case4,case4,real_csig,48,0,768,256,256,128.0,896.0,"{""256"": [0, 0, 0, 0], ""512"": [128, 0, 0, 0]}",data/patches/case4.npz
case4,case4,real_csig,49,256,768,256,256,384.0,896.0,"{""256"": [0, 0, 0, 0], ""512"": [0, 0, 0, 0]}",data/patches/case4.npz
case4,case4,real_csig,50,512,768,256,256,640.0,896.0,"{""256"": [0, 0, 0, 0], ""512"": [0, 0, 0, 0]}",data/patches/case4.npz
case4,case4,real_csig,51,768,768,256,256,896.0,896.0,"{""256"": [0, 0, 0, 0], ""512"": [0, 0, 0, 0]}",data/patches/case4.npz
case4,case4,real_csig,52,1024,768,256,256,1152.0,896.0,"{""256"": [0, 0, 0, 0], ""512"": [0, 0, 0, 0]}",data/patches/case4.npz
case4,case4,real_csig,53,1280,768,256,256,1408.0,896.0,"{""256"": [0, 0, 0, 0], ""512"": [0, 0, 0, 0]}",data/patches/case4.npz
case4,case4,real_csig,54,1536,768,256,256,1664.0,896.0,"{""256"": [0, 0, 0, 0], ""512"": [0, 0, 0, 0]}",data/patches/case4.npz
case4,case4,real_csig,55,1792,768,256,256,1920.0,896.0,"{""256"": [0, 0, 0, 0], ""512"": [0, 0, 0, 0]}",data/patches/case4.npz
case4,case4,real_csig,56,2048,768,256,256,2176.0,896.0,"{""256"": [0, 0, 0, 0], ""512"": [0, 0, 0, 0]}",data/patches/case4.npz
case4,case4,real_csig,57,2304,768,256,256,2432.0,896.0,"{""256"": [0, 0, 0, 0], ""512"": [0, 0, 0, 0]}",data/patches/case4.npz
case4,case4,real_csig,58,2560,768,256,256,2688.0,896.0,"{""256"": [0, 0, 0, 0], ""512"": [0, 0, 0, 0]}",data/patches/case4.npz
case4,case4,real_csig,59,2816,768,256,256,2944.0,896.0,"{""256"": [0, 0, 0, 0], ""512"": [0, 0, 0, 0]}",data/patches/case4.npz
case4,case4,real_csig,60,3072,768,256,256,3200.0,896.0,"{""256"": [0, 0, 0, 0], ""512"": [0, 0, 0, 0]}",data/patches/case4.npz
case4,case4,real_csig,61,3328,768,256,256,3456.0,896.0,"{""256"": [0, 0, 0, 0], ""512"": [0, 0, 0, 0]}",data/patches/case4.npz
case4,case4,real_csig,62,3584,768,256,256,3712.0,896.0,"{""256"": [0, 0, 0, 0], ""512"": [0, 0, 0, 0]}",data/patches/case4.npz
case4,case4,real_csig,63,3840,768,256,256,3968.0,896.0,"{""256"": [0, 0, 0, 0], ""512"": [0, 0, 128, 0]}",data/patches/case4.npz
case4,case4,real_csig,64,0,1024,256,256,128.0,1152.0,"{""256"": [0, 0, 0, 0], ""512"": [128, 0, 0, 0]}",data/patches/case4.npz
case4,case4,real_csig,65,256,1024,256,256,384.0,1152.0,"{""256"": [0, 0, 0, 0], ""512"": [0, 0, 0, 0]}",data/patches/case4.npz
case4,case4,real_csig,66,512,1024,256,256,640.0,1152.0,"{""256"": [0, 0, 0, 0], ""512"": [0, 0, 0, 0]}",data/patches/case4.npz
case4,case4,real_csig,67,768,1024,256,256,896.0,1152.0,"{""256"": [0, 0, 0, 0], ""512"": [0, 0, 0, 0]}",data/patches/case4.npz
case4,case4,real_csig,68,1024,1024,256,256,1152.0,1152.0,"{""256"": [0, 0, 0, 0], ""512"": [0, 0, 0, 0]}",data/patches/case4.npz
case4,case4,real_csig,69,1280,1024,256,256,1408.0,1152.0,"{""256"": [0, 0, 0, 0], ""512"": [0, 0, 0, 0]}",data/patches/case4.npz
case4,case4,real_csig,70,1536,1024,256,256,1664.0,1152.0,"{""256"": [0, 0, 0, 0], ""512"": [0, 0, 0, 0]}",data/patches/case4.npz
case4,case4,real_csig,71,1792,1024,256,256,1920.0,1152.0,"{""256"": [0, 0, 0, 0], ""512"": [0, 0, 0, 0]}",data/patches/case4.npz
case4,case4,real_csig,72,2048,1024,256,256,2176.0,1152.0,"{""256"": [0, 0, 0, 0], ""512"": [0, 0, 0, 0]}",data/patches/case4.npz
case4,case4,real_csig,73,2304,1024,256,256,2432.0,1152.0,"{""256"": [0, 0, 0, 0], ""512"": [0, 0, 0, 0]}",data/patches/case4.npz
case4,case4,real_csig,74,2560,1024,256,256,2688.0,1152.0,"{""256"": [0, 0, 0, 0], ""512"": [0, 0, 0, 0]}",data/patches/case4.npz
case4,case4,real_csig,75,2816,1024,256,256,2944.0,1152.0,"{""256"": [0, 0, 0, 0], ""512"": [0, 0, 0, 0]}",data/patches/case4.npz
case4,case4,real_csig,76,3072,1024,256,256,3200.0,1152.0,"{""256"": [0, 0, 0, 0], ""512"": [0, 0, 0, 0]}",data/patches/case4.npz
case4,case4,real_csig,77,3328,1024,256,256,3456.0,1152.0,"{""256"": [0, 0, 0, 0], ""512"": [0, 0, 0, 0]}",data/patches/case4.npz
case4,case4,real_csig,78,3584,1024,256,256,3712.0,1152.0,"{""256"": [0, 0, 0, 0], ""512"": [0, 0, 0, 0]}",data/patches/case4.npz
case4,case4,real_csig,79,3840,1024,256,256,3968.0,1152.0,"{""256"": [0, 0, 0, 0], ""512"": [0, 0, 128, 0]}",data/patches/case4.npz
case4,case4,real_csig,80,0,1280,256,256,128.0,1408.0,"{""256"": [0, 0, 0, 0], ""512"": [128, 0, 0, 0]}",data/patches/case4.npz
case4,case4,real_csig,81,256,1280,256,256,384.0,1408.0,"{""256"": [0, 0, 0, 0], ""512"": [0, 0, 0, 0]}",data/patches/case4.npz
case4,case4,real_csig,82,512,1280,256,256,640.0,1408.0,"{""256"": [0, 0, 0, 0], ""512"": [0, 0, 0, 0]}",data/patches/case4.npz
case4,case4,real_csig,83,768,1280,256,256,896.0,1408.0,"{""256"": [0, 0, 0, 0], ""512"": [0, 0, 0, 0]}",data/patches/case4.npz
case4,case4,real_csig,84,1024,1280,256,256,1152.0,1408.0,"{""256"": [0, 0, 0, 0], ""512"": [0, 0, 0, 0]}",data/patches/case4.npz
case4,case4,real_csig,85,1280,1280,256,256,1408.0,1408.0,"{""256"": [0, 0, 0, 0], ""512"": [0, 0, 0, 0]}",data/patches/case4.npz
case4,case4,real_csig,86,1536,1280,256,256,1664.0,1408.0,"{""256"": [0, 0, 0, 0], ""512"": [0, 0, 0, 0]}",data/patches/case4.npz
case4,case4,real_csig,87,1792,1280,256,256,1920.0,1408.0,"{""256"": [0, 0, 0, 0], ""512"": [0, 0, 0, 0]}",data/patches/case4.npz
case4,case4,real_csig,88,2048,1280,256,256,2176.0,1408.0,"{""256"": [0, 0, 0, 0], ""512"": [0, 0, 0, 0]}",data/patches/case4.npz
case4,case4,real_csig,89,2304,1280,256,256,2432.0,1408.0,"{""256"": [0, 0, 0, 0], ""512"": [0, 0, 0, 0]}",data/patches/case4.npz
case4,case4,real_csig,90,2560,1280,256,256,2688.0,1408.0,"{""256"": [0, 0, 0, 0], ""512"": [0, 0, 0, 0]}",data/patches/case4.npz
case4,case4,real_csig,91,2816,1280,256,256,2944.0,1408.0,"{""256"": [0, 0, 0, 0], ""512"": [0, 0, 0, 0]}",data/patches/case4.npz
case4,case4,real_csig,92,3072,1280,256,256,3200.0,1408.0,"{""256"": [0, 0, 0, 0], ""512"": [0, 0, 0, 0]}",data/patches/case4.npz
case4,case4,real_csig,93,3328,1280,256,256,3456.0,1408.0,"{""256"": [0, 0, 0, 0], ""512"": [0, 0, 0, 0]}",data/patches/case4.npz
case4,case4,real_csig,94,3584,1280,256,256,3712.0,1408.0,"{""256"": [0, 0, 0, 0], ""512"": [0, 0, 0, 0]}",data/patches/case4.npz
case4,case4,real_csig,95,3840,1280,256,256,3968.0,1408.0,"{""256"": [0, 0, 0, 0], ""512"": [0, 0, 128, 0]}",data/patches/case4.npz
case4,case4,real_csig,96,0,1536,256,256,128.0,1664.0,"{""256"": [0, 0, 0, 0], ""512"": [128, 0, 0, 0]}",data/patches/case4.npz
case4,case4,real_csig,97,256,1536,256,256,384.0,1664.0,"{""256"": [0, 0, 0, 0], ""512"": [0, 0, 0, 0]}",data/patches/case4.npz
case4,case4,real_csig,98,512,1536,256,256,640.0,1664.0,"{""256"": [0, 0, 0, 0], ""512"": [0, 0, 0, 0]}",data/patches/case4.npz
case4,case4,real_csig,99,768,1536,256,256,896.0,1664.0,"{""256"": [0, 0, 0, 0], ""512"": [0, 0, 0, 0]}",data/patches/case4.npz
case4,case4,real_csig,100,1024,1536,256,256,1152.0,1664.0,"{""256"": [0, 0, 0, 0], ""512"": [0, 0, 0, 0]}",data/patches/case4.npz
case4,case4,real_csig,101,1280,1536,256,256,1408.0,1664.0,"{""256"": [0, 0, 0, 0], ""512"": [0, 0, 0, 0]}",data/patches/case4.npz
case4,case4,real_csig,102,1536,1536,256,256,1664.0,1664.0,"{""256"": [0, 0, 0, 0], ""512"": [0, 0, 0, 0]}",data/patches/case4.npz
case4,case4,real_csig,103,1792,1536,256,256,1920.0,1664.0,"{""256"": [0, 0, 0, 0], ""512"": [0, 0, 0, 0]}",data/patches/case4.npz
case4,case4,real_csig,104,2048,1536,256,256,2176.0,1664.0,"{""256"": [0, 0, 0, 0], ""512"": [0, 0, 0, 0]}",data/patches/case4.npz
case4,case4,real_csig,105,2304,1536,256,256,2432.0,1664.0,"{""256"": [0, 0, 0, 0], ""512"": [0, 0, 0, 0]}",data/patches/case4.npz
case4,case4,real_csig,106,2560,1536,256,256,2688.0,1664.0,"{""256"": [0, 0, 0, 0], ""512"": [0, 0, 0, 0]}",data/patches/case4.npz
case4,case4,real_csig,107,2816,1536,256,256,2944.0,1664.0,"{""256"": [0, 0, 0, 0], ""512"": [0, 0, 0, 0]}",data/patches/case4.npz
case4,case4,real_csig,108,3072,1536,256,256,3200.0,1664.0,"{""256"": [0, 0, 0, 0], ""512"": [0, 0, 0, 0]}",data/patches/case4.npz
case4,case4,real_csig,109,3328,1536,256,256,3456.0,1664.0,"{""256"": [0, 0, 0, 0], ""512"": [0, 0, 0, 0]}",data/patches/case4.npz
case4,case4,real_csig,110,3584,1536,256,256,3712.0,1664.0,"{""256"": [0, 0, 0, 0], ""512"": [0, 0, 0, 0]}",data/patches/case4.npz
case4,case4,real_csig,111,3840,1536,256,256,3968.0,1664.0,"{""256"": [0, 0, 0, 0], ""512"": [0, 0, 128, 0]}",data/patches/case4.npz
case4,case4,real_csig,112,0,1792,256,256,128.0,1920.0,"{""256"": [0, 0, 0, 0], ""512"": [128, 0, 0, 0]}",data/patches/case4.npz
case4,case4,real_csig,113,256,1792,256,256,384.0,1920.0,"{""256"": [0, 0, 0, 0], ""512"": [0, 0, 0, 0]}",data/patches/case4.npz
case4,case4,real_csig,114,512,1792,256,256,640.0,1920.0,"{""256"": [0, 0, 0, 0], ""512"": [0, 0, 0, 0]}",data/patches/case4.npz
case4,case4,real_csig,115,768,1792,256,256,896.0,1920.0,"{""256"": [0, 0, 0, 0], ""512"": [0, 0, 0, 0]}",data/patches/case4.npz
case4,case4,real_csig,116,1024,1792,256,256,1152.0,1920.0,"{""256"": [0, 0, 0, 0], ""512"": [0, 0, 0, 0]}",data/patches/case4.npz
case4,case4,real_csig,117,1280,1792,256,256,1408.0,1920.0,"{""256"": [0, 0, 0, 0], ""512"": [0, 0, 0, 0]}",data/patches/case4.npz
case4,case4,real_csig,118,1536,1792,256,256,1664.0,1920.0,"{""256"": [0, 0, 0, 0], ""512"": [0, 0, 0, 0]}",data/patches/case4.npz
case4,case4,real_csig,119,1792,1792,256,256,1920.0,1920.0,"{""256"": [0, 0, 0, 0], ""512"": [0, 0, 0, 0]}",data/patches/case4.npz
case4,case4,real_csig,120,2048,1792,256,256,2176.0,1920.0,"{""256"": [0, 0, 0, 0], ""512"": [0, 0, 0, 0]}",data/patches/case4.npz
case4,case4,real_csig,121,2304,1792,256,256,2432.0,1920.0,"{""256"": [0, 0, 0, 0], ""512"": [0, 0, 0, 0]}",data/patches/case4.npz
case4,case4,real_csig,122,2560,1792,256,256,2688.0,1920.0,"{""256"": [0, 0, 0, 0], ""512"": [0, 0, 0, 0]}",data/patches/case4.npz
case4,case4,real_csig,123,2816,1792,256,256,2944.0,1920.0,"{""256"": [0, 0, 0, 0], ""512"": [0, 0, 0, 0]}",data/patches/case4.npz
case4,case4,real_csig,124,3072,1792,256,256,3200.0,1920.0,"{""256"": [0, 0, 0, 0], ""512"": [0, 0, 0, 0]}",data/patches/case4.npz
case4,case4,real_csig,125,3328,1792,256,256,3456.0,1920.0,"{""256"": [0, 0, 0, 0], ""512"": [0, 0, 0, 0]}",data/patches/case4.npz
case4,case4,real_csig,126,3584,1792,256,256,3712.0,1920.0,"{""256"": [0, 0, 0, 0], ""512"": [0, 0, 0, 0]}",data/patches/case4.npz
case4,case4,real_csig,127,3840,1792,256,256,3968.0,1920.0,"{""256"": [0, 0, 0, 0], ""512"": [0, 0, 128, 0]}",data/patches/case4.npz
case4,case4,real_csig,128,0,2048,256,256,128.0,2176.0,"{""256"": [0, 0, 0, 0], ""512"": [128, 0, 0, 0]}",data/patches/case4.npz
case4,case4,real_csig,129,256,2048,256,256,384.0,2176.0,"{""256"": [0, 0, 0, 0], ""512"": [0, 0, 0, 0]}",data/patches/case4.npz
case4,case4,real_csig,130,512,2048,256,256,640.0,2176.0,"{""256"": [0, 0, 0, 0], ""512"": [0, 0, 0, 0]}",data/patches/case4.npz
case4,case4,real_csig,131,768,2048,256,256,896.0,2176.0,"{""256"": [0, 0, 0, 0], ""512"": [0, 0, 0, 0]}",data/patches/case4.npz
case4,case4,real_csig,132,1024,2048,256,256,1152.0,2176.0,"{""256"": [0, 0, 0, 0], ""512"": [0, 0, 0, 0]}",data/patches/case4.npz
case4,case4,real_csig,133,1280,2048,256,256,1408.0,2176.0,"{""256"": [0, 0, 0, 0], ""512"": [0, 0, 0, 0]}",data/patches/case4.npz
case4,case4,real_csig,134,1536,2048,256,256,1664.0,2176.0,"{""256"": [0, 0, 0, 0], ""512"": [0, 0, 0, 0]}",data/patches/case4.npz
case4,case4,real_csig,135,1792,2048,256,256,1920.0,2176.0,"{""256"": [0, 0, 0, 0], ""512"": [0, 0, 0, 0]}",data/patches/case4.npz
case4,case4,real_csig,136,2048,2048,256,256,2176.0,2176.0,"{""256"": [0, 0, 0, 0], ""512"": [0, 0, 0, 0]}",data/patches/case4.npz
case4,case4,real_csig,137,2304,2048,256,256,2432.0,2176.0,"{""256"": [0, 0, 0, 0], ""512"": [0, 0, 0, 0]}",data/patches/case4.npz
case4,case4,real_csig,138,2560,2048,256,256,2688.0,2176.0,"{""256"": [0, 0, 0, 0], ""512"": [0, 0, 0, 0]}",data/patches/case4.npz
case4,case4,real_csig,139,2816,2048,256,256,2944.0,2176.0,"{""256"": [0, 0, 0, 0], ""512"": [0, 0, 0, 0]}",data/patches/case4.npz
case4,case4,real_csig,140,3072,2048,256,256,3200.0,2176.0,"{""256"": [0, 0, 0, 0], ""512"": [0, 0, 0, 0]}",data/patches/case4.npz
case4,case4,real_csig,141,3328,2048,256,256,3456.0,2176.0,"{""256"": [0, 0, 0, 0], ""512"": [0, 0, 0, 0]}",data/patches/case4.npz
case4,case4,real_csig,142,3584,2048,256,256,3712.0,2176.0,"{""256"": [0, 0, 0, 0], ""512"": [0, 0, 0, 0]}",data/patches/case4.npz
case4,case4,real_csig,143,3840,2048,256,256,3968.0,2176.0,"{""256"": [0, 0, 0, 0], ""512"": [0, 0, 128, 0]}",data/patches/case4.npz
case4,case4,real_csig,144,0,2304,256,256,128.0,2432.0,"{""256"": [0, 0, 0, 0], ""512"": [128, 0, 0, 0]}",data/patches/case4.npz
case4,case4,real_csig,145,256,2304,256,256,384.0,2432.0,"{""256"": [0, 0, 0, 0], ""512"": [0, 0, 0, 0]}",data/patches/case4.npz
case4,case4,real_csig,146,512,2304,256,256,640.0,2432.0,"{""256"": [0, 0, 0, 0], ""512"": [0, 0, 0, 0]}",data/patches/case4.npz
case4,case4,real_csig,147,768,2304,256,256,896.0,2432.0,"{""256"": [0, 0, 0, 0], ""512"": [0, 0, 0, 0]}",data/patches/case4.npz
case4,case4,real_csig,148,1024,2304,256,256,1152.0,2432.0,"{""256"": [0, 0, 0, 0], ""512"": [0, 0, 0, 0]}",data/patches/case4.npz
case4,case4,real_csig,149,1280,2304,256,256,1408.0,2432.0,"{""256"": [0, 0, 0, 0], ""512"": [0, 0, 0, 0]}",data/patches/case4.npz
case4,case4,real_csig,150,1536,2304,256,256,1664.0,2432.0,"{""256"": [0, 0, 0, 0], ""512"": [0, 0, 0, 0]}",data/patches/case4.npz
case4,case4,real_csig,151,1792,2304,256,256,1920.0,2432.0,"{""256"": [0, 0, 0, 0], ""512"": [0, 0, 0, 0]}",data/patches/case4.npz
case4,case4,real_csig,152,2048,2304,256,256,2176.0,2432.0,"{""256"": [0, 0, 0, 0], ""512"": [0, 0, 0, 0]}",data/patches/case4.npz
case4,case4,real_csig,153,2304,2304,256,256,2432.0,2432.0,"{""256"": [0, 0, 0, 0], ""512"": [0, 0, 0, 0]}",data/patches/case4.npz
case4,case4,real_csig,154,2560,2304,256,256,2688.0,2432.0,"{""256"": [0, 0, 0, 0], ""512"": [0, 0, 0, 0]}",data/patches/case4.npz
case4,case4,real_csig,155,2816,2304,256,256,2944.0,2432.0,"{""256"": [0, 0, 0, 0], ""512"": [0, 0, 0, 0]}",data/patches/case4.npz
case4,case4,real_csig,156,3072,2304,256,256,3200.0,2432.0,"{""256"": [0, 0, 0, 0], ""512"": [0, 0, 0, 0]}",data/patches/case4.npz
case4,case4,real_csig,157,3328,2304,256,256,3456.0,2432.0,"{""256"": [0, 0, 0, 0], ""512"": [0, 0, 0, 0]}",data/patches/case4.npz
case4,case4,real_csig,158,3584,2304,256,256,3712.0,2432.0,"{""256"": [0, 0, 0, 0], ""512"": [0, 0, 0, 0]}",data/patches/case4.npz
case4,case4,real_csig,159,3840,2304,256,256,3968.0,2432.0,"{""256"": [0, 0, 0, 0], ""512"": [0, 0, 128, 0]}",data/patches/case4.npz
case4,case4,real_csig,160,0,2560,256,256,128.0,2688.0,"{""256"": [0, 0, 0, 0], ""512"": [128, 0, 0, 0]}",data/patches/case4.npz
case4,case4,real_csig,161,256,2560,256,256,384.0,2688.0,"{""256"": [0, 0, 0, 0], ""512"": [0, 0, 0, 0]}",data/patches/case4.npz
case4,case4,real_csig,162,512,2560,256,256,640.0,2688.0,"{""256"": [0, 0, 0, 0], ""512"": [0, 0, 0, 0]}",data/patches/case4.npz
case4,case4,real_csig,163,768,2560,256,256,896.0,2688.0,"{""256"": [0, 0, 0, 0], ""512"": [0, 0, 0, 0]}",data/patches/case4.npz
case4,case4,real_csig,164,1024,2560,256,256,1152.0,2688.0,"{""256"": [0, 0, 0, 0], ""512"": [0, 0, 0, 0]}",data/patches/case4.npz
case4,case4,real_csig,165,1280,2560,256,256,1408.0,2688.0,"{""256"": [0, 0, 0, 0], ""512"": [0, 0, 0, 0]}",data/patches/case4.npz
case4,case4,real_csig,166,1536,2560,256,256,1664.0,2688.0,"{""256"": [0, 0, 0, 0], ""512"": [0, 0, 0, 0]}",data/patches/case4.npz
case4,case4,real_csig,167,1792,2560,256,256,1920.0,2688.0,"{""256"": [0, 0, 0, 0], ""512"": [0, 0, 0, 0]}",data/patches/case4.npz
case4,case4,real_csig,168,2048,2560,256,256,2176.0,2688.0,"{""256"": [0, 0, 0, 0], ""512"": [0, 0, 0, 0]}",data/patches/case4.npz
case4,case4,real_csig,169,2304,2560,256,256,2432.0,2688.0,"{""256"": [0, 0, 0, 0], ""512"": [0, 0, 0, 0]}",data/patches/case4.npz
case4,case4,real_csig,170,2560,2560,256,256,2688.0,2688.0,"{""256"": [0, 0, 0, 0], ""512"": [0, 0, 0, 0]}",data/patches/case4.npz
case4,case4,real_csig,171,2816,2560,256,256,2944.0,2688.0,"{""256"": [0, 0, 0, 0], ""512"": [0, 0, 0, 0]}",data/patches/case4.npz
case4,case4,real_csig,172,3072,2560,256,256,3200.0,2688.0,"{""256"": [0, 0, 0, 0], ""512"": [0, 0, 0, 0]}",data/patches/case4.npz
case4,case4,real_csig,173,3328,2560,256,256,3456.0,2688.0,"{""256"": [0, 0, 0, 0], ""512"": [0, 0, 0, 0]}",data/patches/case4.npz
case4,case4,real_csig,174,3584,2560,256,256,3712.0,2688.0,"{""256"": [0, 0, 0, 0], ""512"": [0, 0, 0, 0]}",data/patches/case4.npz
case4,case4,real_csig,175,3840,2560,256,256,3968.0,2688.0,"{""256"": [0, 0, 0, 0], ""512"": [0, 0, 128, 0]}",data/patches/case4.npz
case4,case4,real_csig,176,0,2816,256,256,128.0,2944.0,"{""256"": [0, 0, 0, 0], ""512"": [128, 0, 0, 128]}",data/patches/case4.npz
case4,case4,real_csig,177,256,2816,256,256,384.0,2944.0,"{""256"": [0, 0, 0, 0], ""512"": [0, 0, 0, 128]}",data/patches/case4.npz
case4,case4,real_csig,178,512,2816,256,256,640.0,2944.0,"{""256"": [0, 0, 0, 0], ""512"": [0, 0, 0, 128]}",data/patches/case4.npz
case4,case4,real_csig,179,768,2816,256,256,896.0,2944.0,"{""256"": [0, 0, 0, 0], ""512"": [0, 0, 0, 128]}",data/patches/case4.npz
case4,case4,real_csig,180,1024,2816,256,256,1152.0,2944.0,"{""256"": [0, 0, 0, 0], ""512"": [0, 0, 0, 128]}",data/patches/case4.npz
case4,case4,real_csig,181,1280,2816,256,256,1408.0,2944.0,"{""256"": [0, 0, 0, 0], ""512"": [0, 0, 0, 128]}",data/patches/case4.npz
case4,case4,real_csig,182,1536,2816,256,256,1664.0,2944.0,"{""256"": [0, 0, 0, 0], ""512"": [0, 0, 0, 128]}",data/patches/case4.npz
case4,case4,real_csig,183,1792,2816,256,256,1920.0,2944.0,"{""256"": [0, 0, 0, 0], ""512"": [0, 0, 0, 128]}",data/patches/case4.npz
case4,case4,real_csig,184,2048,2816,256,256,2176.0,2944.0,"{""256"": [0, 0, 0, 0], ""512"": [0, 0, 0, 128]}",data/patches/case4.npz
case4,case4,real_csig,185,2304,2816,256,256,2432.0,2944.0,"{""256"": [0, 0, 0, 0], ""512"": [0, 0, 0, 128]}",data/patches/case4.npz
case4,case4,real_csig,186,2560,2816,256,256,2688.0,2944.0,"{""256"": [0, 0, 0, 0], ""512"": [0, 0, 0, 128]}",data/patches/case4.npz
case4,case4,real_csig,187,2816,2816,256,256,2944.0,2944.0,"{""256"": [0, 0, 0, 0], ""512"": [0, 0, 0, 128]}",data/patches/case4.npz
case4,case4,real_csig,188,3072,2816,256,256,3200.0,2944.0,"{""256"": [0, 0, 0, 0], ""512"": [0, 0, 0, 128]}",data/patches/case4.npz
case4,case4,real_csig,189,3328,2816,256,256,3456.0,2944.0,"{""256"": [0, 0, 0, 0], ""512"": [0, 0, 0, 128]}",data/patches/case4.npz
case4,case4,real_csig,190,3584,2816,256,256,3712.0,2944.0,"{""256"": [0, 0, 0, 0], ""512"": [0, 0, 0, 128]}",data/patches/case4.npz
case4,case4,real_csig,191,3840,2816,256,256,3968.0,2944.0,"{""256"": [0, 0, 0, 0], ""512"": [0, 0, 128, 128]}",data/patches/case4.npz
case5,case5,real_csig,0,0,0,256,256,128.0,128.0,"{""256"": [0, 0, 0, 0], ""512"": [128, 128, 0, 0]}",data/patches/case5.npz
case5,case5,real_csig,1,256,0,256,256,384.0,128.0,"{""256"": [0, 0, 0, 0], ""512"": [0, 128, 0, 0]}",data/patches/case5.npz
case5,case5,real_csig,2,512,0,256,256,640.0,128.0,"{""256"": [0, 0, 0, 0], ""512"": [0, 128, 0, 0]}",data/patches/case5.npz
case5,case5,real_csig,3,768,0,256,256,896.0,128.0,"{""256"": [0, 0, 0, 0], ""512"": [0, 128, 0, 0]}",data/patches/case5.npz
case5,case5,real_csig,4,1024,0,256,256,1152.0,128.0,"{""256"": [0, 0, 0, 0], ""512"": [0, 128, 0, 0]}",data/patches/case5.npz
case5,case5,real_csig,5,1280,0,256,256,1408.0,128.0,"{""256"": [0, 0, 0, 0], ""512"": [0, 128, 0, 0]}",data/patches/case5.npz
case5,case5,real_csig,6,1536,0,256,256,1664.0,128.0,"{""256"": [0, 0, 0, 0], ""512"": [0, 128, 0, 0]}",data/patches/case5.npz
case5,case5,real_csig,7,1792,0,256,256,1920.0,128.0,"{""256"": [0, 0, 0, 0], ""512"": [0, 128, 0, 0]}",data/patches/case5.npz
case5,case5,real_csig,8,2048,0,256,256,2176.0,128.0,"{""256"": [0, 0, 0, 0], ""512"": [0, 128, 0, 0]}",data/patches/case5.npz
case5,case5,real_csig,9,2304,0,256,256,2432.0,128.0,"{""256"": [0, 0, 0, 0], ""512"": [0, 128, 0, 0]}",data/patches/case5.npz
case5,case5,real_csig,10,2560,0,256,256,2688.0,128.0,"{""256"": [0, 0, 0, 0], ""512"": [0, 128, 0, 0]}",data/patches/case5.npz
case5,case5,real_csig,11,2816,0,256,256,2944.0,128.0,"{""256"": [0, 0, 0, 0], ""512"": [0, 128, 0, 0]}",data/patches/case5.npz
case5,case5,real_csig,12,3072,0,256,256,3200.0,128.0,"{""256"": [0, 0, 0, 0], ""512"": [0, 128, 0, 0]}",data/patches/case5.npz
case5,case5,real_csig,13,3328,0,256,256,3456.0,128.0,"{""256"": [0, 0, 0, 0], ""512"": [0, 128, 0, 0]}",data/patches/case5.npz
case5,case5,real_csig,14,3584,0,256,256,3712.0,128.0,"{""256"": [0, 0, 0, 0], ""512"": [0, 128, 0, 0]}",data/patches/case5.npz
case5,case5,real_csig,15,3840,0,256,256,3968.0,128.0,"{""256"": [0, 0, 0, 0], ""512"": [0, 128, 128, 0]}",data/patches/case5.npz
case5,case5,real_csig,16,0,256,256,256,128.0,384.0,"{""256"": [0, 0, 0, 0], ""512"": [128, 0, 0, 0]}",data/patches/case5.npz
case5,case5,real_csig,17,256,256,256,256,384.0,384.0,"{""256"": [0, 0, 0, 0], ""512"": [0, 0, 0, 0]}",data/patches/case5.npz
case5,case5,real_csig,18,512,256,256,256,640.0,384.0,"{""256"": [0, 0, 0, 0], ""512"": [0, 0, 0, 0]}",data/patches/case5.npz
case5,case5,real_csig,19,768,256,256,256,896.0,384.0,"{""256"": [0, 0, 0, 0], ""512"": [0, 0, 0, 0]}",data/patches/case5.npz
case5,case5,real_csig,20,1024,256,256,256,1152.0,384.0,"{""256"": [0, 0, 0, 0], ""512"": [0, 0, 0, 0]}",data/patches/case5.npz
case5,case5,real_csig,21,1280,256,256,256,1408.0,384.0,"{""256"": [0, 0, 0, 0], ""512"": [0, 0, 0, 0]}",data/patches/case5.npz
case5,case5,real_csig,22,1536,256,256,256,1664.0,384.0,"{""256"": [0, 0, 0, 0], ""512"": [0, 0, 0, 0]}",data/patches/case5.npz
case5,case5,real_csig,23,1792,256,256,256,1920.0,384.0,"{""256"": [0, 0, 0, 0], ""512"": [0, 0, 0, 0]}",data/patches/case5.npz
case5,case5,real_csig,24,2048,256,256,256,2176.0,384.0,"{""256"": [0, 0, 0, 0], ""512"": [0, 0, 0, 0]}",data/patches/case5.npz
case5,case5,real_csig,25,2304,256,256,256,2432.0,384.0,"{""256"": [0, 0, 0, 0], ""512"": [0, 0, 0, 0]}",data/patches/case5.npz
case5,case5,real_csig,26,2560,256,256,256,2688.0,384.0,"{""256"": [0, 0, 0, 0], ""512"": [0, 0, 0, 0]}",data/patches/case5.npz
case5,case5,real_csig,27,2816,256,256,256,2944.0,384.0,"{""256"": [0, 0, 0, 0], ""512"": [0, 0, 0, 0]}",data/patches/case5.npz
case5,case5,real_csig,28,3072,256,256,256,3200.0,384.0,"{""256"": [0, 0, 0, 0], ""512"": [0, 0, 0, 0]}",data/patches/case5.npz
case5,case5,real_csig,29,3328,256,256,256,3456.0,384.0,"{""256"": [0, 0, 0, 0], ""512"": [0, 0, 0, 0]}",data/patches/case5.npz
case5,case5,real_csig,30,3584,256,256,256,3712.0,384.0,"{""256"": [0, 0, 0, 0], ""512"": [0, 0, 0, 0]}",data/patches/case5.npz
case5,case5,real_csig,31,3840,256,256,256,3968.0,384.0,"{""256"": [0, 0, 0, 0], ""512"": [0, 0, 128, 0]}",data/patches/case5.npz
case5,case5,real_csig,32,0,512,256,256,128.0,640.0,"{""256"": [0, 0, 0, 0], ""512"": [128, 0, 0, 0]}",data/patches/case5.npz
case5,case5,real_csig,33,256,512,256,256,384.0,640.0,"{""256"": [0, 0, 0, 0], ""512"": [0, 0, 0, 0]}",data/patches/case5.npz
case5,case5,real_csig,34,512,512,256,256,640.0,640.0,"{""256"": [0, 0, 0, 0], ""512"": [0, 0, 0, 0]}",data/patches/case5.npz
case5,case5,real_csig,35,768,512,256,256,896.0,640.0,"{""256"": [0, 0, 0, 0], ""512"": [0, 0, 0, 0]}",data/patches/case5.npz
case5,case5,real_csig,36,1024,512,256,256,1152.0,640.0,"{""256"": [0, 0, 0, 0], ""512"": [0, 0, 0, 0]}",data/patches/case5.npz
case5,case5,real_csig,37,1280,512,256,256,1408.0,640.0,"{""256"": [0, 0, 0, 0], ""512"": [0, 0, 0, 0]}",data/patches/case5.npz
case5,case5,real_csig,38,1536,512,256,256,1664.0,640.0,"{""256"": [0, 0, 0, 0], ""512"": [0, 0, 0, 0]}",data/patches/case5.npz
case5,case5,real_csig,39,1792,512,256,256,1920.0,640.0,"{""256"": [0, 0, 0, 0], ""512"": [0, 0, 0, 0]}",data/patches/case5.npz
case5,case5,real_csig,40,2048,512,256,256,2176.0,640.0,"{""256"": [0, 0, 0, 0], ""512"": [0, 0, 0, 0]}",data/patches/case5.npz
case5,case5,real_csig,41,2304,512,256,256,2432.0,640.0,"{""256"": [0, 0, 0, 0], ""512"": [0, 0, 0, 0]}",data/patches/case5.npz
case5,case5,real_csig,42,2560,512,256,256,2688.0,640.0,"{""256"": [0, 0, 0, 0], ""512"": [0, 0, 0, 0]}",data/patches/case5.npz
case5,case5,real_csig,43,2816,512,256,256,2944.0,640.0,"{""256"": [0, 0, 0, 0], ""512"": [0, 0, 0, 0]}",data/patches/case5.npz
case5,case5,real_csig,44,3072,512,256,256,3200.0,640.0,"{""256"": [0, 0, 0, 0], ""512"": [0, 0, 0, 0]}",data/patches/case5.npz
case5,case5,real_csig,45,3328,512,256,256,3456.0,640.0,"{""256"": [0, 0, 0, 0], ""512"": [0, 0, 0, 0]}",data/patches/case5.npz
case5,case5,real_csig,46,3584,512,256,256,3712.0,640.0,"{""256"": [0, 0, 0, 0], ""512"": [0, 0, 0, 0]}",data/patches/case5.npz
case5,case5,real_csig,47,3840,512,256,256,3968.0,640.0,"{""256"": [0, 0, 0, 0], ""512"": [0, 0, 128, 0]}",data/patches/case5.npz
case5,case5,real_csig,48,0,768,256,256,128.0,896.0,"{""256"": [0, 0, 0, 0], ""512"": [128, 0, 0, 0]}",data/patches/case5.npz
case5,case5,real_csig,49,256,768,256,256,384.0,896.0,"{""256"": [0, 0, 0, 0], ""512"": [0, 0, 0, 0]}",data/patches/case5.npz
case5,case5,real_csig,50,512,768,256,256,640.0,896.0,"{""256"": [0, 0, 0, 0], ""512"": [0, 0, 0, 0]}",data/patches/case5.npz
case5,case5,real_csig,51,768,768,256,256,896.0,896.0,"{""256"": [0, 0, 0, 0], ""512"": [0, 0, 0, 0]}",data/patches/case5.npz
case5,case5,real_csig,52,1024,768,256,256,1152.0,896.0,"{""256"": [0, 0, 0, 0], ""512"": [0, 0, 0, 0]}",data/patches/case5.npz
case5,case5,real_csig,53,1280,768,256,256,1408.0,896.0,"{""256"": [0, 0, 0, 0], ""512"": [0, 0, 0, 0]}",data/patches/case5.npz
case5,case5,real_csig,54,1536,768,256,256,1664.0,896.0,"{""256"": [0, 0, 0, 0], ""512"": [0, 0, 0, 0]}",data/patches/case5.npz
case5,case5,real_csig,55,1792,768,256,256,1920.0,896.0,"{""256"": [0, 0, 0, 0], ""512"": [0, 0, 0, 0]}",data/patches/case5.npz
case5,case5,real_csig,56,2048,768,256,256,2176.0,896.0,"{""256"": [0, 0, 0, 0], ""512"": [0, 0, 0, 0]}",data/patches/case5.npz
case5,case5,real_csig,57,2304,768,256,256,2432.0,896.0,"{""256"": [0, 0, 0, 0], ""512"": [0, 0, 0, 0]}",data/patches/case5.npz
case5,case5,real_csig,58,2560,768,256,256,2688.0,896.0,"{""256"": [0, 0, 0, 0], ""512"": [0, 0, 0, 0]}",data/patches/case5.npz
case5,case5,real_csig,59,2816,768,256,256,2944.0,896.0,"{""256"": [0, 0, 0, 0], ""512"": [0, 0, 0, 0]}",data/patches/case5.npz
case5,case5,real_csig,60,3072,768,256,256,3200.0,896.0,"{""256"": [0, 0, 0, 0], ""512"": [0, 0, 0, 0]}",data/patches/case5.npz
case5,case5,real_csig,61,3328,768,256,256,3456.0,896.0,"{""256"": [0, 0, 0, 0], ""512"": [0, 0, 0, 0]}",data/patches/case5.npz
case5,case5,real_csig,62,3584,768,256,256,3712.0,896.0,"{""256"": [0, 0, 0, 0], ""512"": [0, 0, 0, 0]}",data/patches/case5.npz
case5,case5,real_csig,63,3840,768,256,256,3968.0,896.0,"{""256"": [0, 0, 0, 0], ""512"": [0, 0, 128, 0]}",data/patches/case5.npz
case5,case5,real_csig,64,0,1024,256,256,128.0,1152.0,"{""256"": [0, 0, 0, 0], ""512"": [128, 0, 0, 0]}",data/patches/case5.npz
case5,case5,real_csig,65,256,1024,256,256,384.0,1152.0,"{""256"": [0, 0, 0, 0], ""512"": [0, 0, 0, 0]}",data/patches/case5.npz
case5,case5,real_csig,66,512,1024,256,256,640.0,1152.0,"{""256"": [0, 0, 0, 0], ""512"": [0, 0, 0, 0]}",data/patches/case5.npz
case5,case5,real_csig,67,768,1024,256,256,896.0,1152.0,"{""256"": [0, 0, 0, 0], ""512"": [0, 0, 0, 0]}",data/patches/case5.npz
case5,case5,real_csig,68,1024,1024,256,256,1152.0,1152.0,"{""256"": [0, 0, 0, 0], ""512"": [0, 0, 0, 0]}",data/patches/case5.npz
case5,case5,real_csig,69,1280,1024,256,256,1408.0,1152.0,"{""256"": [0, 0, 0, 0], ""512"": [0, 0, 0, 0]}",data/patches/case5.npz
case5,case5,real_csig,70,1536,1024,256,256,1664.0,1152.0,"{""256"": [0, 0, 0, 0], ""512"": [0, 0, 0, 0]}",data/patches/case5.npz
case5,case5,real_csig,71,1792,1024,256,256,1920.0,1152.0,"{""256"": [0, 0, 0, 0], ""512"": [0, 0, 0, 0]}",data/patches/case5.npz
case5,case5,real_csig,72,2048,1024,256,256,2176.0,1152.0,"{""256"": [0, 0, 0, 0], ""512"": [0, 0, 0, 0]}",data/patches/case5.npz
case5,case5,real_csig,73,2304,1024,256,256,2432.0,1152.0,"{""256"": [0, 0, 0, 0], ""512"": [0, 0, 0, 0]}",data/patches/case5.npz
case5,case5,real_csig,74,2560,1024,256,256,2688.0,1152.0,"{""256"": [0, 0, 0, 0], ""512"": [0, 0, 0, 0]}",data/patches/case5.npz
case5,case5,real_csig,75,2816,1024,256,256,2944.0,1152.0,"{""256"": [0, 0, 0, 0], ""512"": [0, 0, 0, 0]}",data/patches/case5.npz
case5,case5,real_csig,76,3072,1024,256,256,3200.0,1152.0,"{""256"": [0, 0, 0, 0], ""512"": [0, 0, 0, 0]}",data/patches/case5.npz
case5,case5,real_csig,77,3328,1024,256,256,3456.0,1152.0,"{""256"": [0, 0, 0, 0], ""512"": [0, 0, 0, 0]}",data/patches/case5.npz
case5,case5,real_csig,78,3584,1024,256,256,3712.0,1152.0,"{""256"": [0, 0, 0, 0], ""512"": [0, 0, 0, 0]}",data/patches/case5.npz
case5,case5,real_csig,79,3840,1024,256,256,3968.0,1152.0,"{""256"": [0, 0, 0, 0], ""512"": [0, 0, 128, 0]}",data/patches/case5.npz
case5,case5,real_csig,80,0,1280,256,256,128.0,1408.0,"{""256"": [0, 0, 0, 0], ""512"": [128, 0, 0, 0]}",data/patches/case5.npz
case5,case5,real_csig,81,256,1280,256,256,384.0,1408.0,"{""256"": [0, 0, 0, 0], ""512"": [0, 0, 0, 0]}",data/patches/case5.npz
case5,case5,real_csig,82,512,1280,256,256,640.0,1408.0,"{""256"": [0, 0, 0, 0], ""512"": [0, 0, 0, 0]}",data/patches/case5.npz
case5,case5,real_csig,83,768,1280,256,256,896.0,1408.0,"{""256"": [0, 0, 0, 0], ""512"": [0, 0, 0, 0]}",data/patches/case5.npz
case5,case5,real_csig,84,1024,1280,256,256,1152.0,1408.0,"{""256"": [0, 0, 0, 0], ""512"": [0, 0, 0, 0]}",data/patches/case5.npz
case5,case5,real_csig,85,1280,1280,256,256,1408.0,1408.0,"{""256"": [0, 0, 0, 0], ""512"": [0, 0, 0, 0]}",data/patches/case5.npz
case5,case5,real_csig,86,1536,1280,256,256,1664.0,1408.0,"{""256"": [0, 0, 0, 0], ""512"": [0, 0, 0, 0]}",data/patches/case5.npz
case5,case5,real_csig,87,1792,1280,256,256,1920.0,1408.0,"{""256"": [0, 0, 0, 0], ""512"": [0, 0, 0, 0]}",data/patches/case5.npz
case5,case5,real_csig,88,2048,1280,256,256,2176.0,1408.0,"{""256"": [0, 0, 0, 0], ""512"": [0, 0, 0, 0]}",data/patches/case5.npz
case5,case5,real_csig,89,2304,1280,256,256,2432.0,1408.0,"{""256"": [0, 0, 0, 0], ""512"": [0, 0, 0, 0]}",data/patches/case5.npz
case5,case5,real_csig,90,2560,1280,256,256,2688.0,1408.0,"{""256"": [0, 0, 0, 0], ""512"": [0, 0, 0, 0]}",data/patches/case5.npz
case5,case5,real_csig,91,2816,1280,256,256,2944.0,1408.0,"{""256"": [0, 0, 0, 0], ""512"": [0, 0, 0, 0]}",data/patches/case5.npz
case5,case5,real_csig,92,3072,1280,256,256,3200.0,1408.0,"{""256"": [0, 0, 0, 0], ""512"": [0, 0, 0, 0]}",data/patches/case5.npz
case5,case5,real_csig,93,3328,1280,256,256,3456.0,1408.0,"{""256"": [0, 0, 0, 0], ""512"": [0, 0, 0, 0]}",data/patches/case5.npz
case5,case5,real_csig,94,3584,1280,256,256,3712.0,1408.0,"{""256"": [0, 0, 0, 0], ""512"": [0, 0, 0, 0]}",data/patches/case5.npz
case5,case5,real_csig,95,3840,1280,256,256,3968.0,1408.0,"{""256"": [0, 0, 0, 0], ""512"": [0, 0, 128, 0]}",data/patches/case5.npz
case5,case5,real_csig,96,0,1536,256,256,128.0,1664.0,"{""256"": [0, 0, 0, 0], ""512"": [128, 0, 0, 0]}",data/patches/case5.npz
case5,case5,real_csig,97,256,1536,256,256,384.0,1664.0,"{""256"": [0, 0, 0, 0], ""512"": [0, 0, 0, 0]}",data/patches/case5.npz
case5,case5,real_csig,98,512,1536,256,256,640.0,1664.0,"{""256"": [0, 0, 0, 0], ""512"": [0, 0, 0, 0]}",data/patches/case5.npz
case5,case5,real_csig,99,768,1536,256,256,896.0,1664.0,"{""256"": [0, 0, 0, 0], ""512"": [0, 0, 0, 0]}",data/patches/case5.npz
case5,case5,real_csig,100,1024,1536,256,256,1152.0,1664.0,"{""256"": [0, 0, 0, 0], ""512"": [0, 0, 0, 0]}",data/patches/case5.npz
case5,case5,real_csig,101,1280,1536,256,256,1408.0,1664.0,"{""256"": [0, 0, 0, 0], ""512"": [0, 0, 0, 0]}",data/patches/case5.npz
case5,case5,real_csig,102,1536,1536,256,256,1664.0,1664.0,"{""256"": [0, 0, 0, 0], ""512"": [0, 0, 0, 0]}",data/patches/case5.npz
case5,case5,real_csig,103,1792,1536,256,256,1920.0,1664.0,"{""256"": [0, 0, 0, 0], ""512"": [0, 0, 0, 0]}",data/patches/case5.npz
case5,case5,real_csig,104,2048,1536,256,256,2176.0,1664.0,"{""256"": [0, 0, 0, 0], ""512"": [0, 0, 0, 0]}",data/patches/case5.npz
case5,case5,real_csig,105,2304,1536,256,256,2432.0,1664.0,"{""256"": [0, 0, 0, 0], ""512"": [0, 0, 0, 0]}",data/patches/case5.npz
case5,case5,real_csig,106,2560,1536,256,256,2688.0,1664.0,"{""256"": [0, 0, 0, 0], ""512"": [0, 0, 0, 0]}",data/patches/case5.npz
case5,case5,real_csig,107,2816,1536,256,256,2944.0,1664.0,"{""256"": [0, 0, 0, 0], ""512"": [0, 0, 0, 0]}",data/patches/case5.npz
case5,case5,real_csig,108,3072,1536,256,256,3200.0,1664.0,"{""256"": [0, 0, 0, 0], ""512"": [0, 0, 0, 0]}",data/patches/case5.npz
case5,case5,real_csig,109,3328,1536,256,256,3456.0,1664.0,"{""256"": [0, 0, 0, 0], ""512"": [0, 0, 0, 0]}",data/patches/case5.npz
case5,case5,real_csig,110,3584,1536,256,256,3712.0,1664.0,"{""256"": [0, 0, 0, 0], ""512"": [0, 0, 0, 0]}",data/patches/case5.npz
case5,case5,real_csig,111,3840,1536,256,256,3968.0,1664.0,"{""256"": [0, 0, 0, 0], ""512"": [0, 0, 128, 0]}",data/patches/case5.npz
case5,case5,real_csig,112,0,1792,256,256,128.0,1920.0,"{""256"": [0, 0, 0, 0], ""512"": [128, 0, 0, 0]}",data/patches/case5.npz
case5,case5,real_csig,113,256,1792,256,256,384.0,1920.0,"{""256"": [0, 0, 0, 0], ""512"": [0, 0, 0, 0]}",data/patches/case5.npz
case5,case5,real_csig,114,512,1792,256,256,640.0,1920.0,"{""256"": [0, 0, 0, 0], ""512"": [0, 0, 0, 0]}",data/patches/case5.npz
case5,case5,real_csig,115,768,1792,256,256,896.0,1920.0,"{""256"": [0, 0, 0, 0], ""512"": [0, 0, 0, 0]}",data/patches/case5.npz
case5,case5,real_csig,116,1024,1792,256,256,1152.0,1920.0,"{""256"": [0, 0, 0, 0], ""512"": [0, 0, 0, 0]}",data/patches/case5.npz
case5,case5,real_csig,117,1280,1792,256,256,1408.0,1920.0,"{""256"": [0, 0, 0, 0], ""512"": [0, 0, 0, 0]}",data/patches/case5.npz
case5,case5,real_csig,118,1536,1792,256,256,1664.0,1920.0,"{""256"": [0, 0, 0, 0], ""512"": [0, 0, 0, 0]}",data/patches/case5.npz
case5,case5,real_csig,119,1792,1792,256,256,1920.0,1920.0,"{""256"": [0, 0, 0, 0], ""512"": [0, 0, 0, 0]}",data/patches/case5.npz
case5,case5,real_csig,120,2048,1792,256,256,2176.0,1920.0,"{""256"": [0, 0, 0, 0], ""512"": [0, 0, 0, 0]}",data/patches/case5.npz
case5,case5,real_csig,121,2304,1792,256,256,2432.0,1920.0,"{""256"": [0, 0, 0, 0], ""512"": [0, 0, 0, 0]}",data/patches/case5.npz
case5,case5,real_csig,122,2560,1792,256,256,2688.0,1920.0,"{""256"": [0, 0, 0, 0], ""512"": [0, 0, 0, 0]}",data/patches/case5.npz
case5,case5,real_csig,123,2816,1792,256,256,2944.0,1920.0,"{""256"": [0, 0, 0, 0], ""512"": [0, 0, 0, 0]}",data/patches/case5.npz
case5,case5,real_csig,124,3072,1792,256,256,3200.0,1920.0,"{""256"": [0, 0, 0, 0], ""512"": [0, 0, 0, 0]}",data/patches/case5.npz
case5,case5,real_csig,125,3328,1792,256,256,3456.0,1920.0,"{""256"": [0, 0, 0, 0], ""512"": [0, 0, 0, 0]}",data/patches/case5.npz
case5,case5,real_csig,126,3584,1792,256,256,3712.0,1920.0,"{""256"": [0, 0, 0, 0], ""512"": [0, 0, 0, 0]}",data/patches/case5.npz
case5,case5,real_csig,127,3840,1792,256,256,3968.0,1920.0,"{""256"": [0, 0, 0, 0], ""512"": [0, 0, 128, 0]}",data/patches/case5.npz
case5,case5,real_csig,128,0,2048,256,256,128.0,2176.0,"{""256"": [0, 0, 0, 0], ""512"": [128, 0, 0, 0]}",data/patches/case5.npz
case5,case5,real_csig,129,256,2048,256,256,384.0,2176.0,"{""256"": [0, 0, 0, 0], ""512"": [0, 0, 0, 0]}",data/patches/case5.npz
case5,case5,real_csig,130,512,2048,256,256,640.0,2176.0,"{""256"": [0, 0, 0, 0], ""512"": [0, 0, 0, 0]}",data/patches/case5.npz
case5,case5,real_csig,131,768,2048,256,256,896.0,2176.0,"{""256"": [0, 0, 0, 0], ""512"": [0, 0, 0, 0]}",data/patches/case5.npz
case5,case5,real_csig,132,1024,2048,256,256,1152.0,2176.0,"{""256"": [0, 0, 0, 0], ""512"": [0, 0, 0, 0]}",data/patches/case5.npz
case5,case5,real_csig,133,1280,2048,256,256,1408.0,2176.0,"{""256"": [0, 0, 0, 0], ""512"": [0, 0, 0, 0]}",data/patches/case5.npz
case5,case5,real_csig,134,1536,2048,256,256,1664.0,2176.0,"{""256"": [0, 0, 0, 0], ""512"": [0, 0, 0, 0]}",data/patches/case5.npz
case5,case5,real_csig,135,1792,2048,256,256,1920.0,2176.0,"{""256"": [0, 0, 0, 0], ""512"": [0, 0, 0, 0]}",data/patches/case5.npz
case5,case5,real_csig,136,2048,2048,256,256,2176.0,2176.0,"{""256"": [0, 0, 0, 0], ""512"": [0, 0, 0, 0]}",data/patches/case5.npz
case5,case5,real_csig,137,2304,2048,256,256,2432.0,2176.0,"{""256"": [0, 0, 0, 0], ""512"": [0, 0, 0, 0]}",data/patches/case5.npz
case5,case5,real_csig,138,2560,2048,256,256,2688.0,2176.0,"{""256"": [0, 0, 0, 0], ""512"": [0, 0, 0, 0]}",data/patches/case5.npz
case5,case5,real_csig,139,2816,2048,256,256,2944.0,2176.0,"{""256"": [0, 0, 0, 0], ""512"": [0, 0, 0, 0]}",data/patches/case5.npz
case5,case5,real_csig,140,3072,2048,256,256,3200.0,2176.0,"{""256"": [0, 0, 0, 0], ""512"": [0, 0, 0, 0]}",data/patches/case5.npz
case5,case5,real_csig,141,3328,2048,256,256,3456.0,2176.0,"{""256"": [0, 0, 0, 0], ""512"": [0, 0, 0, 0]}",data/patches/case5.npz
case5,case5,real_csig,142,3584,2048,256,256,3712.0,2176.0,"{""256"": [0, 0, 0, 0], ""512"": [0, 0, 0, 0]}",data/patches/case5.npz
case5,case5,real_csig,143,3840,2048,256,256,3968.0,2176.0,"{""256"": [0, 0, 0, 0], ""512"": [0, 0, 128, 0]}",data/patches/case5.npz
case5,case5,real_csig,144,0,2304,256,256,128.0,2432.0,"{""256"": [0, 0, 0, 0], ""512"": [128, 0, 0, 0]}",data/patches/case5.npz
case5,case5,real_csig,145,256,2304,256,256,384.0,2432.0,"{""256"": [0, 0, 0, 0], ""512"": [0, 0, 0, 0]}",data/patches/case5.npz
case5,case5,real_csig,146,512,2304,256,256,640.0,2432.0,"{""256"": [0, 0, 0, 0], ""512"": [0, 0, 0, 0]}",data/patches/case5.npz
case5,case5,real_csig,147,768,2304,256,256,896.0,2432.0,"{""256"": [0, 0, 0, 0], ""512"": [0, 0, 0, 0]}",data/patches/case5.npz
case5,case5,real_csig,148,1024,2304,256,256,1152.0,2432.0,"{""256"": [0, 0, 0, 0], ""512"": [0, 0, 0, 0]}",data/patches/case5.npz
case5,case5,real_csig,149,1280,2304,256,256,1408.0,2432.0,"{""256"": [0, 0, 0, 0], ""512"": [0, 0, 0, 0]}",data/patches/case5.npz
case5,case5,real_csig,150,1536,2304,256,256,1664.0,2432.0,"{""256"": [0, 0, 0, 0], ""512"": [0, 0, 0, 0]}",data/patches/case5.npz
case5,case5,real_csig,151,1792,2304,256,256,1920.0,2432.0,"{""256"": [0, 0, 0, 0], ""512"": [0, 0, 0, 0]}",data/patches/case5.npz
case5,case5,real_csig,152,2048,2304,256,256,2176.0,2432.0,"{""256"": [0, 0, 0, 0], ""512"": [0, 0, 0, 0]}",data/patches/case5.npz
case5,case5,real_csig,153,2304,2304,256,256,2432.0,2432.0,"{""256"": [0, 0, 0, 0], ""512"": [0, 0, 0, 0]}",data/patches/case5.npz
case5,case5,real_csig,154,2560,2304,256,256,2688.0,2432.0,"{""256"": [0, 0, 0, 0], ""512"": [0, 0, 0, 0]}",data/patches/case5.npz
case5,case5,real_csig,155,2816,2304,256,256,2944.0,2432.0,"{""256"": [0, 0, 0, 0], ""512"": [0, 0, 0, 0]}",data/patches/case5.npz
case5,case5,real_csig,156,3072,2304,256,256,3200.0,2432.0,"{""256"": [0, 0, 0, 0], ""512"": [0, 0, 0, 0]}",data/patches/case5.npz
case5,case5,real_csig,157,3328,2304,256,256,3456.0,2432.0,"{""256"": [0, 0, 0, 0], ""512"": [0, 0, 0, 0]}",data/patches/case5.npz
case5,case5,real_csig,158,3584,2304,256,256,3712.0,2432.0,"{""256"": [0, 0, 0, 0], ""512"": [0, 0, 0, 0]}",data/patches/case5.npz
case5,case5,real_csig,159,3840,2304,256,256,3968.0,2432.0,"{""256"": [0, 0, 0, 0], ""512"": [0, 0, 128, 0]}",data/patches/case5.npz
case5,case5,real_csig,160,0,2560,256,256,128.0,2688.0,"{""256"": [0, 0, 0, 0], ""512"": [128, 0, 0, 0]}",data/patches/case5.npz
case5,case5,real_csig,161,256,2560,256,256,384.0,2688.0,"{""256"": [0, 0, 0, 0], ""512"": [0, 0, 0, 0]}",data/patches/case5.npz
case5,case5,real_csig,162,512,2560,256,256,640.0,2688.0,"{""256"": [0, 0, 0, 0], ""512"": [0, 0, 0, 0]}",data/patches/case5.npz
case5,case5,real_csig,163,768,2560,256,256,896.0,2688.0,"{""256"": [0, 0, 0, 0], ""512"": [0, 0, 0, 0]}",data/patches/case5.npz
case5,case5,real_csig,164,1024,2560,256,256,1152.0,2688.0,"{""256"": [0, 0, 0, 0], ""512"": [0, 0, 0, 0]}",data/patches/case5.npz
case5,case5,real_csig,165,1280,2560,256,256,1408.0,2688.0,"{""256"": [0, 0, 0, 0], ""512"": [0, 0, 0, 0]}",data/patches/case5.npz
case5,case5,real_csig,166,1536,2560,256,256,1664.0,2688.0,"{""256"": [0, 0, 0, 0], ""512"": [0, 0, 0, 0]}",data/patches/case5.npz
case5,case5,real_csig,167,1792,2560,256,256,1920.0,2688.0,"{""256"": [0, 0, 0, 0], ""512"": [0, 0, 0, 0]}",data/patches/case5.npz
case5,case5,real_csig,168,2048,2560,256,256,2176.0,2688.0,"{""256"": [0, 0, 0, 0], ""512"": [0, 0, 0, 0]}",data/patches/case5.npz
case5,case5,real_csig,169,2304,2560,256,256,2432.0,2688.0,"{""256"": [0, 0, 0, 0], ""512"": [0, 0, 0, 0]}",data/patches/case5.npz
case5,case5,real_csig,170,2560,2560,256,256,2688.0,2688.0,"{""256"": [0, 0, 0, 0], ""512"": [0, 0, 0, 0]}",data/patches/case5.npz
case5,case5,real_csig,171,2816,2560,256,256,2944.0,2688.0,"{""256"": [0, 0, 0, 0], ""512"": [0, 0, 0, 0]}",data/patches/case5.npz
case5,case5,real_csig,172,3072,2560,256,256,3200.0,2688.0,"{""256"": [0, 0, 0, 0], ""512"": [0, 0, 0, 0]}",data/patches/case5.npz
case5,case5,real_csig,173,3328,2560,256,256,3456.0,2688.0,"{""256"": [0, 0, 0, 0], ""512"": [0, 0, 0, 0]}",data/patches/case5.npz
case5,case5,real_csig,174,3584,2560,256,256,3712.0,2688.0,"{""256"": [0, 0, 0, 0], ""512"": [0, 0, 0, 0]}",data/patches/case5.npz
case5,case5,real_csig,175,3840,2560,256,256,3968.0,2688.0,"{""256"": [0, 0, 0, 0], ""512"": [0, 0, 128, 0]}",data/patches/case5.npz
case5,case5,real_csig,176,0,2816,256,256,128.0,2944.0,"{""256"": [0, 0, 0, 0], ""512"": [128, 0, 0, 128]}",data/patches/case5.npz
case5,case5,real_csig,177,256,2816,256,256,384.0,2944.0,"{""256"": [0, 0, 0, 0], ""512"": [0, 0, 0, 128]}",data/patches/case5.npz
case5,case5,real_csig,178,512,2816,256,256,640.0,2944.0,"{""256"": [0, 0, 0, 0], ""512"": [0, 0, 0, 128]}",data/patches/case5.npz
case5,case5,real_csig,179,768,2816,256,256,896.0,2944.0,"{""256"": [0, 0, 0, 0], ""512"": [0, 0, 0, 128]}",data/patches/case5.npz
case5,case5,real_csig,180,1024,2816,256,256,1152.0,2944.0,"{""256"": [0, 0, 0, 0], ""512"": [0, 0, 0, 128]}",data/patches/case5.npz
case5,case5,real_csig,181,1280,2816,256,256,1408.0,2944.0,"{""256"": [0, 0, 0, 0], ""512"": [0, 0, 0, 128]}",data/patches/case5.npz
case5,case5,real_csig,182,1536,2816,256,256,1664.0,2944.0,"{""256"": [0, 0, 0, 0], ""512"": [0, 0, 0, 128]}",data/patches/case5.npz
case5,case5,real_csig,183,1792,2816,256,256,1920.0,2944.0,"{""256"": [0, 0, 0, 0], ""512"": [0, 0, 0, 128]}",data/patches/case5.npz
case5,case5,real_csig,184,2048,2816,256,256,2176.0,2944.0,"{""256"": [0, 0, 0, 0], ""512"": [0, 0, 0, 128]}",data/patches/case5.npz
case5,case5,real_csig,185,2304,2816,256,256,2432.0,2944.0,"{""256"": [0, 0, 0, 0], ""512"": [0, 0, 0, 128]}",data/patches/case5.npz
case5,case5,real_csig,186,2560,2816,256,256,2688.0,2944.0,"{""256"": [0, 0, 0, 0], ""512"": [0, 0, 0, 128]}",data/patches/case5.npz
case5,case5,real_csig,187,2816,2816,256,256,2944.0,2944.0,"{""256"": [0, 0, 0, 0], ""512"": [0, 0, 0, 128]}",data/patches/case5.npz
case5,case5,real_csig,188,3072,2816,256,256,3200.0,2944.0,"{""256"": [0, 0, 0, 0], ""512"": [0, 0, 0, 128]}",data/patches/case5.npz
case5,case5,real_csig,189,3328,2816,256,256,3456.0,2944.0,"{""256"": [0, 0, 0, 0], ""512"": [0, 0, 0, 128]}",data/patches/case5.npz
case5,case5,real_csig,190,3584,2816,256,256,3712.0,2944.0,"{""256"": [0, 0, 0, 0], ""512"": [0, 0, 0, 128]}",data/patches/case5.npz
case5,case5,real_csig,191,3840,2816,256,256,3968.0,2944.0,"{""256"": [0, 0, 0, 0], ""512"": [0, 0, 128, 128]}",data/patches/case5.npz
bsds_100098,bsds_100098,synthetic_bsds,0,0,0,256,256,128.0,128.0,"{""256"": [0, 0, 0, 0], ""512"": [128, 128, 0, 63]}",data/patches/bsds_100098.npz
bsds_100098,bsds_100098,synthetic_bsds,1,256,0,225,256,368.5,128.0,"{""256"": [0, 0, 15, 0], ""512"": [0, 128, 143, 63]}",data/patches/bsds_100098.npz
bsds_100098,bsds_100098,synthetic_bsds,2,0,256,256,65,128.0,288.5,"{""256"": [0, 0, 0, 95], ""512"": [128, 0, 0, 223]}",data/patches/bsds_100098.npz
bsds_100098,bsds_100098,synthetic_bsds,3,256,256,225,65,368.5,288.5,"{""256"": [0, 0, 15, 95], ""512"": [0, 0, 143, 223]}",data/patches/bsds_100098.npz
bsds_106025,bsds_106025,synthetic_bsds,0,0,0,256,256,128.0,128.0,"{""256"": [0, 0, 0, 0], ""512"": [128, 128, 63, 0]}",data/patches/bsds_106025.npz
bsds_106025,bsds_106025,synthetic_bsds,1,256,0,65,256,288.5,128.0,"{""256"": [0, 0, 95, 0], ""512"": [0, 128, 223, 0]}",data/patches/bsds_106025.npz
bsds_106025,bsds_106025,synthetic_bsds,2,0,256,256,225,128.0,368.5,"{""256"": [0, 0, 0, 15], ""512"": [128, 0, 63, 143]}",data/patches/bsds_106025.npz
bsds_106025,bsds_106025,synthetic_bsds,3,256,256,65,225,288.5,368.5,"{""256"": [0, 0, 95, 15], ""512"": [0, 0, 223, 143]}",data/patches/bsds_106025.npz
bsds_112082,bsds_112082,synthetic_bsds,0,0,0,256,256,128.0,128.0,"{""256"": [0, 0, 0, 0], ""512"": [128, 128, 0, 63]}",data/patches/bsds_112082.npz
bsds_112082,bsds_112082,synthetic_bsds,1,256,0,225,256,368.5,128.0,"{""256"": [0, 0, 15, 0], ""512"": [0, 128, 143, 63]}",data/patches/bsds_112082.npz
bsds_112082,bsds_112082,synthetic_bsds,2,0,256,256,65,128.0,288.5,"{""256"": [0, 0, 0, 95], ""512"": [128, 0, 0, 223]}",data/patches/bsds_112082.npz
bsds_112082,bsds_112082,synthetic_bsds,3,256,256,225,65,368.5,288.5,"{""256"": [0, 0, 15, 95], ""512"": [0, 0, 143, 223]}",data/patches/bsds_112082.npz
bsds_138078,bsds_138078,synthetic_bsds,0,0,0,256,256,128.0,128.0,"{""256"": [0, 0, 0, 0], ""512"": [128, 128, 63, 0]}",data/patches/bsds_138078.npz
bsds_138078,bsds_138078,synthetic_bsds,1,256,0,65,256,288.5,128.0,"{""256"": [0, 0, 95, 0], ""512"": [0, 128, 223, 0]}",data/patches/bsds_138078.npz
bsds_138078,bsds_138078,synthetic_bsds,2,0,256,256,225,128.0,368.5,"{""256"": [0, 0, 0, 15], ""512"": [128, 0, 63, 143]}",data/patches/bsds_138078.npz
bsds_138078,bsds_138078,synthetic_bsds,3,256,256,65,225,288.5,368.5,"{""256"": [0, 0, 95, 15], ""512"": [0, 0, 223, 143]}",data/patches/bsds_138078.npz
bsds_140055,bsds_140055,synthetic_bsds,0,0,0,256,256,128.0,128.0,"{""256"": [0, 0, 0, 0], ""512"": [128, 128, 0, 63]}",data/patches/bsds_140055.npz
bsds_140055,bsds_140055,synthetic_bsds,1,256,0,225,256,368.5,128.0,"{""256"": [0, 0, 15, 0], ""512"": [0, 128, 143, 63]}",data/patches/bsds_140055.npz
bsds_140055,bsds_140055,synthetic_bsds,2,0,256,256,65,128.0,288.5,"{""256"": [0, 0, 0, 95], ""512"": [128, 0, 0, 223]}",data/patches/bsds_140055.npz
bsds_140055,bsds_140055,synthetic_bsds,3,256,256,225,65,368.5,288.5,"{""256"": [0, 0, 15, 95], ""512"": [0, 0, 143, 223]}",data/patches/bsds_140055.npz
bsds_147021,bsds_147021,synthetic_bsds,0,0,0,256,256,128.0,128.0,"{""256"": [0, 0, 0, 0], ""512"": [128, 128, 0, 63]}",data/patches/bsds_147021.npz
bsds_147021,bsds_147021,synthetic_bsds,1,256,0,225,256,368.5,128.0,"{""256"": [0, 0, 15, 0], ""512"": [0, 128, 143, 63]}",data/patches/bsds_147021.npz
bsds_147021,bsds_147021,synthetic_bsds,2,0,256,256,65,128.0,288.5,"{""256"": [0, 0, 0, 95], ""512"": [128, 0, 0, 223]}",data/patches/bsds_147021.npz
bsds_147021,bsds_147021,synthetic_bsds,3,256,256,225,65,368.5,288.5,"{""256"": [0, 0, 15, 95], ""512"": [0, 0, 143, 223]}",data/patches/bsds_147021.npz
bsds_153077,bsds_153077,synthetic_bsds,0,0,0,256,256,128.0,128.0,"{""256"": [0, 0, 0, 0], ""512"": [128, 128, 0, 63]}",data/patches/bsds_153077.npz
bsds_153077,bsds_153077,synthetic_bsds,1,256,0,225,256,368.5,128.0,"{""256"": [0, 0, 15, 0], ""512"": [0, 128, 143, 63]}",data/patches/bsds_153077.npz
bsds_153077,bsds_153077,synthetic_bsds,2,0,256,256,65,128.0,288.5,"{""256"": [0, 0, 0, 95], ""512"": [128, 0, 0, 223]}",data/patches/bsds_153077.npz
bsds_153077,bsds_153077,synthetic_bsds,3,256,256,225,65,368.5,288.5,"{""256"": [0, 0, 15, 95], ""512"": [0, 0, 143, 223]}",data/patches/bsds_153077.npz
bsds_159029,bsds_159029,synthetic_bsds,0,0,0,256,256,128.0,128.0,"{""256"": [0, 0, 0, 0], ""512"": [128, 128, 0, 63]}",data/patches/bsds_159029.npz
bsds_159029,bsds_159029,synthetic_bsds,1,256,0,225,256,368.5,128.0,"{""256"": [0, 0, 15, 0], ""512"": [0, 128, 143, 63]}",data/patches/bsds_159029.npz
bsds_159029,bsds_159029,synthetic_bsds,2,0,256,256,65,128.0,288.5,"{""256"": [0, 0, 0, 95], ""512"": [128, 0, 0, 223]}",data/patches/bsds_159029.npz
bsds_159029,bsds_159029,synthetic_bsds,3,256,256,225,65,368.5,288.5,"{""256"": [0, 0, 15, 95], ""512"": [0, 0, 143, 223]}",data/patches/bsds_159029.npz
bsds_159045,bsds_159045,synthetic_bsds,0,0,0,256,256,128.0,128.0,"{""256"": [0, 0, 0, 0], ""512"": [128, 128, 0, 63]}",data/patches/bsds_159045.npz
bsds_159045,bsds_159045,synthetic_bsds,1,256,0,225,256,368.5,128.0,"{""256"": [0, 0, 15, 0], ""512"": [0, 128, 143, 63]}",data/patches/bsds_159045.npz
bsds_159045,bsds_159045,synthetic_bsds,2,0,256,256,65,128.0,288.5,"{""256"": [0, 0, 0, 95], ""512"": [128, 0, 0, 223]}",data/patches/bsds_159045.npz
bsds_159045,bsds_159045,synthetic_bsds,3,256,256,225,65,368.5,288.5,"{""256"": [0, 0, 15, 95], ""512"": [0, 0, 143, 223]}",data/patches/bsds_159045.npz
bsds_159091,bsds_159091,synthetic_bsds,0,0,0,256,256,128.0,128.0,"{""256"": [0, 0, 0, 0], ""512"": [128, 128, 0, 63]}",data/patches/bsds_159091.npz
bsds_159091,bsds_159091,synthetic_bsds,1,256,0,225,256,368.5,128.0,"{""256"": [0, 0, 15, 0], ""512"": [0, 128, 143, 63]}",data/patches/bsds_159091.npz
bsds_159091,bsds_159091,synthetic_bsds,2,0,256,256,65,128.0,288.5,"{""256"": [0, 0, 0, 95], ""512"": [128, 0, 0, 223]}",data/patches/bsds_159091.npz
bsds_159091,bsds_159091,synthetic_bsds,3,256,256,225,65,368.5,288.5,"{""256"": [0, 0, 15, 95], ""512"": [0, 0, 143, 223]}",data/patches/bsds_159091.npz
bsds_164074,bsds_164074,synthetic_bsds,0,0,0,256,256,128.0,128.0,"{""256"": [0, 0, 0, 0], ""512"": [128, 128, 0, 63]}",data/patches/bsds_164074.npz
bsds_164074,bsds_164074,synthetic_bsds,1,256,0,225,256,368.5,128.0,"{""256"": [0, 0, 15, 0], ""512"": [0, 128, 143, 63]}",data/patches/bsds_164074.npz
bsds_164074,bsds_164074,synthetic_bsds,2,0,256,256,65,128.0,288.5,"{""256"": [0, 0, 0, 95], ""512"": [128, 0, 0, 223]}",data/patches/bsds_164074.npz
bsds_164074,bsds_164074,synthetic_bsds,3,256,256,225,65,368.5,288.5,"{""256"": [0, 0, 15, 95], ""512"": [0, 0, 143, 223]}",data/patches/bsds_164074.npz
bsds_166081,bsds_166081,synthetic_bsds,0,0,0,256,256,128.0,128.0,"{""256"": [0, 0, 0, 0], ""512"": [128, 128, 0, 63]}",data/patches/bsds_166081.npz
bsds_166081,bsds_166081,synthetic_bsds,1,256,0,225,256,368.5,128.0,"{""256"": [0, 0, 15, 0], ""512"": [0, 128, 143, 63]}",data/patches/bsds_166081.npz
bsds_166081,bsds_166081,synthetic_bsds,2,0,256,256,65,128.0,288.5,"{""256"": [0, 0, 0, 95], ""512"": [128, 0, 0, 223]}",data/patches/bsds_166081.npz
bsds_166081,bsds_166081,synthetic_bsds,3,256,256,225,65,368.5,288.5,"{""256"": [0, 0, 15, 95], ""512"": [0, 0, 143, 223]}",data/patches/bsds_166081.npz
bsds_176039,bsds_176039,synthetic_bsds,0,0,0,256,256,128.0,128.0,"{""256"": [0, 0, 0, 0], ""512"": [128, 128, 0, 63]}",data/patches/bsds_176039.npz
bsds_176039,bsds_176039,synthetic_bsds,1,256,0,225,256,368.5,128.0,"{""256"": [0, 0, 15, 0], ""512"": [0, 128, 143, 63]}",data/patches/bsds_176039.npz
bsds_176039,bsds_176039,synthetic_bsds,2,0,256,256,65,128.0,288.5,"{""256"": [0, 0, 0, 95], ""512"": [128, 0, 0, 223]}",data/patches/bsds_176039.npz
bsds_176039,bsds_176039,synthetic_bsds,3,256,256,225,65,368.5,288.5,"{""256"": [0, 0, 15, 95], ""512"": [0, 0, 143, 223]}",data/patches/bsds_176039.npz
bsds_183055,bsds_183055,synthetic_bsds,0,0,0,256,256,128.0,128.0,"{""256"": [0, 0, 0, 0], ""512"": [128, 128, 0, 63]}",data/patches/bsds_183055.npz
bsds_183055,bsds_183055,synthetic_bsds,1,256,0,225,256,368.5,128.0,"{""256"": [0, 0, 15, 0], ""512"": [0, 128, 143, 63]}",data/patches/bsds_183055.npz
bsds_183055,bsds_183055,synthetic_bsds,2,0,256,256,65,128.0,288.5,"{""256"": [0, 0, 0, 95], ""512"": [128, 0, 0, 223]}",data/patches/bsds_183055.npz
bsds_183055,bsds_183055,synthetic_bsds,3,256,256,225,65,368.5,288.5,"{""256"": [0, 0, 15, 95], ""512"": [0, 0, 143, 223]}",data/patches/bsds_183055.npz
bsds_187029,bsds_187029,synthetic_bsds,0,0,0,256,256,128.0,128.0,"{""256"": [0, 0, 0, 0], ""512"": [128, 128, 63, 0]}",data/patches/bsds_187029.npz
bsds_187029,bsds_187029,synthetic_bsds,1,256,0,65,256,288.5,128.0,"{""256"": [0, 0, 95, 0], ""512"": [0, 128, 223, 0]}",data/patches/bsds_187029.npz
bsds_187029,bsds_187029,synthetic_bsds,2,0,256,256,225,128.0,368.5,"{""256"": [0, 0, 0, 15], ""512"": [128, 0, 63, 143]}",data/patches/bsds_187029.npz
bsds_187029,bsds_187029,synthetic_bsds,3,256,256,65,225,288.5,368.5,"{""256"": [0, 0, 95, 15], ""512"": [0, 0, 223, 143]}",data/patches/bsds_187029.npz
bsds_188063,bsds_188063,synthetic_bsds,0,0,0,256,256,128.0,128.0,"{""256"": [0, 0, 0, 0], ""512"": [128, 128, 0, 63]}",data/patches/bsds_188063.npz
bsds_188063,bsds_188063,synthetic_bsds,1,256,0,225,256,368.5,128.0,"{""256"": [0, 0, 15, 0], ""512"": [0, 128, 143, 63]}",data/patches/bsds_188063.npz
bsds_188063,bsds_188063,synthetic_bsds,2,0,256,256,65,128.0,288.5,"{""256"": [0, 0, 0, 95], ""512"": [128, 0, 0, 223]}",data/patches/bsds_188063.npz
bsds_188063,bsds_188063,synthetic_bsds,3,256,256,225,65,368.5,288.5,"{""256"": [0, 0, 15, 95], ""512"": [0, 0, 143, 223]}",data/patches/bsds_188063.npz
bsds_198023,bsds_198023,synthetic_bsds,0,0,0,256,256,128.0,128.0,"{""256"": [0, 0, 0, 0], ""512"": [128, 128, 63, 0]}",data/patches/bsds_198023.npz
bsds_198023,bsds_198023,synthetic_bsds,1,256,0,65,256,288.5,128.0,"{""256"": [0, 0, 95, 0], ""512"": [0, 128, 223, 0]}",data/patches/bsds_198023.npz
bsds_198023,bsds_198023,synthetic_bsds,2,0,256,256,225,128.0,368.5,"{""256"": [0, 0, 0, 15], ""512"": [128, 0, 63, 143]}",data/patches/bsds_198023.npz
bsds_198023,bsds_198023,synthetic_bsds,3,256,256,65,225,288.5,368.5,"{""256"": [0, 0, 95, 15], ""512"": [0, 0, 223, 143]}",data/patches/bsds_198023.npz
bsds_198054,bsds_198054,synthetic_bsds,0,0,0,256,256,128.0,128.0,"{""256"": [0, 0, 0, 0], ""512"": [128, 128, 63, 0]}",data/patches/bsds_198054.npz
bsds_198054,bsds_198054,synthetic_bsds,1,256,0,65,256,288.5,128.0,"{""256"": [0, 0, 95, 0], ""512"": [0, 128, 223, 0]}",data/patches/bsds_198054.npz
bsds_198054,bsds_198054,synthetic_bsds,2,0,256,256,225,128.0,368.5,"{""256"": [0, 0, 0, 15], ""512"": [128, 0, 63, 143]}",data/patches/bsds_198054.npz
bsds_198054,bsds_198054,synthetic_bsds,3,256,256,65,225,288.5,368.5,"{""256"": [0, 0, 95, 15], ""512"": [0, 0, 223, 143]}",data/patches/bsds_198054.npz
bsds_20008,bsds_20008,synthetic_bsds,0,0,0,256,256,128.0,128.0,"{""256"": [0, 0, 0, 0], ""512"": [128, 128, 63, 0]}",data/patches/bsds_20008.npz
bsds_20008,bsds_20008,synthetic_bsds,1,256,0,65,256,288.5,128.0,"{""256"": [0, 0, 95, 0], ""512"": [0, 128, 223, 0]}",data/patches/bsds_20008.npz
bsds_20008,bsds_20008,synthetic_bsds,2,0,256,256,225,128.0,368.5,"{""256"": [0, 0, 0, 15], ""512"": [128, 0, 63, 143]}",data/patches/bsds_20008.npz
bsds_20008,bsds_20008,synthetic_bsds,3,256,256,65,225,288.5,368.5,"{""256"": [0, 0, 95, 15], ""512"": [0, 0, 223, 143]}",data/patches/bsds_20008.npz
bsds_216041,bsds_216041,synthetic_bsds,0,0,0,256,256,128.0,128.0,"{""256"": [0, 0, 0, 0], ""512"": [128, 128, 0, 63]}",data/patches/bsds_216041.npz
bsds_216041,bsds_216041,synthetic_bsds,1,256,0,225,256,368.5,128.0,"{""256"": [0, 0, 15, 0], ""512"": [0, 128, 143, 63]}",data/patches/bsds_216041.npz
bsds_216041,bsds_216041,synthetic_bsds,2,0,256,256,65,128.0,288.5,"{""256"": [0, 0, 0, 95], ""512"": [128, 0, 0, 223]}",data/patches/bsds_216041.npz
bsds_216041,bsds_216041,synthetic_bsds,3,256,256,225,65,368.5,288.5,"{""256"": [0, 0, 15, 95], ""512"": [0, 0, 143, 223]}",data/patches/bsds_216041.npz
bsds_225017,bsds_225017,synthetic_bsds,0,0,0,256,256,128.0,128.0,"{""256"": [0, 0, 0, 0], ""512"": [128, 128, 63, 0]}",data/patches/bsds_225017.npz
bsds_225017,bsds_225017,synthetic_bsds,1,256,0,65,256,288.5,128.0,"{""256"": [0, 0, 95, 0], ""512"": [0, 128, 223, 0]}",data/patches/bsds_225017.npz
bsds_225017,bsds_225017,synthetic_bsds,2,0,256,256,225,128.0,368.5,"{""256"": [0, 0, 0, 15], ""512"": [128, 0, 63, 143]}",data/patches/bsds_225017.npz
bsds_225017,bsds_225017,synthetic_bsds,3,256,256,65,225,288.5,368.5,"{""256"": [0, 0, 95, 15], ""512"": [0, 0, 223, 143]}",data/patches/bsds_225017.npz
bsds_23025,bsds_23025,synthetic_bsds,0,0,0,256,256,128.0,128.0,"{""256"": [0, 0, 0, 0], ""512"": [128, 128, 63, 0]}",data/patches/bsds_23025.npz
bsds_23025,bsds_23025,synthetic_bsds,1,256,0,65,256,288.5,128.0,"{""256"": [0, 0, 95, 0], ""512"": [0, 128, 223, 0]}",data/patches/bsds_23025.npz
bsds_23025,bsds_23025,synthetic_bsds,2,0,256,256,225,128.0,368.5,"{""256"": [0, 0, 0, 15], ""512"": [128, 0, 63, 143]}",data/patches/bsds_23025.npz
bsds_23025,bsds_23025,synthetic_bsds,3,256,256,65,225,288.5,368.5,"{""256"": [0, 0, 95, 15], ""512"": [0, 0, 223, 143]}",data/patches/bsds_23025.npz
bsds_23080,bsds_23080,synthetic_bsds,0,0,0,256,256,128.0,128.0,"{""256"": [0, 0, 0, 0], ""512"": [128, 128, 0, 63]}",data/patches/bsds_23080.npz
bsds_23080,bsds_23080,synthetic_bsds,1,256,0,225,256,368.5,128.0,"{""256"": [0, 0, 15, 0], ""512"": [0, 128, 143, 63]}",data/patches/bsds_23080.npz
bsds_23080,bsds_23080,synthetic_bsds,2,0,256,256,65,128.0,288.5,"{""256"": [0, 0, 0, 95], ""512"": [128, 0, 0, 223]}",data/patches/bsds_23080.npz
bsds_23080,bsds_23080,synthetic_bsds,3,256,256,225,65,368.5,288.5,"{""256"": [0, 0, 15, 95], ""512"": [0, 0, 143, 223]}",data/patches/bsds_23080.npz
bsds_231015,bsds_231015,synthetic_bsds,0,0,0,256,256,128.0,128.0,"{""256"": [0, 0, 0, 0], ""512"": [128, 128, 0, 63]}",data/patches/bsds_231015.npz
bsds_231015,bsds_231015,synthetic_bsds,1,256,0,225,256,368.5,128.0,"{""256"": [0, 0, 15, 0], ""512"": [0, 128, 143, 63]}",data/patches/bsds_231015.npz
bsds_231015,bsds_231015,synthetic_bsds,2,0,256,256,65,128.0,288.5,"{""256"": [0, 0, 0, 95], ""512"": [128, 0, 0, 223]}",data/patches/bsds_231015.npz
bsds_231015,bsds_231015,synthetic_bsds,3,256,256,225,65,368.5,288.5,"{""256"": [0, 0, 15, 95], ""512"": [0, 0, 143, 223]}",data/patches/bsds_231015.npz
bsds_236017,bsds_236017,synthetic_bsds,0,0,0,256,256,128.0,128.0,"{""256"": [0, 0, 0, 0], ""512"": [128, 128, 0, 63]}",data/patches/bsds_236017.npz
bsds_236017,bsds_236017,synthetic_bsds,1,256,0,225,256,368.5,128.0,"{""256"": [0, 0, 15, 0], ""512"": [0, 128, 143, 63]}",data/patches/bsds_236017.npz
bsds_236017,bsds_236017,synthetic_bsds,2,0,256,256,65,128.0,288.5,"{""256"": [0, 0, 0, 95], ""512"": [128, 0, 0, 223]}",data/patches/bsds_236017.npz
bsds_236017,bsds_236017,synthetic_bsds,3,256,256,225,65,368.5,288.5,"{""256"": [0, 0, 15, 95], ""512"": [0, 0, 143, 223]}",data/patches/bsds_236017.npz
bsds_245051,bsds_245051,synthetic_bsds,0,0,0,256,256,128.0,128.0,"{""256"": [0, 0, 0, 0], ""512"": [128, 128, 0, 63]}",data/patches/bsds_245051.npz
bsds_245051,bsds_245051,synthetic_bsds,1,256,0,225,256,368.5,128.0,"{""256"": [0, 0, 15, 0], ""512"": [0, 128, 143, 63]}",data/patches/bsds_245051.npz
bsds_245051,bsds_245051,synthetic_bsds,2,0,256,256,65,128.0,288.5,"{""256"": [0, 0, 0, 95], ""512"": [128, 0, 0, 223]}",data/patches/bsds_245051.npz
bsds_245051,bsds_245051,synthetic_bsds,3,256,256,225,65,368.5,288.5,"{""256"": [0, 0, 15, 95], ""512"": [0, 0, 143, 223]}",data/patches/bsds_245051.npz
bsds_246016,bsds_246016,synthetic_bsds,0,0,0,256,256,128.0,128.0,"{""256"": [0, 0, 0, 0], ""512"": [128, 128, 63, 0]}",data/patches/bsds_246016.npz
bsds_246016,bsds_246016,synthetic_bsds,1,256,0,65,256,288.5,128.0,"{""256"": [0, 0, 95, 0], ""512"": [0, 128, 223, 0]}",data/patches/bsds_246016.npz
bsds_246016,bsds_246016,synthetic_bsds,2,0,256,256,225,128.0,368.5,"{""256"": [0, 0, 0, 15], ""512"": [128, 0, 63, 143]}",data/patches/bsds_246016.npz
bsds_246016,bsds_246016,synthetic_bsds,3,256,256,65,225,288.5,368.5,"{""256"": [0, 0, 95, 15], ""512"": [0, 0, 223, 143]}",data/patches/bsds_246016.npz
bsds_249061,bsds_249061,synthetic_bsds,0,0,0,256,256,128.0,128.0,"{""256"": [0, 0, 0, 0], ""512"": [128, 128, 0, 63]}",data/patches/bsds_249061.npz
bsds_249061,bsds_249061,synthetic_bsds,1,256,0,225,256,368.5,128.0,"{""256"": [0, 0, 15, 0], ""512"": [0, 128, 143, 63]}",data/patches/bsds_249061.npz
bsds_249061,bsds_249061,synthetic_bsds,2,0,256,256,65,128.0,288.5,"{""256"": [0, 0, 0, 95], ""512"": [128, 0, 0, 223]}",data/patches/bsds_249061.npz
bsds_249061,bsds_249061,synthetic_bsds,3,256,256,225,65,368.5,288.5,"{""256"": [0, 0, 15, 95], ""512"": [0, 0, 143, 223]}",data/patches/bsds_249061.npz
bsds_25098,bsds_25098,synthetic_bsds,0,0,0,256,256,128.0,128.0,"{""256"": [0, 0, 0, 0], ""512"": [128, 128, 63, 0]}",data/patches/bsds_25098.npz
bsds_25098,bsds_25098,synthetic_bsds,1,256,0,65,256,288.5,128.0,"{""256"": [0, 0, 95, 0], ""512"": [0, 128, 223, 0]}",data/patches/bsds_25098.npz
bsds_25098,bsds_25098,synthetic_bsds,2,0,256,256,225,128.0,368.5,"{""256"": [0, 0, 0, 15], ""512"": [128, 0, 63, 143]}",data/patches/bsds_25098.npz
bsds_25098,bsds_25098,synthetic_bsds,3,256,256,65,225,288.5,368.5,"{""256"": [0, 0, 95, 15], ""512"": [0, 0, 223, 143]}",data/patches/bsds_25098.npz
bsds_253036,bsds_253036,synthetic_bsds,0,0,0,256,256,128.0,128.0,"{""256"": [0, 0, 0, 0], ""512"": [128, 128, 0, 63]}",data/patches/bsds_253036.npz
bsds_253036,bsds_253036,synthetic_bsds,1,256,0,225,256,368.5,128.0,"{""256"": [0, 0, 15, 0], ""512"": [0, 128, 143, 63]}",data/patches/bsds_253036.npz
bsds_253036,bsds_253036,synthetic_bsds,2,0,256,256,65,128.0,288.5,"{""256"": [0, 0, 0, 95], ""512"": [128, 0, 0, 223]}",data/patches/bsds_253036.npz
bsds_253036,bsds_253036,synthetic_bsds,3,256,256,225,65,368.5,288.5,"{""256"": [0, 0, 15, 95], ""512"": [0, 0, 143, 223]}",data/patches/bsds_253036.npz
bsds_254054,bsds_254054,synthetic_bsds,0,0,0,256,256,128.0,128.0,"{""256"": [0, 0, 0, 0], ""512"": [128, 128, 63, 0]}",data/patches/bsds_254054.npz
bsds_254054,bsds_254054,synthetic_bsds,1,256,0,65,256,288.5,128.0,"{""256"": [0, 0, 95, 0], ""512"": [0, 128, 223, 0]}",data/patches/bsds_254054.npz
bsds_254054,bsds_254054,synthetic_bsds,2,0,256,256,225,128.0,368.5,"{""256"": [0, 0, 0, 15], ""512"": [128, 0, 63, 143]}",data/patches/bsds_254054.npz
bsds_254054,bsds_254054,synthetic_bsds,3,256,256,65,225,288.5,368.5,"{""256"": [0, 0, 95, 15], ""512"": [0, 0, 223, 143]}",data/patches/bsds_254054.npz
bsds_27059,bsds_27059,synthetic_bsds,0,0,0,256,256,128.0,128.0,"{""256"": [0, 0, 0, 0], ""512"": [128, 128, 63, 0]}",data/patches/bsds_27059.npz
bsds_27059,bsds_27059,synthetic_bsds,1,256,0,65,256,288.5,128.0,"{""256"": [0, 0, 95, 0], ""512"": [0, 128, 223, 0]}",data/patches/bsds_27059.npz
bsds_27059,bsds_27059,synthetic_bsds,2,0,256,256,225,128.0,368.5,"{""256"": [0, 0, 0, 15], ""512"": [128, 0, 63, 143]}",data/patches/bsds_27059.npz
bsds_27059,bsds_27059,synthetic_bsds,3,256,256,65,225,288.5,368.5,"{""256"": [0, 0, 95, 15], ""512"": [0, 0, 223, 143]}",data/patches/bsds_27059.npz
bsds_271008,bsds_271008,synthetic_bsds,0,0,0,256,256,128.0,128.0,"{""256"": [0, 0, 0, 0], ""512"": [128, 128, 0, 63]}",data/patches/bsds_271008.npz
bsds_271008,bsds_271008,synthetic_bsds,1,256,0,225,256,368.5,128.0,"{""256"": [0, 0, 15, 0], ""512"": [0, 128, 143, 63]}",data/patches/bsds_271008.npz
bsds_271008,bsds_271008,synthetic_bsds,2,0,256,256,65,128.0,288.5,"{""256"": [0, 0, 0, 95], ""512"": [128, 0, 0, 223]}",data/patches/bsds_271008.npz
bsds_271008,bsds_271008,synthetic_bsds,3,256,256,225,65,368.5,288.5,"{""256"": [0, 0, 15, 95], ""512"": [0, 0, 143, 223]}",data/patches/bsds_271008.npz
bsds_274007,bsds_274007,synthetic_bsds,0,0,0,256,256,128.0,128.0,"{""256"": [0, 0, 0, 0], ""512"": [128, 128, 63, 0]}",data/patches/bsds_274007.npz
bsds_274007,bsds_274007,synthetic_bsds,1,256,0,65,256,288.5,128.0,"{""256"": [0, 0, 95, 0], ""512"": [0, 128, 223, 0]}",data/patches/bsds_274007.npz
bsds_274007,bsds_274007,synthetic_bsds,2,0,256,256,225,128.0,368.5,"{""256"": [0, 0, 0, 15], ""512"": [128, 0, 63, 143]}",data/patches/bsds_274007.npz
bsds_274007,bsds_274007,synthetic_bsds,3,256,256,65,225,288.5,368.5,"{""256"": [0, 0, 95, 15], ""512"": [0, 0, 223, 143]}",data/patches/bsds_274007.npz
bsds_286092,bsds_286092,synthetic_bsds,0,0,0,256,256,128.0,128.0,"{""256"": [0, 0, 0, 0], ""512"": [128, 128, 0, 63]}",data/patches/bsds_286092.npz
bsds_286092,bsds_286092,synthetic_bsds,1,256,0,225,256,368.5,128.0,"{""256"": [0, 0, 15, 0], ""512"": [0, 128, 143, 63]}",data/patches/bsds_286092.npz
bsds_286092,bsds_286092,synthetic_bsds,2,0,256,256,65,128.0,288.5,"{""256"": [0, 0, 0, 95], ""512"": [128, 0, 0, 223]}",data/patches/bsds_286092.npz
bsds_286092,bsds_286092,synthetic_bsds,3,256,256,225,65,368.5,288.5,"{""256"": [0, 0, 15, 95], ""512"": [0, 0, 143, 223]}",data/patches/bsds_286092.npz
bsds_309004,bsds_309004,synthetic_bsds,0,0,0,256,256,128.0,128.0,"{""256"": [0, 0, 0, 0], ""512"": [128, 128, 0, 63]}",data/patches/bsds_309004.npz
bsds_309004,bsds_309004,synthetic_bsds,1,256,0,225,256,368.5,128.0,"{""256"": [0, 0, 15, 0], ""512"": [0, 128, 143, 63]}",data/patches/bsds_309004.npz
bsds_309004,bsds_309004,synthetic_bsds,2,0,256,256,65,128.0,288.5,"{""256"": [0, 0, 0, 95], ""512"": [128, 0, 0, 223]}",data/patches/bsds_309004.npz
bsds_309004,bsds_309004,synthetic_bsds,3,256,256,225,65,368.5,288.5,"{""256"": [0, 0, 15, 95], ""512"": [0, 0, 143, 223]}",data/patches/bsds_309004.npz
bsds_311081,bsds_311081,synthetic_bsds,0,0,0,256,256,128.0,128.0,"{""256"": [0, 0, 0, 0], ""512"": [128, 128, 63, 0]}",data/patches/bsds_311081.npz
bsds_311081,bsds_311081,synthetic_bsds,1,256,0,65,256,288.5,128.0,"{""256"": [0, 0, 95, 0], ""512"": [0, 128, 223, 0]}",data/patches/bsds_311081.npz
bsds_311081,bsds_311081,synthetic_bsds,2,0,256,256,225,128.0,368.5,"{""256"": [0, 0, 0, 15], ""512"": [128, 0, 63, 143]}",data/patches/bsds_311081.npz
bsds_311081,bsds_311081,synthetic_bsds,3,256,256,65,225,288.5,368.5,"{""256"": [0, 0, 95, 15], ""512"": [0, 0, 223, 143]}",data/patches/bsds_311081.npz
bsds_314016,bsds_314016,synthetic_bsds,0,0,0,256,256,128.0,128.0,"{""256"": [0, 0, 0, 0], ""512"": [128, 128, 0, 63]}",data/patches/bsds_314016.npz
bsds_314016,bsds_314016,synthetic_bsds,1,256,0,225,256,368.5,128.0,"{""256"": [0, 0, 15, 0], ""512"": [0, 128, 143, 63]}",data/patches/bsds_314016.npz
bsds_314016,bsds_314016,synthetic_bsds,2,0,256,256,65,128.0,288.5,"{""256"": [0, 0, 0, 95], ""512"": [128, 0, 0, 223]}",data/patches/bsds_314016.npz
bsds_314016,bsds_314016,synthetic_bsds,3,256,256,225,65,368.5,288.5,"{""256"": [0, 0, 15, 95], ""512"": [0, 0, 143, 223]}",data/patches/bsds_314016.npz
bsds_323016,bsds_323016,synthetic_bsds,0,0,0,256,256,128.0,128.0,"{""256"": [0, 0, 0, 0], ""512"": [128, 128, 0, 63]}",data/patches/bsds_323016.npz
bsds_323016,bsds_323016,synthetic_bsds,1,256,0,225,256,368.5,128.0,"{""256"": [0, 0, 15, 0], ""512"": [0, 128, 143, 63]}",data/patches/bsds_323016.npz
bsds_323016,bsds_323016,synthetic_bsds,2,0,256,256,65,128.0,288.5,"{""256"": [0, 0, 0, 95], ""512"": [128, 0, 0, 223]}",data/patches/bsds_323016.npz
bsds_323016,bsds_323016,synthetic_bsds,3,256,256,225,65,368.5,288.5,"{""256"": [0, 0, 15, 95], ""512"": [0, 0, 143, 223]}",data/patches/bsds_323016.npz
bsds_368078,bsds_368078,synthetic_bsds,0,0,0,256,256,128.0,128.0,"{""256"": [0, 0, 0, 0], ""512"": [128, 128, 63, 0]}",data/patches/bsds_368078.npz
bsds_368078,bsds_368078,synthetic_bsds,1,256,0,65,256,288.5,128.0,"{""256"": [0, 0, 95, 0], ""512"": [0, 128, 223, 0]}",data/patches/bsds_368078.npz
bsds_368078,bsds_368078,synthetic_bsds,2,0,256,256,225,128.0,368.5,"{""256"": [0, 0, 0, 15], ""512"": [128, 0, 63, 143]}",data/patches/bsds_368078.npz
bsds_368078,bsds_368078,synthetic_bsds,3,256,256,65,225,288.5,368.5,"{""256"": [0, 0, 95, 15], ""512"": [0, 0, 223, 143]}",data/patches/bsds_368078.npz
bsds_374020,bsds_374020,synthetic_bsds,0,0,0,256,256,128.0,128.0,"{""256"": [0, 0, 0, 0], ""512"": [128, 128, 0, 63]}",data/patches/bsds_374020.npz
bsds_374020,bsds_374020,synthetic_bsds,1,256,0,225,256,368.5,128.0,"{""256"": [0, 0, 15, 0], ""512"": [0, 128, 143, 63]}",data/patches/bsds_374020.npz
bsds_374020,bsds_374020,synthetic_bsds,2,0,256,256,65,128.0,288.5,"{""256"": [0, 0, 0, 95], ""512"": [128, 0, 0, 223]}",data/patches/bsds_374020.npz
bsds_374020,bsds_374020,synthetic_bsds,3,256,256,225,65,368.5,288.5,"{""256"": [0, 0, 15, 95], ""512"": [0, 0, 143, 223]}",data/patches/bsds_374020.npz
bsds_385028,bsds_385028,synthetic_bsds,0,0,0,256,256,128.0,128.0,"{""256"": [0, 0, 0, 0], ""512"": [128, 128, 0, 63]}",data/patches/bsds_385028.npz
bsds_385028,bsds_385028,synthetic_bsds,1,256,0,225,256,368.5,128.0,"{""256"": [0, 0, 15, 0], ""512"": [0, 128, 143, 63]}",data/patches/bsds_385028.npz
bsds_385028,bsds_385028,synthetic_bsds,2,0,256,256,65,128.0,288.5,"{""256"": [0, 0, 0, 95], ""512"": [128, 0, 0, 223]}",data/patches/bsds_385028.npz
bsds_385028,bsds_385028,synthetic_bsds,3,256,256,225,65,368.5,288.5,"{""256"": [0, 0, 15, 95], ""512"": [0, 0, 143, 223]}",data/patches/bsds_385028.npz
bsds_41004,bsds_41004,synthetic_bsds,0,0,0,256,256,128.0,128.0,"{""256"": [0, 0, 0, 0], ""512"": [128, 128, 0, 63]}",data/patches/bsds_41004.npz
bsds_41004,bsds_41004,synthetic_bsds,1,256,0,225,256,368.5,128.0,"{""256"": [0, 0, 15, 0], ""512"": [0, 128, 143, 63]}",data/patches/bsds_41004.npz
bsds_41004,bsds_41004,synthetic_bsds,2,0,256,256,65,128.0,288.5,"{""256"": [0, 0, 0, 95], ""512"": [128, 0, 0, 223]}",data/patches/bsds_41004.npz
bsds_41004,bsds_41004,synthetic_bsds,3,256,256,225,65,368.5,288.5,"{""256"": [0, 0, 15, 95], ""512"": [0, 0, 143, 223]}",data/patches/bsds_41004.npz
bsds_45077,bsds_45077,synthetic_bsds,0,0,0,256,256,128.0,128.0,"{""256"": [0, 0, 0, 0], ""512"": [128, 128, 0, 63]}",data/patches/bsds_45077.npz
bsds_45077,bsds_45077,synthetic_bsds,1,256,0,225,256,368.5,128.0,"{""256"": [0, 0, 15, 0], ""512"": [0, 128, 143, 63]}",data/patches/bsds_45077.npz
bsds_45077,bsds_45077,synthetic_bsds,2,0,256,256,65,128.0,288.5,"{""256"": [0, 0, 0, 95], ""512"": [128, 0, 0, 223]}",data/patches/bsds_45077.npz
bsds_45077,bsds_45077,synthetic_bsds,3,256,256,225,65,368.5,288.5,"{""256"": [0, 0, 15, 95], ""512"": [0, 0, 143, 223]}",data/patches/bsds_45077.npz
bsds_46076,bsds_46076,synthetic_bsds,0,0,0,256,256,128.0,128.0,"{""256"": [0, 0, 0, 0], ""512"": [128, 128, 63, 0]}",data/patches/bsds_46076.npz
bsds_46076,bsds_46076,synthetic_bsds,1,256,0,65,256,288.5,128.0,"{""256"": [0, 0, 95, 0], ""512"": [0, 128, 223, 0]}",data/patches/bsds_46076.npz
bsds_46076,bsds_46076,synthetic_bsds,2,0,256,256,225,128.0,368.5,"{""256"": [0, 0, 0, 15], ""512"": [128, 0, 63, 143]}",data/patches/bsds_46076.npz
bsds_46076,bsds_46076,synthetic_bsds,3,256,256,65,225,288.5,368.5,"{""256"": [0, 0, 95, 15], ""512"": [0, 0, 223, 143]}",data/patches/bsds_46076.npz
bsds_59078,bsds_59078,synthetic_bsds,0,0,0,256,256,128.0,128.0,"{""256"": [0, 0, 0, 0], ""512"": [128, 128, 0, 63]}",data/patches/bsds_59078.npz
bsds_59078,bsds_59078,synthetic_bsds,1,256,0,225,256,368.5,128.0,"{""256"": [0, 0, 15, 0], ""512"": [0, 128, 143, 63]}",data/patches/bsds_59078.npz
bsds_59078,bsds_59078,synthetic_bsds,2,0,256,256,65,128.0,288.5,"{""256"": [0, 0, 0, 95], ""512"": [128, 0, 0, 223]}",data/patches/bsds_59078.npz
bsds_59078,bsds_59078,synthetic_bsds,3,256,256,225,65,368.5,288.5,"{""256"": [0, 0, 15, 95], ""512"": [0, 0, 143, 223]}",data/patches/bsds_59078.npz
bsds_61086,bsds_61086,synthetic_bsds,0,0,0,256,256,128.0,128.0,"{""256"": [0, 0, 0, 0], ""512"": [128, 128, 63, 0]}",data/patches/bsds_61086.npz
bsds_61086,bsds_61086,synthetic_bsds,1,256,0,65,256,288.5,128.0,"{""256"": [0, 0, 95, 0], ""512"": [0, 128, 223, 0]}",data/patches/bsds_61086.npz
bsds_61086,bsds_61086,synthetic_bsds,2,0,256,256,225,128.0,368.5,"{""256"": [0, 0, 0, 15], ""512"": [128, 0, 63, 143]}",data/patches/bsds_61086.npz
bsds_61086,bsds_61086,synthetic_bsds,3,256,256,65,225,288.5,368.5,"{""256"": [0, 0, 95, 15], ""512"": [0, 0, 223, 143]}",data/patches/bsds_61086.npz
bsds_76002,bsds_76002,synthetic_bsds,0,0,0,256,256,128.0,128.0,"{""256"": [0, 0, 0, 0], ""512"": [128, 128, 0, 63]}",data/patches/bsds_76002.npz
bsds_76002,bsds_76002,synthetic_bsds,1,256,0,225,256,368.5,128.0,"{""256"": [0, 0, 15, 0], ""512"": [0, 128, 143, 63]}",data/patches/bsds_76002.npz
bsds_76002,bsds_76002,synthetic_bsds,2,0,256,256,65,128.0,288.5,"{""256"": [0, 0, 0, 95], ""512"": [128, 0, 0, 223]}",data/patches/bsds_76002.npz
bsds_76002,bsds_76002,synthetic_bsds,3,256,256,225,65,368.5,288.5,"{""256"": [0, 0, 15, 95], ""512"": [0, 0, 143, 223]}",data/patches/bsds_76002.npz
bsds_80099,bsds_80099,synthetic_bsds,0,0,0,256,256,128.0,128.0,"{""256"": [0, 0, 0, 0], ""512"": [128, 128, 0, 63]}",data/patches/bsds_80099.npz
bsds_80099,bsds_80099,synthetic_bsds,1,256,0,225,256,368.5,128.0,"{""256"": [0, 0, 15, 0], ""512"": [0, 128, 143, 63]}",data/patches/bsds_80099.npz
bsds_80099,bsds_80099,synthetic_bsds,2,0,256,256,65,128.0,288.5,"{""256"": [0, 0, 0, 95], ""512"": [128, 0, 0, 223]}",data/patches/bsds_80099.npz
bsds_80099,bsds_80099,synthetic_bsds,3,256,256,225,65,368.5,288.5,"{""256"": [0, 0, 15, 95], ""512"": [0, 0, 143, 223]}",data/patches/bsds_80099.npz
bsds_92059,bsds_92059,synthetic_bsds,0,0,0,256,256,128.0,128.0,"{""256"": [0, 0, 0, 0], ""512"": [128, 128, 63, 0]}",data/patches/bsds_92059.npz
bsds_92059,bsds_92059,synthetic_bsds,1,256,0,65,256,288.5,128.0,"{""256"": [0, 0, 95, 0], ""512"": [0, 128, 223, 0]}",data/patches/bsds_92059.npz
bsds_92059,bsds_92059,synthetic_bsds,2,0,256,256,225,128.0,368.5,"{""256"": [0, 0, 0, 15], ""512"": [128, 0, 63, 143]}",data/patches/bsds_92059.npz
bsds_92059,bsds_92059,synthetic_bsds,3,256,256,65,225,288.5,368.5,"{""256"": [0, 0, 95, 15], ""512"": [0, 0, 223, 143]}",data/patches/bsds_92059.npz
