image_id,scene_id,domain,region_index,psnr_lq,psnr_restored,ssim_lq,ssim_restored,lpips_lq,lpips_restored,dists_lq,dists_restored,psnr_gain,ssim_gain,lpips_gain,dists_gain,four_metric_majority,psnr_benefit
case1,case1,real_csig,0,27.879531018742938,25.14997664961883,0.9172770380973816,0.8373818397521973,0.1250012218952179,0.36884522438049316,0.22341883182525635,0.3642668128013611,-2.7295543691241093,-0.07989519834518433,-0.24384400248527527,-0.14084798097610474,0,0
case1,case1,real_csig,1,27.608688609408965,22.560420797044003,0.9041694402694702,0.8316031694412231,0.11877922713756561,0.3543505370616913,0.21387261152267456,0.38459205627441406,-5.048267812364962,-0.07256627082824707,-0.23557130992412567,-0.1707194447517395,0,0
case1,case1,real_csig,2,27.9683498799781,22.991033952472442,0.9097993969917297,0.8387670516967773,0.11776245385408401,0.3800792098045349,0.22241473197937012,0.38378387689590454,-4.977315927505657,-0.07103234529495239,-0.2623167559504509,-0.16136914491653442,0,0
case1,case1,real_csig,3,27.799071054993373,25.348067943785413,0.9083358645439148,0.8208870887756348,0.11489793658256531,0.41538745164871216,0.2078402042388916,0.3621816039085388,-2.45100311120796,-0.08744877576828003,-0.30048951506614685,-0.15434139966964722,0,0
case1,case1,real_csig,4,28.636645178865983,26.351372402025067,0.9189245700836182,0.8347079753875732,0.09491860866546631,0.38552194833755493,0.2401566505432129,0.36236077547073364,-2.285272776840916,-0.08421659469604492,-0.2906033396720886,-0.12220412492752075,0,0
case1,case1,real_csig,5,28.73989090936203,26.688272247656034,0.9191957116127014,0.8315005898475647,0.12292373180389404,0.42275723814964294,0.2274855375289917,0.3562518358230591,-2.0516186617059944,-0.08769512176513672,-0.2998335063457489,-0.12876629829406738,0,0
case1,case1,real_csig,6,29.479330353853296,27.138984634900794,0.9346760511398315,0.8562561869621277,0.08158735930919647,0.3811057507991791,0.21213871240615845,0.37632107734680176,-2.340345718952502,-0.07841986417770386,-0.2995183914899826,-0.1641823649406433,0,0
case1,case1,real_csig,7,34.24598051924061,30.295407690888858,0.9717593789100647,0.8617583513259888,0.03919513523578644,0.39082828164100647,0.19053304195404053,0.38394665718078613,-3.9505728283517527,-0.11000102758407593,-0.35163314640522003,-0.1934136152267456,0,0
case1,case1,real_csig,8,39.93119538206446,36.24639918598703,0.9956602454185486,0.8431236743927002,0.03205610066652298,0.4594806730747223,0.1539137363433838,0.33196479082107544,-3.6847961960774285,-0.1525365710258484,-0.4274245724081993,-0.17805105447769165,0,0
case1,case1,real_csig,9,38.73447527936149,35.589293558235426,0.9968360066413879,0.8437166810035706,0.029004957526922226,0.43248939514160156,0.12448477745056152,0.3365074396133423,-3.1451817211260646,-0.15311932563781738,-0.40348443761467934,-0.21202266216278076,0,0
case1,case1,real_csig,10,38.11875733156781,30.413493714512825,0.9958499073982239,0.8363011479377747,0.03257244452834129,0.43917542695999146,0.2570767402648926,0.46969443559646606,-7.705263617054982,-0.15954875946044922,-0.40660298243165016,-0.2126176953315735,0,0
case1,case1,real_csig,11,41.514557499175524,36.399882715338975,0.997276782989502,0.8412331938743591,0.016812890768051147,0.4591015577316284,0.08153951168060303,0.32446300983428955,-5.1146747838365485,-0.15604358911514282,-0.44228866696357727,-0.24292349815368652,0,0
case1,case1,real_csig,12,39.26008128334522,35.49018820143638,0.9967356324195862,0.8322027921676636,0.02777998521924019,0.49387305974960327,0.08926171064376831,0.3383443355560303,-3.7698930819088403,-0.1645328402519226,-0.4660930745303631,-0.24908262491226196,0,0
case1,case1,real_csig,13,39.65344672692642,35.44137577470889,0.9974632859230042,0.8291254043579102,0.01912684552371502,0.49598872661590576,0.09896409511566162,0.33216238021850586,-4.21207095221753,-0.168337881565094,-0.47686188109219074,-0.23319828510284424,0,0
case1,case1,real_csig,14,40.80613057885831,35.86798317888648,0.9972405433654785,0.8300676941871643,0.019213829189538956,0.498694509267807,0.0719178318977356,0.3319630026817322,-4.938147399971825,-0.1671728491783142,-0.47948068007826805,-0.2600451707839966,0,0
case1,case1,real_csig,15,42.570109653925996,36.71197915414025,0.998579204082489,0.8496114015579224,0.010607095435261726,0.45126578211784363,0.08015507459640503,0.35730868577957153,-5.858130499785744,-0.14896780252456665,-0.4406586866825819,-0.2771536111831665,0,0
case1,case1,real_csig,16,28.541137632475394,25.450283031293715,0.9058244824409485,0.8151839375495911,0.11379286646842957,0.39253121614456177,0.19905054569244385,0.3326553702354431,-3.090854601181679,-0.09064054489135742,-0.2787383496761322,-0.13360482454299927,0,0
case1,case1,real_csig,17,27.3995086263278,23.190369783574447,0.8977381587028503,0.7957959771156311,0.12616708874702454,0.4118795692920685,0.21789562702178955,0.34192943572998047,-4.2091388427533545,-0.10194218158721924,-0.28571248054504395,-0.12403380870819092,0,0
case1,case1,real_csig,18,26.513150842603075,20.775096178949028,0.8796568512916565,0.7581552863121033,0.13265840709209442,0.426675021648407,0.21808689832687378,0.3558334708213806,-5.738054663654047,-0.12150156497955322,-0.29401661455631256,-0.13774657249450684,0,0
case1,case1,real_csig,19,29.276836324919365,26.575161060639367,0.9295700788497925,0.8366305828094482,0.08702915906906128,0.35411393642425537,0.1898026466369629,0.3271061182022095,-2.7016752642799986,-0.09293949604034424,-0.2670847773551941,-0.13730347156524658,0,0
case1,case1,real_csig,20,29.858601705574333,27.961498129744186,0.9245659112930298,0.8595925569534302,0.10247446596622467,0.31532344222068787,0.20644551515579224,0.3234267234802246,-1.8971035758301475,-0.06497335433959961,-0.2128489762544632,-0.11698120832443237,0,0
case1,case1,real_csig,21,32.8782335001509,30.97379406872982,0.9626001119613647,0.8968912363052368,0.08337121456861496,0.32290714979171753,0.18817418813705444,0.3103080987930298,-1.9044394314210784,-0.06570887565612793,-0.23953593522310257,-0.12213391065597534,0,0
case1,case1,real_csig,22,34.57312607430804,33.27545853475284,0.9808560609817505,0.9111503958702087,0.03686971962451935,0.3280435800552368,0.18534934520721436,0.32475829124450684,-1.2976675395551993,-0.06970566511154175,-0.29117386043071747,-0.13940894603729248,0,0
case1,case1,real_csig,23,43.253599647727356,38.99478186903242,0.9975724220275879,0.9124253392219543,0.01707347482442856,0.3436780869960785,0.107155442237854,0.32521486282348633,-4.258817778694933,-0.08514708280563354,-0.32660461217164993,-0.21805942058563232,0,0
case1,case1,real_csig,24,42.490156155220625,37.55854596100316,0.9974116086959839,0.8821424245834351,0.017386384308338165,0.411226749420166,0.06556916236877441,0.33808356523513794,-4.931610194217463,-0.11526918411254883,-0.39384036511182785,-0.2725144028663635,0,0
case1,case1,real_csig,25,42.352148623656696,37.78958365998367,0.9977466464042664,0.8887197971343994,0.010350596159696579,0.38383662700653076,0.08562934398651123,0.3386673331260681,-4.562564963673026,-0.10902684926986694,-0.3734860308468342,-0.2530379891395569,0,0
case1,case1,real_csig,26,41.166603132214156,37.555331070104536,0.9979193806648254,0.8910871148109436,0.014881173148751259,0.3568476736545563,0.0713050365447998,0.34070849418640137,-3.61127206210962,-0.10683226585388184,-0.341966500505805,-0.26940345764160156,0,0
case1,case1,real_csig,27,42.28220648121071,38.025554530317535,0.9973822236061096,0.8912306427955627,0.021157952025532722,0.37833166122436523,0.07227712869644165,0.3214060664176941,-4.256651950893172,-0.10615158081054688,-0.3571737091988325,-0.24912893772125244,0,0
case1,case1,real_csig,28,43.32321538781281,37.921892653212666,0.9980696439743042,0.8883068561553955,0.01810452900826931,0.3887783885002136,0.06817877292633057,0.33249491453170776,-5.401322734600143,-0.10976278781890869,-0.3706738594919443,-0.2643161416053772,0,0
case1,case1,real_csig,29,42.701694457415435,37.79102148382114,0.9970186948776245,0.886628270149231,0.018150150775909424,0.4052477478981018,0.07388359308242798,0.3298685550689697,-4.910672973594295,-0.11039042472839355,-0.3870975971221924,-0.25598496198654175,0,0
case1,case1,real_csig,30,43.33812181598571,37.91588227616604,0.996849000453949,0.883082389831543,0.01838470622897148,0.42274925112724304,0.09322655200958252,0.3373868465423584,-5.422239539819671,-0.113766610622406,-0.40436454489827156,-0.24416029453277588,0,0
case1,case1,real_csig,31,44.20492311967248,38.002558752618285,0.9969223141670227,0.8868054151535034,0.022878648713231087,0.41212037205696106,0.0841723084449768,0.32412099838256836,-6.202364367054194,-0.11011689901351929,-0.38924172334373,-0.23994868993759155,0,0
case1,case1,real_csig,32,26.83621049051196,25.118138967298638,0.8700040578842163,0.753204882144928,0.14582495391368866,0.4846348762512207,0.20659232139587402,0.3143433928489685,-1.7180715232133217,-0.11679917573928833,-0.33880992233753204,-0.10775107145309448,0,0
case1,case1,real_csig,33,26.67612067207253,24.72208427562878,0.8477134108543396,0.7302510738372803,0.1925908327102661,0.5041279792785645,0.2350289225578308,0.3228660225868225,-1.9540363964437475,-0.11746233701705933,-0.31153714656829834,-0.0878371000289917,0,0
case1,case1,real_csig,34,29.700911601072555,26.941772019292376,0.9112585186958313,0.8202136158943176,0.1016773134469986,0.4199882745742798,0.19229501485824585,0.3484935760498047,-2.759139581780179,-0.09104490280151367,-0.3183109611272812,-0.15619856119155884,0,0
case1,case1,real_csig,35,27.817222427261154,24.181417580292532,0.8801454305648804,0.7511298656463623,0.16320577263832092,0.4502435028553009,0.22690391540527344,0.3560657501220703,-3.6358048469686217,-0.12901556491851807,-0.28703773021698,-0.12916183471679688,0,0
case1,case1,real_csig,36,25.81403125658509,21.37250294026977,0.8217166662216187,0.6706353425979614,0.2487042248249054,0.6107802391052246,0.254192590713501,0.36978060007095337,-4.4415283163153205,-0.15108132362365723,-0.3620760142803192,-0.11558800935745239,0,0
case1,case1,real_csig,37,26.46206722885391,22.869561003512928,0.8274470567703247,0.7081300616264343,0.19495540857315063,0.5351779460906982,0.23685109615325928,0.3628312349319458,-3.5925062253409834,-0.11931699514389038,-0.3402225375175476,-0.12598013877868652,0,0
case1,case1,real_csig,38,27.187113457641196,26.192434412381257,0.85189288854599,0.7654900550842285,0.16385650634765625,0.46866124868392944,0.23654061555862427,0.31554675102233887,-0.9946790452599394,-0.08640283346176147,-0.3048047423362732,-0.0790061354637146,0,0
case1,case1,real_csig,39,26.670035124079874,25.75344104477367,0.8496042490005493,0.7548040747642517,0.20455974340438843,0.50307297706604,0.23825675249099731,0.3109935522079468,-0.9165940793062042,-0.09480017423629761,-0.2985132336616516,-0.07273679971694946,0,0
case1,case1,real_csig,40,26.815753263888666,25.413795702476285,0.8298501968383789,0.7203916907310486,0.22994214296340942,0.5808624625205994,0.246299147605896,0.31948286294937134,-1.401957561412381,-0.10945850610733032,-0.35092031955718994,-0.07318371534347534,0,0
case1,case1,real_csig,41,26.368100529243414,25.133466459650542,0.8153643608093262,0.7162772417068481,0.2066914141178131,0.5288971662521362,0.25191324949264526,0.33723998069763184,-1.2346340695928717,-0.09908711910247803,-0.3222057521343231,-0.08532673120498657,0,0
case1,case1,real_csig,42,25.740183149445947,23.64852873562784,0.8117272257804871,0.6808720827102661,0.2162170559167862,0.5526400208473206,0.23437100648880005,0.32440733909606934,-2.091654413818109,-0.13085514307022095,-0.33642296493053436,-0.09003633260726929,0,0
case1,case1,real_csig,43,25.8686393101682,23.528800316360176,0.8191991448402405,0.6859813928604126,0.22704178094863892,0.5707263946533203,0.26096630096435547,0.35648101568222046,-2.339838993808023,-0.13321775197982788,-0.3436846137046814,-0.09551471471786499,0,0
case1,case1,real_csig,44,32.98392029148572,30.921825127028768,0.963131308555603,0.8951155543327332,0.08806708455085754,0.3764101266860962,0.19154953956604004,0.3465164303779602,-2.0620951644569487,-0.06801575422286987,-0.28834304213523865,-0.15496689081192017,0,0
case1,case1,real_csig,45,27.43735393040943,26.020729954547832,0.8720070719718933,0.7705392241477966,0.16101402044296265,0.48688197135925293,0.2047286033630371,0.30870842933654785,-1.4166239758615973,-0.10146784782409668,-0.3258679509162903,-0.10397982597351074,0,0
case1,case1,real_csig,46,25.476576148539674,23.859978573307195,0.8279097676277161,0.6883662343025208,0.21103863418102264,0.5364634394645691,0.2435651421546936,0.33275938034057617,-1.616597575232479,-0.1395435333251953,-0.32542480528354645,-0.08919423818588257,0,0
case1,case1,real_csig,47,26.86343440167645,25.05570764869729,0.8548755049705505,0.7331172227859497,0.17217636108398438,0.49540087580680847,0.2183329463005066,0.30953627824783325,-1.8077267529791605,-0.12175828218460083,-0.3232245147228241,-0.09120333194732666,0,0
case1,case1,real_csig,48,45.60633915006066,40.133737031512695,0.9967803955078125,0.9355714321136475,0.020724046975374222,0.30321580171585083,0.09557664394378662,0.30823272466659546,-5.472602118547968,-0.06120896339416504,-0.2824917547404766,-0.21265608072280884,0,0
case1,case1,real_csig,49,42.40273094262725,38.854094880918915,0.9963002800941467,0.9305810332298279,0.028873339295387268,0.30953651666641235,0.09865474700927734,0.3007102608680725,-3.5486360617083363,-0.06571924686431885,-0.2806631773710251,-0.20205551385879517,0,0
case1,case1,real_csig,50,43.67608650621652,39.20467081355345,0.9965378642082214,0.9268779158592224,0.029011348262429237,0.3167072534561157,0.0801895260810852,0.3093131184577942,-4.471415692663072,-0.06965994834899902,-0.2876959051936865,-0.22912359237670898,0,0
case1,case1,real_csig,51,43.91500799914638,40.50066321082201,0.9982025027275085,0.944541871547699,0.010147865861654282,0.24788802862167358,0.07687371969223022,0.30716633796691895,-3.414344788324371,-0.05366063117980957,-0.2377401627600193,-0.23029261827468872,0,0
case1,case1,real_csig,52,43.49000130917531,41.42957923665253,0.9969227910041809,0.9569122195243835,0.020310530439019203,0.18783703446388245,0.07952010631561279,0.28486841917037964,-2.0604220725227833,-0.04001057147979736,-0.16752650402486324,-0.20534831285476685,0,0
case1,case1,real_csig,53,46.357362350792066,41.14868683243784,0.9979591965675354,0.9469190835952759,0.01252327486872673,0.21723344922065735,0.11982417106628418,0.30832529067993164,-5.208675518354227,-0.05104011297225952,-0.20471017435193062,-0.18850111961364746,0,0
case1,case1,real_csig,54,42.033576460719004,39.53110259838348,0.9968855381011963,0.938407838344574,0.023246293887495995,0.282058447599411,0.07839459180831909,0.307256281375885,-2.5024738623355276,-0.058477699756622314,-0.258812153711915,-0.22886168956756592,0,0
case1,case1,real_csig,55,45.87791380789931,40.050671172584195,0.9972822070121765,0.9349768161773682,0.019589968025684357,0.2785690724849701,0.0674980878829956,0.3080143928527832,-5.827242635315116,-0.06230539083480835,-0.25897910445928574,-0.2405163049697876,0,0
case1,case1,real_csig,56,43.90214923921691,39.170211414183065,0.9977749586105347,0.9246857166290283,0.02024684101343155,0.3010794520378113,0.06914395093917847,0.3119915723800659,-4.731937825033846,-0.07308924198150635,-0.28083261102437973,-0.24284762144088745,0,0
case1,case1,real_csig,57,44.05285413446258,39.88556756271016,0.997374415397644,0.9363117814064026,0.018342413008213043,0.27304884791374207,0.0679926872253418,0.306506872177124,-4.16728657175242,-0.061062633991241455,-0.254706434905529,-0.23851418495178223,0,0
case1,case1,real_csig,58,43.8553978130848,40.89474941278105,0.9964747428894043,0.9559004306793213,0.023723473772406578,0.22656957805156708,0.07347649335861206,0.29626357555389404,-2.9606484003037465,-0.04057431221008301,-0.2028461042791605,-0.22278708219528198,0,0
case1,case1,real_csig,59,45.34880742200717,41.63353261369543,0.9980871677398682,0.9525790810585022,0.014064733870327473,0.20970124006271362,0.067874014377594,0.2999457120895386,-3.71527480831174,-0.04550808668136597,-0.19563650619238615,-0.23207169771194458,0,0
case1,case1,real_csig,60,42.72127967475592,40.62373497475619,0.9968767762184143,0.948909342288971,0.02831968665122986,0.2265317738056183,0.0846869945526123,0.3023689389228821,-2.0975446999997303,-0.04796743392944336,-0.19821208715438843,-0.21768194437026978,0,0
case1,case1,real_csig,61,40.24128100815257,39.17107301353026,0.9953470230102539,0.9458564519882202,0.03360109031200409,0.26169347763061523,0.10104537010192871,0.3050220012664795,-1.070207994622308,-0.04949057102203369,-0.22809238731861115,-0.20397663116455078,0,0
case1,case1,real_csig,62,41.702009802724774,40.42125103102849,0.9972069263458252,0.9526383280754089,0.020546771585941315,0.23426306247711182,0.08496171236038208,0.28968703746795654,-1.2807587716962843,-0.04456859827041626,-0.2137162908911705,-0.20472532510757446,0,0
case1,case1,real_csig,63,42.63418860771278,41.74046980289564,0.9974856972694397,0.9634023308753967,0.012986322864890099,0.19063760340213776,0.08500319719314575,0.2837700843811035,-0.8937188048171407,-0.03408336639404297,-0.17765128053724766,-0.19876688718795776,0,0
case1,case1,real_csig,64,37.33091028366483,35.34393846993826,0.9899495244026184,0.9235355257987976,0.04472395032644272,0.3362290859222412,0.13415098190307617,0.2826857566833496,-1.9869718137265693,-0.0664139986038208,-0.2915051355957985,-0.14853477478027344,0,0
case1,case1,real_csig,65,38.843371152767745,36.32602733312226,0.9904186129570007,0.9195613265037537,0.03125814348459244,0.3403830826282501,0.12316370010375977,0.2774246335029602,-2.5173438196454825,-0.07085728645324707,-0.3091249391436577,-0.15426093339920044,0,0
case1,case1,real_csig,66,39.327381089268954,35.33648797242893,0.9913825988769531,0.9148550033569336,0.021169135347008705,0.34688830375671387,0.12205725908279419,0.30274534225463867,-3.9908931168400272,-0.07652759552001953,-0.32571916840970516,-0.18068808317184448,0,0
case1,case1,real_csig,67,36.076674540347355,33.80517900328109,0.9805009365081787,0.9214310646057129,0.049196239560842514,0.3203725516796112,0.13686120510101318,0.2828325629234314,-2.271495537066265,-0.05906987190246582,-0.2711763121187687,-0.1459713578224182,0,0
case1,case1,real_csig,68,34.580401645352666,32.714090495972464,0.9762420058250427,0.9174164533615112,0.047059301286935806,0.3209988474845886,0.15948551893234253,0.2836798429489136,-1.866311149380202,-0.058825552463531494,-0.2739395461976528,-0.12419432401657104,0,0
case1,case1,real_csig,69,33.583191384529705,31.107458273251595,0.9690328240394592,0.9000884890556335,0.054015111178159714,0.32260793447494507,0.18501538038253784,0.33117854595184326,-2.4757331112781102,-0.06894433498382568,-0.26859282329678535,-0.14616316556930542,0,0
case1,case1,real_csig,70,33.927890677593055,31.228354165153156,0.9705893993377686,0.9033252596855164,0.04572027549147606,0.31722718477249146,0.1693679690361023,0.34015780687332153,-2.6995365124398987,-0.0672641396522522,-0.2715069092810154,-0.17078983783721924,0,0
case1,case1,real_csig,71,32.39019877263243,30.64461883629906,0.9591674208641052,0.8886004686355591,0.0488942489027977,0.3417539894580841,0.19223034381866455,0.3188347816467285,-1.745579936333371,-0.07056695222854614,-0.2928597405552864,-0.12660443782806396,0,0
case1,case1,real_csig,72,40.92981228838272,37.81810002755932,0.9939831495285034,0.918521523475647,0.025341834872961044,0.32369309663772583,0.16599488258361816,0.340472936630249,-3.1117122608234027,-0.07546162605285645,-0.2983512617647648,-0.17447805404663086,0,0
case1,case1,real_csig,73,32.42816454089234,30.628951637301107,0.9571030139923096,0.8817919492721558,0.05687875300645828,0.34216222167015076,0.19437658786773682,0.32853609323501587,-1.7992129035912328,-0.07531106472015381,-0.2852834686636925,-0.13415950536727905,0,0
case1,case1,real_csig,74,31.965082628467115,31.007105393990205,0.9565013647079468,0.9053534865379333,0.06356056034564972,0.2701687216758728,0.2045932412147522,0.31186747550964355,-0.9579772344769104,-0.05114787817001343,-0.20660816133022308,-0.10727423429489136,0,0
case1,case1,real_csig,75,30.918947582025986,26.26683691895995,0.9462306499481201,0.8647710680961609,0.08430975675582886,0.33879655599594116,0.2086670994758606,0.32502907514572144,-4.652110663066036,-0.08145958185195923,-0.2544867992401123,-0.11636197566986084,0,0
case1,case1,real_csig,76,31.74393461818648,27.75070589051063,0.9471572041511536,0.8748214244842529,0.09307190030813217,0.3495090901851654,0.21669787168502808,0.33734315633773804,-3.9932287276758487,-0.07233577966690063,-0.25643718987703323,-0.12064528465270996,0,0
case1,case1,real_csig,77,30.130007276109207,28.49728921506817,0.9353854656219482,0.8621477484703064,0.09044110774993896,0.37307438254356384,0.21683168411254883,0.3150556683540344,-1.632718061041036,-0.07323771715164185,-0.2826332747936249,-0.0982239842414856,0,0
case1,case1,real_csig,78,31.16950507143998,29.671103830277126,0.9522073864936829,0.8887873291969299,0.06633137166500092,0.300002783536911,0.1965072751045227,0.3030681014060974,-1.4984012411628527,-0.06342005729675293,-0.2336714118719101,-0.10656082630157471,0,0
case1,case1,real_csig,79,32.877233159612715,30.342662730961734,0.9645009636878967,0.9034742116928101,0.049326807260513306,0.24103841185569763,0.17117583751678467,0.3166043758392334,-2.53457042865098,-0.06102675199508667,-0.19171160459518433,-0.14542853832244873,0,0
case1,case1,real_csig,80,26.88834130799122,26.271256696016906,0.8611562252044678,0.7857473492622375,0.14601649343967438,0.40748828649520874,0.22125118970870972,0.28977131843566895,-0.6170846119743132,-0.07540887594223022,-0.26147179305553436,-0.06852012872695923,0,0
case1,case1,real_csig,81,27.658402435168234,26.510294966776794,0.8848826289176941,0.7923867702484131,0.13199566304683685,0.4091927111148834,0.2300344705581665,0.3168576955795288,-1.1481074683914407,-0.092495858669281,-0.27719704806804657,-0.0868232250213623,0,0
case1,case1,real_csig,82,28.883784533448356,27.184628309295036,0.914514422416687,0.8237549662590027,0.10866031050682068,0.3929733335971832,0.2226380705833435,0.31178736686706543,-1.6991562241533202,-0.09075945615768433,-0.28431302309036255,-0.08914929628372192,0,0
case1,case1,real_csig,83,26.175633464958366,25.069042453613722,0.8634263277053833,0.7358912229537964,0.15135057270526886,0.4883196949958801,0.218517005443573,0.31048738956451416,-1.1065910113446442,-0.12753510475158691,-0.33696912229061127,-0.09197038412094116,0,0
case1,case1,real_csig,84,27.64312958161295,26.221265021418475,0.8772518038749695,0.7824491262435913,0.14470872282981873,0.43746253848075867,0.20898771286010742,0.2806529402732849,-1.421864560194475,-0.09480267763137817,-0.29275381565093994,-0.07166522741317749,0,0
case1,case1,real_csig,85,28.653673657093414,25.979809306404608,0.8930315375328064,0.7961324453353882,0.1263633668422699,0.42319539189338684,0.22724449634552002,0.3289692997932434,-2.673864350688806,-0.09689909219741821,-0.29683202505111694,-0.10172480344772339,0,0
case1,case1,real_csig,86,28.272192523430064,25.61611908979128,0.893130898475647,0.7905066013336182,0.11188316345214844,0.4237197935581207,0.2264714241027832,0.3218209147453308,-2.6560734336387846,-0.10262429714202881,-0.3118366301059723,-0.09534949064254761,0,0
case1,case1,real_csig,87,27.78959407432549,26.434400695132343,0.8868961930274963,0.7939797639846802,0.12484261393547058,0.44235819578170776,0.21015572547912598,0.31501615047454834,-1.355193379193146,-0.09291642904281616,-0.3175155818462372,-0.10486042499542236,0,0
case1,case1,real_csig,88,33.510540040296576,32.09139233079967,0.9651078581809998,0.8956405520439148,0.07726980000734329,0.3780534863471985,0.18352913856506348,0.3138372302055359,-1.4191477094969045,-0.06946730613708496,-0.3007836863398552,-0.1303080916404724,0,0
case1,case1,real_csig,89,28.113363779481947,26.582956714525746,0.8911149501800537,0.786594808101654,0.1335245817899704,0.43906813859939575,0.23610883951187134,0.32299888134002686,-1.5304070649562007,-0.10452014207839966,-0.30554355680942535,-0.08689004182815552,0,0
case1,case1,real_csig,90,28.17814572638081,27.506506956169098,0.8870772123336792,0.8165130615234375,0.11086997389793396,0.36400043964385986,0.20495110750198364,0.29510533809661865,-0.671638770211711,-0.0705641508102417,-0.2531304657459259,-0.09015423059463501,0,0
case1,case1,real_csig,91,28.173225095531404,23.8977830023628,0.8961402177810669,0.7733781933784485,0.10963889956474304,0.4699890613555908,0.216414213180542,0.3423486351966858,-4.2754420931686035,-0.12276202440261841,-0.3603501617908478,-0.1259344220161438,0,0
case1,case1,real_csig,92,29.025041590475162,24.867561803661133,0.9099342823028564,0.7993484139442444,0.10769365727901459,0.43964049220085144,0.21029597520828247,0.35648566484451294,-4.157479786814029,-0.11058586835861206,-0.33194683492183685,-0.14618968963623047,0,0
case1,case1,real_csig,93,27.584563435820133,26.033790448157994,0.8955748677253723,0.7873347997665405,0.1117183268070221,0.4379290044307709,0.22265011072158813,0.3241126537322998,-1.550772987662139,-0.10824006795883179,-0.3262106776237488,-0.10146254301071167,0,0
case1,case1,real_csig,94,29.341349485170767,27.27625071177942,0.9265334606170654,0.811722457408905,0.09317785501480103,0.42995864152908325,0.21557092666625977,0.3494916558265686,-2.065098773391348,-0.1148110032081604,-0.3367807865142822,-0.13392072916030884,0,0
case1,case1,real_csig,95,30.926343270600416,29.11668038772578,0.9406247138977051,0.8329666256904602,0.07785250246524811,0.4284983277320862,0.18752747774124146,0.34083425998687744,-1.8096628828746368,-0.10765808820724487,-0.3506458252668381,-0.153306782245636,0,0
case1,case1,real_csig,96,28.87401185010632,28.08434394829201,0.8916018605232239,0.8286684155464172,0.12270466983318329,0.4001840353012085,0.20487189292907715,0.2869422435760498,-0.7896679018143118,-0.06293344497680664,-0.2774793654680252,-0.08207035064697266,0,0
case1,case1,real_csig,97,46.79232765973378,39.417552650100646,0.9983210563659668,0.9349365234375,0.005808766931295395,0.2528546452522278,0.08190023899078369,0.3198617696762085,-7.374775009633133,-0.0633845329284668,-0.2470458783209324,-0.2379615306854248,0,0
case1,case1,real_csig,98,41.97398909013506,37.407278804888065,0.9964542984962463,0.9037268161773682,0.026957957074046135,0.36702173948287964,0.09493696689605713,0.3252526521682739,-4.566710285246998,-0.09272748231887817,-0.3400637824088335,-0.2303156852722168,0,0
case1,case1,real_csig,99,43.35199896168467,37.48674513276701,0.9967584609985352,0.9047010540962219,0.02443559654057026,0.3640172481536865,0.11718618869781494,0.3162776231765747,-5.865253828917659,-0.09205740690231323,-0.33958165161311626,-0.19909143447875977,0,0
case1,case1,real_csig,100,44.51350988201931,37.90027777409851,0.9969940185546875,0.9002910256385803,0.02050754800438881,0.3679904043674469,0.0868881344795227,0.3200857639312744,-6.613232107920794,-0.09670299291610718,-0.3474828563630581,-0.2331976294517517,0,0
case1,case1,real_csig,101,43.27321745004541,37.31890872295461,0.9974765777587891,0.8928130269050598,0.021238425746560097,0.38706859946250916,0.08738279342651367,0.3278181552886963,-5.9543087270907975,-0.10466355085372925,-0.36583017371594906,-0.24043536186218262,0,0
case1,case1,real_csig,102,46.844940171638285,38.32357634162102,0.9977805614471436,0.8995084762573242,0.012619901448488235,0.3586527109146118,0.11192631721496582,0.31534135341644287,-8.521363830017265,-0.09827208518981934,-0.3460328094661236,-0.20341503620147705,0,0
case1,case1,real_csig,103,47.08642529683827,38.53333119881442,0.997474730014801,0.9011217355728149,0.018963465467095375,0.36614975333213806,0.08163827657699585,0.32142043113708496,-8.553094098023848,-0.09635299444198608,-0.3471862878650427,-0.2397821545600891,0,0
case1,case1,real_csig,104,45.52736655206858,38.28469550904505,0.9968615174293518,0.8964720964431763,0.02362167090177536,0.3765242397785187,0.1085924506187439,0.3108826279640198,-7.2426710430235275,-0.10038942098617554,-0.3529025688767433,-0.20229017734527588,0,0
case1,case1,real_csig,105,47.49528370387313,38.535728662536506,0.9977262616157532,0.8991724252700806,0.012194260023534298,0.3393271863460541,0.09232211112976074,0.32835298776626587,-8.959555041336621,-0.09855383634567261,-0.3271329263225198,-0.23603087663650513,0,0
case1,case1,real_csig,106,45.669607603661326,38.88495139769631,0.9984734654426575,0.9013704657554626,0.008513273671269417,0.3358464539051056,0.07065707445144653,0.3202679753303528,-6.784656205965014,-0.09710299968719482,-0.3273331802338362,-0.24961090087890625,0,0
case1,case1,real_csig,107,44.671273282223815,38.06266077517733,0.9976547360420227,0.8899410963058472,0.011678537353873253,0.37887129187583923,0.08859461545944214,0.32111048698425293,-6.608612507046487,-0.10771363973617554,-0.367192754521966,-0.2325158715248108,0,0
case1,case1,real_csig,108,44.53652439939263,38.04949213141683,0.9978129863739014,0.8912987112998962,0.01697361096739769,0.3760313391685486,0.08984869718551636,0.319246768951416,-6.487032267975806,-0.10651427507400513,-0.3590577282011509,-0.22939807176589966,0,0
case1,case1,real_csig,109,46.16162640516907,38.77100547672537,0.9975351095199585,0.9012373685836792,0.013548199087381363,0.3550540804862976,0.10905784368515015,0.32658839225769043,-7.3906209284437026,-0.0962977409362793,-0.34150588139891624,-0.21753054857254028,0,0
case1,case1,real_csig,110,45.067177334231445,38.00055395744704,0.9966908097267151,0.883769690990448,0.027139149606227875,0.39836347103118896,0.126664936542511,0.3176079988479614,-7.066623376784406,-0.11292111873626709,-0.3712243214249611,-0.19094306230545044,0,0
case1,case1,real_csig,111,45.177188804243684,37.847255964828285,0.9976780414581299,0.8714843392372131,0.012365425005555153,0.4173203408718109,0.08857619762420654,0.3289008140563965,-7.329932839415399,-0.12619370222091675,-0.40495491586625576,-0.24032461643218994,0,0
case1,case1,real_csig,112,42.96047860916354,38.502382667916564,0.9971824884414673,0.9334456324577332,0.017062220722436905,0.28945866227149963,0.10138332843780518,0.3099008798599243,-4.458095941246974,-0.06373685598373413,-0.27239644154906273,-0.20851755142211914,0,0
case1,case1,real_csig,113,43.32669239105105,37.26946479821491,0.9972833395004272,0.9010635018348694,0.014720255509018898,0.3473830819129944,0.11814296245574951,0.31774961948394775,-6.057227592836135,-0.09621983766555786,-0.3326628264039755,-0.19960665702819824,0,0
case1,case1,real_csig,114,41.88351817297726,35.699740298722695,0.9971686005592346,0.8452882170677185,0.022100815549492836,0.4413582682609558,0.11121368408203125,0.3372230529785156,-6.183777874254567,-0.1518803834915161,-0.419257452711463,-0.22600936889648438,0,0
case1,case1,real_csig,115,43.29623196613497,35.82749438686494,0.9972077012062073,0.8338001370429993,0.015673290938138962,0.4674992561340332,0.10590142011642456,0.3332861661911011,-7.468737579270027,-0.163407564163208,-0.45182596519589424,-0.2273847460746765,0,0
case1,case1,real_csig,116,43.67436826064031,36.13088975385403,0.9968291521072388,0.8363038897514343,0.02127910777926445,0.4874385595321655,0.1033511757850647,0.33442825078964233,-7.543478506786279,-0.16052526235580444,-0.4661594517529011,-0.23107707500457764,0,0
case1,case1,real_csig,117,43.49720029192265,35.980800567492736,0.9979593753814697,0.8358388543128967,0.0165766179561615,0.45425257086753845,0.0818447470664978,0.345247745513916,-7.516399724429917,-0.162120521068573,-0.43767595291137695,-0.2634029984474182,0,0
case1,case1,real_csig,118,47.56833107458717,37.02853855583005,0.9977916479110718,0.8428559303283691,0.014284533448517323,0.4524410367012024,0.09856384992599487,0.3414820432662964,-10.539792518757118,-0.15493571758270264,-0.43815650325268507,-0.2429181933403015,0,0
case1,case1,real_csig,119,47.33155340659379,37.015989510089135,0.9979264140129089,0.8408688902854919,0.00921169575303793,0.4534456431865692,0.10092240571975708,0.35224491357803345,-10.315563896504656,-0.157057523727417,-0.4442339474335313,-0.25132250785827637,0,0
case1,case1,real_csig,120,47.40665989461212,36.94427862936908,0.9978916645050049,0.8403553366661072,0.008400333113968372,0.4511324465274811,0.08955657482147217,0.3497581481933594,-10.462381265243039,-0.1575363278388977,-0.4427321134135127,-0.2602015733718872,0,0
case1,case1,real_csig,121,45.76269236684603,36.76013370821546,0.9970638751983643,0.8356463313102722,0.017065968364477158,0.46691712737083435,0.11047881841659546,0.3374443054199219,-9.00255865863057,-0.16141754388809204,-0.4498511590063572,-0.22696548700332642,0,0
case1,case1,real_csig,122,48.220793844873036,36.60236808578067,0.9981911778450012,0.8294029235839844,0.00611334852874279,0.4781605005264282,0.0954054594039917,0.34660911560058594,-11.618425759092368,-0.16878825426101685,-0.47204715199768543,-0.25120365619659424,0,0
case1,case1,real_csig,123,48.417244880538284,36.98608035797114,0.998478889465332,0.838408887386322,0.005790018010884523,0.45926880836486816,0.06647586822509766,0.33900558948516846,-11.431164522567144,-0.16007000207901,-0.45347879035398364,-0.2725297212600708,0,0
case1,case1,real_csig,124,48.35986409775291,37.05449930576931,0.9980119466781616,0.8399821519851685,0.009933575056493282,0.45069172978401184,0.098227858543396,0.3412884473800659,-11.3053647919836,-0.15802979469299316,-0.44075815472751856,-0.24306058883666992,0,0
case1,case1,real_csig,125,48.091880387175834,37.162182402321406,0.9983366131782532,0.8413032293319702,0.010010205209255219,0.43587878346443176,0.09580546617507935,0.3489567041397095,-10.929697984854428,-0.15703338384628296,-0.42586857825517654,-0.2531512379646301,0,0
case1,case1,real_csig,126,46.73483149317412,36.97695439289304,0.9976227879524231,0.8382118344306946,0.011818572878837585,0.46655604243278503,0.11711806058883667,0.3390578627586365,-9.757877100281078,-0.15941095352172852,-0.45473746955394745,-0.2219398021697998,0,0
case1,case1,real_csig,127,46.6762847009781,37.33335098083509,0.9979649782180786,0.8518729209899902,0.008866067975759506,0.43628236651420593,0.08695131540298462,0.34796541929244995,-9.342933720143009,-0.14609205722808838,-0.4274162985384464,-0.26101410388946533,0,0
case1,case1,real_csig,128,43.927317507030104,38.64357070882314,0.9977660179138184,0.9274814128875732,0.009887169115245342,0.2997937500476837,0.07960772514343262,0.3013272285461426,-5.283746798206963,-0.07028460502624512,-0.2899065809324384,-0.22171950340270996,0,0
case1,case1,real_csig,129,45.09961326313065,38.36790976715322,0.9981086850166321,0.9129871129989624,0.006849386729300022,0.33432379364967346,0.11349350214004517,0.31452035903930664,-6.731703495977428,-0.08512157201766968,-0.32747440692037344,-0.20102685689926147,0,0
case1,case1,real_csig,130,44.51917996269379,37.13743072826429,0.9979666471481323,0.8765156865119934,0.01106709148734808,0.3781718909740448,0.08854067325592041,0.3371410369873047,-7.381749234429499,-0.12145096063613892,-0.3671047994866967,-0.24860036373138428,0,0
case1,case1,real_csig,131,46.18602040955841,36.751442597793435,0.9978204965591431,0.8505722880363464,0.012136125937104225,0.41830551624298096,0.11205124855041504,0.3415975570678711,-9.434577811764974,-0.14724820852279663,-0.40616939030587673,-0.22954630851745605,0,0
case1,case1,real_csig,132,43.89695471251032,36.207980701304216,0.9971018433570862,0.8322911858558655,0.016845308244228363,0.483746200799942,0.10053163766860962,0.3386158347129822,-7.688974011206106,-0.1648106575012207,-0.46690089255571365,-0.23808419704437256,0,0
case1,case1,real_csig,133,46.90975527081014,36.33072406951429,0.9980434775352478,0.8224415183067322,0.013496135361492634,0.4762079417705536,0.07947313785552979,0.349309504032135,-10.579031201295848,-0.17560195922851562,-0.46271180640906096,-0.2698363661766052,0,0
case1,case1,real_csig,134,47.39480358506335,36.59828558742143,0.9980019330978394,0.8248665928840637,0.009468523785471916,0.47640377283096313,0.10307854413986206,0.34619903564453125,-10.79651799764192,-0.17313534021377563,-0.4669352490454912,-0.2431204915046692,0,0
case1,case1,real_csig,135,48.33735867399262,36.68100753385736,0.997713565826416,0.8271781206130981,0.010878694243729115,0.4742460548877716,0.09719377756118774,0.3472129702568054,-11.656351140135257,-0.17053544521331787,-0.4633673606440425,-0.2500191926956177,0,0
case1,case1,real_csig,136,47.03569608015165,36.751600170494335,0.9986330270767212,0.8292644023895264,0.005651827435940504,0.4635922312736511,0.0740155577659607,0.3475823998451233,-10.284095909657317,-0.16936862468719482,-0.4579404038377106,-0.2735668420791626,0,0
case1,case1,real_csig,137,48.9704859115858,36.85341237121446,0.9986128807067871,0.8283606767654419,0.006568620912730694,0.46395614743232727,0.06698095798492432,0.3475659489631653,-12.117073540371337,-0.17025220394134521,-0.4573875265195966,-0.28058499097824097,0,0
case1,case1,real_csig,138,49.44714929847197,36.75553169099767,0.9985112547874451,0.8323593139648438,0.00505529111251235,0.4608474373817444,0.07773232460021973,0.34264665842056274,-12.6916176074743,-0.16615194082260132,-0.45579214626923203,-0.264914333820343,0,0
case1,case1,real_csig,139,47.794861417080384,37.174034460438456,0.9979535341262817,0.8432022929191589,0.012434261851012707,0.4505382776260376,0.10506248474121094,0.34618210792541504,-10.620826956641928,-0.1547512412071228,-0.4381040157750249,-0.2411196231842041,0,0
case1,case1,real_csig,140,47.223424713771614,37.18247820881507,0.9984471201896667,0.8421276807785034,0.008415104821324348,0.43889331817626953,0.07795369625091553,0.3497149348258972,-10.040946504956544,-0.15631943941116333,-0.4304782133549452,-0.2717612385749817,0,0
case1,case1,real_csig,141,43.027999035795844,36.47652781551092,0.9985548853874207,0.8317668437957764,0.010578921064734459,0.4573512077331543,0.07462316751480103,0.35343992710113525,-6.551471220284924,-0.1667880415916443,-0.44677228666841984,-0.27881675958633423,0,0
case1,case1,real_csig,142,48.95483554664296,36.6457979349237,0.9979010224342346,0.828749418258667,0.010082202032208443,0.47722935676574707,0.08732002973556519,0.3424047827720642,-12.309037611719262,-0.16915160417556763,-0.4671471547335386,-0.255084753036499,0,0
case1,case1,real_csig,143,46.754030408188484,36.920908800091205,0.9981601238250732,0.8433488607406616,0.011343924328684807,0.46558934450149536,0.09130066633224487,0.3540470600128174,-9.83312160809728,-0.15481126308441162,-0.45424542017281055,-0.2627463936805725,0,0
case1,case1,real_csig,144,27.23052410453488,24.358347782381205,0.8723803162574768,0.7675468325614929,0.15912999212741852,0.4482356905937195,0.22548788785934448,0.320969820022583,-2.872176322153674,-0.10483348369598389,-0.28910569846630096,-0.09548193216323853,0,0
case1,case1,real_csig,145,27.032235051389787,23.399938122634076,0.8484774231910706,0.7181333303451538,0.1581757813692093,0.4866667091846466,0.23481595516204834,0.3387641906738281,-3.6322969287557108,-0.13034409284591675,-0.3284909278154373,-0.10394823551177979,0,0
case1,case1,real_csig,146,29.405377999466808,25.172684120674504,0.9058860540390015,0.7829306721687317,0.12497777491807938,0.4528317153453827,0.20697921514511108,0.3553924560546875,-4.232693878792304,-0.12295538187026978,-0.3278539404273033,-0.14841324090957642,0,0
case1,case1,real_csig,147,44.43453797869175,37.90103823202297,0.9978492259979248,0.9131788611412048,0.010917244479060173,0.3160143196582794,0.11010545492172241,0.32714682817459106,-6.533499746668781,-0.08467036485671997,-0.30509707517921925,-0.21704137325286865,0,0
case1,case1,real_csig,148,44.206363552375066,37.46764143556122,0.9973284602165222,0.8940434455871582,0.010884422808885574,0.3752855360507965,0.09688925743103027,0.3295186161994934,-6.738722116813847,-0.10328501462936401,-0.36440111324191093,-0.23262935876846313,0,0
case1,case1,real_csig,149,44.62921024588298,37.09380768068669,0.9978684782981873,0.8764714598655701,0.011097840964794159,0.400586873292923,0.07918387651443481,0.3335229754447937,-7.535402565196293,-0.12139701843261719,-0.3894890323281288,-0.2543390989303589,0,0
case1,case1,real_csig,150,47.87394308296199,37.776320558028445,0.997758150100708,0.8751235604286194,0.01512874849140644,0.3981018662452698,0.10349750518798828,0.33110421895980835,-10.097622524933549,-0.12263458967208862,-0.38297311775386333,-0.22760671377182007,0,0
case1,case1,real_csig,151,48.17556564478694,38.25328601264075,0.9985618591308594,0.8877459168434143,0.008223198354244232,0.3291466534137726,0.09189116954803467,0.34676510095596313,-9.922279632146193,-0.11081594228744507,-0.32092345505952835,-0.25487393140792847,0,0
case1,case1,real_csig,152,49.35092567786914,38.273479781083765,0.9984273314476013,0.8873898983001709,0.009392404928803444,0.36860886216163635,0.05574697256088257,0.33632802963256836,-11.077445896785377,-0.11103743314743042,-0.3592164572328329,-0.2805810570716858,0,0
case1,case1,real_csig,153,50.27674052709234,38.30032277584462,0.9983224868774414,0.8860636949539185,0.008360140956938267,0.38516491651535034,0.07210588455200195,0.33914947509765625,-11.976417751247723,-0.11225879192352295,-0.3768047755584121,-0.2670435905456543,0,0
case1,case1,real_csig,154,49.57536362312885,38.24664287136017,0.9985012412071228,0.8924238681793213,0.007897039875388145,0.36421236395835876,0.09475195407867432,0.3376796841621399,-11.328720751768678,-0.10607737302780151,-0.3563153240829706,-0.24292773008346558,0,0
case1,case1,real_csig,155,47.03801412609165,38.33618435016153,0.9983875751495361,0.8936812877655029,0.006429644301533699,0.35964202880859375,0.08782464265823364,0.34592491388320923,-8.701829775930122,-0.1047062873840332,-0.35321238450706005,-0.2581002712249756,0,0
case1,case1,real_csig,156,46.81460443593842,38.15817667829904,0.9983929991722107,0.8909571170806885,0.01219300925731659,0.3802992105484009,0.08411812782287598,0.3460580110549927,-8.656427757639378,-0.10743588209152222,-0.3681062012910843,-0.2619398832321167,0,0
case1,case1,real_csig,157,47.48400163837217,38.069086965139945,0.9985020160675049,0.8917473554611206,0.009760198183357716,0.3725641071796417,0.09065985679626465,0.34942686557769775,-9.414914673232225,-0.10675466060638428,-0.362803908996284,-0.2587670087814331,0,0
case1,case1,real_csig,158,47.79958680138534,38.032938797196024,0.9978035092353821,0.8845064640045166,0.012143135070800781,0.4046306610107422,0.0998428463935852,0.3386749029159546,-9.766648004189314,-0.11329704523086548,-0.3924875259399414,-0.23883205652236938,0,0
case1,case1,real_csig,159,46.15237204195101,37.857745606805096,0.9973735213279724,0.8892055153846741,0.011402709409594536,0.397623211145401,0.08891302347183228,0.33103007078170776,-8.294626435145915,-0.10816800594329834,-0.38622050173580647,-0.2421170473098755,0,0
case1,case1,real_csig,160,28.731396599381817,26.78034619183851,0.9186193943023682,0.8233289122581482,0.0995216891169548,0.34323355555534363,0.1994931697845459,0.32831722497940063,-1.9510504075433062,-0.09529048204421997,-0.24371186643838882,-0.12882405519485474,0,0
case1,case1,real_csig,161,30.434631384869796,28.24436461246087,0.9335861802101135,0.8444060683250427,0.09025552123785019,0.3752518892288208,0.18587148189544678,0.31791913509368896,-2.1902667724089255,-0.0891801118850708,-0.2849963679909706,-0.1320476531982422,0,0
case1,case1,real_csig,162,28.530602028646893,26.76724050016064,0.900957465171814,0.7980087399482727,0.11523616313934326,0.45227503776550293,0.2222469449043274,0.32389575242996216,-1.7633615284862536,-0.10294872522354126,-0.33703887462615967,-0.10164880752563477,0,0
case1,case1,real_csig,163,28.45238262566136,27.02876615259016,0.9062495827674866,0.8074907064437866,0.09622690081596375,0.41233572363853455,0.19809865951538086,0.30162787437438965,-1.4236164730712026,-0.09875887632369995,-0.3161088228225708,-0.10352921485900879,0,0
case1,case1,real_csig,164,27.65716590434968,26.325739130613137,0.8870343565940857,0.7839653491973877,0.12227774411439896,0.4298296868801117,0.21504932641983032,0.31853336095809937,-1.331426773736542,-0.103069007396698,-0.30755194276571274,-0.10348403453826904,0,0
case1,case1,real_csig,165,32.06398225355794,29.44305354829691,0.9521734714508057,0.847693920135498,0.0748496875166893,0.40335994958877563,0.17646926641464233,0.3175259828567505,-2.6209287052610293,-0.10447955131530762,-0.32851026207208633,-0.14105671644210815,0,0
case1,case1,real_csig,166,28.615739728441465,25.093471939042065,0.8965190052986145,0.7444507479667664,0.12639527022838593,0.4675930142402649,0.21618139743804932,0.3344963788986206,-3.5222677893994003,-0.15206825733184814,-0.34119774401187897,-0.11831498146057129,0,0
case1,case1,real_csig,167,27.73835323764745,25.20247250409007,0.8738982677459717,0.7381569743156433,0.14320753514766693,0.49529552459716797,0.20027029514312744,0.31621527671813965,-2.535880733557377,-0.13574129343032837,-0.35208798944950104,-0.11594498157501221,0,0
case1,case1,real_csig,168,28.536732645100674,26.427788416739794,0.892996609210968,0.7718796133995056,0.1351485550403595,0.4675053656101227,0.1990562081336975,0.3179073929786682,-2.1089442283608797,-0.1211169958114624,-0.3323568105697632,-0.1188511848449707,0,0
case1,case1,real_csig,169,29.127289867951987,28.179352240036817,0.9050508737564087,0.8190858960151672,0.11677485704421997,0.4260828197002411,0.19720375537872314,0.29339611530303955,-0.9479376279151701,-0.08596497774124146,-0.3093079626560211,-0.0961923599243164,0,0
case1,case1,real_csig,170,27.169026882685063,26.308233610256192,0.8682889938354492,0.7743875980377197,0.14183542132377625,0.44286835193634033,0.21478688716888428,0.30268585681915283,-0.8607932724288716,-0.09390139579772949,-0.3010329306125641,-0.08789896965026855,0,0
case1,case1,real_csig,171,35.97398626337737,33.73661808159974,0.9750990271568298,0.9008951783180237,0.04602194204926491,0.36494892835617065,0.1717357039451599,0.2954864501953125,-2.237368181777633,-0.07420384883880615,-0.31892698630690575,-0.12375074625015259,0,0
case1,case1,real_csig,172,29.22099951853678,26.99164859039008,0.9005954265594482,0.7980414628982544,0.12746623158454895,0.42255187034606934,0.1954113245010376,0.3041042685508728,-2.2293509281466974,-0.10255396366119385,-0.2950856387615204,-0.1086929440498352,0,0
case1,case1,real_csig,173,28.940179442359735,28.2131755251745,0.8893083930015564,0.8055083155632019,0.12502112984657288,0.41958391666412354,0.20277082920074463,0.2935047149658203,-0.727003917185236,-0.08380007743835449,-0.29456278681755066,-0.09073388576507568,0,0
case1,case1,real_csig,174,28.752567128467646,26.49240523188789,0.890322744846344,0.7914127707481384,0.12400997430086136,0.4250022768974304,0.19482827186584473,0.3223046064376831,-2.2601618965797563,-0.09890997409820557,-0.30099230259656906,-0.12747633457183838,0,0
case1,case1,real_csig,175,29.810604504410826,26.597170051359527,0.9163044095039368,0.8074867129325867,0.13088150322437286,0.42124825716018677,0.22262060642242432,0.33831632137298584,-3.213434453051299,-0.1088176965713501,-0.2903667539358139,-0.11569571495056152,0,0
case1,case1,real_csig,176,34.96331673873286,31.9216507617309,0.9786337614059448,0.8960035443305969,0.05581450089812279,0.3683241903781891,0.15589958429336548,0.3020751476287842,-3.0416659770019585,-0.0826302170753479,-0.3125096894800663,-0.1461755633354187,0,0
case1,case1,real_csig,177,34.81789906058437,32.95659813830405,0.9790918827056885,0.8990544080734253,0.05100969970226288,0.4027706980705261,0.17434465885162354,0.31139087677001953,-1.8613009222803143,-0.08003747463226318,-0.35176099836826324,-0.137046217918396,0,0
case1,case1,real_csig,178,33.72804552420695,31.198961565084765,0.9726948738098145,0.8847815990447998,0.041525136679410934,0.43468204140663147,0.15686392784118652,0.30327802896499634,-2.5290839591221825,-0.08791327476501465,-0.39315690472722054,-0.14641410112380981,0,0
case1,case1,real_csig,179,34.17954533933044,31.77366863682319,0.97585529088974,0.8842236399650574,0.04444563388824463,0.4308774769306183,0.14245355129241943,0.29028773307800293,-2.40587670250725,-0.09163165092468262,-0.38643184304237366,-0.1478341817855835,0,0
case1,case1,real_csig,180,34.41893326403588,33.43797360103294,0.9798608422279358,0.8977263569831848,0.04691806063055992,0.4020227789878845,0.1736348271369934,0.3046852946281433,-0.9809596630029418,-0.08213448524475098,-0.3551047183573246,-0.1310504674911499,0,0
case1,case1,real_csig,181,35.05969849973704,31.323651226375485,0.9776334762573242,0.8901078104972839,0.03708019480109215,0.3927692472934723,0.15069520473480225,0.30307233333587646,-3.736047273361553,-0.08752566576004028,-0.35568905249238014,-0.15237712860107422,0,0
case1,case1,real_csig,182,39.222047609956604,33.32005562930283,0.9878694415092468,0.8992879390716553,0.02868071384727955,0.3792809844017029,0.13156068325042725,0.33953994512557983,-5.901991980653776,-0.08858150243759155,-0.35060027055442333,-0.2079792618751526,0,0
case1,case1,real_csig,183,33.00876516599482,29.965427935675805,0.972054123878479,0.873214840888977,0.04366910830140114,0.4130653738975525,0.21966981887817383,0.33366990089416504,-3.043337230319011,-0.09883928298950195,-0.36939626559615135,-0.11400008201599121,0,0
case1,case1,real_csig,184,32.67031197931074,30.451972501869133,0.9639059901237488,0.8742687106132507,0.05501473695039749,0.39346426725387573,0.20150268077850342,0.30161237716674805,-2.2183394774416065,-0.08963727951049805,-0.33844953030347824,-0.10010969638824463,0,0
case1,case1,real_csig,185,33.45405713834357,31.67437284049892,0.9678658246994019,0.8929832577705383,0.046035777777433395,0.3565555214881897,0.1870364546775818,0.32329607009887695,-1.7796842978446534,-0.07488256692886353,-0.3105197437107563,-0.13625961542129517,0,0
case1,case1,real_csig,186,33.43159141300493,31.66222140886915,0.969325065612793,0.8908407688140869,0.046806782484054565,0.3676280975341797,0.1532915234565735,0.3046659231185913,-1.76937000413578,-0.07848429679870605,-0.3208213150501251,-0.15137439966201782,0,0
case1,case1,real_csig,187,32.7983367477334,30.412052828156398,0.9594334959983826,0.8732213973999023,0.04827480763196945,0.38270944356918335,0.1796296238899231,0.3031911253929138,-2.3862839195770036,-0.08621209859848022,-0.3344346359372139,-0.12356150150299072,0,0
case1,case1,real_csig,188,35.64131342573297,32.9765212913846,0.9788882732391357,0.907115638256073,0.031520769000053406,0.36548495292663574,0.17487823963165283,0.31098300218582153,-2.6647921343483674,-0.07177263498306274,-0.33396418392658234,-0.1361047625541687,0,0
case1,case1,real_csig,189,29.8035437700802,28.702802623486573,0.9379106760025024,0.8564832806587219,0.07371555268764496,0.4093533456325531,0.1998434066772461,0.28533339500427246,-1.1007411465936272,-0.08142739534378052,-0.33563779294490814,-0.08548998832702637,0,0
case1,case1,real_csig,190,30.74042400587775,28.381779910729573,0.9425719380378723,0.868079423904419,0.07186753302812576,0.3531346917152405,0.18320870399475098,0.3025003671646118,-2.3586440951481755,-0.07449251413345337,-0.2812671586871147,-0.11929166316986084,0,0
case1,case1,real_csig,191,40.1579948911949,35.28763244304977,0.993098258972168,0.9534276127815247,0.015737444162368774,0.19457799196243286,0.12757807970046997,0.3359872102737427,-4.87036244814513,-0.03967064619064331,-0.1788405478000641,-0.2084091305732727,0,0
case2,case2,real_csig,0,31.065816699657624,28.5624344054343,0.832151472568512,0.7683033347129822,0.46023258566856384,0.3493780195713043,0.3311379551887512,0.3063594102859497,-2.503382294223325,-0.06384813785552979,0.11085456609725952,0.024778544902801514,0,0
case2,case2,real_csig,1,31.942453720334424,31.02397669570927,0.780839741230011,0.7299676537513733,0.5651711225509644,0.48847532272338867,0.3465542793273926,0.27749139070510864,-0.9184770246251546,-0.050872087478637695,0.07669579982757568,0.06906288862228394,0,0
case2,case2,real_csig,2,32.37559294222419,31.574329766856923,0.7418830990791321,0.6959962844848633,0.6242467164993286,0.6341333985328674,0.37616443634033203,0.37340277433395386,-0.8012631753672643,-0.0458868145942688,-0.009886682033538818,0.002761662006378174,0,0
case2,case2,real_csig,3,35.05191505923469,34.23398233163353,0.8059817552566528,0.774241030216217,0.5388085246086121,0.5634960532188416,0.34271442890167236,0.32041484117507935,-0.8179327276011605,-0.03174072504043579,-0.024687528610229492,0.022299587726593018,0,0
case2,case2,real_csig,4,31.278278696256812,28.141587537207972,0.8082759976387024,0.7454481720924377,0.4159208834171295,0.4429163932800293,0.3017650842666626,0.2992091774940491,-3.1366911590488407,-0.06282782554626465,-0.02699550986289978,0.0025559067726135254,0,0
case2,case2,real_csig,5,26.753798906040643,24.392783579143288,0.756602942943573,0.6655357480049133,0.3954986035823822,0.4310459494590759,0.2929561734199524,0.3061307668685913,-2.3610153268973555,-0.09106719493865967,-0.035547345876693726,-0.013174593448638916,0,0
case2,case2,real_csig,6,24.12832124173303,21.606397655042503,0.7334364652633667,0.6345946192741394,0.39015814661979675,0.4203360080718994,0.27383530139923096,0.30391716957092285,-2.5219235866905265,-0.0988418459892273,-0.03017786145210266,-0.030081868171691895,0,0
case2,case2,real_csig,7,25.960713967176986,22.859650863554712,0.7625713348388672,0.6408325433731079,0.44412529468536377,0.5084129571914673,0.26861846446990967,0.28976941108703613,-3.1010631036222733,-0.12173879146575928,-0.06428766250610352,-0.021150946617126465,0,0
case2,case2,real_csig,8,29.189384333076788,21.587199480819194,0.7623972296714783,0.582402229309082,0.5205132961273193,0.6175409555435181,0.30719828605651855,0.34919196367263794,-7.602184852257594,-0.17999500036239624,-0.09702765941619873,-0.041993677616119385,0,0
case2,case2,real_csig,9,30.909560643125154,24.26395621358797,0.796623945236206,0.6889181733131409,0.5224947929382324,0.590069055557251,0.3309386968612671,0.3681066036224365,-6.645604429537183,-0.10770577192306519,-0.06757426261901855,-0.037167906761169434,0,0
case2,case2,real_csig,10,32.53968913567509,30.16715567192998,0.8351093530654907,0.7861597537994385,0.48725587129592896,0.5227192640304565,0.3090322017669678,0.330213725566864,-2.3725334637451105,-0.048949599266052246,-0.03546339273452759,-0.02118152379989624,0,0
case2,case2,real_csig,11,33.87192068925546,33.369125715747884,0.8436864018440247,0.8181858062744141,0.46406877040863037,0.44442760944366455,0.29028433561325073,0.31649619340896606,-0.5027949735075765,-0.025500595569610596,0.01964116096496582,-0.026211857795715332,0,0
case2,case2,real_csig,12,27.383026229515362,26.5205916290562,0.8096387386322021,0.7399147748947144,0.3366992473602295,0.30174291133880615,0.28719234466552734,0.285739541053772,-0.8624346004591636,-0.06972396373748779,0.03495633602142334,0.001452803611755371,0,0
case2,case2,real_csig,13,31.182951375017552,29.899938237004143,0.796400249004364,0.7392523288726807,0.539882242679596,0.4401514232158661,0.35330212116241455,0.3010033369064331,-1.283013138013409,-0.05714792013168335,0.09973081946372986,0.052298784255981445,0,0
case2,case2,real_csig,14,31.684557196731973,29.72111009617813,0.8234699964523315,0.7702134251594543,0.508408784866333,0.45379406213760376,0.330379843711853,0.28932708501815796,-1.963447100553843,-0.0532565712928772,0.05461472272872925,0.04105275869369507,0,0
case2,case2,real_csig,15,32.621116811632675,30.75735215081891,0.8167828917503357,0.7832313776016235,0.44264787435531616,0.4330131709575653,0.33318233489990234,0.2909911870956421,-1.8637646608137644,-0.03355151414871216,0.009634703397750854,0.042191147804260254,0,0
case2,case2,real_csig,16,32.838724401178354,28.72958081341703,0.7948457598686218,0.7335584759712219,0.44769880175590515,0.4884594678878784,0.2946510314941406,0.3413699269294739,-4.109143587761324,-0.0612872838973999,-0.04076066613197327,-0.04671889543533325,0,0
case2,case2,real_csig,17,28.529323918017283,24.822606221223484,0.8624129295349121,0.7727832198143005,0.3193579316139221,0.36381325125694275,0.23507487773895264,0.30921536684036255,-3.706717696793799,-0.08962970972061157,-0.04445531964302063,-0.07414048910140991,0,0
case2,case2,real_csig,18,28.468055392362682,25.14443458769349,0.8462324738502502,0.7666794657707214,0.35107094049453735,0.3939782977104187,0.25167715549468994,0.29102540016174316,-3.3236208046691935,-0.07955300807952881,-0.04290735721588135,-0.03934824466705322,0,0
case2,case2,real_csig,19,29.137605293444683,25.671806992966708,0.8350517153739929,0.7377958297729492,0.3651118874549866,0.41273990273475647,0.2750626802444458,0.2826688289642334,-3.4657983004779744,-0.0972558856010437,-0.0476280152797699,-0.007606148719787598,0,0
case2,case2,real_csig,20,29.240982878509772,21.86441357186579,0.8045680522918701,0.6479482054710388,0.44712647795677185,0.5088388323783875,0.26956069469451904,0.32244807481765747,-7.376569306643983,-0.1566198468208313,-0.0617123544216156,-0.05288738012313843,0,0
case2,case2,real_csig,21,31.772923579137032,26.59404007267771,0.8069398403167725,0.7058276534080505,0.4814935624599457,0.5448629260063171,0.3107815980911255,0.32982534170150757,-5.1788835064593215,-0.10111218690872192,-0.06336936354637146,-0.01904374361038208,0,0
case2,case2,real_csig,22,33.005290557946736,29.563495411266082,0.8645766377449036,0.8065838813781738,0.38012877106666565,0.4201825261116028,0.28667324781417847,0.30827009677886963,-3.4417951466806542,-0.057992756366729736,-0.040053755044937134,-0.021596848964691162,0,0
case2,case2,real_csig,23,36.089214474605846,34.70426807208721,0.9241887927055359,0.9002360105514526,0.311012864112854,0.2832217812538147,0.2784687876701355,0.28984832763671875,-1.3849464025186364,-0.023952782154083252,0.027791082859039307,-0.011379539966583252,0,0
case2,case2,real_csig,24,27.25235318091571,27.042085548072777,0.8116222023963928,0.7491672039031982,0.3326658010482788,0.26557090878486633,0.27517592906951904,0.2826129198074341,-0.21026763284293182,-0.06245499849319458,0.06709489226341248,-0.007436990737915039,0,0
case2,case2,real_csig,25,31.174328587958712,29.646962119971473,0.8016512989997864,0.7595005631446838,0.5297251343727112,0.4313797056674957,0.34467506408691406,0.28765028715133667,-1.527366467987239,-0.04215073585510254,0.09834542870521545,0.05702477693557739,0,0
case2,case2,real_csig,26,27.75699219412043,26.71820039061512,0.8112683892250061,0.7803943157196045,0.39598849415779114,0.34136226773262024,0.3196094036102295,0.28882676362991333,-1.0387918035053083,-0.03087407350540161,0.0546262264251709,0.030782639980316162,0,0
case2,case2,real_csig,27,33.13069454353037,31.94917627526316,0.8284189701080322,0.8018274903297424,0.39803552627563477,0.34722456336021423,0.31314247846603394,0.28696197271347046,-1.181518268267208,-0.026591479778289795,0.05081096291542053,0.026180505752563477,0,0
case2,case2,real_csig,28,32.62639068818709,28.48045005666933,0.8114181756973267,0.7687612175941467,0.3966935873031616,0.43995702266693115,0.3021396994590759,0.3281862735748291,-4.145940631517757,-0.04265695810317993,-0.04326343536376953,-0.026046574115753174,0,0
case2,case2,real_csig,29,27.433235994692883,23.479482657698497,0.8745535016059875,0.790803849697113,0.2750381827354431,0.3235606849193573,0.22994011640548706,0.262492299079895,-3.953753336994385,-0.08374965190887451,-0.048522502183914185,-0.03255218267440796,0,0
case2,case2,real_csig,30,26.14533594916464,23.622827802717936,0.8765745759010315,0.7995124459266663,0.2510281503200531,0.2930462956428528,0.2243037223815918,0.2778902053833008,-2.522508146446704,-0.07706212997436523,-0.04201814532279968,-0.053586483001708984,0,0
case2,case2,real_csig,31,25.128059259291522,22.478907995040682,0.8821727633476257,0.796207845211029,0.2599012553691864,0.27734291553497314,0.21391069889068604,0.235609769821167,-2.6491512642508397,-0.08596491813659668,-0.017441660165786743,-0.021699070930480957,0,0
case2,case2,real_csig,32,26.8832610406638,23.98876173935642,0.9039235711097717,0.8430892825126648,0.25279897451400757,0.23732571303844452,0.21712517738342285,0.24841976165771484,-2.8944993013073805,-0.060834288597106934,0.01547326147556305,-0.03129458427429199,0,0
case2,case2,real_csig,33,27.510439917269526,25.985387707854947,0.7969773411750793,0.7441792488098145,0.3992597758769989,0.37634044885635376,0.2548871636390686,0.2686131000518799,-1.5250522094145786,-0.05279809236526489,0.02291932702064514,-0.01372593641281128,0,0
case2,case2,real_csig,34,26.689794558960482,25.490572208934093,0.7803475260734558,0.7389192581176758,0.41578227281570435,0.40834423899650574,0.28224021196365356,0.3328104019165039,-1.199222350026389,-0.04142826795578003,0.007438033819198608,-0.05057018995285034,0,0
case2,case2,real_csig,35,29.067719531793696,28.394953337419327,0.791359007358551,0.757879912853241,0.4775198698043823,0.4748424291610718,0.2895817756652832,0.32444876432418823,-0.6727661943743684,-0.03347909450531006,0.002677440643310547,-0.03486698865890503,0,0
case2,case2,real_csig,36,26.63574792012134,26.12481103137979,0.8009557127952576,0.7322625517845154,0.3269851803779602,0.2615753412246704,0.2624320983886719,0.2838548421859741,-0.5109368887415506,-0.06869316101074219,0.0654098391532898,-0.021422743797302246,0,0
case2,case2,real_csig,37,32.30029224280878,29.907343123289305,0.8407233357429504,0.7868452072143555,0.48024842143058777,0.43805259466171265,0.33399176597595215,0.2836254835128784,-2.392949119519475,-0.05387812852859497,0.04219582676887512,0.05036628246307373,0,0
case2,case2,real_csig,38,29.42358764873685,28.717867728259144,0.8482359051704407,0.8128280639648438,0.4392435848712921,0.35733067989349365,0.33494287729263306,0.30339086055755615,-0.7057199204777049,-0.035407841205596924,0.08191290497779846,0.031552016735076904,0,0
case2,case2,real_csig,39,30.574016409864463,28.75593022621579,0.8087864518165588,0.7455350160598755,0.45902085304260254,0.3759361505508423,0.3132108449935913,0.2736978530883789,-1.8180861836486741,-0.06325143575668335,0.08308470249176025,0.0395129919052124,0,0
case2,case2,real_csig,40,30.563232925063325,26.008487696968817,0.8355352878570557,0.7485052347183228,0.37988293170928955,0.37641575932502747,0.28198105096817017,0.2791222929954529,-4.554745228094507,-0.08703005313873291,0.003467172384262085,0.002858757972717285,0,0
case2,case2,real_csig,41,28.30762535584721,21.84330458824684,0.8362821340560913,0.6911263465881348,0.3534482717514038,0.411216676235199,0.2645542025566101,0.28630948066711426,-6.46432076760037,-0.14515578746795654,-0.057768404483795166,-0.02175527811050415,0,0
case2,case2,real_csig,42,29.401708274508778,24.770215150077025,0.8834472298622131,0.8049841523170471,0.3039817214012146,0.2521141767501831,0.24885284900665283,0.27137941122055054,-4.631493124431753,-0.07846307754516602,0.051867544651031494,-0.022526562213897705,0,0
case2,case2,real_csig,43,28.211447822936996,24.615088025655545,0.8480271697044373,0.7766473293304443,0.3103441596031189,0.26225578784942627,0.242867112159729,0.27281731367111206,-3.596359797281451,-0.07137984037399292,0.04808837175369263,-0.029950201511383057,0,0
case2,case2,real_csig,44,28.332464974783505,24.66050288582609,0.8640022873878479,0.7942707538604736,0.3140411972999573,0.3136434555053711,0.2463306188583374,0.28510546684265137,-3.6719620889574145,-0.06973153352737427,0.00039774179458618164,-0.038774847984313965,0,0
case2,case2,real_csig,45,33.44299664174324,28.344557474312744,0.8422524333000183,0.7842727899551392,0.40837159752845764,0.4228624701499939,0.2999289631843567,0.32032787799835205,-5.098439167430499,-0.05797964334487915,-0.014490872621536255,-0.02039891481399536,0,0
case2,case2,real_csig,46,35.8884233948711,34.44147339340055,0.8407893776893616,0.8053724765777588,0.44273293018341064,0.45120328664779663,0.29843270778656006,0.31269532442092896,-1.4469500014705474,-0.03541690111160278,-0.008470356464385986,-0.014262616634368896,0,0
case2,case2,real_csig,47,36.03536385686057,34.58290891712061,0.8446076512336731,0.81123948097229,0.38164812326431274,0.4030781388282776,0.31195229291915894,0.31656694412231445,-1.4524549397399582,-0.03336817026138306,-0.021430015563964844,-0.004614651203155518,0,0
case2,case2,real_csig,48,26.40283425097797,25.704208488992627,0.7993485331535339,0.735988199710846,0.27738308906555176,0.2313309609889984,0.2717222571372986,0.2880637049674988,-0.698625761985344,-0.06336033344268799,0.046052128076553345,-0.016341447830200195,0,0
case2,case2,real_csig,49,32.93025179735666,31.08929573368058,0.8532105684280396,0.8039486408233643,0.4674990177154541,0.4139406979084015,0.331010103225708,0.27283841371536255,-1.8409560636760816,-0.04926192760467529,0.05355831980705261,0.05817168951034546,0,0
case2,case2,real_csig,50,37.9389339022182,36.23276990879667,0.9080200791358948,0.8587749600410461,0.44133201241493225,0.4011157751083374,0.31489837169647217,0.26237642765045166,-1.7061639934215336,-0.04924511909484863,0.04021623730659485,0.05252194404602051,0,0
case2,case2,real_csig,51,30.646958618995455,29.282948926039897,0.8160536289215088,0.7479223012924194,0.44618144631385803,0.41878217458724976,0.3196624517440796,0.32846617698669434,-1.364009692955559,-0.06813132762908936,0.027399271726608276,-0.008803725242614746,0,0
case2,case2,real_csig,52,28.756595555502507,25.180039217564257,0.8002448081970215,0.7226406931877136,0.4180830121040344,0.4642419219017029,0.2870635390281677,0.3148563504219055,-3.57655633793825,-0.07760411500930786,-0.04615890979766846,-0.027792811393737793,0,0
case2,case2,real_csig,53,28.88025195808051,23.136352451017267,0.8737956881523132,0.7379084825515747,0.3181522786617279,0.34951457381248474,0.26633763313293457,0.27934348583221436,-5.743899507063244,-0.13588720560073853,-0.031362295150756836,-0.013005852699279785,0,0
case2,case2,real_csig,54,28.726468354834317,22.00974848334898,0.8747516870498657,0.7948516607284546,0.26170778274536133,0.3179645240306854,0.24652469158172607,0.30989861488342285,-6.7167198714853384,-0.07990002632141113,-0.0562567412853241,-0.06337392330169678,0,0
case2,case2,real_csig,55,28.384721087765854,23.374844010853415,0.8636753559112549,0.801752507686615,0.2764466106891632,0.3110084533691406,0.22107714414596558,0.27722954750061035,-5.0098770769124386,-0.06192284822463989,-0.03456184267997742,-0.056152403354644775,0,0
case2,case2,real_csig,56,27.24609472461428,22.155818091730573,0.8415871858596802,0.7785688042640686,0.2547222673892975,0.29145023226737976,0.2316766381263733,0.274949312210083,-5.0902766328837075,-0.06301838159561157,-0.036727964878082275,-0.04327267408370972,0,0
case2,case2,real_csig,57,29.55178945351784,25.573107738706106,0.8314504623413086,0.7714344263076782,0.3835897445678711,0.3877353072166443,0.2726588249206543,0.29127204418182373,-3.978681714811735,-0.06001603603363037,-0.004145562648773193,-0.018613219261169434,0,0
case2,case2,real_csig,58,29.029954504065735,31.11555256757405,0.8373692631721497,0.8189778923988342,0.39634597301483154,0.3565344512462616,0.28668832778930664,0.31471651792526245,2.0855980635083142,-0.01839137077331543,0.039811521768569946,-0.02802819013595581,0,1
case2,case2,real_csig,59,29.135421097154953,30.8667057545658,0.8441243171691895,0.8120856881141663,0.31525662541389465,0.27241724729537964,0.2666146159172058,0.2943117022514343,1.7312846574108463,-0.03203862905502319,0.042839378118515015,-0.027697086334228516,0,1
case2,case2,real_csig,60,27.812659504059365,26.23301233817971,0.821465790271759,0.7414178252220154,0.3082909882068634,0.30319374799728394,0.2767075300216675,0.30164116621017456,-1.5796471658796563,-0.08004796504974365,0.005097240209579468,-0.02493363618850708,0,0
case2,case2,real_csig,61,32.75372110899896,30.50228329215806,0.8557572364807129,0.7976211905479431,0.48062360286712646,0.42609575390815735,0.3044527769088745,0.2582894563674927,-2.251437816840898,-0.058136045932769775,0.054527848958969116,0.046163320541381836,0,0
case2,case2,real_csig,62,24.602577429105462,22.492010288445297,0.793622612953186,0.6963481307029724,0.38628944754600525,0.34346693754196167,0.2623627185821533,0.27334684133529663,-2.110567140660166,-0.09727448225021362,0.04282251000404358,-0.01098412275314331,0,0
case2,case2,real_csig,63,30.386573686153472,26.80128223755083,0.8198806047439575,0.7074202299118042,0.44798702001571655,0.43112966418266296,0.31373459100723267,0.3021753430366516,-3.585291448602643,-0.11246037483215332,0.01685735583305359,0.011559247970581055,0,0
case2,case2,real_csig,64,29.054562070373812,25.554167972594513,0.8018853664398193,0.7176926732063293,0.4070298671722412,0.39915430545806885,0.3214099407196045,0.31411099433898926,-3.5003940977792993,-0.08419269323348999,0.007875561714172363,0.007298946380615234,0,0
case2,case2,real_csig,65,26.87908472917872,23.838635234883213,0.8519510626792908,0.7404770255088806,0.32286331057548523,0.3479622006416321,0.2712280750274658,0.28178226947784424,-3.0404494942955083,-0.11147403717041016,-0.02509889006614685,-0.010554194450378418,0,0
case2,case2,real_csig,66,30.609228483136157,23.22939621712168,0.8909310698509216,0.7999318838119507,0.3060777485370636,0.34993040561676025,0.2825492024421692,0.295082688331604,-7.379832266014478,-0.09099918603897095,-0.043852657079696655,-0.012533485889434814,0,0
case2,case2,real_csig,67,29.186696454497053,21.623467518297858,0.8762028217315674,0.7763088345527649,0.3161242604255676,0.3541850447654724,0.25873011350631714,0.3061259388923645,-7.563228936199195,-0.09989398717880249,-0.038060784339904785,-0.04739582538604736,0,0
case2,case2,real_csig,68,28.15667781146804,21.861118516357703,0.8764321208000183,0.7845665216445923,0.3011903762817383,0.29597240686416626,0.27186644077301025,0.293423056602478,-6.295559295110337,-0.09186559915542603,0.0052179694175720215,-0.021556615829467773,0,0
case2,case2,real_csig,69,26.873391638325582,24.358754806576,0.8681506514549255,0.7945809960365295,0.2758563160896301,0.21234789490699768,0.21970677375793457,0.2161741852760315,-2.514636831749584,-0.073569655418396,0.06350842118263245,0.003532588481903076,0,0
case2,case2,real_csig,70,28.965919810568437,26.210758618573735,0.911658525466919,0.8614013195037842,0.24355551600456238,0.22534583508968353,0.21818149089813232,0.23745393753051758,-2.755161191994702,-0.050257205963134766,0.018209680914878845,-0.019272446632385254,0,0
case2,case2,real_csig,71,29.64740091232594,27.07380058649344,0.9187699556350708,0.8677605390548706,0.22570842504501343,0.20735517144203186,0.22411954402923584,0.24492979049682617,-2.5736003258324978,-0.051009416580200195,0.018353253602981567,-0.020810246467590332,0,0
case2,case2,real_csig,72,27.2635957352438,24.30080455736698,0.8074101805686951,0.6974590420722961,0.2840788662433624,0.3041985034942627,0.2783058285713196,0.29775017499923706,-2.96279117787682,-0.10995113849639893,-0.02011963725090027,-0.01944434642791748,0,0
case2,case2,real_csig,73,28.899417249581028,27.383651079707306,0.8268778324127197,0.7408998608589172,0.4262278079986572,0.325711727142334,0.2777031660079956,0.25876444578170776,-1.5157661698737215,-0.08597797155380249,0.10051608085632324,0.018938720226287842,0,0
case2,case2,real_csig,74,25.149420246045313,23.252456210836723,0.8083167672157288,0.7056875228881836,0.35938677191734314,0.3074229657649994,0.2598627805709839,0.2907050848007202,-1.8969640352085904,-0.10262924432754517,0.05196380615234375,-0.030842304229736328,0,0
case2,case2,real_csig,75,30.364943449407104,26.625334692255457,0.8194104433059692,0.6751198768615723,0.3893106281757355,0.39710256457328796,0.29461634159088135,0.2920379042625427,-3.7396087571516468,-0.14429056644439697,-0.00779193639755249,0.002578437328338623,0,0
case2,case2,real_csig,76,29.44893440025924,26.241042124574093,0.8208719491958618,0.7127420902252197,0.37799692153930664,0.39884820580482483,0.2949828505516052,0.29884374141693115,-3.207892275685147,-0.10812985897064209,-0.02085128426551819,-0.0038608908653259277,0,0
case2,case2,real_csig,77,27.89337898671443,25.366136947252635,0.8596991896629333,0.7720401287078857,0.3304623067378998,0.2811211347579956,0.2575591206550598,0.26168274879455566,-2.5272420394617967,-0.08765906095504761,0.049341171979904175,-0.00412362813949585,0,0
case2,case2,real_csig,78,30.617118981690016,22.807199730074167,0.9000539779663086,0.7962234020233154,0.2858569920063019,0.31540387868881226,0.2679228186607361,0.280286967754364,-7.809919251615849,-0.10383057594299316,-0.029546886682510376,-0.01236414909362793,0,0
case2,case2,real_csig,79,28.960008105100453,20.62340842564978,0.8795152306556702,0.7373045682907104,0.29111137986183167,0.4220127463340759,0.2622007131576538,0.32520490884780884,-8.336599679450671,-0.14221066236495972,-0.13090136647224426,-0.06300419569015503,0,0
case2,case2,real_csig,80,29.07068250695007,21.520529276436314,0.8987085819244385,0.766745388507843,0.28199732303619385,0.3348005712032318,0.26103222370147705,0.27831172943115234,-7.550153230513757,-0.13196319341659546,-0.052803248167037964,-0.017279505729675293,0,0
case2,case2,real_csig,81,26.502874518838272,23.110792951438693,0.8747125267982483,0.7738481760025024,0.23138025403022766,0.21337082982063293,0.19168710708618164,0.21992671489715576,-3.392081567399579,-0.10086435079574585,0.018009424209594727,-0.02823960781097412,0,0
case2,case2,real_csig,82,28.897964461528453,25.350692945357093,0.9171547293663025,0.8450199961662292,0.18874254822731018,0.2020653784275055,0.20215243101119995,0.22032278776168823,-3.54727151617136,-0.07213473320007324,-0.013322830200195312,-0.01817035675048828,0,0
case2,case2,real_csig,83,28.029374784852152,25.954777126105245,0.9150762557983398,0.8580026030540466,0.19955888390541077,0.19335275888442993,0.20624220371246338,0.22217464447021484,-2.0745976587469066,-0.05707365274429321,0.006206125020980835,-0.015932440757751465,0,0
case2,case2,real_csig,84,26.73002611715521,24.13565280520761,0.7961501479148865,0.6808066368103027,0.26721733808517456,0.2585602402687073,0.2506036162376404,0.25403261184692383,-2.5943733119475993,-0.11534351110458374,0.008657097816467285,-0.0034289956092834473,0,0
case2,case2,real_csig,85,27.28219614261696,27.00446074874908,0.8144938945770264,0.7382500171661377,0.43956804275512695,0.3098365068435669,0.2638721466064453,0.24484193325042725,-0.27773539386788215,-0.07624387741088867,0.12973153591156006,0.019030213356018066,0,0
case2,case2,real_csig,86,24.936469938728525,24.850326913175273,0.8065880537033081,0.7350944876670837,0.35303017497062683,0.2876518666744232,0.2526928782463074,0.25347697734832764,-0.08614302555325182,-0.07149356603622437,0.06537830829620361,-0.0007840991020202637,0,0
case2,case2,real_csig,87,29.512924855380223,27.53224133322498,0.8210468888282776,0.688994288444519,0.4133146107196808,0.3821617066860199,0.2908090353012085,0.23367923498153687,-1.9806835221552426,-0.13205260038375854,0.03115290403366089,0.05712980031967163,0,0
case2,case2,real_csig,88,28.215300082459798,27.035678399074726,0.8193584680557251,0.7015911936759949,0.36099421977996826,0.34039008617401123,0.2673987150192261,0.24802398681640625,-1.1796216833850721,-0.11776727437973022,0.02060413360595703,0.019374728202819824,0,0
case2,case2,real_csig,89,27.33179598054681,25.571575167703138,0.8555358052253723,0.7735748887062073,0.30696213245391846,0.27562156319618225,0.24262559413909912,0.25597918033599854,-1.7602208128436736,-0.08196091651916504,0.031340569257736206,-0.013353586196899414,0,0
case2,case2,real_csig,90,33.200336006657196,25.87480556624741,0.9264805316925049,0.8534064292907715,0.2681111991405487,0.2789568305015564,0.28677898645401,0.26716482639312744,-7.325530440409786,-0.0730741024017334,-0.01084563136100769,0.01961416006088257,0,0
case2,case2,real_csig,91,33.22494696477381,25.170519893285825,0.9232336282730103,0.8359888792037964,0.2629656493663788,0.29548749327659607,0.27551621198654175,0.2959800958633423,-8.054427071487982,-0.08724474906921387,-0.032521843910217285,-0.020463883876800537,0,0
case2,case2,real_csig,92,30.928399024264564,22.811537284545725,0.9248033761978149,0.8125259280204773,0.2625354528427124,0.28895077109336853,0.25998979806900024,0.2592478394508362,-8.11686173971884,-0.11227744817733765,-0.026415318250656128,0.0007419586181640625,0,0
case2,case2,real_csig,93,27.08263815874487,20.385737976817087,0.8698180913925171,0.7351428866386414,0.25216764211654663,0.28994590044021606,0.22048723697662354,0.2880573272705078,-6.696900181927784,-0.13467520475387573,-0.037778258323669434,-0.06757009029388428,0,0
case2,case2,real_csig,94,29.986062592076976,24.652424483928193,0.9217920899391174,0.8415856957435608,0.23246610164642334,0.2571449875831604,0.25899797677993774,0.27316391468048096,-5.333638108148783,-0.08020639419555664,-0.02467888593673706,-0.014165937900543213,0,0
case2,case2,real_csig,95,28.607655173639156,23.81515924430003,0.9169670939445496,0.8399717211723328,0.2196192592382431,0.2429126799106598,0.24360638856887817,0.26240289211273193,-4.792495929339125,-0.0769953727722168,-0.023293420672416687,-0.01879650354385376,0,0
case2,case2,real_csig,96,27.129551821298428,26.186288335280796,0.8030768036842346,0.7079994678497314,0.2962779998779297,0.25469958782196045,0.2622950077056885,0.2522256374359131,-0.9432634860176314,-0.09507733583450317,0.04157841205596924,0.01006937026977539,0,0
case2,case2,real_csig,97,26.802437307416245,25.255901342791226,0.8054096102714539,0.6947222352027893,0.3886798918247223,0.2718479037284851,0.2721005082130432,0.23396342992782593,-1.5465359646250185,-0.11068737506866455,0.11683198809623718,0.038137078285217285,0,0
case2,case2,real_csig,98,24.278624700128777,23.367924900229507,0.7612337470054626,0.6230361461639404,0.4195467531681061,0.3363538980484009,0.27173948287963867,0.26777780055999756,-0.9106997998992696,-0.13819760084152222,0.0831928551197052,0.003961682319641113,0,0
case2,case2,real_csig,99,27.493967604995056,24.884682711080266,0.7972317337989807,0.5894014835357666,0.3877500891685486,0.37754949927330017,0.2646910548210144,0.23461532592773438,-2.60928489391479,-0.2078302502632141,0.010200589895248413,0.03007572889328003,0,0
case2,case2,real_csig,100,26.794452120258427,25.657761434359326,0.7889050841331482,0.6192331314086914,0.35274940729141235,0.3298683166503906,0.28121525049209595,0.2775946259498596,-1.1366906858991008,-0.1696719527244568,0.02288109064102173,0.003620624542236328,0,0
case2,case2,real_csig,101,29.759692058054767,26.518810169791852,0.8451274633407593,0.7431843876838684,0.3223862051963806,0.33928459882736206,0.2545272707939148,0.25134193897247314,-3.2408818882629156,-0.10194307565689087,-0.016898393630981445,0.0031853318214416504,0,0
case2,case2,real_csig,102,26.405547106952962,25.188320891476085,0.8869611024856567,0.8060785531997681,0.24831470847129822,0.2219582051038742,0.2136455774307251,0.2471194863319397,-1.2172262154768774,-0.08088254928588867,0.02635650336742401,-0.0334739089012146,0,0
case2,case2,real_csig,103,25.036906116989588,23.500761210797595,0.8656073212623596,0.7624168992042542,0.24444299936294556,0.251592755317688,0.2010021209716797,0.23783725500106812,-1.5361449061919927,-0.10319042205810547,-0.007149755954742432,-0.03683513402938843,0,0
case2,case2,real_csig,104,25.342536967848048,21.67614434743526,0.8727627396583557,0.7466672658920288,0.2467987835407257,0.2874251902103424,0.20836114883422852,0.22325032949447632,-3.666392620412786,-0.1260954737663269,-0.0406264066696167,-0.014889180660247803,0,0
case2,case2,real_csig,105,24.738312587197115,18.404250229846962,0.815355658531189,0.6823763251304626,0.25931316614151,0.25641298294067383,0.19902193546295166,0.26218968629837036,-6.334062357350152,-0.13297933340072632,0.0029001832008361816,-0.0631677508354187,0,0
case2,case2,real_csig,106,26.953461942062024,21.44638570224778,0.8873852491378784,0.8006902933120728,0.21532434225082397,0.22865337133407593,0.2229912281036377,0.25397419929504395,-5.507076239814243,-0.08669495582580566,-0.013329029083251953,-0.03098297119140625,0,0
case2,case2,real_csig,107,23.92841574471622,20.211053304235385,0.8236590027809143,0.7328376770019531,0.28363826870918274,0.23315325379371643,0.2308114767074585,0.23527121543884277,-3.7173624404808336,-0.09082132577896118,0.05048501491546631,-0.004459738731384277,0,0
case2,case2,real_csig,108,27.759866074836026,26.781857248436243,0.8042394518852234,0.7199062705039978,0.29568004608154297,0.275055855512619,0.2803245186805725,0.26795244216918945,-0.9780088263997833,-0.08433318138122559,0.02062419056892395,0.012372076511383057,0,0
case2,case2,real_csig,109,27.360675277193735,24.892792910785143,0.823739767074585,0.6821717619895935,0.3947370648384094,0.3210616707801819,0.25437092781066895,0.24791550636291504,-2.467882366408592,-0.14156800508499146,0.07367539405822754,0.006455421447753906,0,0
case2,case2,real_csig,110,24.703200750325557,22.744043467074118,0.7404381632804871,0.5169321894645691,0.5370208621025085,0.4753592610359192,0.3201124668121338,0.31221306324005127,-1.9591572832514395,-0.22350597381591797,0.061661601066589355,0.00789940357208252,0,0
case2,case2,real_csig,111,26.76885661357256,24.367873170206575,0.7744847536087036,0.5766171216964722,0.4255654811859131,0.39805716276168823,0.2935396432876587,0.25145286321640015,-2.400983443365984,-0.19786763191223145,0.027508318424224854,0.042086780071258545,0,0
case2,case2,real_csig,112,25.55697652298234,24.298920183856524,0.7633920311927795,0.6236651539802551,0.37935906648635864,0.37396693229675293,0.26628023386001587,0.254522442817688,-1.2580563391258153,-0.13972687721252441,0.005392134189605713,0.01175779104232788,0,0
case2,case2,real_csig,113,28.350944829523016,24.24592344829851,0.8428436517715454,0.7125951051712036,0.33585649728775024,0.35145023465156555,0.27359795570373535,0.25891464948654175,-4.105021381224507,-0.1302485466003418,-0.015593737363815308,0.014683306217193604,0,0
case2,case2,real_csig,114,26.165970553406694,24.11016217752238,0.8863266110420227,0.784706711769104,0.228977769613266,0.21759402751922607,0.21552902460098267,0.20177680253982544,-2.0558083758843146,-0.1016198992729187,0.011383742094039917,0.013752222061157227,0,0
case2,case2,real_csig,115,25.250125925864147,22.959354661485108,0.8740797638893127,0.7523126602172852,0.23953111469745636,0.25631090998649597,0.18808352947235107,0.21423524618148804,-2.290771264379039,-0.12176710367202759,-0.016779795289039612,-0.026151716709136963,0,0
case2,case2,real_csig,116,26.39625708143019,21.625094562927515,0.8909552097320557,0.7433895468711853,0.2194334864616394,0.27665722370147705,0.2051563858985901,0.23188352584838867,-4.771162518502674,-0.14756566286087036,-0.057223737239837646,-0.026727139949798584,0,0
case2,case2,real_csig,117,29.550429272625184,21.419485337662575,0.908348560333252,0.7920249700546265,0.23738908767700195,0.25768595933914185,0.22646689414978027,0.28859400749206543,-8.130943934962609,-0.11632359027862549,-0.020296871662139893,-0.062127113342285156,0,0
case2,case2,real_csig,118,34.79070034470776,27.79757348635315,0.9495381116867065,0.8802757859230042,0.21190114319324493,0.22483697533607483,0.24359315633773804,0.27339017391204834,-6.993126858354607,-0.06926232576370239,-0.012935832142829895,-0.029797017574310303,0,0
case2,case2,real_csig,119,30.450079046948847,25.6880906766842,0.9258877038955688,0.8571938276290894,0.22045022249221802,0.21595783531665802,0.2431069016456604,0.25238239765167236,-4.761988370264646,-0.06869387626647949,0.0044923871755599976,-0.009275496006011963,0,0
case2,case2,real_csig,120,27.336394951974686,25.491850995431328,0.8015226125717163,0.6940836310386658,0.27555790543556213,0.2710437476634979,0.25404131412506104,0.2528296113014221,-1.8445439565433581,-0.10743898153305054,0.004514157772064209,0.001211702823638916,0,0
case2,case2,real_csig,121,26.542680924149305,23.955451917920847,0.8176167011260986,0.6616079807281494,0.3881993293762207,0.3139522969722748,0.26627814769744873,0.22711676359176636,-2.5872290062284584,-0.15600872039794922,0.07424703240394592,0.03916138410568237,0,0
case2,case2,real_csig,122,27.41675877200159,24.21859927843962,0.7464374899864197,0.48444420099258423,0.6124007701873779,0.596854567527771,0.3673103451728821,0.31435418128967285,-3.1981594935619704,-0.26199328899383545,0.015546202659606934,0.05295616388320923,0,0
case2,case2,real_csig,123,26.08721726846859,25.256390761467703,0.7703080773353577,0.6346375942230225,0.4378548860549927,0.372414231300354,0.2910447120666504,0.24177241325378418,-0.8308265070008858,-0.1356704831123352,0.06544065475463867,0.04927229881286621,0,0
case2,case2,real_csig,124,24.29537190045221,22.925759853340793,0.7427883148193359,0.6342467069625854,0.3795883059501648,0.34228944778442383,0.2621500492095947,0.2775146961212158,-1.369612047111417,-0.10854160785675049,0.03729885816574097,-0.015364646911621094,0,0
case2,case2,real_csig,125,26.837006891402616,22.97689674032624,0.805670440196991,0.685683012008667,0.37105289101600647,0.38133132457733154,0.2745550870895386,0.2831573486328125,-3.860110151076377,-0.11998742818832397,-0.010278433561325073,-0.008602261543273926,0,0
case2,case2,real_csig,126,24.789145827049033,22.329944777698877,0.8747659921646118,0.7636781334877014,0.2730258107185364,0.2391507923603058,0.23121583461761475,0.24223315715789795,-2.459201049350156,-0.1110878586769104,0.03387501835823059,-0.011017322540283203,0,0
case2,case2,real_csig,127,23.7273469067522,21.46876734237814,0.8543682098388672,0.7475264072418213,0.24608376622200012,0.23441363871097565,0.19010895490646362,0.23345082998275757,-2.2585795643740596,-0.1068418025970459,0.011670127511024475,-0.043341875076293945,0,0
case2,case2,real_csig,128,24.477417428693684,20.456569900834708,0.843822717666626,0.72159343957901,0.28678253293037415,0.2691050171852112,0.1981157660484314,0.23506063222885132,-4.020847527858976,-0.12222927808761597,0.017677515745162964,-0.03694486618041992,0,0
case2,case2,real_csig,129,33.75575043047431,24.32167015257913,0.9344944357872009,0.8406758904457092,0.2178909182548523,0.263299822807312,0.24621295928955078,0.2771507501602173,-9.434080277895177,-0.0938185453414917,-0.04540890455245972,-0.030937790870666504,0,0
case2,case2,real_csig,130,34.854376319735756,27.5067068869893,0.9501830339431763,0.8816347122192383,0.21397633850574493,0.24000832438468933,0.23397856950759888,0.2514148950576782,-7.347669432746457,-0.06854832172393799,-0.026031985878944397,-0.017436325550079346,0,0
case2,case2,real_csig,131,34.61540775175597,29.64564381722726,0.9436507225036621,0.891974925994873,0.22573113441467285,0.20608028769493103,0.25258636474609375,0.23620444536209106,-4.969763934528707,-0.05167579650878906,0.01965084671974182,0.016381919384002686,0,0
case2,case2,real_csig,132,29.131521847703286,24.602412251124107,0.7892171740531921,0.6874727010726929,0.3359832167625427,0.3300434947013855,0.26756900548934937,0.2948911190032959,-4.529109596579179,-0.10174447298049927,0.0059397220611572266,-0.027322113513946533,0,0
case2,case2,real_csig,133,25.23322339706281,23.308841188074414,0.7752930521965027,0.622748851776123,0.39480745792388916,0.3366228938102722,0.27425533533096313,0.23869657516479492,-1.9243822089883977,-0.15254420042037964,0.05818456411361694,0.03555876016616821,0,0
case2,case2,real_csig,134,27.497910224941545,23.586115702840715,0.7470177412033081,0.48096802830696106,0.5994916558265686,0.5921636819839478,0.35049355030059814,0.330355167388916,-3.9117945221008306,-0.26604971289634705,0.00732797384262085,0.02013838291168213,0,0
case2,case2,real_csig,135,27.122954172773625,24.417478922952288,0.7742542028427124,0.5413128733634949,0.4510200321674347,0.412790447473526,0.2953576445579529,0.2586612105369568,-2.705475249821337,-0.23294132947921753,0.03822958469390869,0.036696434020996094,0,0
case2,case2,real_csig,136,27.322259803644613,23.483896012742946,0.7789106369018555,0.554587721824646,0.4203419089317322,0.4626595377922058,0.297878623008728,0.2878437638282776,-3.838363790901667,-0.22432291507720947,-0.04231762886047363,0.01003485918045044,0,0
case2,case2,real_csig,137,27.348301846400133,22.903140075375937,0.8222413063049316,0.710393488407135,0.3525719940662384,0.3826215863227844,0.2877388596534729,0.29886943101882935,-4.445161771024196,-0.11184781789779663,-0.03004959225654602,-0.011130571365356445,0,0
case2,case2,real_csig,138,26.943264518990553,24.902542747736426,0.8908320665359497,0.8217020034790039,0.24982787668704987,0.2198726385831833,0.22974300384521484,0.24425417184829712,-2.040721771254127,-0.0691300630569458,0.029955238103866577,-0.014511168003082275,0,0
case2,case2,real_csig,139,25.537646491104464,23.14128357216584,0.8808501958847046,0.8038514852523804,0.23863166570663452,0.23660694062709808,0.20839613676071167,0.23354071378707886,-2.3963629189386246,-0.07699871063232422,0.002024725079536438,-0.025144577026367188,0,0
case2,case2,real_csig,140,25.85089874806295,21.413651604745006,0.8581506609916687,0.74066162109375,0.27178308367729187,0.2916514277458191,0.20976883172988892,0.2476649284362793,-4.4372471433179435,-0.1174890398979187,-0.01986834406852722,-0.03789609670639038,0,0
case2,case2,real_csig,141,29.57327053343679,25.09207116942211,0.8681155443191528,0.7765113115310669,0.2702949345111847,0.2791079878807068,0.21878492832183838,0.2502219080924988,-4.481199364014682,-0.09160423278808594,-0.008813053369522095,-0.0314369797706604,0,0
case2,case2,real_csig,142,28.668140761039712,24.418920483932677,0.8886396288871765,0.7587243914604187,0.19718562066555023,0.24559497833251953,0.19328463077545166,0.23808014392852783,-4.249220277107035,-0.1299152374267578,-0.0484093576669693,-0.04479551315307617,0,0
case2,case2,real_csig,143,30.277210864461424,26.534593579836752,0.8999040722846985,0.801057755947113,0.20156025886535645,0.21574464440345764,0.20919448137283325,0.22208809852600098,-3.7426172846246715,-0.09884631633758545,-0.014184385538101196,-0.012893617153167725,0,0
case2,case2,real_csig,144,31.961529207520726,29.870454856957366,0.8979915380477905,0.8575000762939453,0.3662649095058441,0.3115728199481964,0.28467684984207153,0.28665482997894287,-2.0910743505633604,-0.040491461753845215,0.054692089557647705,-0.001977980136871338,0,0
case2,case2,real_csig,145,30.63400317854078,26.37816738837227,0.8563450574874878,0.74346524477005,0.3842415511608124,0.34598273038864136,0.28620439767837524,0.25330275297164917,-4.255835790168511,-0.11287981271743774,0.03825882077217102,0.032901644706726074,0,0
case2,case2,real_csig,146,29.777568212785816,25.618695725176075,0.8321888446807861,0.6524770259857178,0.5164989829063416,0.4560127258300781,0.3464025855064392,0.31230783462524414,-4.158872487609742,-0.17971181869506836,0.06048625707626343,0.03409475088119507,0,0
case2,case2,real_csig,147,25.71856552892671,23.8349393875095,0.7415040731430054,0.5408737063407898,0.45690035820007324,0.40932416915893555,0.29124993085861206,0.2664329409599304,-1.88362614141721,-0.20063036680221558,0.047576189041137695,0.02481698989868164,0,0
case2,case2,real_csig,148,30.69617337187796,25.66438851376472,0.7989887595176697,0.570794403553009,0.4507230520248413,0.5463392734527588,0.31606537103652954,0.32252365350723267,-5.031784858113241,-0.22819435596466064,-0.09561622142791748,-0.006458282470703125,0,0
case2,case2,real_csig,149,30.622996186095463,23.666532263315425,0.8681505918502808,0.7547334432601929,0.33670783042907715,0.3759021759033203,0.28035688400268555,0.2727089524269104,-6.9564639227800384,-0.11341714859008789,-0.039194345474243164,0.0076479315757751465,0,0
case2,case2,real_csig,150,31.057964879210196,28.35386681879433,0.9306380152702332,0.8811729550361633,0.21982009708881378,0.2376055121421814,0.23233842849731445,0.2553231716156006,-2.704098060415866,-0.049465060234069824,-0.017785415053367615,-0.022984743118286133,0,0
case2,case2,real_csig,151,30.165280752329235,26.9390551487343,0.9234208464622498,0.8593083024024963,0.2149520367383957,0.27225732803344727,0.22522610425949097,0.26968657970428467,-3.2262256035949335,-0.06411254405975342,-0.057305291295051575,-0.0444604754447937,0,0
case2,case2,real_csig,152,28.615619199724502,21.726875683946272,0.9048312902450562,0.7811208367347717,0.24070364236831665,0.3323970437049866,0.2279641032218933,0.24117952585220337,-6.888743515778231,-0.12371045351028442,-0.09169340133666992,-0.013215422630310059,0,0
case2,case2,real_csig,153,35.14625319481332,23.802213025505527,0.9413450360298157,0.8493719696998596,0.2228800505399704,0.27926045656204224,0.23828911781311035,0.2502713203430176,-11.344040169307792,-0.09197306632995605,-0.05638040602207184,-0.011982202529907227,0,0
case2,case2,real_csig,154,36.10081893650421,25.323051110382792,0.9494350552558899,0.8724347352981567,0.2174837291240692,0.2517804801464081,0.23341912031173706,0.23188483715057373,-10.77776782612142,-0.07700031995773315,-0.03429675102233887,0.00153428316116333,0,0
case2,case2,real_csig,155,36.008955210306446,25.21823392300216,0.9463091492652893,0.8683874011039734,0.23314811289310455,0.24348634481430054,0.25778698921203613,0.24763250350952148,-10.790721287304287,-0.07792174816131592,-0.010338231921195984,0.010154485702514648,0,0
case2,case2,real_csig,156,34.223490265184104,33.87207065114603,0.9260024428367615,0.8960533142089844,0.2984132170677185,0.256389856338501,0.2583218812942505,0.2825651168823242,-0.35141961403807187,-0.0299491286277771,0.04202336072921753,-0.02424323558807373,0,0
case2,case2,real_csig,157,31.246775317091284,28.224064868946495,0.8349390625953674,0.7171609401702881,0.5012615323066711,0.41499441862106323,0.3050217032432556,0.2730397582054138,-3.022710448144789,-0.11777812242507935,0.08626711368560791,0.0319819450378418,0,0
case2,case2,real_csig,158,29.064916615045483,26.392213626933664,0.8169335722923279,0.7082705497741699,0.5371814966201782,0.4450953006744385,0.3315211534500122,0.28637224435806274,-2.672702988111819,-0.10866302251815796,0.09208619594573975,0.04514890909194946,0,0
case2,case2,real_csig,159,25.151336268781712,25.04893030336393,0.7330624461174011,0.6660149693489075,0.46995556354522705,0.3267838954925537,0.3019888401031494,0.25013619661331177,-0.10240596541778046,-0.06704747676849365,0.14317166805267334,0.051852643489837646,0,0
case2,case2,real_csig,160,26.209576927967213,23.277348110176597,0.7103554010391235,0.5985080003738403,0.48201191425323486,0.39055562019348145,0.3149822950363159,0.27260470390319824,-2.932228817790616,-0.1118474006652832,0.09145629405975342,0.042377591133117676,0,0
case2,case2,real_csig,161,26.59688066094841,22.036256146705945,0.8355236053466797,0.713349461555481,0.35270655155181885,0.34267324209213257,0.26125532388687134,0.2494809627532959,-4.560624514242466,-0.12217414379119873,0.01003330945968628,0.01177436113357544,0,0
case2,case2,real_csig,162,26.511200518833178,24.336637741281677,0.8977832198143005,0.8189700245857239,0.2217109501361847,0.2277822196483612,0.1968274712562561,0.22125399112701416,-2.1745627775515004,-0.07881319522857666,-0.006071269512176514,-0.024426519870758057,0,0
case2,case2,real_csig,163,25.482203300244286,23.281910200093712,0.8753626942634583,0.7982320189476013,0.21625718474388123,0.2150154709815979,0.17686676979064941,0.2179853916168213,-2.2002931001505743,-0.07713067531585693,0.0012417137622833252,-0.041118621826171875,0,0
case2,case2,real_csig,164,25.710770735088563,19.960461633273606,0.8684895634651184,0.7287684679031372,0.23998284339904785,0.30284157395362854,0.1970391869544983,0.2420792579650879,-5.750309101814956,-0.1397210955619812,-0.06285873055458069,-0.0450400710105896,0,0
case2,case2,real_csig,165,34.40578215256858,22.32877071632594,0.9397292733192444,0.8339784145355225,0.2261553704738617,0.30809861421585083,0.2147970199584961,0.26877498626708984,-12.077011436242636,-0.10575085878372192,-0.08194324374198914,-0.05397796630859375,0,0
case2,case2,real_csig,166,35.461608826132846,23.568556994770713,0.9495803117752075,0.8535906076431274,0.2184435874223709,0.27543866634368896,0.24258887767791748,0.2726985216140747,-11.893051831362133,-0.09598970413208008,-0.056995078921318054,-0.030109643936157227,0,0
case2,case2,real_csig,167,33.89301002431255,21.922887204926177,0.9446002840995789,0.8426222801208496,0.22634465992450714,0.2827911376953125,0.24374037981033325,0.27768075466156006,-11.970122819386376,-0.10197800397872925,-0.05644647777080536,-0.03394037485122681,0,0
case2,case2,real_csig,168,38.44851728164869,31.854233349411956,0.9481197595596313,0.9046429991722107,0.2541366517543793,0.2494937777519226,0.23627102375030518,0.26110899448394775,-6.594283932236735,-0.043476760387420654,0.004642874002456665,-0.024837970733642578,0,0
case2,case2,real_csig,169,28.61943130518374,26.624603813155765,0.7689693570137024,0.6200007796287537,0.5342893004417419,0.4048509895801544,0.3161231279373169,0.27080971002578735,-1.994827492027973,-0.14896857738494873,0.12943831086158752,0.04531341791152954,0,0
case2,case2,real_csig,170,31.986686099228024,29.970055555026782,0.8603402376174927,0.8133826851844788,0.4885331094264984,0.43622130155563354,0.34226030111312866,0.287921667098999,-2.0166305442012415,-0.046957552433013916,0.05231180787086487,0.05433863401412964,0,0
case2,case2,real_csig,171,25.786451324027166,25.780407876685942,0.7390016317367554,0.7078529000282288,0.4602541923522949,0.3463228642940521,0.31202489137649536,0.2717667818069458,-0.00604344734122364,-0.03114873170852661,0.1139313280582428,0.04025810956954956,0,0
case2,case2,real_csig,172,26.96394405972874,22.257693345659444,0.7061638236045837,0.5589136481285095,0.5287531018257141,0.4696190357208252,0.3338158130645752,0.27773571014404297,-4.706250714069295,-0.14725017547607422,0.059134066104888916,0.05608010292053223,0,0
case2,case2,real_csig,173,26.383228120257066,20.362065300326222,0.8323899507522583,0.6315919756889343,0.3729039430618286,0.40021055936813354,0.26457661390304565,0.28170710802078247,-6.021162819930844,-0.20079797506332397,-0.02730661630630493,-0.017130494117736816,0,0
case2,case2,real_csig,174,25.99691957347424,22.492423410535004,0.8853996396064758,0.7888494729995728,0.2407570630311966,0.22810235619544983,0.21977871656417847,0.21756142377853394,-3.504496162939237,-0.09655016660690308,0.012654706835746765,0.0022172927856445312,0,0
case2,case2,real_csig,175,24.652199986995758,21.88632369427085,0.8575679063796997,0.7646312117576599,0.25207579135894775,0.2401500642299652,0.20822513103485107,0.22805798053741455,-2.765876292724908,-0.0929366946220398,0.011925727128982544,-0.019832849502563477,0,0
case2,case2,real_csig,176,28.13525114796116,20.73391602185825,0.8973132371902466,0.7517163157463074,0.26146575808525085,0.32094475626945496,0.2353188395500183,0.2606998682022095,-7.401335126102911,-0.1455969214439392,-0.0594789981842041,-0.025381028652191162,0,0
case2,case2,real_csig,177,31.712395302246556,21.534433546553956,0.9212627410888672,0.8056445717811584,0.2382892221212387,0.3079659938812256,0.24408036470413208,0.29380303621292114,-10.1779617556926,-0.11561816930770874,-0.06967677175998688,-0.04972267150878906,0,0
case2,case2,real_csig,178,33.09267187408729,22.20076154233702,0.9378699660301208,0.8268067240715027,0.22048017382621765,0.29427921772003174,0.24551928043365479,0.32011348009109497,-10.891910331750267,-0.11106324195861816,-0.07379904389381409,-0.07459419965744019,0,0
case2,case2,real_csig,179,31.661754705257792,20.654082176283445,0.9353668093681335,0.8125970959663391,0.23177960515022278,0.30780893564224243,0.254011869430542,0.30007821321487427,-11.007672528974346,-0.12276971340179443,-0.07602933049201965,-0.046066343784332275,0,0
case2,case2,real_csig,180,36.351893136959504,27.901568745981265,0.941832959651947,0.8697713613510132,0.2723245918750763,0.2827487289905548,0.2607495188713074,0.29658788442611694,-8.450324390978238,-0.07206159830093384,-0.010424137115478516,-0.03583836555480957,0,0
case2,case2,real_csig,181,29.712913852499035,26.079014775507808,0.7948197722434998,0.6213721036911011,0.5218432545661926,0.4661564826965332,0.31146955490112305,0.31264549493789673,-3.633899076991227,-0.17344766855239868,0.055686771869659424,-0.0011759400367736816,0,0
case2,case2,real_csig,182,35.27711527579171,32.16889899767433,0.8852315545082092,0.8457964658737183,0.4513143301010132,0.4287009835243225,0.3221171498298645,0.3055640459060669,-3.108216278117375,-0.03943508863449097,0.022613346576690674,0.016553103923797607,0,0
case2,case2,real_csig,183,28.431826748131094,27.711099213963188,0.7451016902923584,0.6805518269538879,0.501075804233551,0.4208945333957672,0.3246978521347046,0.2996941804885864,-0.7207275341679065,-0.06454986333847046,0.08018127083778381,0.025003671646118164,0,0
case2,case2,real_csig,184,27.83805598563802,21.62218817519029,0.6966462135314941,0.4668149948120117,0.5281007885932922,0.5718966126441956,0.3102048635482788,0.3046717047691345,-6.215867810447733,-0.22983121871948242,-0.04379582405090332,0.005533158779144287,0,0
case2,case2,real_csig,185,27.830941062621875,19.97845403071656,0.8510987162590027,0.6025381088256836,0.36285239458084106,0.43058982491493225,0.26942211389541626,0.29340463876724243,-7.852487031905316,-0.2485606074333191,-0.06773743033409119,-0.023982524871826172,0,0
case2,case2,real_csig,186,29.309363550325138,24.9913808605376,0.8970321416854858,0.7890160083770752,0.30125221610069275,0.30655866861343384,0.29563939571380615,0.26807546615600586,-4.317982689787538,-0.10801613330841064,-0.005306452512741089,0.027563929557800293,0,0
case2,case2,real_csig,187,27.252663733023333,24.853636950439416,0.8701627850532532,0.7578227519989014,0.305643767118454,0.3120315372943878,0.24993199110031128,0.28401023149490356,-2.399026782583917,-0.1123400330543518,-0.006387770175933838,-0.034078240394592285,0,0
case2,case2,real_csig,188,29.11602988163429,20.772698649873178,0.8885719776153564,0.7221000790596008,0.263298362493515,0.37419384717941284,0.24148541688919067,0.275560200214386,-8.343331231761113,-0.16647189855575562,-0.11089548468589783,-0.03407478332519531,0,0
case2,case2,real_csig,189,28.595371742453196,19.375932555884795,0.8891553282737732,0.7520819306373596,0.26484212279319763,0.31751999258995056,0.224967360496521,0.30935829877853394,-9.219439186568401,-0.13707339763641357,-0.05267786979675293,-0.08439093828201294,0,0
case2,case2,real_csig,190,28.81847715189641,20.17555830783481,0.8995105028152466,0.7742927074432373,0.25967875123023987,0.31394925713539124,0.23187565803527832,0.3136036992073059,-8.642918844061601,-0.12521779537200928,-0.05427050590515137,-0.08172804117202759,0,0
case2,case2,real_csig,191,29.88217480717839,20.161366185326152,0.9092431664466858,0.7761820554733276,0.252888023853302,0.3125912547111511,0.2577401399612427,0.3084453344345093,-9.720808621852239,-0.13306111097335815,-0.05970323085784912,-0.0507051944732666,0,0
case3,case3,real_csig,0,44.91854961480322,39.73584182056307,0.9819769859313965,0.9317719340324402,0.15501412749290466,0.32435277104377747,0.17074912786483765,0.21700644493103027,-5.182707794240152,-0.0502050518989563,-0.1693386435508728,-0.04625731706619263,0,0
case3,case3,real_csig,1,45.21530009046717,39.04401980425508,0.9843479990959167,0.9274700880050659,0.12773646414279938,0.36364537477493286,0.16379505395889282,0.20651918649673462,-6.171280286212088,-0.05687791109085083,-0.23590891063213348,-0.0427241325378418,0,0
case3,case3,real_csig,2,46.087930835387006,33.46786115325813,0.987723708152771,0.7997971177101135,0.09607221186161041,0.5307446718215942,0.16221952438354492,0.2290857434272766,-12.620069682128879,-0.18792659044265747,-0.4346724599599838,-0.06686621904373169,0,0
case3,case3,real_csig,3,47.28483575765354,34.38499777262614,0.9915895462036133,0.7978320717811584,0.05181531608104706,0.4901844561100006,0.12345647811889648,0.26496708393096924,-12.899837985027396,-0.19375747442245483,-0.43836914002895355,-0.14151060581207275,0,0
case3,case3,real_csig,4,47.12473348678018,40.091313340783714,0.9910463690757751,0.9343700408935547,0.046738579869270325,0.3238672614097595,0.11433351039886475,0.227414071559906,-7.033420145996466,-0.05667632818222046,-0.2771286815404892,-0.11308056116104126,0,0
case3,case3,real_csig,5,47.17666161585805,39.92415933363239,0.9912562966346741,0.9308634996414185,0.047269366681575775,0.3309672772884369,0.10717087984085083,0.2342280149459839,-7.252502282225663,-0.060392796993255615,-0.2836979106068611,-0.12705713510513306,0,0
case3,case3,real_csig,6,46.56907032932244,38.00657326810999,0.9900869727134705,0.9226828813552856,0.06028216332197189,0.40459972620010376,0.13454943895339966,0.24437832832336426,-8.562497061212454,-0.06740409135818481,-0.34431756287813187,-0.1098288893699646,0,0
case3,case3,real_csig,7,46.81612191262937,39.388354033233,0.9913678169250488,0.9299005270004272,0.04064125940203667,0.3586536943912506,0.11981809139251709,0.2363840937614441,-7.42776787939637,-0.06146728992462158,-0.31801243498921394,-0.116566002368927,0,0
case3,case3,real_csig,8,47.25431051745119,40.66603602883453,0.9914478659629822,0.9474503397941589,0.04152079299092293,0.2803250253200531,0.11175334453582764,0.22973906993865967,-6.588274488616655,-0.04399752616882324,-0.23880423232913017,-0.11798572540283203,0,0
case3,case3,real_csig,9,47.00833381762435,40.524324710831195,0.9914653897285461,0.9524335265159607,0.04086797311902046,0.2948744595050812,0.11698007583618164,0.31625115871429443,-6.4840091067931525,-0.03903186321258545,-0.2540064863860607,-0.1992710828781128,0,0
case3,case3,real_csig,10,46.388781629981544,35.17862916807918,0.9901121854782104,0.8967376947402954,0.06540247052907944,0.4897078275680542,0.1343696117401123,0.22773438692092896,-11.21015246190236,-0.09337449073791504,-0.42430535703897476,-0.09336477518081665,0,0
case3,case3,real_csig,11,46.64212752236304,37.886054749144044,0.9908226728439331,0.9074748158454895,0.05106067284941673,0.38503414392471313,0.128193199634552,0.237096905708313,-8.756072773218996,-0.0833478569984436,-0.3339734710752964,-0.10890370607376099,0,0
case3,case3,real_csig,12,46.54572962207155,39.48419797992295,0.9898616671562195,0.9382719397544861,0.06521151959896088,0.3425498604774475,0.12815731763839722,0.21874147653579712,-7.061531642148594,-0.0515897274017334,-0.27733834087848663,-0.0905841588973999,0,0
case3,case3,real_csig,13,46.91532845489685,37.76433201562654,0.9904260635375977,0.9065280556678772,0.05387817695736885,0.3896557688713074,0.12137210369110107,0.2362149953842163,-9.150996439270308,-0.08389800786972046,-0.3357775919139385,-0.11484289169311523,0,0
case3,case3,real_csig,14,46.95715456885299,36.768290187190445,0.9903174042701721,0.852135419845581,0.06130683049559593,0.4706026315689087,0.11590641736984253,0.2551506757736206,-10.188864381662547,-0.13818198442459106,-0.40929580107331276,-0.13924425840377808,0,0
case3,case3,real_csig,15,47.100672885926336,37.17966298453051,0.9902575612068176,0.8538554310798645,0.07026702910661697,0.45296773314476013,0.11731815338134766,0.26932311058044434,-9.921009901395827,-0.13640213012695312,-0.38270070403814316,-0.15200495719909668,0,0
case3,case3,real_csig,16,44.29160365996534,37.103437353197826,0.98177170753479,0.9259124994277954,0.14518442749977112,0.33017706871032715,0.16782158613204956,0.2574930191040039,-7.1881663067675134,-0.05585920810699463,-0.18499264121055603,-0.08967143297195435,0,0
case3,case3,real_csig,17,45.39262256614173,33.596315420866446,0.9858454465866089,0.8939476609230042,0.11227373033761978,0.36635443568229675,0.1829478144645691,0.28584349155426025,-11.796307145275286,-0.09189778566360474,-0.25408070534467697,-0.10289567708969116,0,0
case3,case3,real_csig,18,46.90935507777677,33.79889483039055,0.9907474517822266,0.8278809189796448,0.05843595415353775,0.5018706917762756,0.15228205919265747,0.3051365613937378,-13.110460247386222,-0.1628665328025818,-0.4434347376227379,-0.15285450220108032,0,0
case3,case3,real_csig,19,46.61779942544374,34.38876350597845,0.9901915788650513,0.8445550799369812,0.056933797895908356,0.47985848784446716,0.13515466451644897,0.2631041407585144,-12.22903591946529,-0.14563649892807007,-0.4229246899485588,-0.12794947624206543,0,0
case3,case3,real_csig,20,45.42594532670384,38.31260307180589,0.9870672821998596,0.9250100255012512,0.07358508557081223,0.36152341961860657,0.13617104291915894,0.2865194082260132,-7.113342254897951,-0.0620572566986084,-0.28793833404779434,-0.15034836530685425,0,0
case3,case3,real_csig,21,47.08012535000452,39.115535207457455,0.991534411907196,0.9286873936653137,0.04705435782670975,0.3533300459384918,0.11600995063781738,0.23948663473129272,-7.964590142547067,-0.06284701824188232,-0.3062756881117821,-0.12347668409347534,0,0
case3,case3,real_csig,22,46.641469058593174,34.484721373282525,0.9903337359428406,0.859582781791687,0.05418962240219116,0.44895368814468384,0.128168523311615,0.27863895893096924,-12.156747685310648,-0.13075095415115356,-0.3947640657424927,-0.15047043561935425,0,0
case3,case3,real_csig,23,46.39449449344508,34.65283493478091,0.9901392459869385,0.8618472218513489,0.05522092804312706,0.4389342963695526,0.14370131492614746,0.2727283835411072,-11.741659558664168,-0.1282920241355896,-0.38371336832642555,-0.12902706861495972,0,0
case3,case3,real_csig,24,46.47817167849753,39.631624449183306,0.990484356880188,0.944544792175293,0.050608716905117035,0.3056096136569977,0.12581026554107666,0.2276741862297058,-6.8465472293142255,-0.04593956470489502,-0.25500089675188065,-0.10186392068862915,0,0
case3,case3,real_csig,25,46.23285409404104,37.99187647685012,0.9902164936065674,0.9174911975860596,0.05379150062799454,0.374318391084671,0.13579827547073364,0.23672223091125488,-8.240977617190914,-0.07272529602050781,-0.3205268904566765,-0.10092395544052124,0,0
case3,case3,real_csig,26,46.51854972671191,36.58460794689678,0.990959107875824,0.8829314708709717,0.043991848826408386,0.4484885334968567,0.12134599685668945,0.24423766136169434,-9.933941779815129,-0.1080276370048523,-0.4044966846704483,-0.12289166450500488,0,0
case3,case3,real_csig,27,46.87277685713036,37.02474760219261,0.9909942150115967,0.9095352292060852,0.043440185487270355,0.3895823359489441,0.11622607707977295,0.23112398386001587,-9.84802925493775,-0.08145898580551147,-0.34614215046167374,-0.11489790678024292,0,0
case3,case3,real_csig,28,47.507724093861086,40.35553583644618,0.9917038083076477,0.9456595778465271,0.034415096044540405,0.32199710607528687,0.1115497350692749,0.29521989822387695,-7.152188257414906,-0.046044230461120605,-0.28758201003074646,-0.18367016315460205,0,0
case3,case3,real_csig,29,47.28630856179889,39.52388763842756,0.991497278213501,0.9261619448661804,0.045330148190259933,0.346823126077652,0.10611379146575928,0.23740440607070923,-7.76242092337133,-0.06533533334732056,-0.30149297788739204,-0.13129061460494995,0,0
case3,case3,real_csig,30,47.09492647550074,38.41817935871194,0.9913973212242126,0.9012683033943176,0.04972662404179573,0.37436914443969727,0.12696808576583862,0.2602810263633728,-8.676747116788803,-0.09012901782989502,-0.32464252039790154,-0.13331294059753418,0,0
case3,case3,real_csig,31,47.410981019046346,38.7442919844447,0.9909054636955261,0.8976117968559265,0.06382343918085098,0.3843855857849121,0.1196562647819519,0.26318854093551636,-8.666689034601646,-0.09329366683959961,-0.3205621466040611,-0.14353227615356445,0,0
case3,case3,real_csig,32,45.167386435667666,37.00532065876074,0.9857144355773926,0.9089474678039551,0.10117300599813461,0.3312443196773529,0.16619110107421875,0.23830246925354004,-8.162065776906928,-0.0767669677734375,-0.2300713136792183,-0.07211136817932129,0,0
case3,case3,real_csig,33,45.690853202652484,34.24344285141712,0.9875835180282593,0.8813864588737488,0.0780181884765625,0.37940067052841187,0.1545833945274353,0.279430091381073,-11.447410351235362,-0.1061970591545105,-0.30138248205184937,-0.1248466968536377,0,0
case3,case3,real_csig,34,45.414702936307364,31.507241649467627,0.9866176247596741,0.8134120106697083,0.10596602410078049,0.4876059889793396,0.15694200992584229,0.37608253955841064,-13.907461286839737,-0.17320561408996582,-0.3816399648785591,-0.21914052963256836,0,0
case3,case3,real_csig,35,46.03176856488873,34.19522204671029,0.9885896444320679,0.8764984607696533,0.07371862232685089,0.3920550048351288,0.13862526416778564,0.26516246795654297,-11.836546518178437,-0.11209118366241455,-0.3183363825082779,-0.12653720378875732,0,0
case3,case3,real_csig,36,46.39339869887699,38.004519415222155,0.9906708598136902,0.9185216426849365,0.04778571426868439,0.3703305423259735,0.13781458139419556,0.2532229423522949,-8.388879283654838,-0.07214921712875366,-0.3225448280572891,-0.11540836095809937,0,0
case3,case3,real_csig,37,46.739751551707904,39.12419529170207,0.990774393081665,0.9232954978942871,0.05324822664260864,0.3393142521381378,0.12289732694625854,0.24244976043701172,-7.615556260005832,-0.06747889518737793,-0.2860660254955292,-0.11955243349075317,0,0
case3,case3,real_csig,38,46.665378741731374,32.462235112432,0.9904428720474243,0.8482705950737,0.050147153437137604,0.45385172963142395,0.11613768339157104,0.29744982719421387,-14.203143629299376,-0.14217227697372437,-0.40370457619428635,-0.18131214380264282,0,0
case3,case3,real_csig,39,46.22665158695384,33.97349414323305,0.9901794195175171,0.8755335807800293,0.04678864777088165,0.39903688430786133,0.12879586219787598,0.28663355112075806,-12.253157443720795,-0.11464583873748779,-0.3522482365369797,-0.15783768892288208,0,0
case3,case3,real_csig,40,46.6543428673933,39.99601205666902,0.9900165796279907,0.9515420794487,0.04584301635622978,0.27574262022972107,0.1190832257270813,0.21602606773376465,-6.65833081072428,-0.03847450017929077,-0.2298996038734913,-0.09694284200668335,0,0
case3,case3,real_csig,41,42.413347189679115,34.43543778685176,0.9872341156005859,0.9322720170021057,0.04968775808811188,0.2946121394634247,0.16756391525268555,0.25650882720947266,-7.977909402827358,-0.054962098598480225,-0.2449243813753128,-0.08894491195678711,0,0
case3,case3,real_csig,42,48.08000912394548,39.803802873406596,0.9931178092956543,0.9308251142501831,0.038441628217697144,0.2965867519378662,0.09166347980499268,0.23759245872497559,-8.276206250538884,-0.06229269504547119,-0.25814512372016907,-0.1459289789199829,0,0
case3,case3,real_csig,43,47.01102986816535,38.14219455427902,0.9915545582771301,0.9212796092033386,0.03968728333711624,0.3656052350997925,0.10348886251449585,0.234544038772583,-8.86883531388633,-0.0702749490737915,-0.32591795176267624,-0.13105517625808716,0,0
case3,case3,real_csig,44,47.4116735468545,34.674413597909336,0.9916645884513855,0.8482570052146912,0.042381588369607925,0.4698399305343628,0.10441696643829346,0.25385570526123047,-12.737259948945166,-0.14340758323669434,-0.42745834216475487,-0.149438738822937,0,0
case3,case3,real_csig,45,46.965659561425,35.70929569224523,0.9909719228744507,0.8541339635848999,0.04571777582168579,0.45067328214645386,0.11622315645217896,0.24219053983688354,-11.256363869179772,-0.13683795928955078,-0.40495550632476807,-0.1259673833847046,0,0
case3,case3,real_csig,46,45.51886004753549,38.38152482010361,0.9865213632583618,0.9115374088287354,0.08353618532419205,0.3571934103965759,0.1305047869682312,0.21448779106140137,-7.137335227431883,-0.07498395442962646,-0.2736572250723839,-0.08398300409317017,0,0
case3,case3,real_csig,47,45.0849421948366,37.58135064534598,0.9841095805168152,0.9053735136985779,0.11226159334182739,0.36554503440856934,0.14679574966430664,0.20524370670318604,-7.503591549490622,-0.0787360668182373,-0.25328344106674194,-0.058447957038879395,0,0
case3,case3,real_csig,48,45.670146566632994,29.30211892025461,0.9873208403587341,0.7642806768417358,0.11184443533420563,0.5881564021110535,0.14877736568450928,0.28921347856521606,-16.368027646378383,-0.2230401635169983,-0.47631196677684784,-0.1404361128807068,0,0
case3,case3,real_csig,49,46.1808712045285,32.121089156628386,0.9895908236503601,0.7464562654495239,0.07502883672714233,0.552429735660553,0.1418430209159851,0.30757033824920654,-14.059782047900114,-0.24313455820083618,-0.47740089893341064,-0.16572731733322144,0,0
case3,case3,real_csig,50,45.87158058920997,31.41693233589702,0.9888113141059875,0.8011941313743591,0.06541381776332855,0.4817216992378235,0.14701849222183228,0.3161316514015198,-14.45464825331295,-0.18761718273162842,-0.41630788147449493,-0.1691131591796875,0,0
case3,case3,real_csig,51,45.7657794148837,33.42474393894361,0.988727331161499,0.8570843935012817,0.07342325150966644,0.4317660629749298,0.1484084129333496,0.2981480360031128,-12.341035475940096,-0.13164293766021729,-0.35834281146526337,-0.14973962306976318,0,0
case3,case3,real_csig,52,46.48929806001509,34.16177049375496,0.9902725219726562,0.83717942237854,0.05380775034427643,0.4800228178501129,0.12620669603347778,0.28585541248321533,-12.32752756626013,-0.1530930995941162,-0.4262150675058365,-0.15964871644973755,0,0
case3,case3,real_csig,53,47.02972637203182,33.983083275989195,0.9918057322502136,0.8152782917022705,0.047867052257061005,0.4949786365032196,0.11158865690231323,0.2880345582962036,-13.046643096042622,-0.17652744054794312,-0.4471115842461586,-0.17644590139389038,0,0
case3,case3,real_csig,54,47.12706449765733,35.85424832597937,0.9923125505447388,0.8811091780662537,0.03672967851161957,0.38117876648902893,0.10050928592681885,0.2940981388092041,-11.27281617167796,-0.11120337247848511,-0.34444908797740936,-0.19358885288238525,0,0
case3,case3,real_csig,55,46.150551535202936,38.83493848233857,0.9901393055915833,0.94996178150177,0.04691905900835991,0.2695915102958679,0.13143950700759888,0.26098060607910156,-7.315613052864364,-0.04017752408981323,-0.222672451287508,-0.12954109907150269,0,0
case3,case3,real_csig,56,42.66029788625179,34.1561942529252,0.9797057509422302,0.9217565059661865,0.08765466511249542,0.24892780184745789,0.23632079362869263,0.27292829751968384,-8.504103633326594,-0.0579492449760437,-0.16127313673496246,-0.03660750389099121,0,0
case3,case3,real_csig,57,30.51223588737878,24.958896032570035,0.7891161441802979,0.62099289894104,0.4212454557418823,0.29256701469421387,0.2884320020675659,0.22204971313476562,-5.553339854808744,-0.1681232452392578,0.12867844104766846,0.06638228893280029,0,0
case3,case3,real_csig,58,30.922407754381794,25.128222233764973,0.8633526563644409,0.7202948927879333,0.19899466633796692,0.2197711169719696,0.20478469133377075,0.22620409727096558,-5.794185520616821,-0.14305776357650757,-0.020776450634002686,-0.021419405937194824,0,0
case3,case3,real_csig,59,41.46373957062355,34.50969587398127,0.9868988394737244,0.9274438619613647,0.04731152579188347,0.2853088676929474,0.17611658573150635,0.2400904893875122,-6.95404369664228,-0.05945497751235962,-0.23799734190106392,-0.06397390365600586,0,0
case3,case3,real_csig,60,47.07269172142489,36.11765377833299,0.9916972517967224,0.8517247438430786,0.04448803514242172,0.47467970848083496,0.11682742834091187,0.2638050317764282,-10.955037943091895,-0.1399725079536438,-0.43019167333841324,-0.14697760343551636,0,0
case3,case3,real_csig,61,47.402174963978126,35.27653020833885,0.9923316836357117,0.8165699243545532,0.040033549070358276,0.48199936747550964,0.10263067483901978,0.27010226249694824,-12.125644755639279,-0.17576175928115845,-0.44196581840515137,-0.16747158765792847,0,0
case3,case3,real_csig,62,47.766352521274456,37.22466705410932,0.9927452206611633,0.8812293410301208,0.03654764965176582,0.40310555696487427,0.1021152138710022,0.2705206274986267,-10.541685467165138,-0.11151587963104248,-0.36655790731310844,-0.1684054136276245,0,0
case3,case3,real_csig,63,46.24653087122573,38.86528722911213,0.9899789094924927,0.9285599589347839,0.06841391324996948,0.3579742908477783,0.12511932849884033,0.22209006547927856,-7.381243642113603,-0.06141895055770874,-0.28956037759780884,-0.09697073698043823,0,0
case3,case3,real_csig,64,44.96855646106337,30.91516596277914,0.9860759973526001,0.8178404569625854,0.10791058838367462,0.48142609000205994,0.14687544107437134,0.28272008895874023,-14.05339049828423,-0.16823554039001465,-0.3735155016183853,-0.1358446478843689,0,0
case3,case3,real_csig,65,45.922759253981795,32.77378995840509,0.9890315532684326,0.8124829530715942,0.07596062123775482,0.4998033046722412,0.1288694143295288,0.29746532440185547,-13.148969295576705,-0.17654860019683838,-0.4238426834344864,-0.16859591007232666,0,0
case3,case3,real_csig,66,45.239933399112935,30.134669708266316,0.9879577159881592,0.8407971858978271,0.06599128991365433,0.4240783452987671,0.1368151307106018,0.33009952306747437,-15.10526369084662,-0.14716053009033203,-0.35808705538511276,-0.19328439235687256,0,0
case3,case3,real_csig,67,46.43997607134186,35.75803392752799,0.9912734031677246,0.915803074836731,0.04688991233706474,0.34382256865501404,0.11970782279968262,0.32478857040405273,-10.68194214381387,-0.07547032833099365,-0.2969326563179493,-0.20508074760437012,0,0
case3,case3,real_csig,68,45.58105427730293,28.08411448406702,0.9895634651184082,0.7314146757125854,0.05382314324378967,0.595786452293396,0.1308947205543518,0.4151074290275574,-17.496939793235914,-0.25814878940582275,-0.5419633090496063,-0.28421270847320557,0,0
case3,case3,real_csig,69,44.70760709006511,24.744205306394484,0.9866126179695129,0.5747154951095581,0.0632610023021698,0.7639756798744202,0.12967050075531006,0.42075955867767334,-19.963401783670626,-0.41189712285995483,-0.7007146775722504,-0.2910890579223633,0,0
case3,case3,real_csig,70,45.237413848448334,28.732433662439977,0.9889598488807678,0.7900347709655762,0.05524112284183502,0.5376666784286499,0.1421295404434204,0.33583366870880127,-16.504980186008357,-0.19892507791519165,-0.4824255555868149,-0.19370412826538086,0,0
case3,case3,real_csig,71,46.09207296985619,39.47967237169558,0.9900093674659729,0.9594433307647705,0.05114210024476051,0.2484087496995926,0.1297404170036316,0.21943092346191406,-6.612400598160612,-0.030566036701202393,-0.19726664945483208,-0.08969050645828247,0,0
case3,case3,real_csig,72,41.506764873053285,31.34386210180505,0.9718806147575378,0.891636848449707,0.12552334368228912,0.20963729918003082,0.2813524007797241,0.27305418252944946,-10.162902771248234,-0.08024376630783081,-0.0841139554977417,0.008298218250274658,0,0
case3,case3,real_csig,73,34.070548641823706,28.9150799786947,0.8393542766571045,0.64701908826828,0.5110116004943848,0.29103830456733704,0.3238747715950012,0.22903430461883545,-5.155468663129007,-0.19233518838882446,0.21997329592704773,0.09484046697616577,0,0
case3,case3,real_csig,74,38.494394045754326,34.77519545140157,0.9804604053497314,0.9537397623062134,0.061920784413814545,0.1548887938261032,0.18783360719680786,0.2014339566230774,-3.719198594352754,-0.026720643043518066,-0.09296800941228867,-0.013600349426269531,0,0
case3,case3,real_csig,75,46.06398405080096,38.41794572031724,0.9904952645301819,0.946635901927948,0.037875108420848846,0.25914984941482544,0.1095205545425415,0.21698909997940063,-7.646038330483719,-0.04385936260223389,-0.2212747409939766,-0.10746854543685913,0,0
case3,case3,real_csig,76,45.6383123202926,37.901260319237885,0.9891926050186157,0.9296114444732666,0.05204218253493309,0.3319721221923828,0.1462395191192627,0.2695552706718445,-7.737052001054714,-0.05958116054534912,-0.2799299396574497,-0.12331575155258179,0,0
case3,case3,real_csig,77,47.32642944240724,37.57331739502287,0.9919442534446716,0.8921505212783813,0.04169565439224243,0.4002284109592438,0.10363614559173584,0.26058608293533325,-9.75311204738437,-0.09979373216629028,-0.35853275656700134,-0.1569499373435974,0,0
case3,case3,real_csig,78,45.76676619586348,35.50232495785207,0.9886153340339661,0.8990733623504639,0.05907859653234482,0.3890923261642456,0.12523776292800903,0.22652781009674072,-10.264441238011415,-0.0895419716835022,-0.3300137296319008,-0.10129004716873169,0,0
case3,case3,real_csig,79,45.59341352597467,37.88614244153573,0.9876396059989929,0.9388828277587891,0.0728985071182251,0.2957608103752136,0.1407698392868042,0.2322644591331482,-7.707271084438936,-0.04875677824020386,-0.22286230325698853,-0.091494619846344,0,0
case3,case3,real_csig,80,41.52900116143697,32.55053348355424,0.9778796434402466,0.9192566275596619,0.0742153748869896,0.16993363201618195,0.20012444257736206,0.23466354608535767,-8.978467677882733,-0.05862301588058472,-0.09571825712919235,-0.034539103507995605,0,0
case3,case3,real_csig,81,42.59823840309997,32.013603041672376,0.9817264080047607,0.9016915559768677,0.07343441247940063,0.27536463737487793,0.17159157991409302,0.3106846809387207,-10.584635361427594,-0.08003485202789307,-0.2019302248954773,-0.13909310102462769,0,0
case3,case3,real_csig,82,43.601135082824314,30.999552619865845,0.9836562871932983,0.8486329913139343,0.0795673280954361,0.4010811150074005,0.1611117720603943,0.4048539400100708,-12.601582462958469,-0.135023295879364,-0.3215137869119644,-0.2437421679496765,0,0
case3,case3,real_csig,83,42.332737454232074,28.409084063014593,0.9807424545288086,0.780846893787384,0.06679098308086395,0.4848632216453552,0.1633942723274231,0.4005042314529419,-13.923653391217481,-0.19989556074142456,-0.41807223856449127,-0.2371099591255188,0,0
case3,case3,real_csig,84,44.8014717570349,27.344727491918327,0.9882141947746277,0.8004741072654724,0.052154023200273514,0.5766360759735107,0.1448095440864563,0.46686118841171265,-17.456744265116576,-0.18774008750915527,-0.5244820527732372,-0.32205164432525635,0,0
case3,case3,real_csig,85,43.67324424660651,26.302796152869668,0.9868133068084717,0.7453120946884155,0.041576627641916275,0.5967360734939575,0.13621854782104492,0.38292235136032104,-17.37044809373684,-0.24150121212005615,-0.5551594458520412,-0.24670380353927612,0,0
case3,case3,real_csig,86,42.557254737527,27.71449276476571,0.9804357290267944,0.8413715958595276,0.06254270672798157,0.36685460805892944,0.15374165773391724,0.31055790185928345,-14.842761972761295,-0.13906413316726685,-0.3043119013309479,-0.1568162441253662,0,0
case3,case3,real_csig,87,38.47814009601166,35.9176261051385,0.9680371880531311,0.9419294595718384,0.09336047619581223,0.1843060851097107,0.21626496315002441,0.20276129245758057,-2.5605139908731545,-0.026107728481292725,-0.09094560891389847,0.013503670692443848,0,0
case3,case3,real_csig,88,34.993802153718256,30.827659664237224,0.8752656579017639,0.809183657169342,0.3537887632846832,0.30099430680274963,0.32395339012145996,0.23816758394241333,-4.166142489481032,-0.06608200073242188,0.052794456481933594,0.08578580617904663,0,0
case3,case3,real_csig,89,34.40016735298593,30.359346769142803,0.8177478313446045,0.7263277173042297,0.5721189379692078,0.41230228543281555,0.3314058184623718,0.22810602188110352,-4.040820583843129,-0.09142011404037476,0.1598166525363922,0.10329979658126831,0,0
case3,case3,real_csig,90,38.808426448793725,31.921408062504636,0.9802208542823792,0.9305269122123718,0.07862195372581482,0.20901140570640564,0.1749747395515442,0.18758660554885864,-6.887018386289089,-0.049693942070007324,-0.13038945198059082,-0.012611865997314453,0,0
case3,case3,real_csig,91,44.65120188959047,31.45740719796896,0.9868528842926025,0.8686591386795044,0.06385167688131332,0.42211830615997314,0.12799590826034546,0.27257490158081055,-13.193794691621509,-0.11819374561309814,-0.3582666292786598,-0.1445789933204651,0,0
case3,case3,real_csig,92,46.901425525116224,35.41543812734213,0.9917470216751099,0.9142317771911621,0.03423437476158142,0.3427419662475586,0.11090898513793945,0.31327974796295166,-11.485987397774096,-0.07751524448394775,-0.3085075914859772,-0.2023707628250122,0,0
case3,case3,real_csig,93,47.567147470309706,40.132041768588564,0.9929590821266174,0.9412396550178528,0.03515804931521416,0.30034568905830383,0.09521526098251343,0.25632184743881226,-7.435105701721142,-0.05171942710876465,-0.2651876397430897,-0.16110658645629883,0,0
case3,case3,real_csig,94,45.9709196170644,36.433364719384215,0.9893868565559387,0.9316877722740173,0.05882120504975319,0.28934356570243835,0.12387561798095703,0.30897462368011475,-9.537554897680188,-0.05769908428192139,-0.23052236065268517,-0.18509900569915771,0,0
case3,case3,real_csig,95,44.31313871059742,35.86356038942671,0.9850626587867737,0.9174315929412842,0.10787877440452576,0.3186986744403839,0.1476963758468628,0.2766481637954712,-8.449578321170712,-0.0676310658454895,-0.21081990003585815,-0.1289517879486084,0,0
case3,case3,real_csig,96,43.728217050091295,31.64828725367802,0.982010543346405,0.8902425169944763,0.10940377414226532,0.3259773552417755,0.15359008312225342,0.33660024404525757,-12.079929796413275,-0.09176802635192871,-0.2165735810995102,-0.18301016092300415,0,0
case3,case3,real_csig,97,43.26800908682421,26.58974727395931,0.9830045700073242,0.8190232515335083,0.07438787817955017,0.44361215829849243,0.1600669026374817,0.37949687242507935,-16.678261812864896,-0.16398131847381592,-0.36922428011894226,-0.21942996978759766,0,0
case3,case3,real_csig,98,43.44230315250564,29.038101618697283,0.9837536215782166,0.8489406108856201,0.07999541610479355,0.4574843645095825,0.18236702680587769,0.3592989444732666,-14.404201533808354,-0.13481301069259644,-0.37748894840478897,-0.17693191766738892,0,0
case3,case3,real_csig,99,43.433568970785956,31.787303050977236,0.9834385514259338,0.8827979564666748,0.0764012560248375,0.38862359523773193,0.16363883018493652,0.3216465711593628,-11.64626591980872,-0.10064059495925903,-0.31222233921289444,-0.15800774097442627,0,0
case3,case3,real_csig,100,43.45773015531418,26.427829905310844,0.9847018122673035,0.7880358099937439,0.057408057153224945,0.472034215927124,0.15975821018218994,0.3792581558227539,-17.029900250003337,-0.19666600227355957,-0.4146261587738991,-0.21949994564056396,0,0
case3,case3,real_csig,101,43.13081818144397,29.761668272142824,0.9861084222793579,0.8709642887115479,0.06725376844406128,0.39999881386756897,0.14652401208877563,0.3353976011276245,-13.369149909301147,-0.11514413356781006,-0.3327450454235077,-0.18887358903884888,0,0
case3,case3,real_csig,102,31.700957791503903,27.775607476307993,0.8859699964523315,0.8324176669120789,0.24544525146484375,0.2707583010196686,0.267852783203125,0.2216629981994629,-3.92535031519591,-0.053552329540252686,-0.02531304955482483,0.04618978500366211,0,0
case3,case3,real_csig,103,31.77735287828405,28.2816401417117,0.8122508525848389,0.7240926623344421,0.5473188161849976,0.38107821345329285,0.3459360599517822,0.23715341091156006,-3.4957127365723473,-0.08815819025039673,0.1662406027317047,0.10878264904022217,0,0
case3,case3,real_csig,104,28.63216634587914,26.19791327036851,0.6338214874267578,0.5449981689453125,0.7196838855743408,0.5101885795593262,0.3760598301887512,0.290591299533844,-2.434253075510629,-0.08882331848144531,0.20949530601501465,0.08546853065490723,0,0
case3,case3,real_csig,105,28.30931718064982,23.18482216777012,0.6592153310775757,0.5650786757469177,0.657113790512085,0.45048952102661133,0.3248378038406372,0.292924702167511,-5.124495012879702,-0.09413665533065796,0.20662426948547363,0.03191310167312622,0,0
case3,case3,real_csig,106,37.79899533548097,29.92810192534371,0.9762753248214722,0.914234459400177,0.10620179027318954,0.24285314977169037,0.1992506980895996,0.18830424547195435,-7.870893410137256,-0.062040865421295166,-0.13665135949850082,0.010946452617645264,0,0
case3,case3,real_csig,107,43.26159738885676,26.568896116735075,0.9838550090789795,0.7160653471946716,0.06246533989906311,0.5590607523918152,0.16207891702651978,0.34158968925476074,-16.69270127212168,-0.26778966188430786,-0.4965954124927521,-0.17951077222824097,0,0
case3,case3,real_csig,108,44.94031176113019,26.320829361522897,0.9881649613380432,0.7583906054496765,0.04096851870417595,0.5194531083106995,0.14440351724624634,0.3864813446998596,-18.619482399607293,-0.2297743558883667,-0.4784845896065235,-0.24207782745361328,0,0
case3,case3,real_csig,109,42.12269661260191,27.575167167514852,0.9796320796012878,0.7897039651870728,0.06889446824789047,0.4952167272567749,0.14476358890533447,0.38073939085006714,-14.547529445087054,-0.1899281144142151,-0.42632225900888443,-0.23597580194473267,0,0
case3,case3,real_csig,110,45.348120668033836,35.3405932850077,0.9884130954742432,0.9097954630851746,0.06627865880727768,0.34101471304893494,0.12879830598831177,0.3002834916114807,-10.007527383026137,-0.0786176323890686,-0.27473605424165726,-0.17148518562316895,0,0
case3,case3,real_csig,111,44.05526466647193,33.816477978939574,0.983936607837677,0.8909111022949219,0.07771329581737518,0.3315126895904541,0.14833515882492065,0.2898187041282654,-10.238786687532354,-0.09302550554275513,-0.2537993937730789,-0.14148354530334473,0,0
case3,case3,real_csig,112,41.668354477799305,26.07829124285753,0.9764578342437744,0.7118375301361084,0.09115028381347656,0.5323467254638672,0.17603909969329834,0.35999852418899536,-15.590063234941773,-0.264620304107666,-0.4411964416503906,-0.18395942449569702,0,0
case3,case3,real_csig,113,43.30002150117976,26.8155194272336,0.9825476408004761,0.7817670106887817,0.07247103750705719,0.48340070247650146,0.15151762962341309,0.3571842312812805,-16.484502073946157,-0.20078063011169434,-0.4109296649694443,-0.20566660165786743,0,0
case3,case3,real_csig,114,41.75712150012121,31.171555557012432,0.9822657108306885,0.9073023796081543,0.07389473915100098,0.29423362016677856,0.20265567302703857,0.31855517625808716,-10.585565943108776,-0.07496333122253418,-0.2203388810157776,-0.11589950323104858,0,0
case3,case3,real_csig,115,35.20202828733958,27.739019860186225,0.9536893963813782,0.8832361102104187,0.09393899887800217,0.21948429942131042,0.20470398664474487,0.23742365837097168,-7.463008427153355,-0.07045328617095947,-0.12554530054330826,-0.03271967172622681,0,0
case3,case3,real_csig,116,33.994022745114556,29.701077129543986,0.928961992263794,0.8780630826950073,0.1585736870765686,0.22782906889915466,0.2078520655632019,0.2441660761833191,-4.29294561557057,-0.05089890956878662,-0.06925538182258606,-0.03631401062011719,0,0
case3,case3,real_csig,117,29.064377062588118,27.184028248521003,0.8380297422409058,0.8081240057945251,0.27992507815361023,0.24461033940315247,0.25906580686569214,0.2390260100364685,-1.8803488140671156,-0.029905736446380615,0.035314738750457764,0.020039796829223633,0,0
case3,case3,real_csig,118,30.220139509314727,25.128289837326903,0.8112577199935913,0.7096505165100098,0.45639288425445557,0.3892781138420105,0.2827730178833008,0.23066604137420654,-5.0918496719878235,-0.10160720348358154,0.06711477041244507,0.05210697650909424,0,0
case3,case3,real_csig,119,29.406365472516054,25.430405607205095,0.7101746201515198,0.5875217318534851,0.6560107469558716,0.4540514349937439,0.3615102171897888,0.2877500057220459,-3.9759598653109585,-0.12265288829803467,0.20195931196212769,0.07376021146774292,0,0
case3,case3,real_csig,120,25.48761058982589,24.159046977556315,0.4700610339641571,0.4078858494758606,0.714378297328949,0.34150001406669617,0.34539443254470825,0.3151543140411377,-1.3285636122695763,-0.06217518448829651,0.3728782832622528,0.030240118503570557,0,0
case3,case3,real_csig,121,27.408153282854244,24.008067116855027,0.6682906746864319,0.6068713068962097,0.5386359691619873,0.3621026873588562,0.33091413974761963,0.2659602761268616,-3.400086165999216,-0.06141936779022217,0.1765332818031311,0.06495386362075806,0,0
case3,case3,real_csig,122,40.189941647562804,32.14686007367452,0.9858010411262512,0.9260207414627075,0.05277261883020401,0.28278475999832153,0.177726149559021,0.2420458197593689,-8.043081573888287,-0.0597802996635437,-0.23001214116811752,-0.0643196702003479,0,0
case3,case3,real_csig,123,43.507884048402914,25.053467260366148,0.9867624640464783,0.740552544593811,0.061812903732061386,0.5668748617172241,0.12813687324523926,0.40439140796661377,-18.454416788036767,-0.24620991945266724,-0.5050619579851627,-0.2762545347213745,0,0
case3,case3,real_csig,124,42.49468497187298,25.143615063821223,0.9826042056083679,0.7124583721160889,0.06679631769657135,0.5545236468315125,0.14086157083511353,0.3771248459815979,-17.351069908051755,-0.27014583349227905,-0.4877273291349411,-0.23626327514648438,0,0
case3,case3,real_csig,125,42.72933470411098,32.8943384999022,0.9831018447875977,0.8858773708343506,0.056499630212783813,0.3734280467033386,0.15230965614318848,0.29757726192474365,-9.834996204208785,-0.09722447395324707,-0.3169284164905548,-0.14526760578155518,0,0
case3,case3,real_csig,126,46.73797199464666,39.416126950655595,0.9920046925544739,0.9359008073806763,0.04208539426326752,0.3014276623725891,0.11405211687088013,0.29192036390304565,-7.321845043991061,-0.05610388517379761,-0.2593422681093216,-0.17786824703216553,0,0
case3,case3,real_csig,127,46.67557363779062,40.6084632389512,0.9909834265708923,0.9416965246200562,0.06089594215154648,0.27129852771759033,0.14024025201797485,0.24752295017242432,-6.067110398839418,-0.04928690195083618,-0.21040258556604385,-0.10728269815444946,0,0
case3,case3,real_csig,128,40.735691466855705,31.695343166713226,0.9753416776657104,0.8973063230514526,0.09312260150909424,0.28279751539230347,0.1637018918991089,0.22899794578552246,-9.04034830014248,-0.07803535461425781,-0.18967491388320923,-0.06529605388641357,0,0
case3,case3,real_csig,129,39.53745302040455,31.725022166318205,0.9691136479377747,0.8910688161849976,0.09910175204277039,0.21650031208992004,0.17699313163757324,0.22373265027999878,-7.812430854086344,-0.0780448317527771,-0.11739856004714966,-0.04673951864242554,0,0
case3,case3,real_csig,130,39.938725144165666,30.49502109485457,0.9749921560287476,0.8801699280738831,0.08095834404230118,0.30049368739128113,0.1661340594291687,0.24871152639389038,-9.443704049311094,-0.0948222279548645,-0.21953534334897995,-0.08257746696472168,0,0
case3,case3,real_csig,131,38.94229715376009,27.715405252628567,0.9699616432189941,0.8579211831092834,0.08643239736557007,0.33710840344429016,0.17928147315979004,0.24341696500778198,-11.22689190113152,-0.1120404601097107,-0.2506760060787201,-0.06413549184799194,0,0
case3,case3,real_csig,132,33.67409593758091,27.08659984693106,0.930654764175415,0.818148136138916,0.16818460822105408,0.31096792221069336,0.2356739640235901,0.24183189868927002,-6.58749609064985,-0.11250662803649902,-0.14278331398963928,-0.006157934665679932,0,0
case3,case3,real_csig,133,32.6670293463861,28.662999579734493,0.9400388598442078,0.8652195930480957,0.14472755789756775,0.231714129447937,0.21457040309906006,0.21005284786224365,-4.004029766651609,-0.07481926679611206,-0.08698657155036926,0.004517555236816406,0,0
case3,case3,real_csig,134,34.29836097209734,27.586048742928647,0.9245800971984863,0.8252099752426147,0.27170756459236145,0.26995038986206055,0.2697647213935852,0.21176385879516602,-6.712312229168695,-0.09937012195587158,0.0017571747303009033,0.05800086259841919,0,0
case3,case3,real_csig,135,32.053923437841,28.731976745775118,0.819926381111145,0.7490744590759277,0.47193634510040283,0.3803907632827759,0.32832813262939453,0.23582518100738525,-3.3219466920658824,-0.07085192203521729,0.09154558181762695,0.09250295162200928,0,0
case3,case3,real_csig,136,29.921072217164586,28.443605981991823,0.7492082715034485,0.6983347535133362,0.5667375326156616,0.43350231647491455,0.338020920753479,0.21771568059921265,-1.4774662351727628,-0.050873517990112305,0.13323521614074707,0.12030524015426636,0,0
case3,case3,real_csig,137,35.37951360921715,27.349147737749515,0.9375184774398804,0.8452949523925781,0.13315142691135406,0.2864927351474762,0.22417080402374268,0.2298160195350647,-8.030365871467634,-0.09222352504730225,-0.15334130823612213,-0.0056452155113220215,0,0
case3,case3,real_csig,138,38.46577706664186,23.845671465055723,0.9616168141365051,0.6586499810218811,0.11894973367452621,0.4835360646247864,0.16935735940933228,0.317812442779541,-14.62010560158614,-0.302966833114624,-0.36458633095026016,-0.14845508337020874,0,0
case3,case3,real_csig,139,40.47474570189966,23.097740371632383,0.9751086831092834,0.6238834857940674,0.07256777584552765,0.6173379421234131,0.1568281650543213,0.38077884912490845,-17.377005330267274,-0.35122519731521606,-0.5447701662778854,-0.22395068407058716,0,0
case3,case3,real_csig,140,40.01514504451913,26.701337092511395,0.9754252433776855,0.7929741144180298,0.07894998788833618,0.4103458821773529,0.19743412733078003,0.32604295015335083,-13.313807952007735,-0.18245112895965576,-0.3313958942890167,-0.1286088228225708,0,0
case3,case3,real_csig,141,40.14429125436966,31.77871007612792,0.9749849438667297,0.9099671840667725,0.08071647584438324,0.23343361914157867,0.17669075727462769,0.23189234733581543,-8.365581178241744,-0.06501775979995728,-0.15271714329719543,-0.055201590061187744,0,0
case3,case3,real_csig,142,41.878703915000756,30.85653296848065,0.9801027774810791,0.8977015614509583,0.0781358927488327,0.30378222465515137,0.17767536640167236,0.2629920244216919,-11.022170946520106,-0.08240121603012085,-0.22564633190631866,-0.08531665802001953,0,0
case3,case3,real_csig,143,44.53581963682922,33.34285898344352,0.9875289797782898,0.9143474698066711,0.07189631462097168,0.30343782901763916,0.13462167978286743,0.32446742057800293,-11.192960653385697,-0.07318150997161865,-0.23154151439666748,-0.1898457407951355,0,0
case3,case3,real_csig,144,31.541505816331494,28.23368940046109,0.8493039608001709,0.7698985934257507,0.28335994482040405,0.25113239884376526,0.2530819773674011,0.19804739952087402,-3.3078164158704055,-0.07940536737442017,0.032227545976638794,0.0550345778465271,0,0
case3,case3,real_csig,145,30.460488171458458,28.22451468923679,0.8326793909072876,0.7650048136711121,0.3011856973171234,0.2745046317577362,0.2527430057525635,0.2114456295967102,-2.2359734822216666,-0.06767457723617554,0.026681065559387207,0.04129737615585327,0,0
case3,case3,real_csig,146,31.793969211602334,26.902392621599237,0.8561996817588806,0.7133823037147522,0.31399989128112793,0.37252089381217957,0.2757638096809387,0.23771685361862183,-4.891576590003098,-0.14281737804412842,-0.058521002531051636,0.038046956062316895,0,0
case3,case3,real_csig,147,34.62709704736952,25.099448500967135,0.9243267178535461,0.7338693737983704,0.19158807396888733,0.449655681848526,0.22950023412704468,0.2612122893333435,-9.527648546402382,-0.19045734405517578,-0.25806760787963867,-0.03171205520629883,0,0
case3,case3,real_csig,148,33.588560737301506,27.48745651571884,0.9007551670074463,0.7864606380462646,0.23580312728881836,0.3880794644355774,0.2512704133987427,0.27511757612228394,-6.101104221582666,-0.11429452896118164,-0.15227633714675903,-0.02384716272354126,0,0
case3,case3,real_csig,149,34.07898241768257,28.505396340281287,0.9257431030273438,0.8298740386962891,0.1886027604341507,0.33896374702453613,0.23699438571929932,0.24800926446914673,-5.573586077401281,-0.09586906433105469,-0.15036098659038544,-0.011014878749847412,0,0
case3,case3,real_csig,150,31.75445100095014,24.419565362243727,0.8650302886962891,0.6352474689483643,0.2800511121749878,0.43941646814346313,0.2289065718650818,0.2908511161804199,-7.334885638706414,-0.2297828197479248,-0.15936535596847534,-0.061944544315338135,0,0
case3,case3,real_csig,151,30.189165921647376,23.412140425791147,0.8593374490737915,0.6674947738647461,0.24678698182106018,0.3450712561607361,0.21331679821014404,0.23143285512924194,-6.777025495856229,-0.1918426752090454,-0.0982842743396759,-0.0181160569190979,0,0
case3,case3,real_csig,152,30.117437406846967,25.965502644627712,0.9049088358879089,0.8289934992790222,0.18099990487098694,0.18364964425563812,0.22673416137695312,0.20051634311676025,-4.1519347622192555,-0.07591533660888672,-0.002649739384651184,0.02621781826019287,0,0
case3,case3,real_csig,153,35.47074364547178,26.447466482205392,0.9406566023826599,0.8144026398658752,0.15526047348976135,0.3194003701210022,0.20613998174667358,0.24959653615951538,-9.023277163266386,-0.12625396251678467,-0.16413989663124084,-0.0434565544128418,0,0
case3,case3,real_csig,154,31.893734308056043,24.2200957804791,0.8967587947845459,0.6717424392700195,0.22852873802185059,0.47612297534942627,0.24195677042007446,0.2938801646232605,-7.673638527576944,-0.22501635551452637,-0.24759423732757568,-0.051923394203186035,0,0
case3,case3,real_csig,155,34.44013226181616,23.339775132315953,0.9388422966003418,0.6841239333152771,0.11943699419498444,0.47238826751708984,0.2330675721168518,0.3111906051635742,-11.100357129500207,-0.2547183632850647,-0.3529512733221054,-0.07812303304672241,0,0
case3,case3,real_csig,156,38.29817114853596,27.7449634370751,0.9661453366279602,0.8551215529441833,0.1350095272064209,0.38234198093414307,0.2164299488067627,0.2804144024848938,-10.553207711460857,-0.11102378368377686,-0.24733245372772217,-0.0639844536781311,0,0
case3,case3,real_csig,157,35.61710364544928,27.411168552160333,0.9395626187324524,0.8144974112510681,0.17552714049816132,0.2947632074356079,0.2139580249786377,0.22847557067871094,-8.20593509328895,-0.12506520748138428,-0.1192360669374466,-0.014517545700073242,0,0
case3,case3,real_csig,158,35.70558500038055,25.80217452946451,0.9429590702056885,0.7632468342781067,0.15595375001430511,0.38444626331329346,0.2099907398223877,0.26376837491989136,-9.903410470916043,-0.1797122359275818,-0.22849251329898834,-0.05377763509750366,0,0
case3,case3,real_csig,159,36.80451447324345,24.594720546533274,0.9472796320915222,0.7174793481826782,0.14521524310112,0.45545050501823425,0.20689499378204346,0.3347458839416504,-12.209793926710176,-0.229800283908844,-0.31023526191711426,-0.12785089015960693,0,0
case3,case3,real_csig,160,31.183984137695685,24.251161656653526,0.825406551361084,0.6899844408035278,0.41219598054885864,0.40553730726242065,0.29341959953308105,0.26657724380493164,-6.932822481042159,-0.13542211055755615,0.006658673286437988,0.026842355728149414,0,0
case3,case3,real_csig,161,29.58505406458382,25.821585040257865,0.7887810468673706,0.6821900010108948,0.3873370885848999,0.33284980058670044,0.27200186252593994,0.2204817533493042,-3.7634690243259534,-0.10659104585647583,0.05448728799819946,0.05152010917663574,0,0
case3,case3,real_csig,162,32.36342263139841,27.07054440352808,0.8568140268325806,0.748443603515625,0.33232593536376953,0.32738152146339417,0.26045358180999756,0.21552622318267822,-5.292878227870329,-0.10837042331695557,0.004944413900375366,0.044927358627319336,0,0
case3,case3,real_csig,163,31.580553003195845,25.304342073198644,0.8380903601646423,0.7133720517158508,0.3590828776359558,0.3661688566207886,0.2799999713897705,0.2505262494087219,-6.276210929997202,-0.1247183084487915,-0.007085978984832764,0.029473721981048584,0,0
case3,case3,real_csig,164,30.978090465072782,25.544259233063258,0.8434975743293762,0.7463096976280212,0.32395753264427185,0.3302927017211914,0.27805095911026,0.22931349277496338,-5.433831232009524,-0.09718787670135498,-0.006335169076919556,0.04873746633529663,0,0
case3,case3,real_csig,165,30.708733162485913,28.419220972471088,0.8432589769363403,0.7918489575386047,0.3076242208480835,0.2747494876384735,0.2678770422935486,0.24942541122436523,-2.2895121900148254,-0.051410019397735596,0.032874733209609985,0.01845163106918335,0,0
case3,case3,real_csig,166,29.553622082382716,23.996115224344322,0.793656587600708,0.6729040741920471,0.35016360878944397,0.3132166862487793,0.2542969584465027,0.2231634259223938,-5.557506858038394,-0.12075251340866089,0.03694692254066467,0.031133532524108887,0,0
case3,case3,real_csig,167,28.36855299178755,21.840078901342274,0.7877083420753479,0.6350573301315308,0.38120508193969727,0.3637128472328186,0.26670336723327637,0.2468300461769104,-6.528474090445275,-0.15265101194381714,0.017492234706878662,0.019873321056365967,0,0
case3,case3,real_csig,168,28.05325192325053,23.325296872565616,0.7888886332511902,0.6731678247451782,0.3934275805950165,0.3230285942554474,0.2895593047142029,0.22637927532196045,-4.7279550506849155,-0.11572080850601196,0.07039898633956909,0.06318002939224243,0,0
case3,case3,real_csig,169,29.494930536298362,25.521519387388594,0.7725543975830078,0.6876270771026611,0.4008922874927521,0.32415229082107544,0.2866783142089844,0.21085035800933838,-3.9734111489097685,-0.08492732048034668,0.07673999667167664,0.075827956199646,0,0
case3,case3,real_csig,170,29.056424936706662,23.647233898410235,0.8028740286827087,0.687950849533081,0.4045408070087433,0.3739948272705078,0.2859724164009094,0.24788475036621094,-5.409191038296427,-0.11492317914962769,0.030545979738235474,0.038087666034698486,0,0
case3,case3,real_csig,171,34.17367535977106,27.045282606349584,0.9058488607406616,0.8128886818885803,0.3557187020778656,0.3631519079208374,0.2966122031211853,0.2262800931930542,-7.128392753421476,-0.0929601788520813,-0.007433205842971802,0.0703321099281311,0,0
case3,case3,real_csig,172,30.216209872769323,27.82843100903609,0.824731707572937,0.7722340226173401,0.40618452429771423,0.32710352540016174,0.312938928604126,0.22121411561965942,-2.3877788637332316,-0.052497684955596924,0.07908099889755249,0.09172481298446655,0,0
case3,case3,real_csig,173,30.009071863856548,24.845679097331118,0.7899518013000488,0.6676300168037415,0.40393805503845215,0.3315926790237427,0.3010736107826233,0.21948778629302979,-5.16339276652543,-0.12232178449630737,0.07234537601470947,0.0815858244895935,0,0
case3,case3,real_csig,174,30.436635687598177,23.87913325516093,0.810975968837738,0.6376317143440247,0.407772034406662,0.3786264955997467,0.2939666509628296,0.24144041538238525,-6.557502432437246,-0.17334425449371338,0.029145538806915283,0.052526235580444336,0,0
case3,case3,real_csig,175,32.824490725605415,26.26656829181428,0.8888753056526184,0.7466311454772949,0.337141752243042,0.3648945093154907,0.2890095114707947,0.22649222612380981,-6.557922433791134,-0.1422441601753235,-0.02775275707244873,0.06251728534698486,0,0
case3,case3,real_csig,176,36.90942177405482,25.586848414511767,0.9539142847061157,0.7018277049064636,0.1741972714662552,0.5297523140907288,0.24576687812805176,0.3458026647567749,-11.322573359543053,-0.2520865797996521,-0.35555504262447357,-0.10003578662872314,0,0
case3,case3,real_csig,177,37.43847103839073,28.782384275207754,0.9490320682525635,0.7443674206733704,0.21780996024608612,0.48549801111221313,0.24983584880828857,0.31049585342407227,-8.656086763182977,-0.20466464757919312,-0.267688050866127,-0.06066000461578369,0,0
case3,case3,real_csig,178,36.84221882906173,29.289625943590856,0.9508918523788452,0.8221647143363953,0.1727464497089386,0.35858476161956787,0.23787987232208252,0.2909911274909973,-7.552592885470872,-0.12872713804244995,-0.18583831191062927,-0.053111255168914795,0,0
case3,case3,real_csig,179,37.03646004008388,28.029821933942827,0.9555844068527222,0.8150466084480286,0.15166142582893372,0.43161916732788086,0.231764554977417,0.294211745262146,-9.006638106141054,-0.1405377984046936,-0.27995774149894714,-0.062447190284729004,0,0
case3,case3,real_csig,180,37.283259864962375,30.146068597465458,0.9597750902175903,0.8627198338508606,0.16580595076084137,0.34479209780693054,0.25536710023880005,0.2878817319869995,-7.137191267496917,-0.09705525636672974,-0.17898614704608917,-0.03251463174819946,0,0
case3,case3,real_csig,181,42.595452513863805,37.969834723594246,0.9860755801200867,0.9497262835502625,0.075143963098526,0.25922611355781555,0.17381185293197632,0.21895474195480347,-4.625617790269558,-0.03634929656982422,-0.18408215045928955,-0.04514288902282715,0,0
case3,case3,real_csig,182,35.82501261717246,25.939424531416286,0.9577847719192505,0.8456204533576965,0.11388996243476868,0.3562871813774109,0.18045151233673096,0.2637968063354492,-9.885588085756176,-0.11216431856155396,-0.2423972189426422,-0.08334529399871826,0,0
case3,case3,real_csig,183,34.51855204525247,26.247452350209045,0.9349663853645325,0.8328832387924194,0.19232413172721863,0.36831849813461304,0.24357324838638306,0.2558666467666626,-8.271099695043425,-0.10208314657211304,-0.1759943664073944,-0.012293398380279541,0,0
case3,case3,real_csig,184,30.850798632348813,27.13060757574023,0.8765878081321716,0.8125209212303162,0.294288694858551,0.3337533473968506,0.27111268043518066,0.25080639123916626,-3.7201910566085843,-0.06406688690185547,-0.03946465253829956,0.020306289196014404,0,0
case3,case3,real_csig,185,39.05289338459954,33.26787643449985,0.9640401601791382,0.8973308801651001,0.1423845738172531,0.30333003401756287,0.2752256393432617,0.29921454191207886,-5.7850169500996955,-0.06670928001403809,-0.16094546020030975,-0.02398890256881714,0,0
case3,case3,real_csig,186,34.95657707360604,27.83598286335135,0.9249914884567261,0.8032152056694031,0.22173769772052765,0.3961586654186249,0.2765549421310425,0.2634936571121216,-7.120594210254691,-0.121776282787323,-0.17442096769809723,0.013061285018920898,0,0
case3,case3,real_csig,187,32.20033995726881,28.328454712473437,0.8808571100234985,0.7929055094718933,0.27118349075317383,0.3539884090423584,0.2341201901435852,0.23634397983551025,-3.871885244795372,-0.08795160055160522,-0.08280491828918457,-0.002223789691925049,0,0
case3,case3,real_csig,188,32.6076086347842,30.489774527032033,0.8985549211502075,0.854057252407074,0.24317818880081177,0.26075083017349243,0.26951414346694946,0.2294272780418396,-2.1178341077521665,-0.044497668743133545,-0.017572641372680664,0.04008686542510986,0,0
case3,case3,real_csig,189,40.79448581537487,37.026333472994146,0.9700079560279846,0.9295359253883362,0.19041948020458221,0.31883540749549866,0.30150270462036133,0.2515125274658203,-3.7681523423807235,-0.04047203063964844,-0.12841592729091644,0.049990177154541016,0,0
case3,case3,real_csig,190,32.40359583124125,28.24052274443007,0.883719265460968,0.7996394038200378,0.31842315196990967,0.29030996561050415,0.2727211117744446,0.24060547351837158,-4.163073086811178,-0.08407986164093018,0.028113186359405518,0.032115638256073,0,0
case3,case3,real_csig,191,31.010612543424184,27.669714140087812,0.8351375460624695,0.7426555156707764,0.3422090709209442,0.333778977394104,0.2649645209312439,0.20248502492904663,-3.3408984033363716,-0.09248203039169312,0.00843009352684021,0.062479496002197266,0,0
case4,case4,real_csig,0,16.845987365604113,16.72856693939883,0.22163605690002441,0.2163168042898178,0.8099051713943481,0.6607912182807922,0.5101925730705261,0.38472914695739746,-0.11742042620528181,-0.005319252610206604,0.1491139531135559,0.12546342611312866,0,0
case4,case4,real_csig,1,17.677181523543886,17.433842128807452,0.30800047516822815,0.2991367280483246,0.8279587030410767,0.6787000298500061,0.5294121503829956,0.4369041323661804,-0.2433393947364344,-0.008863747119903564,0.14925867319107056,0.09250801801681519,0,0
case4,case4,real_csig,2,19.66298297488278,18.6645196643269,0.380433052778244,0.3482016921043396,0.8135256767272949,0.6347245573997498,0.5043219327926636,0.32749873399734497,-0.9984633105558807,-0.03223136067390442,0.17880111932754517,0.1768231987953186,0,0
case4,case4,real_csig,3,18.43848644570063,16.803665261823276,0.30966347455978394,0.2553989291191101,0.8241738677024841,0.5941311120986938,0.5146939754486084,0.37154173851013184,-1.634821183877353,-0.05426454544067383,0.23004275560379028,0.14315223693847656,0,0
case4,case4,real_csig,4,17.350841546902686,16.611008561840347,0.22065694630146027,0.20285654067993164,0.8582176566123962,0.6170179843902588,0.4998290538787842,0.3478175401687622,-0.7398329850623391,-0.017800405621528625,0.24119967222213745,0.15201151371002197,0,0
case4,case4,real_csig,5,18.34708386952617,17.201919265644033,0.3081216514110565,0.2503797709941864,0.8172831535339355,0.6361382603645325,0.4782326817512512,0.32477253675460815,-1.1451646038821366,-0.05774188041687012,0.18114489316940308,0.15346014499664307,0,0
case4,case4,real_csig,6,19.52281050589175,17.668519960734667,0.34114885330200195,0.24878884851932526,0.8100454807281494,0.6343017220497131,0.48598992824554443,0.3653982877731323,-1.8542905451570846,-0.0923600047826767,0.17574375867843628,0.12059164047241211,0,0
case4,case4,real_csig,7,17.920854516894305,16.601282595936745,0.2776142358779907,0.21880078315734863,0.8322279453277588,0.550285279750824,0.48179566860198975,0.3653228282928467,-1.3195719209575607,-0.05881345272064209,0.2819426655769348,0.11647284030914307,0,0
case4,case4,real_csig,8,18.269825672834248,16.97488832916425,0.32793331146240234,0.261056125164032,0.8102119565010071,0.4837729334831238,0.5034750699996948,0.3268367648124695,-1.2949373436699965,-0.06687718629837036,0.3264390230178833,0.17663830518722534,0,0
case4,case4,real_csig,9,18.22252493146052,16.614501633834255,0.2555469870567322,0.19720673561096191,0.8444118499755859,0.5372241735458374,0.49194610118865967,0.3352926969528198,-1.6080232976262643,-0.058340251445770264,0.30718767642974854,0.15665340423583984,0,0
case4,case4,real_csig,10,18.074279709440834,15.869797247802861,0.31205302476882935,0.2310205101966858,0.7797179818153381,0.5098733901977539,0.49872881174087524,0.3513830304145813,-2.204482461637973,-0.08103251457214355,0.26984459161758423,0.14734578132629395,0,0
case4,case4,real_csig,11,18.637130497715656,17.24349977512498,0.3396298885345459,0.32224348187446594,0.7801723480224609,0.5963245034217834,0.5144212245941162,0.36065173149108887,-1.3936307225906752,-0.017386406660079956,0.1838478446006775,0.15376949310302734,0,0
case4,case4,real_csig,12,19.290044528561275,18.056206342235775,0.5383202433586121,0.5229802131652832,0.7022225856781006,0.5714084506034851,0.48545974493026733,0.31228041648864746,-1.2338381863254995,-0.015340030193328857,0.13081413507461548,0.17317932844161987,0,0
case4,case4,real_csig,13,14.375294721439655,13.152888369780133,0.14145736396312714,0.10555373877286911,0.9078983068466187,0.6286604404449463,0.5067969560623169,0.310813844203949,-1.2224063516595223,-0.035903625190258026,0.27923786640167236,0.19598311185836792,0,0
case4,case4,real_csig,14,14.690401443243715,13.693339675578443,0.18878814578056335,0.14146369695663452,0.8921335935592651,0.610440194606781,0.5029419660568237,0.2977949380874634,-0.9970617676652722,-0.04732444882392883,0.28169339895248413,0.20514702796936035,0,0
case4,case4,real_csig,15,14.472391070801788,12.815950431560246,0.16984763741493225,0.09865501523017883,0.9136124849319458,0.5632767677307129,0.506320595741272,0.3019319772720337,-1.6564406392415414,-0.07119262218475342,0.3503357172012329,0.20438861846923828,0,0
case4,case4,real_csig,16,18.982805520104147,18.865833790355868,0.3217262923717499,0.3042786121368408,0.8317456245422363,0.674903392791748,0.49431610107421875,0.3806544542312622,-0.11697172974827907,-0.017447680234909058,0.15684223175048828,0.11366164684295654,0,0
case4,case4,real_csig,17,20.077263958639296,19.906679667318723,0.3826030194759369,0.37107065320014954,0.7996296286582947,0.7246556282043457,0.5020768642425537,0.409423828125,-0.17058429132057285,-0.011532366275787354,0.07497400045394897,0.09265303611755371,0,0
case4,case4,real_csig,18,22.309651951367016,21.807014131658935,0.5160424709320068,0.47640931606292725,0.7492755651473999,0.6579351425170898,0.507555365562439,0.3673287034034729,-0.502637819708081,-0.03963315486907959,0.09134042263031006,0.14022666215896606,0,0
case4,case4,real_csig,19,20.734399189334198,20.06845960731807,0.42635270953178406,0.3871367573738098,0.7764942646026611,0.6522387266159058,0.5158734321594238,0.37619805335998535,-0.6659395820161293,-0.03921595215797424,0.12425553798675537,0.13967537879943848,0,0
case4,case4,real_csig,20,19.132896912290832,18.16686007519662,0.40496787428855896,0.3823166489601135,0.7848127484321594,0.606156587600708,0.4583461880683899,0.36578869819641113,-0.9660368370942116,-0.022651225328445435,0.17865616083145142,0.09255748987197876,0,0
case4,case4,real_csig,21,19.315591285738407,18.150386283123805,0.3825529217720032,0.3052464425563812,0.814847469329834,0.6134942770004272,0.45939481258392334,0.34018707275390625,-1.1652050026146021,-0.07730647921562195,0.20135319232940674,0.11920773983001709,0,0
case4,case4,real_csig,22,17.918245463631713,15.943889319648557,0.2738608121871948,0.18411149084568024,0.8636476993560791,0.6779866218566895,0.44947701692581177,0.3575606346130371,-1.9743561439831563,-0.08974932134151459,0.18566107749938965,0.09191638231277466,0,0
case4,case4,real_csig,23,17.70260746506775,16.135281547163135,0.28151455521583557,0.2181922346353531,0.8255622982978821,0.6402833461761475,0.4932103157043457,0.3819870352745056,-1.5673259179046148,-0.06332232058048248,0.18527895212173462,0.11122328042984009,0,0
case4,case4,real_csig,24,17.997386488183793,16.997741215871905,0.3084809482097626,0.25714707374572754,0.8016883730888367,0.5845522284507751,0.5074285268783569,0.36202359199523926,-0.9996452723118878,-0.051333874464035034,0.21713614463806152,0.14540493488311768,0,0
case4,case4,real_csig,25,19.14583322986655,17.30506663669329,0.34309980273246765,0.2657884955406189,0.8266324996948242,0.5927752256393433,0.4727460741996765,0.34514760971069336,-1.8407665931732602,-0.07731130719184875,0.23385727405548096,0.12759846448898315,0,0
case4,case4,real_csig,26,16.704545981219685,14.99312506802563,0.2742360234260559,0.18391911685466766,0.8166236877441406,0.5691708326339722,0.48553186655044556,0.37904030084609985,-1.711420913194054,-0.09031690657138824,0.24745285511016846,0.1064915657043457,0,0
case4,case4,real_csig,27,15.967365971077648,14.742677504426924,0.22486819326877594,0.1650344878435135,0.8944039940834045,0.6043188571929932,0.488045871257782,0.34670937061309814,-1.2246884666507238,-0.05983370542526245,0.2900851368904114,0.14133650064468384,0,0
case4,case4,real_csig,28,16.879991497254768,15.189805285576693,0.3224715292453766,0.29741209745407104,0.775496780872345,0.5926604866981506,0.48786234855651855,0.29610490798950195,-1.6901862116780748,-0.025059431791305542,0.18283629417419434,0.1917574405670166,0,0
case4,case4,real_csig,29,15.779586783186453,13.698791038251288,0.2529131770133972,0.17930956184864044,0.8091572523117065,0.5312292575836182,0.495344340801239,0.2786017060279846,-2.0807957449351644,-0.07360361516475677,0.2779279947280884,0.2167426347732544,0,0
case4,case4,real_csig,30,14.754506712108792,13.165286967368077,0.2041158229112625,0.13995657861232758,0.8035510182380676,0.5476377010345459,0.4948081374168396,0.29398787021636963,-1.5892197447407153,-0.06415924429893494,0.25591331720352173,0.20082026720046997,0,0
case4,case4,real_csig,31,14.664606129846682,13.032856430843472,0.2029571235179901,0.12595134973526,0.815980851650238,0.5092922449111938,0.4881761074066162,0.31728649139404297,-1.63174969900321,-0.0770057737827301,0.3066886067390442,0.17088961601257324,0,0
case4,case4,real_csig,32,20.824651424486223,20.561738794785228,0.44135528802871704,0.42386990785598755,0.7730550765991211,0.7145521640777588,0.45734143257141113,0.3587815761566162,-0.2629126297009954,-0.017485380172729492,0.058502912521362305,0.09855985641479492,0,0
case4,case4,real_csig,33,21.920923920707214,21.598416106345777,0.49487626552581787,0.47812578082084656,0.7468270063400269,0.7067325115203857,0.5054207444190979,0.42753762006759644,-0.32250781436143683,-0.016750484704971313,0.04009449481964111,0.07788312435150146,0,0
case4,case4,real_csig,34,20.717521632285923,20.43488501680681,0.4460549056529999,0.4172859191894531,0.7604159116744995,0.6205098032951355,0.5184695720672607,0.3869258761405945,-0.2826366154791131,-0.028768986463546753,0.139906108379364,0.13154369592666626,0,0
case4,case4,real_csig,35,19.984362626244845,19.336949184268562,0.3828020989894867,0.3638581335544586,0.7980648279190063,0.5904675722122192,0.4963846206665039,0.3415455222129822,-0.6474134419762834,-0.018943965435028076,0.2075972557067871,0.15483909845352173,0,0
case4,case4,real_csig,36,17.973247446048546,17.37758410967725,0.3154538571834564,0.296734094619751,0.8098966479301453,0.5681560039520264,0.48229092359542847,0.3667570948600769,-0.5956633363712953,-0.018719762563705444,0.2417406439781189,0.11553382873535156,0,0
case4,case4,real_csig,37,18.427026552297153,16.89191013506083,0.36498865485191345,0.31543150544166565,0.7862243056297302,0.5253300666809082,0.49606961011886597,0.3609415888786316,-1.535116417236324,-0.0495571494102478,0.260894238948822,0.13512802124023438,0,0
case4,case4,real_csig,38,20.2839240616883,18.2545724278576,0.3678370714187622,0.2866166830062866,0.8209022879600525,0.648354172706604,0.4865507483482361,0.34292173385620117,-2.0293516338307,-0.08122038841247559,0.1725481152534485,0.1436290144920349,0,0
case4,case4,real_csig,39,19.74774662437565,17.12880347526955,0.3796027898788452,0.2774704098701477,0.7612272500991821,0.6283636093139648,0.48191577196121216,0.35281139612197876,-2.6189431491061015,-0.10213238000869751,0.13286364078521729,0.1291043758392334,0,0
case4,case4,real_csig,40,19.49091950218085,17.160890772239565,0.34317684173583984,0.26134243607521057,0.808988630771637,0.6203078031539917,0.5077500343322754,0.3627261519432068,-2.3300287299412865,-0.08183440566062927,0.18868082761764526,0.1450238823890686,0,0
case4,case4,real_csig,41,20.26141014095751,17.93088612482494,0.41941431164741516,0.3659572899341583,0.7663024067878723,0.532551646232605,0.4564436674118042,0.32933080196380615,-2.3305240161325678,-0.053457021713256836,0.23375076055526733,0.12711286544799805,0,0
case4,case4,real_csig,42,20.68363222470071,19.31440140685432,0.4155716598033905,0.3830166459083557,0.7883593440055847,0.543842613697052,0.45533037185668945,0.32279419898986816,-1.3692308178463897,-0.03255501389503479,0.24451673030853271,0.1325361728668213,0,0
case4,case4,real_csig,43,16.94913414333735,15.43012269350367,0.27026259899139404,0.2051374614238739,0.8614659905433655,0.5465214252471924,0.4664897322654724,0.32446974515914917,-1.5190114498336804,-0.06512513756752014,0.3149445652961731,0.14201998710632324,0,0
case4,case4,real_csig,44,15.701987481661169,13.859184804683903,0.22417709231376648,0.15069445967674255,0.8310813903808594,0.5402594804763794,0.476881742477417,0.2996441721916199,-1.842802676977266,-0.07348263263702393,0.29082190990448,0.17723757028579712,0,0
case4,case4,real_csig,45,15.276695129845844,13.039007553133196,0.1562146097421646,0.10693271458148956,0.8768466711044312,0.5527658462524414,0.5170876979827881,0.3215467929840088,-2.2376875767126485,-0.04928189516067505,0.32408082485198975,0.1955409049987793,0,0
case4,case4,real_csig,46,15.798376379072693,14.267163110464697,0.22027277946472168,0.14784203469753265,0.8332352638244629,0.5066043138504028,0.516373336315155,0.3062818646430969,-1.5312132686079956,-0.07243074476718903,0.32663094997406006,0.2100914716720581,0,0
case4,case4,real_csig,47,16.0142691960186,14.827505692678294,0.20583824813365936,0.14637432992458344,0.8737706542015076,0.47756582498550415,0.5062338709831238,0.3253365755081177,-1.1867635033403054,-0.05946391820907593,0.3962048292160034,0.1808972954750061,0,0
case4,case4,real_csig,48,19.471134717577478,19.123330948743835,0.31290531158447266,0.29571354389190674,0.8456047773361206,0.6718875169754028,0.5548920035362244,0.4377574324607849,-0.34780376883364283,-0.017191767692565918,0.17371726036071777,0.11713457107543945,0,0
case4,case4,real_csig,49,19.45150052398222,19.030407406184278,0.34841302037239075,0.32979729771614075,0.7881894707679749,0.6832032799720764,0.4942268133163452,0.4194141626358032,-0.4210931177979411,-0.01861572265625,0.10498619079589844,0.07481265068054199,0,0
case4,case4,real_csig,50,19.713793908054814,19.078496689169103,0.36833643913269043,0.35474464297294617,0.7833537459373474,0.6425958871841431,0.5046948194503784,0.3633226156234741,-0.6352972188857109,-0.013591796159744263,0.14075785875320435,0.1413722038269043,0,0
case4,case4,real_csig,51,18.420671410260468,16.961092267305556,0.34859803318977356,0.28910398483276367,0.8235402703285217,0.5841156840324402,0.48473912477493286,0.3587331771850586,-1.4595791429549116,-0.05949404835700989,0.23942458629608154,0.12600594758987427,0,0
case4,case4,real_csig,52,19.869746440546496,19.395487844722783,0.4730882942676544,0.4403174817562103,0.7850862741470337,0.6290120482444763,0.5136826038360596,0.36846834421157837,-0.4742585958237129,-0.03277081251144409,0.15607422590255737,0.1452142596244812,0,0
case4,case4,real_csig,53,21.010641224244672,20.335410818843727,0.45327118039131165,0.4262295961380005,0.7511932849884033,0.5631809234619141,0.48064637184143066,0.3384440541267395,-0.6752304054009457,-0.027041584253311157,0.18801236152648926,0.14220231771469116,0,0
case4,case4,real_csig,54,21.506526408358965,20.734679838133367,0.47444969415664673,0.4433088004589081,0.7625206708908081,0.5960376262664795,0.46264803409576416,0.30636066198349,-0.7718465702255983,-0.031140893697738647,0.1664830446243286,0.15628737211227417,0,0
case4,case4,real_csig,55,19.865470372712444,16.870159984176677,0.3897511065006256,0.2927834391593933,0.7639856934547424,0.5954358577728271,0.4528684616088867,0.36073005199432373,-2.995310388535767,-0.0969676673412323,0.16854983568191528,0.09213840961456299,0,0
case4,case4,real_csig,56,20.341171839691434,17.13120619620402,0.438295841217041,0.3440133035182953,0.756934404373169,0.5232577919960022,0.4674433469772339,0.3268311619758606,-3.209965643487415,-0.09428253769874573,0.23367661237716675,0.1406121850013733,0,0
case4,case4,real_csig,57,19.344917180580936,17.99181580411049,0.37181365489959717,0.31411251425743103,0.7624724507331848,0.4997691810131073,0.4347050189971924,0.2925835847854614,-1.3531013764704447,-0.05770114064216614,0.2627032697200775,0.14212143421173096,0,0
case4,case4,real_csig,58,16.926850103159484,16.159727414575748,0.3086205720901489,0.2792261838912964,0.8073952794075012,0.5407246351242065,0.4569612741470337,0.2987287640571594,-0.7671226885837363,-0.02939438819885254,0.2666706442832947,0.15823251008987427,0,0
case4,case4,real_csig,59,16.905445015080947,15.802714380656703,0.31688424944877625,0.260407418012619,0.7660754323005676,0.5230374336242676,0.4863772392272949,0.30293524265289307,-1.102730634424244,-0.05647683143615723,0.24303799867630005,0.18344199657440186,0,0
case4,case4,real_csig,60,17.313852080605752,16.189803278157488,0.29653307795524597,0.23269125819206238,0.7978448867797852,0.567642867565155,0.4568023681640625,0.3182108402252197,-1.1240488024482644,-0.0638418197631836,0.23020201921463013,0.13859152793884277,0,0
case4,case4,real_csig,61,17.395628725442513,14.665491469405529,0.28638336062431335,0.16940486431121826,0.7915610671043396,0.5531619191169739,0.49592190980911255,0.33340781927108765,-2.7301372560369845,-0.11697849631309509,0.23839914798736572,0.1625140905380249,0,0
case4,case4,real_csig,62,15.701490913870792,14.289491132880467,0.22751624882221222,0.16858124732971191,0.7831297516822815,0.5326817035675049,0.503412127494812,0.31389832496643066,-1.4119997809903246,-0.058935001492500305,0.2504480481147766,0.18951380252838135,0,0
case4,case4,real_csig,63,15.73301740838897,14.843890308336041,0.19251008331775665,0.14537522196769714,0.8024201989173889,0.5038232207298279,0.46784156560897827,0.3212708830833435,-0.8891271000529279,-0.04713486135005951,0.29859697818756104,0.14657068252563477,0,0
case4,case4,real_csig,64,19.230305308174287,17.075795057041564,0.3000773787498474,0.22577470541000366,0.7988741397857666,0.5575396418571472,0.4853198528289795,0.3530237674713135,-2.1545102511327237,-0.07430267333984375,0.24133449792861938,0.13229608535766602,0,0
case4,case4,real_csig,65,20.077432022305576,18.04927380129473,0.39350658655166626,0.3474428355693817,0.7998760938644409,0.5538088083267212,0.4829152822494507,0.3694791793823242,-2.0281582210108446,-0.046063750982284546,0.24606728553771973,0.11343610286712646,0,0
case4,case4,real_csig,66,19.218617903999814,17.53487189791747,0.4321981966495514,0.3930151164531708,0.7248030304908752,0.5603454113006592,0.4725151062011719,0.3293154239654541,-1.6837460060823446,-0.039183080196380615,0.16445761919021606,0.14319968223571777,0,0
case4,case4,real_csig,67,18.333775316727664,16.456297635789824,0.42779913544654846,0.3835129737854004,0.7568702101707458,0.5263406038284302,0.45038002729415894,0.2862057089805603,-1.8774776809378402,-0.04428616166114807,0.23052960634231567,0.16417431831359863,0,0
case4,case4,real_csig,68,16.301447571120235,14.469628696004202,0.33206304907798767,0.29376161098480225,0.7898369431495667,0.5241346955299377,0.47726309299468994,0.30529874563217163,-1.8318188751160331,-0.038301438093185425,0.2657022476196289,0.1719643473625183,0,0
case4,case4,real_csig,69,18.449729274626197,16.838823615585813,0.3769979178905487,0.3602021634578705,0.7647929787635803,0.5437474846839905,0.479800283908844,0.3266752362251282,-1.6109056590403839,-0.016795754432678223,0.22104549407958984,0.15312504768371582,0,0
case4,case4,real_csig,70,20.45985088049254,18.838366339117417,0.4526137411594391,0.4132255017757416,0.7517638206481934,0.521146297454834,0.4687995910644531,0.3239237070083618,-1.6214845413751213,-0.03938823938369751,0.23061752319335938,0.1448758840560913,0,0
case4,case4,real_csig,71,19.266217066134963,16.63744724457715,0.3971670866012573,0.3028706908226013,0.7712216377258301,0.5257676839828491,0.4593302011489868,0.34163206815719604,-2.628769821557814,-0.094296395778656,0.24545395374298096,0.11769813299179077,0,0
case4,case4,real_csig,72,19.509341928590246,16.411585532941423,0.40562236309051514,0.3038284480571747,0.7561134099960327,0.5183035135269165,0.4609200954437256,0.31320327520370483,-3.0977563956488225,-0.10179391503334045,0.2378098964691162,0.14771682024002075,0,0
case4,case4,real_csig,73,19.510443252053193,17.03195976322378,0.42283689975738525,0.3500182032585144,0.7587429285049438,0.47337955236434937,0.5009665489196777,0.2856326103210449,-2.4784834888294114,-0.07281869649887085,0.2853633761405945,0.2153339385986328,0,0
case4,case4,real_csig,74,16.483723203215174,15.394850040924732,0.2752726376056671,0.22735391557216644,0.8071107268333435,0.525005042552948,0.4471281170845032,0.3139568567276001,-1.088873162290442,-0.04791872203350067,0.2821056842803955,0.13317126035690308,0,0
case4,case4,real_csig,75,17.363307543044343,15.766493962886802,0.30991318821907043,0.21814842522144318,0.8094062209129333,0.5670866966247559,0.4672103524208069,0.33165550231933594,-1.5968135801575407,-0.09176476299762726,0.2423195242881775,0.13555485010147095,0,0
case4,case4,real_csig,76,16.97531852781526,14.96968005116221,0.2809375822544098,0.21606428921222687,0.80902498960495,0.6559324264526367,0.5041582584381104,0.3559914827346802,-2.0056384766530506,-0.06487329304218292,0.15309256315231323,0.14816677570343018,0,0
case4,case4,real_csig,77,17.91445514522049,16.74347002055053,0.30883103609085083,0.26237356662750244,0.8033617734909058,0.45131659507751465,0.48211121559143066,0.31543564796447754,-1.1709851246699614,-0.04645746946334839,0.3520451784133911,0.16667556762695312,0,0
case4,case4,real_csig,78,17.971880412511986,16.67618988582628,0.3210742771625519,0.25718560814857483,0.7693884372711182,0.4440525472164154,0.4700855016708374,0.30299144983291626,-1.295690526685707,-0.06388866901397705,0.32533589005470276,0.16709405183792114,0,0
case4,case4,real_csig,79,16.869082099833506,15.262758935940749,0.24458323419094086,0.16617096960544586,0.8497635126113892,0.5110160708427429,0.4731827974319458,0.3425167202949524,-1.6063231638927569,-0.078412264585495,0.33874744176864624,0.1306660771369934,0,0
case4,case4,real_csig,80,18.680822583565167,15.485042627113618,0.3070437014102936,0.2239340990781784,0.8353014588356018,0.5504429936408997,0.4261114001274109,0.3120582103729248,-3.195779956451549,-0.08310960233211517,0.28485846519470215,0.11405318975448608,0,0
case4,case4,real_csig,81,17.393994727088938,14.453894327329833,0.26145967841148376,0.16424614191055298,0.8175641298294067,0.5560156106948853,0.46743303537368774,0.3579862117767334,-2.940100399759105,-0.09721353650093079,0.2615485191345215,0.10944682359695435,0,0
case4,case4,real_csig,82,18.899121063871828,15.46111811347912,0.3473466634750366,0.2546200752258301,0.7894460558891296,0.5578670501708984,0.5240539908409119,0.3396673798561096,-3.4380029503927076,-0.09272658824920654,0.2315790057182312,0.18438661098480225,0,0
case4,case4,real_csig,83,16.438467764172902,13.427040708616005,0.304390549659729,0.1982887089252472,0.7829669713973999,0.5502092838287354,0.43119728565216064,0.3439580202102661,-3.011427055556897,-0.10610184073448181,0.23275768756866455,0.08723926544189453,0,0
case4,case4,real_csig,84,17.054068432510892,14.81254552322204,0.2959790527820587,0.2378176748752594,0.8211044669151306,0.6082066297531128,0.4263400435447693,0.34414899349212646,-2.241522909288852,-0.058161377906799316,0.21289783716201782,0.08219105005264282,0,0
case4,case4,real_csig,85,18.45160502446251,16.22068710445529,0.34836068749427795,0.26041099429130554,0.8339518308639526,0.6158045530319214,0.4503794312477112,0.3439197540283203,-2.2309179200072187,-0.08794969320297241,0.21814727783203125,0.10645967721939087,0,0
case4,case4,real_csig,86,20.20614286477482,17.300633021205222,0.42194923758506775,0.3215179443359375,0.7700022459030151,0.5366586446762085,0.4699733853340149,0.33750003576278687,-2.9055098435695967,-0.10043129324913025,0.23334360122680664,0.13247334957122803,0,0
case4,case4,real_csig,87,20.598126436713343,18.287379141449684,0.41599446535110474,0.3321578800678253,0.7568634748458862,0.5041148066520691,0.5263225436210632,0.33344829082489014,-2.31074729526366,-0.08383658528327942,0.25274866819381714,0.1928742527961731,0,0
case4,case4,real_csig,88,20.73485802895842,18.999620826657384,0.4626013934612274,0.3735402524471283,0.7456929087638855,0.5117480754852295,0.5009011030197144,0.30234718322753906,-1.735237202301036,-0.08906114101409912,0.233944833278656,0.1985539197921753,0,0
case4,case4,real_csig,89,20.324907023676552,19.379023340927123,0.4449298679828644,0.3951384127140045,0.7997394800186157,0.5623581409454346,0.46448200941085815,0.3025249242782593,-0.9458836827494288,-0.04979145526885986,0.23738133907318115,0.16195708513259888,0,0
case4,case4,real_csig,90,19.78589128968493,18.841635175558427,0.43150585889816284,0.3882230520248413,0.8103417158126831,0.5962727665901184,0.43824470043182373,0.2971729636192322,-0.9442561141265031,-0.04328280687332153,0.2140689492225647,0.14107173681259155,0,0
case4,case4,real_csig,91,19.250398635533937,18.736263961006784,0.3774677515029907,0.3628951609134674,0.8189310431480408,0.6869984269142151,0.4997207522392273,0.4071977138519287,-0.5141346745271527,-0.014572590589523315,0.13193261623382568,0.09252303838729858,0,0
case4,case4,real_csig,92,19.07871636480176,18.431721964942437,0.41912776231765747,0.4022710621356964,0.7628695368766785,0.5982158184051514,0.48944205045700073,0.3773624300956726,-0.6469943998593237,-0.01685670018196106,0.1646537184715271,0.11207962036132812,0,0
case4,case4,real_csig,93,18.319398710633855,17.03710669554405,0.3335215449333191,0.2723463475704193,0.7970193028450012,0.522641122341156,0.45928674936294556,0.3255632519721985,-1.282292015089805,-0.06117519736289978,0.2743781805038452,0.13372349739074707,0,0
case4,case4,real_csig,94,17.64740575511699,15.660755927083109,0.31111058592796326,0.21594341099262238,0.7840400338172913,0.5178873538970947,0.4868190288543701,0.336140513420105,-1.9866498280338796,-0.09516717493534088,0.26615267992019653,0.15067851543426514,0,0
case4,case4,real_csig,95,17.209274106858988,14.692825597018285,0.2919098734855652,0.13095533847808838,0.8330041170120239,0.5842335820198059,0.47322916984558105,0.33806031942367554,-2.5164485098407035,-0.1609545350074768,0.24877053499221802,0.13516885042190552,0,0
case4,case4,real_csig,96,18.641242967636515,16.03173623711905,0.3153907060623169,0.2712174355983734,0.7794932126998901,0.5287462472915649,0.41993194818496704,0.3115209937095642,-2.6095067305174666,-0.04417327046394348,0.2507469654083252,0.10841095447540283,0,0
case4,case4,real_csig,97,17.718254909993345,15.532623644104746,0.2551749050617218,0.1785457730293274,0.8550959825515747,0.5642666220664978,0.47483348846435547,0.3427717089653015,-2.185631265888599,-0.07662913203239441,0.2908293604850769,0.13206177949905396,0,0
case4,case4,real_csig,98,16.179481711559283,13.804794125769341,0.2148037552833557,0.11079886555671692,0.9021866917610168,0.5786839723587036,0.4761343002319336,0.3393738865852356,-2.3746875857899425,-0.1040048897266388,0.32350271940231323,0.136760413646698,0,0
case4,case4,real_csig,99,18.08249644987224,14.934046543558656,0.32288658618927,0.19895197451114655,0.8090473413467407,0.567090630531311,0.42312872409820557,0.35152649879455566,-3.1484499063135853,-0.12393461167812347,0.2419567108154297,0.0716022253036499,0,0
case4,case4,real_csig,100,18.61185265920244,15.948553087355599,0.3445635437965393,0.22166886925697327,0.8054164052009583,0.5540758371353149,0.46056240797042847,0.33818596601486206,-2.663299571846842,-0.12289467453956604,0.2513405680656433,0.1223764419555664,0,0
case4,case4,real_csig,101,18.200571308421225,16.028625546113446,0.390758216381073,0.3308076560497284,0.7769534587860107,0.6012296080589294,0.4316784739494324,0.3067170977592468,-2.1719457623077787,-0.059950560331344604,0.1757238507270813,0.12496137619018555,0,0
case4,case4,real_csig,102,21.27747034716962,19.411675929755404,0.455301970243454,0.36923012137413025,0.8062446713447571,0.5001015067100525,0.4864097237586975,0.3614709973335266,-1.8657944174142145,-0.08607184886932373,0.3061431646347046,0.1249387264251709,0,0
case4,case4,real_csig,103,19.638447806931477,17.938609095109616,0.3996221125125885,0.32196494936943054,0.8044094443321228,0.48494336009025574,0.45253634452819824,0.27048826217651367,-1.6998387118218616,-0.07765716314315796,0.31946608424186707,0.18204808235168457,0,0
case4,case4,real_csig,104,19.521565527939252,17.93892961187555,0.3945043683052063,0.33849674463272095,0.8053527474403381,0.5669452548027039,0.488068163394928,0.33033645153045654,-1.5826359160637011,-0.05600762367248535,0.23840749263763428,0.15773171186447144,0,0
case4,case4,real_csig,105,20.710670540278343,20.0703889890041,0.4550257921218872,0.4346853196620941,0.787792444229126,0.6582383513450623,0.49313658475875854,0.36091262102127075,-0.6402815512742421,-0.02034047245979309,0.12955409288406372,0.1322239637374878,0,0
case4,case4,real_csig,106,18.417833601950772,17.696543382329498,0.4570073187351227,0.4500024914741516,0.7417826652526855,0.6385973691940308,0.4643651247024536,0.36855530738830566,-0.7212902196212738,-0.007004827260971069,0.10318529605865479,0.09580981731414795,0,0
case4,case4,real_csig,107,18.376201877421728,18.081064330028806,0.3760468065738678,0.38238435983657837,0.770311176776886,0.6554755568504333,0.49808400869369507,0.4126235246658325,-0.29513754739292253,0.006337553262710571,0.11483561992645264,0.08546048402786255,1,0
case4,case4,real_csig,108,19.513936330632568,19.34818763037836,0.43449389934539795,0.43051543831825256,0.7764901518821716,0.7446324229240417,0.4769241213798523,0.4251832365989685,-0.16574870025420907,-0.003978461027145386,0.03185772895812988,0.05174088478088379,0,0
case4,case4,real_csig,109,19.099438589368173,18.077896556483694,0.37266021966934204,0.31470537185668945,0.7706214189529419,0.6279425621032715,0.44071251153945923,0.3423035144805908,-1.0215420328844793,-0.05795484781265259,0.1426788568496704,0.09840899705886841,0,0
case4,case4,real_csig,110,17.772848242923345,16.21904019336162,0.31443777680397034,0.24980546534061432,0.7967866063117981,0.58719402551651,0.4480893611907959,0.2887239456176758,-1.5538080495617237,-0.06463231146335602,0.20959258079528809,0.15936541557312012,0,0
case4,case4,real_csig,111,17.926821054098234,15.476358768745875,0.3335140347480774,0.15858939290046692,0.8007668852806091,0.5492998957633972,0.4821833372116089,0.3259633779525757,-2.4504622853523585,-0.17492464184761047,0.2514669895172119,0.1562199592590332,0,0
case4,case4,real_csig,112,18.195483045181582,15.284297747859835,0.3688136339187622,0.3070738911628723,0.7742882966995239,0.5843809843063354,0.4692426919937134,0.364119291305542,-2.9111852973217474,-0.06173974275588989,0.18990731239318848,0.10512340068817139,0,0
case4,case4,real_csig,113,16.79327785639761,14.17145463096862,0.3573363125324249,0.3124391436576843,0.734197735786438,0.5582916140556335,0.4182710647583008,0.3352660536766052,-2.6218232254289884,-0.0448971688747406,0.17590612173080444,0.08300501108169556,0,0
case4,case4,real_csig,114,15.840970764899062,14.063267803579153,0.2918727397918701,0.24571256339550018,0.8155280351638794,0.524005651473999,0.4294424057006836,0.31892502307891846,-1.7777029613199087,-0.046160176396369934,0.29152238368988037,0.11051738262176514,0,0
case4,case4,real_csig,115,18.47778771423385,16.981772845705994,0.3776998817920685,0.32011210918426514,0.7658879160881042,0.46897372603416443,0.4242691397666931,0.2619323134422302,-1.4960148685278547,-0.057587772607803345,0.2969141900539398,0.1623368263244629,0,0
case4,case4,real_csig,116,21.92191399204075,20.154822889208738,0.5354467034339905,0.4583686292171478,0.7305991649627686,0.5187948346138,0.4870558977127075,0.27304065227508545,-1.767091102832012,-0.07707807421684265,0.2118043303489685,0.21401524543762207,0,0
case4,case4,real_csig,117,18.45158511829152,16.667024764794604,0.4375513792037964,0.3823707699775696,0.7769818305969238,0.5409243106842041,0.4399101138114929,0.31037503480911255,-1.7845603534969143,-0.05518060922622681,0.23605751991271973,0.12953507900238037,0,0
case4,case4,real_csig,118,17.425928843140834,15.960895771016174,0.35360807180404663,0.30487674474716187,0.7977497577667236,0.4906482696533203,0.4531862735748291,0.3209037184715271,-1.46503307212466,-0.048731327056884766,0.3071014881134033,0.132282555103302,0,0
case4,case4,real_csig,119,18.1003395619992,15.861841346100716,0.36261317133903503,0.28946805000305176,0.8241007328033447,0.4902438521385193,0.4446781873703003,0.2918097972869873,-2.238498215898483,-0.07314512133598328,0.33385688066482544,0.152868390083313,0,0
case4,case4,real_csig,120,18.025316423017387,16.189021119283865,0.32642465829849243,0.2658860981464386,0.7795161008834839,0.5343327522277832,0.4160061478614807,0.2825008034706116,-1.8362953037335217,-0.06053856015205383,0.24518334865570068,0.13350534439086914,0,0
case4,case4,real_csig,121,17.022990702045075,15.570149008302911,0.2906203269958496,0.2381228655576706,0.7893146872520447,0.5701547265052795,0.46796220541000366,0.35615038871765137,-1.4528416937421635,-0.052497461438179016,0.21915996074676514,0.1118118166923523,0,0
case4,case4,real_csig,122,16.03353172594254,14.75917136934382,0.2305416762828827,0.20442526042461395,0.8277628421783447,0.7342128753662109,0.49168264865875244,0.34596556425094604,-1.2743603565987218,-0.026116415858268738,0.09354996681213379,0.1457170844078064,0,0
case4,case4,real_csig,123,16.811387051183104,16.58776550677942,0.30977538228034973,0.3048737347126007,0.7792289853096008,0.692349910736084,0.49161720275878906,0.38768839836120605,-0.22362154440368442,-0.0049016475677490234,0.08687907457351685,0.10392880439758301,0,0
case4,case4,real_csig,124,17.619678426206015,17.3895199074464,0.32870835065841675,0.3237345814704895,0.8016804456710815,0.7055829167366028,0.5226539373397827,0.4130060076713562,-0.23015851875961602,-0.004973769187927246,0.09609752893447876,0.10964792966842651,0,0
case4,case4,real_csig,125,18.933432735907743,18.76965778041669,0.3889155983924866,0.37949296832084656,0.7604597806930542,0.6222165822982788,0.4487133026123047,0.3463066816329956,-0.16377495549105348,-0.009422630071640015,0.1382431983947754,0.10240662097930908,0,0
case4,case4,real_csig,126,17.342368967330795,16.89472530291193,0.27653199434280396,0.23863525688648224,0.8282762169837952,0.589419424533844,0.46825695037841797,0.3334431052207947,-0.44764366441886594,-0.037896737456321716,0.23885679244995117,0.1348138451576233,0,0
case4,case4,real_csig,127,17.52247894250484,16.268070732058327,0.30040431022644043,0.21269093453884125,0.8348752856254578,0.4723920524120331,0.4766676425933838,0.2895820736885071,-1.2544082104465133,-0.08771337568759918,0.3624832332134247,0.1870855689048767,0,0
case4,case4,real_csig,128,17.13994022694895,15.049025995860667,0.3483855128288269,0.317624032497406,0.82713782787323,0.6416566967964172,0.44613897800445557,0.34605342149734497,-2.0909142310882842,-0.0307614803314209,0.18548113107681274,0.1000855565071106,0,0
case4,case4,real_csig,129,19.732178603274335,18.24026539660428,0.38464686274528503,0.31207242608070374,0.7900360226631165,0.5764623284339905,0.5036029815673828,0.3344151973724365,-1.4919132066700556,-0.0725744366645813,0.21357369422912598,0.1691877841949463,0,0
case4,case4,real_csig,130,16.931453823585827,15.527335840529155,0.3211301863193512,0.25011664628982544,0.75382399559021,0.5465232133865356,0.45218539237976074,0.3063437342643738,-1.404117983056672,-0.07101354002952576,0.20730078220367432,0.14584165811538696,0,0
case4,case4,real_csig,131,18.921402737600484,17.34641352956491,0.4775013029575348,0.4238097071647644,0.6787264943122864,0.4541187882423401,0.4408552050590515,0.2829294204711914,-1.574989208035575,-0.053691595792770386,0.2246077060699463,0.1579257845878601,0,0
case4,case4,real_csig,132,19.02095964534224,18.010786082375795,0.39035162329673767,0.3420979082584381,0.7957433462142944,0.5663766264915466,0.4490155577659607,0.29605233669281006,-1.0101735629664468,-0.04825371503829956,0.2293667197227478,0.15296322107315063,0,0
case4,case4,real_csig,133,16.59637055838328,15.196706454050535,0.31208306550979614,0.27297157049179077,0.81449294090271,0.49092593789100647,0.44785237312316895,0.2980509400367737,-1.3996641043327465,-0.03911149501800537,0.3235670030117035,0.14980143308639526,0,0
case4,case4,real_csig,134,16.72446949241044,15.120017624967005,0.2528318166732788,0.19486883282661438,0.824644148349762,0.5170758962631226,0.49248307943344116,0.3534353971481323,-1.6044518674434336,-0.05796298384666443,0.3075682520866394,0.13904768228530884,0,0
case4,case4,real_csig,135,16.884922642672468,15.071524122856484,0.2442784309387207,0.19231854379177094,0.8509562015533447,0.5562413930892944,0.44269663095474243,0.32225894927978516,-1.8133985198159834,-0.05195988714694977,0.2947148084640503,0.12043768167495728,0,0
case4,case4,real_csig,136,17.522381454103584,14.625811733655965,0.321306973695755,0.2329496443271637,0.7569154500961304,0.5296551585197449,0.46182477474212646,0.3205217719078064,-2.8965697204476193,-0.08835732936859131,0.2272602915763855,0.14130300283432007,0,0
case4,case4,real_csig,137,16.992502159901605,14.712413536764293,0.29629531502723694,0.19656741619110107,0.7795282006263733,0.5443214178085327,0.47042298316955566,0.3202565908432007,-2.2800886231373116,-0.09972789883613586,0.23520678281784058,0.15016639232635498,0,0
case4,case4,real_csig,138,16.30457556675306,15.16568630631248,0.23878419399261475,0.21258290112018585,0.8149498105049133,0.617601215839386,0.4631134271621704,0.34648096561431885,-1.1388892604405783,-0.026201292872428894,0.19734859466552734,0.11663246154785156,0,0
case4,case4,real_csig,139,15.908896144556785,15.115066282307282,0.2722349166870117,0.24192644655704498,0.7480041980743408,0.5728862881660461,0.47425901889801025,0.3230084180831909,-0.7938298622495026,-0.030308470129966736,0.17511790990829468,0.15125060081481934,0,0
case4,case4,real_csig,140,18.24540005714946,17.371311288419395,0.3546384274959564,0.3015894293785095,0.7416314482688904,0.533717930316925,0.48407918214797974,0.3415563106536865,-0.8740887687300649,-0.0530489981174469,0.20791351795196533,0.1425228714942932,0,0
case4,case4,real_csig,141,17.33936441919792,16.85930886598538,0.2693268358707428,0.2344561219215393,0.8424003720283508,0.6980277299880981,0.49175041913986206,0.3336074948310852,-0.4800555532125408,-0.03487071394920349,0.14437264204025269,0.15814292430877686,0,0
case4,case4,real_csig,142,16.73687483629698,16.331304381426865,0.29010170698165894,0.269378125667572,0.8198731541633606,0.6267291903495789,0.4934844970703125,0.3389095664024353,-0.4055704548701158,-0.020723581314086914,0.19314396381378174,0.1545749306678772,0,0
case4,case4,real_csig,143,16.686225631572444,15.44813698670221,0.2564225196838379,0.1904696226119995,0.7695284485816956,0.5324753522872925,0.46817994117736816,0.2998177409172058,-1.2380886448702348,-0.06595289707183838,0.23705309629440308,0.16836220026016235,0,0
case4,case4,real_csig,144,16.024048043949456,14.215984680246416,0.32779860496520996,0.29263928532600403,0.7484902143478394,0.5649667978286743,0.4411934018135071,0.32635289430618286,-1.8080633637030399,-0.03515931963920593,0.18352341651916504,0.11484050750732422,0,0
case4,case4,real_csig,145,16.84093730117703,15.148704665073298,0.2804780900478363,0.24854101240634918,0.8011268973350525,0.5737885236740112,0.4340677857398987,0.31680071353912354,-1.6922326361037303,-0.03193707764148712,0.22733837366104126,0.11726707220077515,0,0
case4,case4,real_csig,146,17.076204509253138,15.459584020467991,0.2703114151954651,0.2143409103155136,0.8268208503723145,0.5939168930053711,0.41682374477386475,0.30143386125564575,-1.6166204887851467,-0.05597050487995148,0.23290395736694336,0.115389883518219,0,0
case4,case4,real_csig,147,18.470638486700302,16.59020265372133,0.3556574583053589,0.309963583946228,0.7867993116378784,0.5667370557785034,0.4151250123977661,0.3192346692085266,-1.8804358329789714,-0.04569387435913086,0.220062255859375,0.0958903431892395,0,0
case4,case4,real_csig,148,17.486530731275348,15.109398046781727,0.26634669303894043,0.21149815618991852,0.8048132658004761,0.576924741268158,0.41231024265289307,0.3492625951766968,-2.3771326844936205,-0.05484853684902191,0.22788852453231812,0.06304764747619629,0,0
case4,case4,real_csig,149,17.03420990218894,14.515504579567363,0.2797282338142395,0.19307981431484222,0.8381847143173218,0.5482913255691528,0.4286675453186035,0.2953997850418091,-2.518705322621578,-0.08664841949939728,0.28989338874816895,0.13326776027679443,0,0
case4,case4,real_csig,150,16.937499952069164,15.097905184169791,0.2651004195213318,0.22106397151947021,0.8150638341903687,0.5085841417312622,0.466854989528656,0.3186986446380615,-1.8395947678993725,-0.04403644800186157,0.30647969245910645,0.14815634489059448,0,0
case4,case4,real_csig,151,15.697541176986292,13.436769160097786,0.1792224794626236,0.11294393986463547,0.8846613764762878,0.5901475548744202,0.4841560125350952,0.33402031660079956,-2.260772016888506,-0.06627853959798813,0.2945138216018677,0.15013569593429565,0,0
case4,case4,real_csig,152,16.548194364793876,14.270582065519974,0.2159394919872284,0.15232379734516144,0.8881449103355408,0.6032015681266785,0.48666518926620483,0.32980877161026,-2.277612299273901,-0.06361569464206696,0.2849433422088623,0.15685641765594482,0,0
case4,case4,real_csig,153,16.392305489905734,14.05202238808801,0.249543696641922,0.13702666759490967,0.8239964842796326,0.5507508516311646,0.48667359352111816,0.32981061935424805,-2.3402831018177235,-0.11251702904701233,0.273245632648468,0.15686297416687012,0,0
case4,case4,real_csig,154,15.902260647291484,14.325857949852331,0.23263712227344513,0.19687533378601074,0.7757410407066345,0.5208500027656555,0.5076502561569214,0.3277573585510254,-1.5764026974391534,-0.03576178848743439,0.254891037940979,0.179892897605896,0,0
case4,case4,real_csig,155,17.01949572425783,16.442116500735548,0.27105751633644104,0.2501153349876404,0.8320485353469849,0.5944710373878479,0.5089914798736572,0.36302345991134644,-0.5773792235222821,-0.02094218134880066,0.23757749795913696,0.1459680199623108,0,0
case4,case4,real_csig,156,20.718391750502132,19.98481124317204,0.44614070653915405,0.405047744512558,0.7882048487663269,0.5913340449333191,0.48876500129699707,0.3410288691520691,-0.7335805073300925,-0.04109296202659607,0.1968708038330078,0.14773613214492798,0,0
case4,case4,real_csig,157,18.917233057638015,18.04670201325419,0.3608633577823639,0.31605425477027893,0.8243124485015869,0.56536865234375,0.45524048805236816,0.31704360246658325,-0.8705310443838243,-0.04480910301208496,0.2589437961578369,0.1381968855857849,0,0
case4,case4,real_csig,158,18.903853144162422,17.947429925087313,0.3551313281059265,0.3091769218444824,0.8056688904762268,0.6290573477745056,0.47291308641433716,0.31946974992752075,-0.9564232190751092,-0.04595440626144409,0.1766115427017212,0.1534433364868164,0,0
case4,case4,real_csig,159,18.117711912152267,16.49829994309068,0.34633713960647583,0.26176491379737854,0.75640469789505,0.45608341693878174,0.46887731552124023,0.3010750412940979,-1.6194119690615878,-0.08457222580909729,0.3003212809562683,0.16780227422714233,0,0
case4,case4,real_csig,160,19.77386484045928,17.184101057870127,0.4458271265029907,0.3420950472354889,0.7458800077438354,0.5807961821556091,0.4486168622970581,0.36088037490844727,-2.589763782589152,-0.10373207926750183,0.16508382558822632,0.08773648738861084,0,0
case4,case4,real_csig,161,19.86446724077268,17.867687987630987,0.37335503101348877,0.3135388195514679,0.8058901429176331,0.5779446363449097,0.45229005813598633,0.3504393696784973,-1.9967792531416926,-0.059816211462020874,0.2279455065727234,0.10185068845748901,0,0
case4,case4,real_csig,162,20.452140254142282,18.634700327673293,0.4262285828590393,0.37498533725738525,0.8526628017425537,0.5922492742538452,0.47856050729751587,0.31828463077545166,-1.8174399264689889,-0.05124324560165405,0.2604135274887085,0.1602758765220642,0,0
case4,case4,real_csig,163,21.018045708402553,18.40859674747199,0.4476567804813385,0.3916008472442627,0.8076785206794739,0.5372320413589478,0.5056511759757996,0.3272765874862671,-2.609448960930564,-0.056055933237075806,0.2704464793205261,0.17837458848953247,0,0
case4,case4,real_csig,164,19.099907963351754,16.28418065882352,0.39019832015037537,0.3286447823047638,0.795791506767273,0.577991783618927,0.46208834648132324,0.32639992237091064,-2.8157273045282345,-0.06155353784561157,0.21779972314834595,0.1356884241104126,0,0
case4,case4,real_csig,165,16.761021840443266,14.020459256783706,0.38398298621177673,0.3549276888370514,0.7499603033065796,0.5431234240531921,0.4359520673751831,0.3128787875175476,-2.7405625836595604,-0.029055297374725342,0.20683687925338745,0.1230732798576355,0,0
case4,case4,real_csig,166,19.340728974121,16.46296338130076,0.4371618628501892,0.40770989656448364,0.78420490026474,0.5151769518852234,0.41937732696533203,0.3092012405395508,-2.8777655928202392,-0.029451966285705566,0.2690279483795166,0.11017608642578125,0,0
case4,case4,real_csig,167,19.654452692579444,18.09894283716314,0.40159881114959717,0.37155047059059143,0.7992178201675415,0.5274496078491211,0.520334780216217,0.3250579237937927,-1.5555098554163038,-0.030048340559005737,0.2717682123184204,0.19527685642242432,0,0
case4,case4,real_csig,168,17.640819737948377,15.617321696772068,0.27859607338905334,0.2317451685667038,0.8557100892066956,0.5410524606704712,0.47963815927505493,0.3169577717781067,-2.0234980411763086,-0.04685090482234955,0.31465762853622437,0.16268038749694824,0,0
case4,case4,real_csig,169,18.873888811647245,15.72328927759997,0.3554636836051941,0.26414304971694946,0.7802823781967163,0.5224018692970276,0.4879496097564697,0.3151576519012451,-3.1505995340472737,-0.09132063388824463,0.2578805088996887,0.1727919578552246,0,0
case4,case4,real_csig,170,17.813721621876024,15.032929164473678,0.3012124300003052,0.17607206106185913,0.8165286183357239,0.557755708694458,0.5130912065505981,0.32765913009643555,-2.7807924574023453,-0.12514036893844604,0.25877290964126587,0.1854320764541626,0,0
case4,case4,real_csig,171,17.143367463100404,15.641051633340268,0.26572385430336,0.21999061107635498,0.8097132444381714,0.5895326137542725,0.49994736909866333,0.3374139070510864,-1.5023158297601356,-0.045733243227005005,0.22018063068389893,0.1625334620475769,0,0
case4,case4,real_csig,172,20.514539404091565,18.748791140600268,0.49193158745765686,0.3951655924320221,0.7724106907844543,0.5373132228851318,0.4548417329788208,0.2823195457458496,-1.7657482634912967,-0.09676599502563477,0.2350974678993225,0.1725221872329712,0,0
case4,case4,real_csig,173,20.084941142067294,17.796646026209043,0.4176546633243561,0.33259496092796326,0.8188737630844116,0.5422443151473999,0.5175672769546509,0.3523895740509033,-2.2882951158582507,-0.08505970239639282,0.2766294479370117,0.16517770290374756,0,0
case4,case4,real_csig,174,20.133214231525407,18.523166388557655,0.452314168214798,0.39623594284057617,0.7933828830718994,0.5951411724090576,0.5047946572303772,0.3262639045715332,-1.6100478429677523,-0.0560782253742218,0.1982417106628418,0.178530752658844,0,0
case4,case4,real_csig,175,18.983068413526805,17.559404261218926,0.4136389195919037,0.3305327296257019,0.7640835642814636,0.5438490509986877,0.4992331266403198,0.32606446743011475,-1.4236641523078788,-0.08310618996620178,0.22023451328277588,0.17316865921020508,0,0
case4,case4,real_csig,176,18.666202047276908,14.858308818758346,0.3245980143547058,0.2043037712574005,0.814887523651123,0.6861171126365662,0.4129457473754883,0.4065648317337036,-3.8078932285185623,-0.1202942430973053,0.12877041101455688,0.006380915641784668,0,0
case4,case4,real_csig,177,20.416515973006067,18.11296591262543,0.39639994502067566,0.3225611448287964,0.8207209706306458,0.5881987810134888,0.4489520788192749,0.37336790561676025,-2.303550060380637,-0.07383880019187927,0.23252218961715698,0.07558417320251465,0,0
case4,case4,real_csig,178,21.94320484535571,20.85459552201769,0.505771279335022,0.44271740317344666,0.7735424041748047,0.5149145126342773,0.4784603714942932,0.2909162640571594,-1.0886093233380194,-0.06305387616157532,0.25862789154052734,0.1875441074371338,0,0
case4,case4,real_csig,179,22.03528498810344,20.481043232458305,0.4435797333717346,0.3899051547050476,0.7806193232536316,0.537413477897644,0.5143389701843262,0.2971094846725464,-1.554241755645137,-0.05367457866668701,0.24320584535598755,0.21722948551177979,0,0
case4,case4,real_csig,180,23.727238641923883,21.171634526737613,0.5971106290817261,0.5358327031135559,0.7387345433235168,0.5380666851997375,0.48282408714294434,0.3018922805786133,-2.55560411518627,-0.061277925968170166,0.2006678581237793,0.18093180656433105,0,0
case4,case4,real_csig,181,19.69683708741391,15.949011078475824,0.43740856647491455,0.3627161383628845,0.7754234075546265,0.5493846535682678,0.48274701833724976,0.3226425051689148,-3.7478260089380875,-0.07469242811203003,0.22603875398635864,0.16010451316833496,0,0
case4,case4,real_csig,182,20.256192845680104,18.354026643451704,0.44804421067237854,0.3965340256690979,0.7624436616897583,0.5141503810882568,0.45993053913116455,0.33827829360961914,-1.9021662022284005,-0.05151018500328064,0.24829328060150146,0.12165224552154541,0,0
case4,case4,real_csig,183,19.606774262210422,18.412220364550855,0.39893198013305664,0.36705660820007324,0.7988705039024353,0.5161720514297485,0.46982914209365845,0.32694435119628906,-1.194553897659567,-0.0318753719329834,0.28269845247268677,0.14288479089736938,0,0
case4,case4,real_csig,184,19.83354447982554,18.067857811263302,0.3573923408985138,0.29451459646224976,0.8304333686828613,0.5993839502334595,0.4916952848434448,0.3407711982727051,-1.765686668562239,-0.06287774443626404,0.23104941844940186,0.15092408657073975,0,0
case4,case4,real_csig,185,18.678730497198732,15.814316191301444,0.3218011260032654,0.1855303943157196,0.8014690279960632,0.5477346777915955,0.47793346643447876,0.29694807529449463,-2.864414305897288,-0.13627073168754578,0.2537343502044678,0.18098539113998413,0,0
case4,case4,real_csig,186,18.703136119642572,16.064405459069775,0.34076130390167236,0.19930815696716309,0.7999811768531799,0.5109423995018005,0.4392307996749878,0.2758105993270874,-2.638730660572797,-0.14145314693450928,0.2890387773513794,0.1634202003479004,0,0
case4,case4,real_csig,187,18.506531510777773,17.113998694250693,0.3452807664871216,0.27745741605758667,0.812168538570404,0.5412924885749817,0.4579286575317383,0.3128732442855835,-1.3925328165270798,-0.06782335042953491,0.27087604999542236,0.14505541324615479,0,0
case4,case4,real_csig,188,18.97783407693358,17.316264950510085,0.38465097546577454,0.3363475501537323,0.8137284517288208,0.5719010829925537,0.4561433792114258,0.2968226671218872,-1.661569126423494,-0.048303425312042236,0.2418273687362671,0.15932071208953857,0,0
case4,case4,real_csig,189,19.339480018994163,16.471801486402548,0.39137205481529236,0.30664268136024475,0.8037402629852295,0.53641676902771,0.488903284072876,0.3612830638885498,-2.867678532591615,-0.08472937345504761,0.26732349395751953,0.12762022018432617,0,0
case4,case4,real_csig,190,20.094712234042156,18.03387885052399,0.435152143239975,0.3363528251647949,0.7931099534034729,0.6313513517379761,0.46177101135253906,0.2904421091079712,-2.0608333835181654,-0.09879931807518005,0.16175860166549683,0.17132890224456787,0,0
case4,case4,real_csig,191,18.447412782497356,18.018694214071566,0.4108874201774597,0.39368677139282227,0.7925164699554443,0.5481598377227783,0.48469626903533936,0.33171045780181885,-0.4287185684257899,-0.01720064878463745,0.24435663223266602,0.1529858112335205,0,0
case5,case5,real_csig,0,30.339241038999113,22.745149605053278,0.910236120223999,0.5080187320709229,0.22108986973762512,0.6345722079277039,0.1959681510925293,0.2949959635734558,-7.5940914339458345,-0.40221738815307617,-0.41348233819007874,-0.09902781248092651,0,0
case5,case5,real_csig,1,27.220963312374693,22.389237732512516,0.8496451377868652,0.6055280566215515,0.2695300877094269,0.46302852034568787,0.23001915216445923,0.2679551839828491,-4.8317255798621765,-0.24411708116531372,-0.193498432636261,-0.03793603181838989,0,0
case5,case5,real_csig,2,26.16052536465322,24.323439125856265,0.8966226577758789,0.7902836203575134,0.13924333453178406,0.48037752509117126,0.21843165159225464,0.30329567193984985,-1.8370862387969566,-0.10633903741836548,-0.3411341905593872,-0.08486402034759521,0,0
case5,case5,real_csig,3,29.432051833673558,26.167664984062448,0.9374905228614807,0.8632392287254333,0.1044827401638031,0.438989520072937,0.17684829235076904,0.26234114170074463,-3.2643868496111104,-0.07425129413604736,-0.3345067799091339,-0.08549284934997559,0,0
case5,case5,real_csig,4,29.226650449687156,24.682812638444062,0.895537793636322,0.7288342714309692,0.2015528529882431,0.473672091960907,0.2018723487854004,0.24277567863464355,-4.543837811243094,-0.16670352220535278,-0.2721192389726639,-0.040903329849243164,0,0
case5,case5,real_csig,5,33.42450850127919,27.737566258280214,0.951810896396637,0.7520860433578491,0.12455511093139648,0.4917421340942383,0.18803679943084717,0.29697346687316895,-5.6869422429989775,-0.19972485303878784,-0.3671870231628418,-0.10893666744232178,0,0
case5,case5,real_csig,6,43.64183438257392,39.24052938037813,0.9925141334533691,0.9181762337684631,0.03899669647216797,0.323137104511261,0.16391539573669434,0.2524939775466919,-4.401305002195791,-0.074337899684906,-0.284140408039093,-0.08857858180999756,0,0
case5,case5,real_csig,7,28.990084629122887,25.105322025414356,0.9165287613868713,0.873993992805481,0.23729972541332245,0.28962549567222595,0.3228919506072998,0.2793716788291931,-3.8847626037085305,-0.04253476858139038,-0.0523257702589035,0.04352027177810669,0,0
case5,case5,real_csig,8,25.108106590424097,21.338308609171218,0.7802909016609192,0.6753635406494141,0.4742589592933655,0.510503888130188,0.34757375717163086,0.2863784432411194,-3.7697979812528786,-0.10492736101150513,-0.03624492883682251,0.061195313930511475,0,0
case5,case5,real_csig,9,24.948650394770947,20.862650437129556,0.7722768187522888,0.6942516565322876,0.3673607110977173,0.46317753195762634,0.3083166480064392,0.2869374752044678,-4.085999957641391,-0.07802516222000122,-0.09581682085990906,0.021379172801971436,0,0
case5,case5,real_csig,10,25.53786668074068,21.36691831047702,0.8240907788276672,0.7536789774894714,0.49451905488967896,0.4181712567806244,0.32048046588897705,0.2909524440765381,-4.1709483702636625,-0.0704118013381958,0.07634779810905457,0.029528021812438965,0,0
case5,case5,real_csig,11,33.80509170612853,30.840816357791972,0.9800660610198975,0.897822916507721,0.06373786181211472,0.3607288599014282,0.2195373773574829,0.2776399850845337,-2.9642753483365567,-0.08224314451217651,-0.2969909980893135,-0.05810260772705078,0,0
case5,case5,real_csig,12,30.138383130779793,23.674497303401623,0.9299707412719727,0.7679119110107422,0.16562797129154205,0.49466487765312195,0.16948074102401733,0.22829312086105347,-6.463885827378171,-0.16205883026123047,-0.3290369063615799,-0.05881237983703613,0,0
case5,case5,real_csig,13,25.04663531473537,23.83971595897146,0.8280642628669739,0.7393752336502075,0.3156801760196686,0.3925856947898865,0.27056896686553955,0.2495037317276001,-1.2069193557639082,-0.08868902921676636,-0.0769055187702179,0.021065235137939453,0,0
case5,case5,real_csig,14,25.59543160630303,22.642816670285285,0.8684853911399841,0.7195612788200378,0.26728036999702454,0.569087564945221,0.2854807376861572,0.29665857553482056,-2.9526149360177456,-0.1489241123199463,-0.3018071949481964,-0.01117783784866333,0,0
case5,case5,real_csig,15,22.543127449749328,20.725218311113057,0.8109953999519348,0.7112404704093933,0.27671945095062256,0.5308330059051514,0.29671621322631836,0.3041650056838989,-1.8179091386362707,-0.0997549295425415,-0.2541135549545288,-0.007448792457580566,0,0
case5,case5,real_csig,16,29.078606676717925,23.598628813477404,0.8935718536376953,0.600401759147644,0.2485734224319458,0.5620492696762085,0.22114163637161255,0.265525221824646,-5.479977863240521,-0.29317009449005127,-0.3134758472442627,-0.04438358545303345,0,0
case5,case5,real_csig,17,26.02982006487297,21.457591803087382,0.8454167246818542,0.6230874061584473,0.2682821452617645,0.43269118666648865,0.22536712884902954,0.26543325185775757,-4.572228261785586,-0.22232931852340698,-0.16440904140472412,-0.04006612300872803,0,0
case5,case5,real_csig,18,26.580729612887474,25.281226251192102,0.8992868065834045,0.8204762935638428,0.14953163266181946,0.5148487687110901,0.2313348650932312,0.28708887100219727,-1.299503361695372,-0.07881051301956177,-0.36531713604927063,-0.055754005908966064,0,0
case5,case5,real_csig,19,26.23036432735377,24.767125671684674,0.9205577969551086,0.8421996831893921,0.1536714881658554,0.46514034271240234,0.2252209186553955,0.2625633478164673,-1.4632386556690946,-0.07835811376571655,-0.31146885454654694,-0.03734242916107178,0,0
case5,case5,real_csig,20,29.574249811219033,26.138515778901855,0.8981459736824036,0.7889085412025452,0.19487342238426208,0.4357806146144867,0.1877971887588501,0.23613184690475464,-3.4357340323171783,-0.1092374324798584,-0.2409071922302246,-0.04833465814590454,0,0
case5,case5,real_csig,21,33.282637208458866,27.88364411066898,0.9470557570457458,0.8160119652748108,0.13230951130390167,0.4134053885936737,0.19349849224090576,0.2695477604866028,-5.398993097789887,-0.13104379177093506,-0.28109587728977203,-0.07604926824569702,0,0
case5,case5,real_csig,22,28.658523181744307,25.27178560179266,0.9412486553192139,0.8751415014266968,0.16692247986793518,0.35301846265792847,0.3028618097305298,0.2898132801055908,-3.386737579951646,-0.06610715389251709,-0.1860959827899933,0.013048529624938965,0,0
case5,case5,real_csig,23,22.107489430121117,19.744393473138864,0.7021673321723938,0.601919412612915,0.6782587766647339,0.5326418280601501,0.37556421756744385,0.2592464089393616,-2.363095956982253,-0.10024791955947876,0.14561694860458374,0.11631780862808228,0,0
case5,case5,real_csig,24,24.290216419884505,21.913381623964476,0.8467282056808472,0.8239938020706177,0.3179873526096344,0.3342614471912384,0.3304767608642578,0.25667423009872437,-2.376834795920029,-0.022734403610229492,-0.016274094581604004,0.07380253076553345,0,0
case5,case5,real_csig,25,25.487819362705327,22.54880472905956,0.8608059287071228,0.8034153580665588,0.14441779255867004,0.2608813941478729,0.2678374648094177,0.2487657070159912,-2.9390146336457654,-0.057390570640563965,-0.11646360158920288,0.019071757793426514,0,0
case5,case5,real_csig,26,24.75339949889719,22.15740713687837,0.8361936211585999,0.7911442518234253,0.44147562980651855,0.326010525226593,0.3547936677932739,0.27133405208587646,-2.595992362018819,-0.04504936933517456,0.11546510457992554,0.08345961570739746,0,0
case5,case5,real_csig,27,23.102625947287734,21.78363833019164,0.7965987324714661,0.7574740648269653,0.5541156530380249,0.39455005526542664,0.30857962369918823,0.27989667654037476,-1.318987617096095,-0.03912466764450073,0.15956559777259827,0.028682947158813477,0,0
case5,case5,real_csig,28,31.559344667137378,26.295154167136367,0.9446368217468262,0.8109233975410461,0.13152053952217102,0.464515745639801,0.16548603773117065,0.24407923221588135,-5.2641905000010105,-0.13371342420578003,-0.33299520611763,-0.0785931944847107,0,0
case5,case5,real_csig,29,24.441615558735506,24.594175734356778,0.8184594511985779,0.7330294251441956,0.27659520506858826,0.4163495600223541,0.23621147871017456,0.2480880618095398,0.15256017562127155,-0.08543002605438232,-0.13975435495376587,-0.011876583099365234,0,1
case5,case5,real_csig,30,32.049050041182795,29.30069041363904,0.9648512601852417,0.8333173394203186,0.07960273325443268,0.5026249885559082,0.20592576265335083,0.2790749669075012,-2.7483596275437563,-0.1315339207649231,-0.4230222553014755,-0.07314920425415039,0,0
case5,case5,real_csig,31,26.12413479745372,24.178343680646492,0.8787078857421875,0.8042014837265015,0.18104355037212372,0.475331574678421,0.22164618968963623,0.29110926389694214,-1.9457911168072286,-0.07450640201568604,-0.2942880243062973,-0.06946307420730591,0,0
case5,case5,real_csig,32,29.16729587388442,23.893902679422716,0.8922539353370667,0.7077171206474304,0.21206669509410858,0.44246166944503784,0.2080337405204773,0.257499098777771,-5.273393194461704,-0.18453681468963623,-0.23039497435092926,-0.0494653582572937,0,0
case5,case5,real_csig,33,23.950228038007985,21.247643893771333,0.7988305687904358,0.6760545372962952,0.33158236742019653,0.45206356048583984,0.28538376092910767,0.2720181941986084,-2.7025841442366527,-0.12277603149414062,-0.12048119306564331,0.013365566730499268,0,0
case5,case5,real_csig,34,22.977260422124,22.100783419682195,0.8257799744606018,0.7688213586807251,0.2814463973045349,0.5299009084701538,0.3187204599380493,0.2908494472503662,-0.8764770024418063,-0.05695861577987671,-0.2484545111656189,0.027871012687683105,0,0
case5,case5,real_csig,35,25.307979208640997,23.432456081271148,0.8998596668243408,0.7868617177009583,0.19393807649612427,0.5197023749351501,0.2754225730895996,0.27308189868927,-1.8755231273698492,-0.11299794912338257,-0.3257642984390259,0.00234067440032959,0,0
case5,case5,real_csig,36,28.544322400602546,26.051888224051105,0.8946658372879028,0.826180100440979,0.21183139085769653,0.4115099608898163,0.1884412169456482,0.22733360528945923,-2.4924341765514413,-0.06848573684692383,-0.19967857003211975,-0.038892388343811035,0,0
case5,case5,real_csig,37,31.00169680823886,29.90248385175118,0.9198863506317139,0.8472737073898315,0.13142138719558716,0.3659760355949402,0.21104568243026733,0.27583861351013184,-1.0992129564876798,-0.07261264324188232,-0.23455464839935303,-0.0647929310798645,0,0
case5,case5,real_csig,38,23.50791513354718,21.797410547762837,0.7861543297767639,0.7214117646217346,0.4480285048484802,0.4397834837436676,0.33106040954589844,0.27075618505477905,-1.7105045857843422,-0.0647425651550293,0.008245021104812622,0.060304224491119385,0,0
case5,case5,real_csig,39,24.068063911471324,23.102936597010284,0.8393216133117676,0.8161069750785828,0.3547125458717346,0.34828615188598633,0.3554569482803345,0.2759249806404114,-0.9651273144610393,-0.023214638233184814,0.006426393985748291,0.0795319676399231,0,0
case5,case5,real_csig,40,23.010812806562626,21.471624779907465,0.7832375168800354,0.7628350853919983,0.5170875787734985,0.4670073986053467,0.3717162013053894,0.2681633234024048,-1.539188026655161,-0.02040243148803711,0.050080180168151855,0.10355287790298462,0,0
case5,case5,real_csig,41,24.621162715307847,22.300712161335817,0.8477684855461121,0.8053537607192993,0.3512757122516632,0.3786391317844391,0.3144434690475464,0.26002824306488037,-2.32045055397203,-0.042414724826812744,-0.02736341953277588,0.054415225982666016,0,0
case5,case5,real_csig,42,28.37601197223467,27.31256338486712,0.9414300918579102,0.9344286918640137,0.1342523843050003,0.13454625010490417,0.29564154148101807,0.24560153484344482,-1.063448587367553,-0.007001399993896484,-0.00029386579990386963,0.05004000663757324,0,0
case5,case5,real_csig,43,21.910597973149724,21.135789511327427,0.7125970125198364,0.7206643223762512,0.6404812335968018,0.3886978030204773,0.35500091314315796,0.2675626873970032,-0.7748084618222961,0.008067309856414795,0.25178343057632446,0.08743822574615479,1,0
case5,case5,real_csig,44,27.174123601674797,24.934243123672907,0.9005844593048096,0.8214972019195557,0.2447890043258667,0.4607281982898712,0.23055589199066162,0.25181400775909424,-2.23988047800189,-0.0790872573852539,-0.21593919396400452,-0.021258115768432617,0,0
case5,case5,real_csig,45,24.363237468201177,23.87814132808556,0.8231073617935181,0.7078381776809692,0.24427585303783417,0.37562286853790283,0.2303997278213501,0.2603698968887329,-0.4850961401156155,-0.11526918411254883,-0.13134701550006866,-0.029970169067382812,0,0
case5,case5,real_csig,46,31.785991341160052,30.481082510461583,0.9522745609283447,0.8796749711036682,0.104583241045475,0.4129989445209503,0.22255730628967285,0.2873155474662781,-1.3049088306984693,-0.07259958982467651,-0.3084157034754753,-0.06475824117660522,0,0
case5,case5,real_csig,47,24.985929475971112,23.835238416323836,0.8825531601905823,0.8318643569946289,0.19207420945167542,0.41529011726379395,0.24730980396270752,0.29525643587112427,-1.1506910596472757,-0.05068880319595337,-0.22321590781211853,-0.04794663190841675,0,0
case5,case5,real_csig,48,28.11669928642051,24.30777204118598,0.869599461555481,0.76230788230896,0.24022583663463593,0.4537053108215332,0.224892258644104,0.27357804775238037,-3.8089272452345284,-0.107291579246521,-0.21347947418689728,-0.04868578910827637,0,0
case5,case5,real_csig,49,25.99392866468709,23.74395955268866,0.8401420712471008,0.7377516627311707,0.28062862157821655,0.437681645154953,0.22147977352142334,0.2492576241493225,-2.2499691119984284,-0.10239040851593018,-0.15705302357673645,-0.02777785062789917,0,0
case5,case5,real_csig,50,23.794940009426867,23.175574709960763,0.8339307904243469,0.7510300278663635,0.2726497948169708,0.5167734622955322,0.2741035223007202,0.27818065881729126,-0.6193652994661036,-0.0829007625579834,-0.2441236674785614,-0.004077136516571045,0,0
case5,case5,real_csig,51,27.01212326938727,20.815765599147667,0.8621700406074524,0.6203311085700989,0.30106186866760254,0.6124136447906494,0.28934669494628906,0.33256107568740845,-6.196357670239603,-0.24183893203735352,-0.3113517761230469,-0.043214380741119385,0,0
case5,case5,real_csig,52,27.81832593043289,23.653874496358878,0.8911727070808411,0.8274832367897034,0.20337510108947754,0.45836856961250305,0.21582794189453125,0.24863922595977783,-4.164451434074014,-0.0636894702911377,-0.2549934685230255,-0.03281128406524658,0,0
case5,case5,real_csig,53,28.449385061804353,27.35721753547633,0.9009907245635986,0.8571246266365051,0.18649522960186005,0.35167399048805237,0.23876315355300903,0.2734189033508301,-1.0921675263280228,-0.043866097927093506,-0.16517876088619232,-0.034655749797821045,0,0
case5,case5,real_csig,54,21.671759316518976,19.140469301617582,0.7344805002212524,0.6706799864768982,0.5656459927558899,0.44123727083206177,0.3797643184661865,0.30709224939346313,-2.531290014901394,-0.06380051374435425,0.12440872192382812,0.07267206907272339,0,0
case5,case5,real_csig,55,22.885934936654383,21.122970193211287,0.7837210893630981,0.7529355883598328,0.5154213905334473,0.42039453983306885,0.36096733808517456,0.28222179412841797,-1.7629647434430957,-0.03078550100326538,0.09502685070037842,0.07874554395675659,0,0
case5,case5,real_csig,56,25.585573805534175,23.946944890271755,0.8446918725967407,0.80290687084198,0.38031256198883057,0.36278581619262695,0.2910947799682617,0.280345618724823,-1.6386289152624194,-0.04178500175476074,0.017526745796203613,0.01074916124343872,0,0
case5,case5,real_csig,57,35.081245491714775,34.89147057765754,0.9719372391700745,0.9283403158187866,0.04554187133908272,0.31651073694229126,0.07971501350402832,0.39471977949142456,-0.18977491405723157,-0.04359692335128784,-0.27096886560320854,-0.31500476598739624,0,0
case5,case5,real_csig,58,24.380312004686218,23.308227003901276,0.8313642144203186,0.800571620464325,0.47389107942581177,0.3542681038379669,0.35714030265808105,0.24294662475585938,-1.0720850007849414,-0.030792593955993652,0.11962297558784485,0.11419367790222168,0,0
case5,case5,real_csig,59,26.284124060434735,23.56368033622378,0.8919268250465393,0.8544989824295044,0.2022000253200531,0.2248406559228897,0.2698642611503601,0.22530096769332886,-2.7204437242109556,-0.03742784261703491,-0.02264063060283661,0.04456329345703125,0,0
case5,case5,real_csig,60,24.03642020105258,22.717070093520736,0.8347985744476318,0.7617008686065674,0.2601401209831238,0.44624125957489014,0.2554273009300232,0.2455849051475525,-1.319350107531843,-0.07309770584106445,-0.18610113859176636,0.009842395782470703,0,0
case5,case5,real_csig,61,25.624305659256198,24.865966722648125,0.8481529355049133,0.756318986415863,0.2304585874080658,0.3963567912578583,0.22587114572525024,0.24176889657974243,-0.758338936608073,-0.09183394908905029,-0.16589820384979248,-0.015897750854492188,0,0
case5,case5,real_csig,62,32.8192725412471,29.835863339732278,0.9646070599555969,0.8735613226890564,0.09726880490779877,0.4265347421169281,0.20701420307159424,0.28270256519317627,-2.9834092015148244,-0.09104573726654053,-0.32926593720912933,-0.07568836212158203,0,0
case5,case5,real_csig,63,25.43015628350051,23.513041205765685,0.8812516927719116,0.8237086534500122,0.20398341119289398,0.4226953387260437,0.24000990390777588,0.2865857481956482,-1.9171150777348238,-0.057543039321899414,-0.21871192753314972,-0.046575844287872314,0,0
case5,case5,real_csig,64,28.39420925651966,25.58389379159253,0.8899877071380615,0.7726266980171204,0.20512686669826508,0.44444096088409424,0.21805858612060547,0.2781413793563843,-2.810315464927129,-0.11736100912094116,-0.23931409418582916,-0.06008279323577881,0,0
case5,case5,real_csig,65,25.399896213874733,23.018068086795736,0.8400360345840454,0.7187392115592957,0.27494877576828003,0.4514901041984558,0.23632293939590454,0.2700079679489136,-2.3818281270789967,-0.12129682302474976,-0.17654132843017578,-0.03368502855300903,0,0
case5,case5,real_csig,66,24.851394890474275,23.355295480739162,0.8316715955734253,0.6697946786880493,0.2732087969779968,0.5380967855453491,0.24318057298660278,0.2872623801231384,-1.4960994097351126,-0.16187691688537598,-0.2648879885673523,-0.044081807136535645,0,0
case5,case5,real_csig,67,26.87769969705983,20.947369248435663,0.8393757939338684,0.6196889281272888,0.2654731869697571,0.513785719871521,0.2923460602760315,0.3322216868400574,-5.930330448624165,-0.2196868658065796,-0.24831253290176392,-0.03987562656402588,0,0
case5,case5,real_csig,68,28.126027423900567,23.943158953477255,0.9058036804199219,0.8297156691551208,0.18878784775733948,0.4423416256904602,0.2263946533203125,0.2504342794418335,-4.182868470423312,-0.07608801126480103,-0.2535537779331207,-0.024039626121520996,0,0
case5,case5,real_csig,69,25.946411460177377,22.491275256231468,0.8643019199371338,0.7628348469734192,0.20730333030223846,0.394639790058136,0.27771425247192383,0.2817816734313965,-3.4551362039459086,-0.1014670729637146,-0.18733645975589752,-0.004067420959472656,0,0
case5,case5,real_csig,70,25.704799903298387,22.68221039590381,0.9123175144195557,0.8346349596977234,0.1719769537448883,0.29884934425354004,0.2896232008934021,0.2971024513244629,-3.022589507394578,-0.07768255472183228,-0.12687239050865173,-0.007479250431060791,0,0
case5,case5,real_csig,71,25.798119391836746,24.25869196336952,0.8722589612007141,0.834904134273529,0.31313663721084595,0.3844057023525238,0.3022693395614624,0.2527335286140442,-1.5394274284672242,-0.03735482692718506,-0.07126906514167786,0.04953581094741821,0,0
case5,case5,real_csig,72,25.527515988882623,24.050534202826782,0.8004845976829529,0.7039543986320496,0.4274590015411377,0.5007795691490173,0.3279000520706177,0.3141690492630005,-1.4769817860558412,-0.09653019905090332,-0.07332056760787964,0.013731002807617188,0,0
case5,case5,real_csig,73,33.073740181807956,31.92360501115569,0.9282853007316589,0.8553572297096252,0.049577079713344574,0.38313817977905273,0.21969789266586304,0.3368459939956665,-1.1501351706522662,-0.07292807102203369,-0.33356110006570816,-0.11714810132980347,0,0
case5,case5,real_csig,74,26.01587568346483,21.483731501006396,0.8825856447219849,0.8334697484970093,0.23947538435459137,0.39205944538116455,0.2368481159210205,0.2741360068321228,-4.532144182458435,-0.049115896224975586,-0.15258406102657318,-0.037287890911102295,0,0
case5,case5,real_csig,75,21.689651928668006,16.909274359976195,0.7119703888893127,0.561894416809082,0.4520043730735779,0.561655580997467,0.35257279872894287,0.31622248888015747,-4.7803775686918115,-0.1500759720802307,-0.10965120792388916,0.0363503098487854,0,0
case5,case5,real_csig,76,25.554723678481572,22.252413478125153,0.8458137512207031,0.7654538750648499,0.26188069581985474,0.4844086170196533,0.2659943699836731,0.2623656988143921,-3.3023102003564198,-0.08035987615585327,-0.22252792119979858,0.003628671169281006,0,0
case5,case5,real_csig,77,26.147075227593145,24.24912455277207,0.8501879572868347,0.7749242782592773,0.21602489054203033,0.4003930687904358,0.22669655084609985,0.2588593363761902,-1.8979506748210753,-0.07526367902755737,-0.18436817824840546,-0.03216278553009033,0,0
case5,case5,real_csig,78,33.21002351491779,29.450795372813296,0.963252067565918,0.86979079246521,0.09169875085353851,0.39174941182136536,0.1976754069328308,0.28641653060913086,-3.7592281421044973,-0.09346127510070801,-0.30005066096782684,-0.08874112367630005,0,0
case5,case5,real_csig,79,25.60134885268239,23.994591578072082,0.8678281903266907,0.8347758650779724,0.19729988276958466,0.3361266255378723,0.22654014825820923,0.2811998724937439,-1.606757274610306,-0.03305232524871826,-0.13882674276828766,-0.05465972423553467,0,0
case5,case5,real_csig,80,27.623145055720677,25.28622455092325,0.878591001033783,0.7019175887107849,0.23151901364326477,0.5024429559707642,0.22570043802261353,0.2989901900291443,-2.336920504797426,-0.17667341232299805,-0.2709239423274994,-0.07328975200653076,0,0
case5,case5,real_csig,81,27.389113232625956,24.120868494348827,0.8678840398788452,0.7253845930099487,0.22502735257148743,0.4086121916770935,0.22375696897506714,0.26349395513534546,-3.2682447382771294,-0.14249944686889648,-0.18358483910560608,-0.03973698616027832,0,0
case5,case5,real_csig,82,24.441700387843266,24.3254244837792,0.8844394683837891,0.7733583450317383,0.21539917588233948,0.4775765836238861,0.2503478527069092,0.28952592611312866,-0.1162759040640644,-0.11108112335205078,-0.26217740774154663,-0.03917807340621948,0,0
case5,case5,real_csig,83,27.41036438790479,24.371283695857585,0.834402859210968,0.692001461982727,0.28120917081832886,0.5116503238677979,0.2835844159126282,0.2609643340110779,-3.0390806920472038,-0.14240139722824097,-0.230441153049469,0.022620081901550293,0,0
case5,case5,real_csig,84,27.517652448622435,25.509171921199165,0.9032929539680481,0.837496817111969,0.1781533658504486,0.415997713804245,0.22530359029769897,0.26345759630203247,-2.00848052742327,-0.0657961368560791,-0.2378443479537964,-0.038154006004333496,0,0
case5,case5,real_csig,85,25.870734713291853,21.02912873456428,0.827126145362854,0.7386393547058105,0.24112647771835327,0.40502452850341797,0.27097487449645996,0.2824002504348755,-4.841605978727571,-0.08848679065704346,-0.1638980507850647,-0.011425375938415527,0,0
case5,case5,real_csig,86,21.525453747295842,17.722330347744485,0.7337558269500732,0.5887523293495178,0.5144575834274292,0.5816974639892578,0.35938674211502075,0.30493199825286865,-3.8031233995513567,-0.14500349760055542,-0.06723988056182861,0.0544547438621521,0,0
case5,case5,real_csig,87,25.12233403069997,22.258786514210467,0.8617023229598999,0.7670417428016663,0.284107506275177,0.4774037003517151,0.2824782133102417,0.2792031764984131,-2.863547516489504,-0.09466058015823364,-0.19329619407653809,0.0032750368118286133,0,0
case5,case5,real_csig,88,27.275109617769022,25.881139545383608,0.8730562925338745,0.6798045635223389,0.22319786250591278,0.49766167998313904,0.27411335706710815,0.3309900760650635,-1.3939700723854145,-0.19325172901153564,-0.27446381747722626,-0.05687671899795532,0,0
case5,case5,real_csig,89,27.906855844295336,26.36626369335478,0.830636203289032,0.7690138816833496,0.3038841187953949,0.36609846353530884,0.2980201840400696,0.28550058603286743,-1.5405921509405545,-0.06162232160568237,-0.06221434473991394,0.012519598007202148,0,0
case5,case5,real_csig,90,24.77389477388112,23.034790044589045,0.8586530685424805,0.8227224946022034,0.27189189195632935,0.364048570394516,0.31238245964050293,0.2978787422180176,-1.7391047292920767,-0.0359305739402771,-0.09215667843818665,0.014503717422485352,0,0
case5,case5,real_csig,91,26.073815291913228,24.719590646331117,0.8956328630447388,0.8880531191825867,0.17520204186439514,0.22721491754055023,0.24357879161834717,0.261104941368103,-1.3542246455821108,-0.0075797438621521,-0.05201287567615509,-0.01752614974975586,0,0
case5,case5,real_csig,92,25.308139504942115,22.59600998107965,0.8376729488372803,0.8024904131889343,0.2820422351360321,0.4073498249053955,0.2773514986038208,0.2511996626853943,-2.7121295238624654,-0.03518253564834595,-0.1253075897693634,0.026151835918426514,0,0
case5,case5,real_csig,93,24.63801459611976,25.126884983860368,0.83040452003479,0.8025134205818176,0.23990507423877716,0.360935240983963,0.22337353229522705,0.23391705751419067,0.488870387740608,-0.027891099452972412,-0.12103016674518585,-0.010543525218963623,0,1
case5,case5,real_csig,94,31.926519772006184,30.04370427670225,0.9535057544708252,0.8818390369415283,0.11642192304134369,0.38865411281585693,0.2004302740097046,0.27395540475845337,-1.8828154953039338,-0.07166671752929688,-0.27223218977451324,-0.07352513074874878,0,0
case5,case5,real_csig,95,25.92327051103965,24.270201564373725,0.887047529220581,0.8523110747337341,0.18859270215034485,0.35683152079582214,0.2287907600402832,0.27715003490448,-1.6530689466659254,-0.034736454486846924,-0.1682388186454773,-0.04835927486419678,0,0
case5,case5,real_csig,96,28.912366164592008,27.58513224998194,0.8997833132743835,0.6928946375846863,0.16314789652824402,0.45151251554489136,0.18701618909835815,0.26193010807037354,-1.3272339146100691,-0.20688867568969727,-0.28836461901664734,-0.07491391897201538,0,0
case5,case5,real_csig,97,25.139742518637973,24.44212654220565,0.828528106212616,0.7127804756164551,0.24848060309886932,0.4250054359436035,0.23859423398971558,0.26804810762405396,-0.6976159764323242,-0.11574763059616089,-0.1765248328447342,-0.02945387363433838,0,0
case5,case5,real_csig,98,27.252985135432542,26.63176814009725,0.9389216899871826,0.8694276809692383,0.13447971642017365,0.4274995028972626,0.22220343351364136,0.2897186279296875,-0.621216995335292,-0.06949400901794434,-0.29301978647708893,-0.06751519441604614,0,0
case5,case5,real_csig,99,32.74305688503515,31.4313864503456,0.9556518197059631,0.8436559438705444,0.08788423985242844,0.4659197926521301,0.16502004861831665,0.24863475561141968,-1.3116704346895531,-0.1119958758354187,-0.3780355527997017,-0.08361470699310303,0,0
case5,case5,real_csig,100,27.20812148435357,26.10827194229971,0.8843874931335449,0.8391450047492981,0.19212141633033752,0.42523688077926636,0.22738546133041382,0.2497672438621521,-1.0998495420538603,-0.045242488384246826,-0.23311546444892883,-0.02238178253173828,0,0
case5,case5,real_csig,101,26.151048457820075,24.087602036112898,0.8621494770050049,0.8224033713340759,0.2512126863002777,0.3403446078300476,0.2583068609237671,0.25726306438446045,-2.0634464217071766,-0.039746105670928955,-0.0891319215297699,0.0010437965393066406,0,0
case5,case5,real_csig,102,23.465232484569665,22.557222846803832,0.8332164287567139,0.7802610993385315,0.36323246359825134,0.4187781512737274,0.2995799779891968,0.2618104815483093,-0.9080096377658329,-0.05295532941818237,-0.055545687675476074,0.03776949644088745,0,0
case5,case5,real_csig,103,24.33843339368145,23.683148106911105,0.8144286274909973,0.7354031205177307,0.5042762160301208,0.46050819754600525,0.3355279564857483,0.23463767766952515,-0.6552852867703436,-0.0790255069732666,0.0437680184841156,0.10089027881622314,0,0
case5,case5,real_csig,104,26.924035589805,25.73560973238505,0.8860585689544678,0.7664045691490173,0.17386141419410706,0.49104881286621094,0.24937844276428223,0.2953616976737976,-1.1884258574199507,-0.11965399980545044,-0.3171873986721039,-0.04598325490951538,0,0
case5,case5,real_csig,105,29.88168189080649,28.24749483211746,0.9136208891868591,0.8138715624809265,0.16776174306869507,0.4404015839099884,0.2696049213409424,0.29481935501098633,-1.6341870586890295,-0.09974932670593262,-0.27263984084129333,-0.025214433670043945,0,0
case5,case5,real_csig,106,26.421101999467815,24.98329917952679,0.8836835026741028,0.85673987865448,0.3310200273990631,0.2896924614906311,0.3054425120353699,0.24058473110198975,-1.4378028199410267,-0.026943624019622803,0.04132756590843201,0.06485778093338013,0,0
case5,case5,real_csig,107,21.497096124059333,20.539872003810835,0.6812384128570557,0.7338895797729492,0.6657431125640869,0.4015165865421295,0.37000197172164917,0.26765942573547363,-0.9572241202484975,0.052651166915893555,0.2642265260219574,0.10234254598617554,1,0
case5,case5,real_csig,108,25.992843670873746,24.65880806535644,0.8716410994529724,0.8505401015281677,0.2743159532546997,0.33833590149879456,0.24864506721496582,0.2479938268661499,-1.3340356055173075,-0.021100997924804688,-0.06401994824409485,0.000651240348815918,0,0
case5,case5,real_csig,109,27.103866997133217,25.567131503136274,0.860011100769043,0.8057817220687866,0.2496035397052765,0.41517001390457153,0.21716153621673584,0.24004095792770386,-1.536735493996943,-0.05422937870025635,-0.16556647419929504,-0.022879421710968018,0,0
case5,case5,real_csig,110,32.68116224281638,30.637260447327137,0.9566272497177124,0.8947633504867554,0.10709891468286514,0.3664082884788513,0.2057604193687439,0.269098699092865,-2.0439017954892407,-0.06186389923095703,-0.2593093737959862,-0.0633382797241211,0,0
case5,case5,real_csig,111,25.92060832894525,25.46947033995113,0.8847918510437012,0.8626326322555542,0.21393388509750366,0.40035414695739746,0.2312524914741516,0.2812584638595581,-0.4511379889941196,-0.022159218788146973,-0.1864202618598938,-0.050005972385406494,0,0
case5,case5,real_csig,112,30.10235120640147,25.935899364602623,0.9163307547569275,0.6693190336227417,0.16637249290943146,0.4590776562690735,0.17963624000549316,0.27458369731903076,-4.166451841798846,-0.2470117211341858,-0.29270516335964203,-0.0949474573135376,0,0
case5,case5,real_csig,113,25.790710537109828,23.79586165936498,0.8354995846748352,0.6956996917724609,0.19784362614154816,0.37234044075012207,0.23999685049057007,0.2817206382751465,-1.9948488777448468,-0.13979989290237427,-0.1744968146085739,-0.041723787784576416,0,0
case5,case5,real_csig,114,28.589456854336554,26.224638888513276,0.9488497972488403,0.8731931447982788,0.1077490746974945,0.473952054977417,0.21068567037582397,0.2810630202293396,-2.3648179658232777,-0.07565665245056152,-0.3662029802799225,-0.07037734985351562,0,0
case5,case5,real_csig,115,30.199898918387554,29.603205740231257,0.9344028234481812,0.8667984008789062,0.14353235065937042,0.4448608160018921,0.20729804039001465,0.23784369230270386,-0.596693178156297,-0.0676044225692749,-0.30132846534252167,-0.03054565191268921,0,0
case5,case5,real_csig,116,27.98711786743869,24.98618496892451,0.8800704479217529,0.8249219655990601,0.20441816747188568,0.438435822725296,0.22346895933151245,0.23763418197631836,-3.0009328985141828,-0.05514848232269287,-0.23401765525341034,-0.014165222644805908,0,0
case5,case5,real_csig,117,32.579820482071014,32.530838907224314,0.9349095821380615,0.8835751414299011,0.11493661999702454,0.29875648021698,0.20632576942443848,0.23401319980621338,-0.048981574846699516,-0.0513344407081604,-0.18381986021995544,-0.027687430381774902,0,0
case5,case5,real_csig,118,21.835329688381506,22.20432011680915,0.7105897665023804,0.7109072804450989,0.690804123878479,0.45437148213386536,0.37805378437042236,0.2746680974960327,0.36899042842764374,0.00031751394271850586,0.23643264174461365,0.10338568687438965,1,1
case5,case5,real_csig,119,23.771381940823872,23.378177075028255,0.8119761943817139,0.7726300358772278,0.43577128648757935,0.4117369055747986,0.3649406433105469,0.2891765832901001,-0.3932048657956173,-0.039346158504486084,0.02403438091278076,0.07576406002044678,0,0
case5,case5,real_csig,120,23.852741054541674,21.03436366390302,0.8056018352508545,0.7354528903961182,0.39402782917022705,0.44972938299179077,0.3377383351325989,0.28674525022506714,-2.8183773906386556,-0.07014894485473633,-0.05570155382156372,0.05099308490753174,0,0
case5,case5,real_csig,121,26.768089235766652,23.652057190129433,0.8741149306297302,0.7393333911895752,0.3102606534957886,0.4401203691959381,0.3091675043106079,0.2939143180847168,-3.116032045637219,-0.13478153944015503,-0.12985971570014954,0.015253186225891113,0,0
case5,case5,real_csig,122,25.215947303234927,22.821863154361516,0.8632386326789856,0.8554052114486694,0.34198930859565735,0.25730305910110474,0.2972835302352905,0.2702410817146301,-2.394084148873411,-0.007833421230316162,0.08468624949455261,0.0270424485206604,0,0
case5,case5,real_csig,123,22.326388487881598,21.5433171833052,0.7593210339546204,0.8003128170967102,0.543459951877594,0.31430330872535706,0.332971453666687,0.2415788173675537,-0.7830713045763993,0.040991783142089844,0.22915664315223694,0.0913926362991333,1,0
case5,case5,real_csig,124,30.491460925596222,28.234495387069867,0.933246374130249,0.8786148428916931,0.14198610186576843,0.322153776884079,0.17367863655090332,0.23987269401550293,-2.256965538526355,-0.05463153123855591,-0.18016767501831055,-0.06619405746459961,0,0
case5,case5,real_csig,125,24.9309838091363,24.92023458246017,0.8339773416519165,0.7862064838409424,0.23428447544574738,0.4019748270511627,0.23106706142425537,0.2381211519241333,-0.010749226676129098,-0.04777085781097412,-0.16769035160541534,-0.00705409049987793,0,0
case5,case5,real_csig,126,32.312313291890035,29.416530257316985,0.9581690430641174,0.8824018239974976,0.11844401061534882,0.3855510354042053,0.2113601565361023,0.2701616883277893,-2.89578303457305,-0.07576721906661987,-0.2671070247888565,-0.05880153179168701,0,0
case5,case5,real_csig,127,26.596079468209815,24.680823817340976,0.8962014317512512,0.848678469657898,0.219314306974411,0.4001629054546356,0.2589457035064697,0.30845993757247925,-1.9152556508688399,-0.04752296209335327,-0.1808485984802246,-0.04951423406600952,0,0
case5,case5,real_csig,128,29.95770980542933,25.695329148468872,0.9208616018295288,0.6325119137763977,0.19431452453136444,0.4890633523464203,0.2005244493484497,0.2928094267845154,-4.26238065696046,-0.2883496880531311,-0.29474882781505585,-0.09228497743606567,0,0
case5,case5,real_csig,129,24.985771112151347,23.475888388282705,0.8449246287345886,0.7075974941253662,0.2263575792312622,0.3947521150112152,0.23685258626937866,0.27588093280792236,-1.5098827238686425,-0.1373271346092224,-0.168394535779953,-0.0390283465385437,0,0
case5,case5,real_csig,130,31.138653221361288,26.618858516592176,0.9508976936340332,0.8809543251991272,0.11438155919313431,0.4177362024784088,0.206978440284729,0.2641897201538086,-4.519794704769112,-0.069943368434906,-0.3033546432852745,-0.05721127986907959,0,0
case5,case5,real_csig,131,27.494596031568758,26.904478021516702,0.9191940426826477,0.8337304592132568,0.15804550051689148,0.5106521248817444,0.2376081347465515,0.2722349166870117,-0.5901180100520556,-0.08546358346939087,-0.3526066243648529,-0.034626781940460205,0,0
case5,case5,real_csig,132,26.96222737880357,25.070247044508456,0.8877618908882141,0.8262758255004883,0.20170801877975464,0.44617316126823425,0.19358539581298828,0.234755277633667,-1.8919803342951127,-0.06148606538772583,-0.24446514248847961,-0.04116988182067871,0,0
case5,case5,real_csig,133,34.37455439887925,33.13420177771114,0.949286937713623,0.8649592399597168,0.08945722877979279,0.32272014021873474,0.14240038394927979,0.23877370357513428,-1.2403526211681069,-0.08432769775390625,-0.23326291143894196,-0.09637331962585449,0,0
case5,case5,real_csig,134,23.646956191315603,23.940376941324644,0.8283000588417053,0.7781857848167419,0.39746469259262085,0.39298003911972046,0.3236188292503357,0.293417751789093,0.2934207500090409,-0.05011427402496338,0.004484653472900391,0.030201077461242676,1,1
case5,case5,real_csig,135,21.791860771544226,21.71281753857587,0.7456468343734741,0.7119213342666626,0.6301254034042358,0.46101272106170654,0.3784012794494629,0.25706738233566284,-0.07904323296835614,-0.03372550010681152,0.1691126823425293,0.12133389711380005,0,0
case5,case5,real_csig,136,24.29220727146052,22.247724916866638,0.8263295888900757,0.8047047853469849,0.27476009726524353,0.33257171511650085,0.313113808631897,0.27468931674957275,-2.0444823545938817,-0.02162480354309082,-0.057811617851257324,0.03842449188232422,0,0
case5,case5,real_csig,137,24.957609484025447,21.38080294209715,0.8638391494750977,0.7582173347473145,0.22592653334140778,0.39945581555366516,0.3015581965446472,0.30071479082107544,-3.5768065419282955,-0.1056218147277832,-0.17352928221225739,0.0008434057235717773,0,0
case5,case5,real_csig,138,22.480982930110642,19.68110805261986,0.7511197328567505,0.7398005723953247,0.6394374370574951,0.37111005187034607,0.3605602979660034,0.2483920454978943,-2.799874877490783,-0.011319160461425781,0.26832738518714905,0.11216825246810913,0,0
case5,case5,real_csig,139,26.914736757391054,25.174397291359977,0.9097045063972473,0.9039593935012817,0.2464914619922638,0.20957592129707336,0.27502167224884033,0.2611841559410095,-1.7403394660310774,-0.005745112895965576,0.03691554069519043,0.01383751630783081,0,0
case5,case5,real_csig,140,31.946913702046903,28.055586866014593,0.9569387435913086,0.8801063299179077,0.10857341438531876,0.35362890362739563,0.15979689359664917,0.2549506425857544,-3.8913268360323094,-0.07683241367340088,-0.24505548924207687,-0.09515374898910522,0,0
case5,case5,real_csig,141,24.709863836315,25.010997928609143,0.8204826712608337,0.7890816330909729,0.24387358129024506,0.3669392466545105,0.23910272121429443,0.22287899255752563,0.30113409229414145,-0.03140103816986084,-0.12306566536426544,0.0162237286567688,0,1
case5,case5,real_csig,142,31.908368793919895,29.699376799394017,0.9562422037124634,0.8742028474807739,0.100319504737854,0.37794744968414307,0.20330172777175903,0.2756655216217041,-2.208991994525878,-0.08203935623168945,-0.27762794494628906,-0.07236379384994507,0,0
case5,case5,real_csig,143,25.78092257752668,23.598608897362837,0.8718084096908569,0.8373588919639587,0.20569735765457153,0.386982262134552,0.23439669609069824,0.2807384133338928,-2.182313680163844,-0.03444951772689819,-0.18128490447998047,-0.04634171724319458,0,0
case5,case5,real_csig,144,28.359632644128187,24.535789614552975,0.9021995067596436,0.6524609923362732,0.20834122598171234,0.5001540184020996,0.22207993268966675,0.2861728072166443,-3.8238430295752117,-0.24973851442337036,-0.29181279242038727,-0.06409287452697754,0,0
case5,case5,real_csig,145,26.956926142557926,24.933676336015722,0.826698899269104,0.7081628441810608,0.24230651557445526,0.3524768650531769,0.22229349613189697,0.25752484798431396,-2.0232498065422035,-0.11853605508804321,-0.11017034947872162,-0.03523135185241699,0,0
case5,case5,real_csig,146,27.405498974573966,24.652353484527012,0.8853517770767212,0.7818725109100342,0.19632689654827118,0.45032069087028503,0.2852379083633423,0.3023242950439453,-2.753145490046954,-0.10347926616668701,-0.25399379432201385,-0.017086386680603027,0,0
case5,case5,real_csig,147,26.232991219602372,26.110374572676243,0.9086862802505493,0.8393869400024414,0.15309520065784454,0.45037248730659485,0.24799257516860962,0.279299795627594,-0.12261664692612939,-0.06929934024810791,-0.2972772866487503,-0.031307220458984375,0,0
case5,case5,real_csig,148,28.206592285865746,25.67281178143808,0.8864500522613525,0.8371561765670776,0.19385959208011627,0.4291044771671295,0.20166867971420288,0.23785299062728882,-2.5337805044276642,-0.0492938756942749,-0.23524488508701324,-0.03618431091308594,0,0
case5,case5,real_csig,149,34.85830379671419,32.10382676345456,0.9455595016479492,0.8216306567192078,0.11763251572847366,0.3899845480918884,0.1451978087425232,0.24581962823867798,-2.754477033259626,-0.12392884492874146,-0.27235203236341476,-0.10062181949615479,0,0
case5,case5,real_csig,150,41.711445559114196,36.74327754836526,0.9971468448638916,0.9171397686004639,0.008547091856598854,0.28701451420783997,0.15953302383422852,0.332037091255188,-4.968168010748933,-0.08000707626342773,-0.2784674223512411,-0.17250406742095947,0,0
case5,case5,real_csig,151,24.19712356122773,22.77908103601402,0.827606737613678,0.736322820186615,0.41870051622390747,0.3517392575740814,0.34043145179748535,0.28519272804260254,-1.4180425252137105,-0.09128391742706299,0.06696125864982605,0.05523872375488281,0,0
case5,case5,real_csig,152,22.562988956549717,21.227241084259294,0.7679715156555176,0.7249727845191956,0.3980688452720642,0.3937830328941345,0.3334607481956482,0.2660942077636719,-1.3357478722904226,-0.04299873113632202,0.0042858123779296875,0.06736654043197632,0,0
case5,case5,real_csig,153,22.97358758381723,20.057670743573908,0.7593438625335693,0.7191345691680908,0.5251119136810303,0.41200706362724304,0.338706910610199,0.2786763310432434,-2.915916840243323,-0.040209293365478516,0.11310485005378723,0.060030579566955566,0,0
case5,case5,real_csig,154,27.523497526656946,23.892003020541285,0.9038417339324951,0.876815140247345,0.2905291020870209,0.2399628460407257,0.3045339584350586,0.28098583221435547,-3.6314945061156614,-0.027026593685150146,0.050566256046295166,0.023548126220703125,0,0
case5,case5,real_csig,155,41.950829395709476,39.42171956252183,0.9963804483413696,0.9647332429885864,0.00763653963804245,0.1320524960756302,0.06786781549453735,0.2399488091468811,-2.529109833187647,-0.0316472053527832,-0.12441595643758774,-0.17208099365234375,0,0
case5,case5,real_csig,156,31.11006126401911,29.57792653674424,0.9480834603309631,0.8974801898002625,0.10944483429193497,0.35918036103248596,0.18388664722442627,0.24658191204071045,-1.5321347272748689,-0.050603270530700684,-0.249735526740551,-0.06269526481628418,0,0
case5,case5,real_csig,157,24.95686030787654,26.276902702509357,0.8371601700782776,0.8357711434364319,0.23079994320869446,0.3545463979244232,0.24558991193771362,0.21706300973892212,1.320042394632818,-0.0013890266418457031,-0.12374645471572876,0.028526902198791504,0,1
case5,case5,real_csig,158,28.932042189990035,25.34604977301512,0.9227738380432129,0.8362680077552795,0.178720623254776,0.4095640480518341,0.23858630657196045,0.2742600440979004,-3.585992416974914,-0.08650583028793335,-0.2308434247970581,-0.03567373752593994,0,0
case5,case5,real_csig,159,25.184631908195986,22.75957709169901,0.8458890914916992,0.8055638074874878,0.23900823295116425,0.3879883587360382,0.26633167266845703,0.25996989011764526,-2.4250548164969743,-0.040325284004211426,-0.14898012578487396,0.006361782550811768,0,0
case5,case5,real_csig,160,28.85822151058121,25.821143107404254,0.910537600517273,0.7801854610443115,0.1900203824043274,0.4506153464317322,0.22710168361663818,0.23499822616577148,-3.037078403176956,-0.13035213947296143,-0.2605949640274048,-0.0078965425491333,0,0
case5,case5,real_csig,161,28.363531512509688,25.45170663267406,0.8668561577796936,0.7627251744270325,0.19806860387325287,0.3767160475254059,0.20521342754364014,0.2528635859489441,-2.9118248798356277,-0.10413098335266113,-0.17864744365215302,-0.047650158405303955,0,0
case5,case5,real_csig,162,27.833679270646485,25.204079131534915,0.8934636116027832,0.8231431841850281,0.30334457755088806,0.46220383048057556,0.27898120880126953,0.2674188017845154,-2.62960013911157,-0.07032042741775513,-0.1588592529296875,0.01156240701675415,0,0
case5,case5,real_csig,163,30.725959559784194,27.28017862065391,0.9444829821586609,0.8550535440444946,0.1178739070892334,0.41267234086990356,0.2179638147354126,0.25581562519073486,-3.445780939130284,-0.08942943811416626,-0.29479843378067017,-0.037851810455322266,0,0
case5,case5,real_csig,164,27.221571723571746,26.15021790506168,0.891167402267456,0.8503170609474182,0.18928030133247375,0.43277859687805176,0.21467220783233643,0.2361164689064026,-1.0713538185100653,-0.04085034132003784,-0.243498295545578,-0.021444261074066162,0,0
case5,case5,real_csig,165,34.33931442942301,32.98813281037185,0.9520546197891235,0.8620166778564453,0.14255115389823914,0.36553582549095154,0.15851140022277832,0.260616660118103,-1.351181619051161,-0.09003794193267822,-0.2229846715927124,-0.10210525989532471,0,0
case5,case5,real_csig,166,41.71588619579843,38.354976853051376,0.9968904852867126,0.9447654485702515,0.0076141864992678165,0.2005651295185089,0.08459019660949707,0.2538796067237854,-3.360909342747057,-0.05212503671646118,-0.1929509430192411,-0.16928941011428833,0,0
case5,case5,real_csig,167,38.26322426977565,31.297640076197858,0.989277184009552,0.9505687952041626,0.02311139926314354,0.18604472279548645,0.16673076152801514,0.3277416229248047,-6.96558419357779,-0.038708388805389404,-0.1629333235323429,-0.16101086139678955,0,0
case5,case5,real_csig,168,33.93595917315335,28.63588705426301,0.9635657668113708,0.9174788594245911,0.08825550228357315,0.250436931848526,0.23718631267547607,0.3230786919593811,-5.300072118890341,-0.046086907386779785,-0.16218142956495285,-0.08589237928390503,0,0
case5,case5,real_csig,169,31.774887168447975,22.1576522796957,0.9338744282722473,0.8537814617156982,0.14743557572364807,0.3701486587524414,0.24199670553207397,0.3201194405555725,-9.617234888752275,-0.08009296655654907,-0.22271308302879333,-0.07812273502349854,0,0
case5,case5,real_csig,170,36.62980416291867,34.18872836083847,0.978402316570282,0.9161497354507446,0.0633881539106369,0.2839609980583191,0.140516996383667,0.26155877113342285,-2.4410758020801993,-0.062252581119537354,-0.2205728441476822,-0.12104177474975586,0,0
case5,case5,real_csig,171,31.17284728164443,26.05907875121321,0.9503372311592102,0.8753709197044373,0.15492287278175354,0.33860543370246887,0.21884262561798096,0.25670158863067627,-5.113768530431219,-0.07496631145477295,-0.18368256092071533,-0.03785896301269531,0,0
case5,case5,real_csig,172,26.999122890284653,23.50132046898033,0.8715642094612122,0.7577904462814331,0.28942200541496277,0.4915928840637207,0.29850196838378906,0.28677117824554443,-3.4978024213043213,-0.11377376317977905,-0.20217087864875793,0.011730790138244629,0,0
case5,case5,real_csig,173,26.257457038475597,24.639128691512045,0.8500019907951355,0.7666924595832825,0.3331710398197174,0.5021247267723083,0.30141258239746094,0.25608545541763306,-1.6183283469635512,-0.08330953121185303,-0.16895368695259094,0.04532712697982788,0,0
case5,case5,real_csig,174,25.550826205285,23.24551899250313,0.8513216972351074,0.7683604955673218,0.321562796831131,0.4610583186149597,0.31116747856140137,0.27814382314682007,-2.3053072127818695,-0.08296120166778564,-0.13949552178382874,0.0330236554145813,0,0
case5,case5,real_csig,175,28.046238803368688,25.386937589925985,0.8860016465187073,0.822922945022583,0.2979080080986023,0.455700546503067,0.28209882974624634,0.2596188187599182,-2.6593012134427028,-0.06307870149612427,-0.15779253840446472,0.022480010986328125,0,0
case5,case5,real_csig,176,26.837327985407,25.22051304481618,0.8700544238090515,0.8483995199203491,0.28127002716064453,0.4337870180606842,0.2818526029586792,0.25432926416397095,-1.616814940590821,-0.021654903888702393,-0.15251699090003967,0.027523338794708252,0,0
case5,case5,real_csig,177,25.790042621441604,25.132952817300183,0.8362385630607605,0.8144392371177673,0.2644175887107849,0.36272019147872925,0.2841545343399048,0.27513474225997925,-0.657089804141421,-0.021799325942993164,-0.09830260276794434,0.009019792079925537,0,0
case5,case5,real_csig,178,26.510295575181104,24.462533041664617,0.9000380635261536,0.8708690404891968,0.22724846005439758,0.4177476763725281,0.2626383304595947,0.24555766582489014,-2.0477625335164866,-0.029169023036956787,-0.1904992163181305,0.01708066463470459,0,0
case5,case5,real_csig,179,26.8968637678401,24.882506646922874,0.9038696885108948,0.8384895920753479,0.1938723474740982,0.3712884783744812,0.2559467554092407,0.25765424966812134,-2.014357120917225,-0.06538009643554688,-0.177416130900383,-0.0017074942588806152,0,0
case5,case5,real_csig,180,26.33313435817881,23.389073362711976,0.8689598441123962,0.8040462136268616,0.28381896018981934,0.46263957023620605,0.2763901352882385,0.29002976417541504,-2.9440609954668346,-0.06491363048553467,-0.17882061004638672,-0.013639628887176514,0,0
case5,case5,real_csig,181,28.91757546450718,24.663555787125432,0.9069921374320984,0.8030956983566284,0.2403768002986908,0.4338698983192444,0.24873125553131104,0.2656306028366089,-4.2540196773817485,-0.10389643907546997,-0.1934930980205536,-0.01689934730529785,0,0
case5,case5,real_csig,182,28.419581925254608,21.66933565505046,0.8899195194244385,0.7565211653709412,0.2891213893890381,0.42298999428749084,0.2663801312446594,0.26359909772872925,-6.750246270204148,-0.13339835405349731,-0.13386860489845276,0.0027810335159301758,0,0
case5,case5,real_csig,183,27.49182564748963,21.681095187175554,0.876598060131073,0.7400996685028076,0.29031968116760254,0.49108606576919556,0.2790614366531372,0.3058265447616577,-5.810730460314076,-0.13649839162826538,-0.20076638460159302,-0.026765108108520508,0,0
case5,case5,real_csig,184,27.895725563160923,20.958129175244025,0.8899223804473877,0.7170132398605347,0.27919822931289673,0.5295777320861816,0.2603592872619629,0.310258686542511,-6.937596387916898,-0.17290914058685303,-0.2503795027732849,-0.049899399280548096,0,0
case5,case5,real_csig,185,28.13764675847662,23.156130924064673,0.901675820350647,0.7274893522262573,0.28769204020500183,0.5586158037185669,0.2562154531478882,0.2733859419822693,-4.9815158344119475,-0.17418646812438965,-0.27092376351356506,-0.017170488834381104,0,0
case5,case5,real_csig,186,25.992367358468258,22.233333701994525,0.8436243534088135,0.6507468223571777,0.3465944528579712,0.5545117855072021,0.285028874874115,0.27364206314086914,-3.7590336564737328,-0.19287753105163574,-0.20791733264923096,0.01138681173324585,0,0
case5,case5,real_csig,187,29.558949983566908,26.050774561569952,0.916143536567688,0.7235695719718933,0.25686824321746826,0.5768508911132812,0.2900930643081665,0.28295594453811646,-3.508175421996956,-0.19257396459579468,-0.319982647895813,0.007137119770050049,0,0
case5,case5,real_csig,188,29.1180047056568,25.399691036117535,0.9247987270355225,0.7401742339134216,0.22352054715156555,0.6039782762527466,0.27023905515670776,0.3284425139427185,-3.718313669539267,-0.18462449312210083,-0.38045772910118103,-0.05820345878601074,0,0
case5,case5,real_csig,189,26.277303870524683,24.224455663374584,0.8753411769866943,0.7531457543373108,0.23771855235099792,0.5005702376365662,0.28104865550994873,0.28509432077407837,-2.052848207150099,-0.12219542264938354,-0.26285168528556824,-0.004045665264129639,0,0
case5,case5,real_csig,190,24.372505272239287,22.05394611504847,0.8376402854919434,0.7704399228096008,0.3311966061592102,0.49941641092300415,0.27416080236434937,0.26079118251800537,-2.318559157190819,-0.06720036268234253,-0.16821980476379395,0.013369619846343994,0,0
case5,case5,real_csig,191,29.75521153489654,27.540569483761892,0.9235843420028687,0.8550167083740234,0.22770167887210846,0.48503488302230835,0.20127010345458984,0.25878143310546875,-2.2146420511346463,-0.06856763362884521,-0.2573332041501999,-0.057511329650878906,0,0
bsds_100098,bsds_100098,synthetic_bsds,0,19.01925345941467,17.895556237519592,0.5693330764770508,0.6041620373725891,0.655665934085846,0.3054031729698181,0.2789043188095093,0.21754157543182373,-1.1236972218950783,0.03482896089553833,0.35026276111602783,0.06136274337768555,1,0
bsds_100098,bsds_100098,synthetic_bsds,1,21.628059108133275,19.571707465296853,0.5870616436004639,0.5506998896598816,0.6545077562332153,0.25711169838905334,0.2505836486816406,0.16871726512908936,-2.0563516428364217,-0.036361753940582275,0.397396057844162,0.08186638355255127,0,0
bsds_100098,bsds_100098,synthetic_bsds,2,19.425530460453217,17.997512252521005,0.41650334000587463,0.40951040387153625,0.7078642249107361,0.36917760968208313,0.2756613492965698,0.2495364546775818,-1.4280182079322117,-0.006992936134338379,0.33868661522865295,0.026124894618988037,0,0
bsds_100098,bsds_100098,synthetic_bsds,3,19.687664623469587,16.72028573096751,0.38857463002204895,0.29633671045303345,0.6751759052276611,0.22819365561008453,0.33117038011550903,0.23680299520492554,-2.967378892502076,-0.0922379195690155,0.4469822496175766,0.0943673849105835,0,0
bsds_106025,bsds_106025,synthetic_bsds,0,33.04692379395374,29.770033491914674,0.9496527910232544,0.8972558379173279,0.20675960183143616,0.1417507529258728,0.2597806453704834,0.17260950803756714,-3.276890302039064,-0.052396953105926514,0.06500884890556335,0.08717113733291626,0,0
bsds_106025,bsds_106025,synthetic_bsds,1,49.55776864769323,38.719989554429056,0.9894060492515564,0.9516867399215698,0.08557674288749695,0.12447158992290497,0.1582850217819214,0.15771692991256714,-10.837779093264174,-0.03771930932998657,-0.03889484703540802,0.000568091869354248,0,0
bsds_106025,bsds_106025,synthetic_bsds,2,29.617102033595543,26.38866147809908,0.8011759519577026,0.6467267870903015,0.4541241228580475,0.2481202781200409,0.2595885396003723,0.1838015913963318,-3.228440555496462,-0.15444916486740112,0.2060038447380066,0.07578694820404053,0,0
bsds_106025,bsds_106025,synthetic_bsds,3,37.0881898041176,32.22607525753854,0.8873630166053772,0.776633083820343,0.36793383955955505,0.19551154971122742,0.21496880054473877,0.19657015800476074,-4.862114546579058,-0.11072993278503418,0.17242228984832764,0.018398642539978027,0,0
bsds_112082,bsds_112082,synthetic_bsds,0,26.605478577033622,19.773165620665196,0.7857006192207336,0.49906936287879944,0.14601735770702362,0.18387047946453094,0.18739056587219238,0.17135149240493774,-6.832312956368426,-0.2866312563419342,-0.037853121757507324,0.01603907346725464,0,0
bsds_112082,bsds_112082,synthetic_bsds,1,26.777571840370516,19.716593629117256,0.7926448583602905,0.47610095143318176,0.13069471716880798,0.19451065361499786,0.17537426948547363,0.16592389345169067,-7.060978211253261,-0.31654390692710876,-0.06381593644618988,0.009450376033782959,0,0
bsds_112082,bsds_112082,synthetic_bsds,2,27.37906920780468,20.223153228168762,0.814020037651062,0.26224932074546814,0.10909570753574371,0.3267190158367157,0.14636456966400146,0.2461475133895874,-7.1559159796359175,-0.5517707169055939,-0.21762330830097198,-0.09978294372558594,0,0
bsds_112082,bsds_112082,synthetic_bsds,3,26.267752495983846,18.79368154967752,0.8305964469909668,0.28784796595573425,0.07046208530664444,0.20695890486240387,0.12379860877990723,0.2152475118637085,-7.474070946306327,-0.5427484810352325,-0.13649681955575943,-0.09144890308380127,0,0
bsds_138078,bsds_138078,synthetic_bsds,0,9.849501219790314,9.701988695611442,0.6969315409660339,0.5219746232032776,0.1754927933216095,0.2267754077911377,0.1501886248588562,0.20656108856201172,-0.14751252417887173,-0.17495691776275635,-0.0512826144695282,-0.05637246370315552,0,0
bsds_138078,bsds_138078,synthetic_bsds,1,10.850958955737344,10.45730709248814,0.7791300415992737,0.5224931836128235,0.11515121161937714,0.23054268956184387,0.17352771759033203,0.21319270133972168,-0.39365186324920387,-0.2566368579864502,-0.11539147794246674,-0.03966498374938965,0,0
bsds_138078,bsds_138078,synthetic_bsds,2,11.213974223168828,11.02928401589357,0.5689004063606262,0.4145349860191345,0.17053502798080444,0.2554962933063507,0.18582242727279663,0.26918166875839233,-0.1846902072752581,-0.1543654203414917,-0.08496126532554626,-0.0833592414855957,0,0
bsds_138078,bsds_138078,synthetic_bsds,3,10.728020701569317,10.552247871109842,0.6034308075904846,0.4065479040145874,0.09145686775445938,0.18846333026885986,0.16409963369369507,0.2480747103691101,-0.17577283045947567,-0.19688290357589722,-0.09700646251440048,-0.08397507667541504,0,0
bsds_140055,bsds_140055,synthetic_bsds,0,22.99391415618591,19.214915817850432,0.4613019526004791,0.3086825907230377,0.47464391589164734,0.2762227952480316,0.2602384686470032,0.1925244927406311,-3.7789983383354766,-0.1526193618774414,0.19842112064361572,0.06771397590637207,0,0
bsds_140055,bsds_140055,synthetic_bsds,1,22.50789417524266,18.965715988937333,0.4006727933883667,0.29058218002319336,0.5962347388267517,0.38633081316947937,0.2671743631362915,0.2222435474395752,-3.5421781863053283,-0.11009061336517334,0.20990392565727234,0.04493081569671631,0,0
bsds_140055,bsds_140055,synthetic_bsds,2,30.414005923233493,20.24653056322121,0.7026956677436829,0.25841423869132996,0.23810060322284698,0.5063406825065613,0.18877077102661133,0.3002021312713623,-10.167475360012283,-0.4442814290523529,-0.2682400792837143,-0.11143136024475098,0,0
bsds_140055,bsds_140055,synthetic_bsds,3,24.69670218329782,19.33734463850113,0.5952664613723755,0.36854127049446106,0.29039105772972107,0.24673229455947876,0.21794664859771729,0.2514965534210205,-5.359357544796691,-0.22672519087791443,0.04365876317024231,-0.03354990482330322,0,0
bsds_147021,bsds_147021,synthetic_bsds,0,24.598415683143728,22.62137193597916,0.6221749186515808,0.6025816202163696,0.4905370771884918,0.21986129879951477,0.28101658821105957,0.19916945695877075,-1.9770437471645685,-0.01959329843521118,0.27067577838897705,0.08184713125228882,0,0
bsds_147021,bsds_147021,synthetic_bsds,1,23.491181370169777,21.169471397984534,0.5232642292976379,0.4947190284729004,0.6449499726295471,0.239649698138237,0.2796177864074707,0.16315066814422607,-2.3217099721852428,-0.02854520082473755,0.4053002744913101,0.11646711826324463,0,0
bsds_147021,bsds_147021,synthetic_bsds,2,23.752064941684026,21.3715721170224,0.40156838297843933,0.39392659068107605,0.5216042995452881,0.21512700617313385,0.3071413040161133,0.28150564432144165,-2.3804928246616264,-0.007641792297363281,0.30647729337215424,0.02563565969467163,0,0
bsds_147021,bsds_147021,synthetic_bsds,3,20.747126808451824,19.287186286326982,0.31590765714645386,0.36374184489250183,0.5600214004516602,0.205619677901268,0.3400847911834717,0.24923855066299438,-1.4599405221248425,0.047834187746047974,0.35440172255039215,0.0908462405204773,1,0
bsds_153077,bsds_153077,synthetic_bsds,0,29.003229363893894,21.790740902601435,0.8621325492858887,0.690240204334259,0.29401567578315735,0.256976842880249,0.20215630531311035,0.1860675811767578,-7.212488461292459,-0.17189234495162964,0.037038832902908325,0.01608872413635254,0,0
bsds_153077,bsds_153077,synthetic_bsds,1,32.566485851395555,25.87999413637268,0.9099782705307007,0.7959131002426147,0.26407188177108765,0.1908586025238037,0.19412273168563843,0.15906214714050293,-6.686491715022875,-0.11406517028808594,0.07321327924728394,0.0350605845451355,0,0
bsds_153077,bsds_153077,synthetic_bsds,2,27.744308291003044,21.598572527873113,0.7681952714920044,0.5911908745765686,0.36567801237106323,0.3016340732574463,0.22927594184875488,0.2253044843673706,-6.145735763129931,-0.1770043969154358,0.06404393911361694,0.003971457481384277,0,0
bsds_153077,bsds_153077,synthetic_bsds,3,25.638227562346945,21.99659583683818,0.7693115472793579,0.6570656895637512,0.3786201477050781,0.19467252492904663,0.2505376935005188,0.20458996295928955,-3.6416317255087662,-0.11224585771560669,0.1839476227760315,0.04594773054122925,0,0
bsds_159029,bsds_159029,synthetic_bsds,0,28.00914420617817,19.576824887130403,0.8228936791419983,0.5920737385749817,0.26659131050109863,0.24940061569213867,0.19063740968704224,0.20816969871520996,-8.432319319047767,-0.2308199405670166,0.01719069480895996,-0.017532289028167725,0,0
bsds_159029,bsds_159029,synthetic_bsds,1,26.98165206640757,17.663519240015873,0.8362117409706116,0.4945817291736603,0.11498185992240906,0.324036180973053,0.18156957626342773,0.19963055849075317,-9.318132826391697,-0.3416300117969513,-0.20905432105064392,-0.01806098222732544,0,0
bsds_159029,bsds_159029,synthetic_bsds,2,27.256551131281462,18.952820494472125,0.8141980767250061,0.541113018989563,0.09271614253520966,0.21244481205940247,0.1556413769721985,0.22818058729171753,-8.303730636809338,-0.2730850577354431,-0.11972866952419281,-0.07253921031951904,0,0
bsds_159029,bsds_159029,synthetic_bsds,3,27.20395457614338,18.70216161473569,0.8102436065673828,0.4936281144618988,0.10332159698009491,0.22375619411468506,0.1776002049446106,0.22424620389938354,-8.501792961407691,-0.316615492105484,-0.12043459713459015,-0.04664599895477295,0,0
bsds_159045,bsds_159045,synthetic_bsds,0,14.810210838885425,14.138783810036184,0.4253838062286377,0.24991533160209656,0.1839354783296585,0.34479036927223206,0.16466617584228516,0.24356502294540405,-0.6714270288492408,-0.17546847462654114,-0.16085489094257355,-0.0788988471031189,0,0
bsds_159045,bsds_159045,synthetic_bsds,1,13.629930923661124,13.117234057713578,0.6550441384315491,0.4068987965583801,0.14506152272224426,0.34513843059539795,0.1538739800453186,0.2472543716430664,-0.5126968659475466,-0.24814534187316895,-0.2000769078731537,-0.0933803915977478,0,0
bsds_159045,bsds_159045,synthetic_bsds,2,17.67012831058123,17.047571900537633,0.36355167627334595,0.29058530926704407,0.18889498710632324,0.2643699049949646,0.24027562141418457,0.28257083892822266,-0.6225564100435967,-0.07296636700630188,-0.07547491788864136,-0.042295217514038086,0,0
bsds_159045,bsds_159045,synthetic_bsds,3,13.864580323400286,13.272384649666781,0.44228488206863403,0.2549508213996887,0.148750901222229,0.34567511081695557,0.2556360960006714,0.30872124433517456,-0.5921956737335048,-0.1873340606689453,-0.19692420959472656,-0.053085148334503174,0,0
bsds_159091,bsds_159091,synthetic_bsds,0,21.77668747938324,19.06464096931353,0.5835006237030029,0.5456498861312866,0.41671130061149597,0.33760422468185425,0.21112453937530518,0.1894526481628418,-2.7120465100697118,-0.03785073757171631,0.07910707592964172,0.02167189121246338,0,0
bsds_159091,bsds_159091,synthetic_bsds,1,23.380135950710816,20.447200806956417,0.6574591994285583,0.5822558999061584,0.43112125992774963,0.23308365046977997,0.25727444887161255,0.17834073305130005,-2.932935143754399,-0.0752032995223999,0.19803760945796967,0.0789337158203125,0,0
bsds_159091,bsds_159091,synthetic_bsds,2,22.800904365566748,18.933568869958513,0.5089105367660522,0.3926985561847687,0.43707209825515747,0.33436596393585205,0.26153111457824707,0.22158801555633545,-3.867335495608234,-0.11621198058128357,0.10270613431930542,0.03994309902191162,0,0
bsds_159091,bsds_159091,synthetic_bsds,3,25.946947945699286,22.704786000260274,0.5860105156898499,0.5124542117118835,0.4262039065361023,0.2779853940010071,0.27418625354766846,0.20630145072937012,-3.242161945439012,-0.07355630397796631,0.14821851253509521,0.06788480281829834,0,0
bsds_164074,bsds_164074,synthetic_bsds,0,20.28588135956489,17.354042529635496,0.6406591534614563,0.5818659663200378,0.39033937454223633,0.3706539273262024,0.2545912265777588,0.2251216173171997,-2.9318388299293936,-0.05879318714141846,0.019685447216033936,0.029469609260559082,0,0
bsds_164074,bsds_164074,synthetic_bsds,1,22.263068270518723,19.955436367391904,0.7944146990776062,0.7649231553077698,0.3567623198032379,0.19597584009170532,0.2473178505897522,0.1957864761352539,-2.3076319031268184,-0.029491543769836426,0.1607864797115326,0.05153137445449829,0,0
bsds_164074,bsds_164074,synthetic_bsds,2,18.821276478506142,16.301849643264937,0.5294792652130127,0.4975203573703766,0.43686148524284363,0.2545948922634125,0.2911207675933838,0.2979251742362976,-2.5194268352412053,-0.03195890784263611,0.18226659297943115,-0.006804406642913818,0,0
bsds_164074,bsds_164074,synthetic_bsds,3,21.817146301025435,19.559013725255497,0.5072298645973206,0.47827696800231934,0.4126833975315094,0.20051336288452148,0.334072470664978,0.30934077501296997,-2.258132575769938,-0.02895289659500122,0.21217003464698792,0.024731695652008057,0,0
bsds_166081,bsds_166081,synthetic_bsds,0,24.59278964817912,21.45221865726393,0.5631815791130066,0.48856276273727417,0.5769551992416382,0.23550006747245789,0.2730135917663574,0.18506968021392822,-3.14057099091519,-0.07461881637573242,0.3414551317691803,0.0879439115524292,0,0
bsds_166081,bsds_166081,synthetic_bsds,1,26.79084682703941,23.48348195479714,0.6404272317886353,0.5588939189910889,0.5703125596046448,0.20562495291233063,0.2614556550979614,0.18900573253631592,-3.307364872242271,-0.08153331279754639,0.36468760669231415,0.07244992256164551,0,0
bsds_166081,bsds_166081,synthetic_bsds,2,26.120189929085097,20.50635237136708,0.47827234864234924,0.2824239134788513,0.7049719095230103,0.23677487671375275,0.24614393711090088,0.2071499228477478,-5.613837557718018,-0.19584843516349792,0.4681970328092575,0.038994014263153076,0,0
bsds_166081,bsds_166081,synthetic_bsds,3,28.60563826798341,21.678259721089827,0.679309606552124,0.5012808442115784,0.5703665018081665,0.27076178789138794,0.2424067258834839,0.18437343835830688,-6.927378546893582,-0.17802876234054565,0.29960471391677856,0.058033287525177,0,0
bsds_176039,bsds_176039,synthetic_bsds,0,28.438758325500157,22.578858940806917,0.6961852312088013,0.7638279795646667,0.2519676685333252,0.13437075912952423,0.16734051704406738,0.14336830377578735,-5.8598993846932395,0.06764274835586548,0.11759690940380096,0.02397221326828003,1,0
bsds_176039,bsds_176039,synthetic_bsds,1,30.076594315260017,29.292655606902045,0.6035508513450623,0.9181438684463501,0.43140968680381775,0.11973726749420166,0.20825469493865967,0.17988717555999756,-0.7839387083579723,0.31459301710128784,0.3116724193096161,0.02836751937866211,1,0
bsds_176039,bsds_176039,synthetic_bsds,2,27.00879054261238,20.15357754638295,0.8654363751411438,0.6273435950279236,0.06202860176563263,0.1735345870256424,0.11315041780471802,0.2115982174873352,-6.8552129962294295,-0.23809278011322021,-0.11150598526000977,-0.09844779968261719,0,0
bsds_176039,bsds_176039,synthetic_bsds,3,26.96199738496084,18.07164728496617,0.8618804216384888,0.38817113637924194,0.07753404229879379,0.18447858095169067,0.11063885688781738,0.20812278985977173,-8.89035009999467,-0.4737092852592468,-0.10694453865289688,-0.09748393297195435,0,0
bsds_183055,bsds_183055,synthetic_bsds,0,10.763048360578368,10.671958889599239,0.5786964893341064,0.5539833903312683,0.25020596385002136,0.3258644938468933,0.23486799001693726,0.24619752168655396,-0.09108947097912967,-0.024713099002838135,-0.07565852999687195,-0.0113295316696167,0,0
bsds_183055,bsds_183055,synthetic_bsds,1,11.795440088314145,11.626809199542596,0.6834535598754883,0.6304752826690674,0.16788670420646667,0.28350797295570374,0.2116619348526001,0.2593480348587036,-0.16863088877154908,-0.0529782772064209,-0.11562126874923706,-0.047686100006103516,0,0
bsds_183055,bsds_183055,synthetic_bsds,2,10.165211942193082,10.084856946307736,0.6008092164993286,0.5023399591445923,0.19168369472026825,0.26879653334617615,0.22052592039108276,0.3246461749076843,-0.08035499588534556,-0.09846925735473633,-0.0771128386259079,-0.10412025451660156,0,0
bsds_183055,bsds_183055,synthetic_bsds,3,11.216932533076033,10.66923016242336,0.5672446489334106,0.34478190541267395,0.14292572438716888,0.3073309063911438,0.16286873817443848,0.24651384353637695,-0.5477023706526722,-0.2224627435207367,-0.16440518200397491,-0.08364510536193848,0,0
bsds_187029,bsds_187029,synthetic_bsds,0,28.239037540940657,22.770862376839332,0.7905386090278625,0.6875472664833069,0.2719828188419342,0.17601263523101807,0.23126137256622314,0.17027771472930908,-5.468175164101325,-0.10299134254455566,0.09597018361091614,0.06098365783691406,0,0
bsds_187029,bsds_187029,synthetic_bsds,1,34.7453169099289,26.583919379915358,0.8947966694831848,0.7805231213569641,0.12773281335830688,0.17492777109146118,0.1525338888168335,0.20077842473983765,-8.161397530013545,-0.1142735481262207,-0.0471949577331543,-0.04824453592300415,0,0
bsds_187029,bsds_187029,synthetic_bsds,2,27.3441080543401,22.740377132083122,0.7323424816131592,0.6112260222434998,0.3322826325893402,0.19838112592697144,0.23257476091384888,0.162855863571167,-4.603730922256979,-0.12111645936965942,0.13390150666236877,0.06971889734268188,0,0
bsds_187029,bsds_187029,synthetic_bsds,3,30.898166189532486,26.22888093566242,0.8062092065811157,0.6992250680923462,0.1603807806968689,0.20570285618305206,0.15707486867904663,0.1905076503753662,-4.669285253870065,-0.10698413848876953,-0.045322075486183167,-0.03343278169631958,0,0
bsds_188063,bsds_188063,synthetic_bsds,0,26.854710313893996,25.218848696918805,0.7272787094116211,0.6959095001220703,0.4588267505168915,0.21333852410316467,0.29550760984420776,0.1933419108390808,-1.6358616169751912,-0.03136920928955078,0.2454882264137268,0.10216569900512695,0,0
bsds_188063,bsds_188063,synthetic_bsds,1,28.00764282938154,26.79836474796238,0.7794218063354492,0.7738807201385498,0.3842456638813019,0.15214084088802338,0.2765120267868042,0.17287838459014893,-1.209278081419157,-0.005541086196899414,0.2321048229932785,0.10363364219665527,0,0
bsds_188063,bsds_188063,synthetic_bsds,2,29.773844552185793,29.540748070903426,0.7014437317848206,0.6841173768043518,0.44978147745132446,0.2824409008026123,0.2936010956764221,0.24224472045898438,-0.2330964812823666,-0.01732635498046875,0.16734057664871216,0.051356375217437744,0,0
bsds_188063,bsds_188063,synthetic_bsds,3,30.927253008241205,29.826382929329732,0.7584365606307983,0.730341374874115,0.3530835807323456,0.22710001468658447,0.23637878894805908,0.1776483654975891,-1.1008700789114734,-0.02809518575668335,0.1259835660457611,0.05873042345046997,0,0
bsds_198023,bsds_198023,synthetic_bsds,0,16.943589969845647,17.675329584524405,0.5019938945770264,0.6616395115852356,0.45374080538749695,0.23318889737129211,0.30327296257019043,0.26704251766204834,0.7317396146787587,0.15964561700820923,0.22055190801620483,0.03623044490814209,1,1
bsds_198023,bsds_198023,synthetic_bsds,1,14.808779605745082,16.325259127108303,0.3802557587623596,0.7021210193634033,0.49179592728614807,0.22911830246448517,0.3987848162651062,0.34000563621520996,1.5164795213632214,0.3218652606010437,0.2626776248216629,0.05877918004989624,1,1
bsds_198023,bsds_198023,synthetic_bsds,2,25.641463816879153,24.075708609717328,0.7711239457130432,0.7584308981895447,0.3216842710971832,0.2756801247596741,0.23404741287231445,0.2506861686706543,-1.5657552071618248,-0.012693047523498535,0.046004146337509155,-0.016638755798339844,0,0
bsds_198023,bsds_198023,synthetic_bsds,3,20.919665955622943,22.35267189839647,0.7924611568450928,0.8837153911590576,0.3057192862033844,0.10811686515808105,0.2819334864616394,0.2231197953224182,1.4330059427735264,0.09125423431396484,0.19760242104530334,0.05881369113922119,1,1
bsds_198054,bsds_198054,synthetic_bsds,0,28.025955357945946,22.373903791558654,0.7123311758041382,0.6134536862373352,0.23483885824680328,0.15955454111099243,0.1838686466217041,0.15999633073806763,-5.652051566387293,-0.09887748956680298,0.07528431713581085,0.023872315883636475,0,0
bsds_198054,bsds_198054,synthetic_bsds,1,29.52818439293926,28.03633891609244,0.612805962562561,0.8209465146064758,0.4544830322265625,0.13716942071914673,0.2330518364906311,0.2026844024658203,-1.4918454768468195,0.2081405520439148,0.31731361150741577,0.03036743402481079,1,0
bsds_198054,bsds_198054,synthetic_bsds,2,25.76475272403939,17.70179531527971,0.8643630743026733,0.5650756359100342,0.08329816162586212,0.18214061856269836,0.17349159717559814,0.17826205492019653,-8.06295740875968,-0.29928743839263916,-0.09884245693683624,-0.004770457744598389,0,0
bsds_198054,bsds_198054,synthetic_bsds,3,24.881954564274892,16.05283776343444,0.9054056406021118,0.6490359902381897,0.035162609070539474,0.12350355088710785,0.18927115201950073,0.24596840143203735,-8.829116800840453,-0.2563696503639221,-0.08834094181656837,-0.05669724941253662,0,0
bsds_20008,bsds_20008,synthetic_bsds,0,11.225269305469537,11.109637013944669,0.6195140480995178,0.5892341732978821,0.276791512966156,0.31751465797424316,0.20495682954788208,0.2881801128387451,-0.11563229152486798,-0.030279874801635742,-0.04072314500808716,-0.08322328329086304,0,0
bsds_20008,bsds_20008,synthetic_bsds,1,13.068619502951108,12.87566941556016,0.6918145418167114,0.7084195613861084,0.3064527213573456,0.34517255425453186,0.22752386331558228,0.27161234617233276,-0.19295008739094754,0.016605019569396973,-0.03871983289718628,-0.04408848285675049,0,0
bsds_20008,bsds_20008,synthetic_bsds,2,12.243629312768466,11.763120337509159,0.5398457050323486,0.33915606141090393,0.16126112639904022,0.348212331533432,0.19594734907150269,0.22881823778152466,-0.4805089752593066,-0.2006896436214447,-0.18695120513439178,-0.03287088871002197,0,0
bsds_20008,bsds_20008,synthetic_bsds,3,12.367469557504105,11.859817372299602,0.5443336367607117,0.41426655650138855,0.1438441127538681,0.21579046547412872,0.19435322284698486,0.25189828872680664,-0.5076521852045026,-0.13006708025932312,-0.07194635272026062,-0.05754506587982178,0,0
bsds_216041,bsds_216041,synthetic_bsds,0,25.611318246517666,22.045785881788387,0.6327481865882874,0.5748860239982605,0.419627845287323,0.1823466271162033,0.31075555086135864,0.17866462469100952,-3.565532364729279,-0.057862162590026855,0.2372812181711197,0.13209092617034912,0,0
bsds_216041,bsds_216041,synthetic_bsds,1,25.34583560583455,22.28368927478133,0.5739083886146545,0.5053600072860718,0.47977614402770996,0.1939985454082489,0.3346076011657715,0.1823514699935913,-3.0621463310532206,-0.06854838132858276,0.28577759861946106,0.15225613117218018,0,0
bsds_216041,bsds_216041,synthetic_bsds,2,24.96288765479791,19.539512929297576,0.32353106141090393,0.14838726818561554,0.6545146703720093,0.2396056354045868,0.2994728088378906,0.2105478048324585,-5.423374725500334,-0.1751437932252884,0.4149090349674225,0.08892500400543213,0,0
bsds_216041,bsds_216041,synthetic_bsds,3,24.5071192229191,19.458566151713647,0.31118467450141907,0.15549010038375854,0.586361289024353,0.2379288226366043,0.29912376403808594,0.22899359464645386,-5.048553071205454,-0.15569457411766052,0.3484324663877487,0.07013016939163208,0,0
bsds_225017,bsds_225017,synthetic_bsds,0,20.352149082791676,18.87673859423788,0.6205927133560181,0.6135630011558533,0.508037269115448,0.1680988073348999,0.27071017026901245,0.1576915979385376,-1.4754104885537949,-0.007029712200164795,0.3399384617805481,0.11301857233047485,0,0
bsds_225017,bsds_225017,synthetic_bsds,1,19.171593893619846,17.47661551351316,0.4251266419887543,0.397282212972641,0.6246575713157654,0.21389849483966827,0.27866077423095703,0.14116811752319336,-1.6949783801066864,-0.02784442901611328,0.4107590764760971,0.13749265670776367,0,0
bsds_225017,bsds_225017,synthetic_bsds,2,24.035925996645414,23.562591181880602,0.6242701411247253,0.6264315843582153,0.4806176722049713,0.23876197636127472,0.25388312339782715,0.1821153163909912,-0.47333481476481154,0.0021614432334899902,0.2418556958436966,0.07176780700683594,1,0
bsds_225017,bsds_225017,synthetic_bsds,3,25.40724921296426,24.467025131135657,0.7761752605438232,0.7802435755729675,0.3851429224014282,0.18821591138839722,0.24858027696609497,0.17693638801574707,-0.9402240818286032,0.004068315029144287,0.196927011013031,0.0716438889503479,1,0
bsds_23025,bsds_23025,synthetic_bsds,0,26.42025988134901,21.52406668562803,0.7667044401168823,0.5813992619514465,0.3991948366165161,0.2579829692840576,0.2545977830886841,0.19373416900634766,-4.896193195720983,-0.1853051781654358,0.1412118673324585,0.060863614082336426,0,0
bsds_23025,bsds_23025,synthetic_bsds,1,29.540217288849163,20.77755703679081,0.8083192706108093,0.46489596366882324,0.27631887793540955,0.3076738119125366,0.2040703296661377,0.2268173098564148,-8.762660252058353,-0.3434233069419861,-0.031354933977127075,-0.0227469801902771,0,0
bsds_23025,bsds_23025,synthetic_bsds,2,25.554937733926128,21.66861073539558,0.694299578666687,0.6128689646720886,0.49547818303108215,0.2063852995634079,0.24316072463989258,0.15383297204971313,-3.8863269985305493,-0.08143061399459839,0.28909288346767426,0.08932775259017944,0,0
bsds_23025,bsds_23025,synthetic_bsds,3,29.299037026481564,24.300055964732906,0.7042456269264221,0.5256909132003784,0.5651323199272156,0.2548679709434509,0.2628995180130005,0.1880752444267273,-4.998981061748658,-0.1785547137260437,0.31026434898376465,0.0748242735862732,0,0
bsds_23080,bsds_23080,synthetic_bsds,0,29.202247954470405,21.671734605954853,0.7299095988273621,0.7218562364578247,0.21423062682151794,0.17510272562503815,0.19913244247436523,0.18493449687957764,-7.5305133485155515,-0.008053362369537354,0.0391279011964798,0.014197945594787598,0,0
bsds_23080,bsds_23080,synthetic_bsds,1,28.110711509940437,21.058612246002568,0.7505507469177246,0.5683839917182922,0.16903156042099,0.1932515799999237,0.1914350986480713,0.16536414623260498,-7.052099263937869,-0.18216675519943237,-0.024220019578933716,0.02607095241546631,0,0
bsds_23080,bsds_23080,synthetic_bsds,2,28.14738748908494,19.597950501308812,0.7603371739387512,0.5726454257965088,0.11881186813116074,0.15072673559188843,0.1625305414199829,0.19037854671478271,-8.54943698777613,-0.18769174814224243,-0.03191486746072769,-0.027848005294799805,0,0
bsds_23080,bsds_23080,synthetic_bsds,3,27.333377407737647,20.496464453418035,0.7571987509727478,0.3950861990451813,0.08753430843353271,0.21535493433475494,0.18508201837539673,0.22775375843048096,-6.836912954319612,-0.36211255192756653,-0.12782062590122223,-0.04267174005508423,0,0
bsds_231015,bsds_231015,synthetic_bsds,0,11.021947119544853,10.453577240538314,0.582107663154602,0.346994549036026,0.15867199003696442,0.31657126545906067,0.1626678705215454,0.22774440050125122,-0.5683698790065392,-0.23511311411857605,-0.15789927542209625,-0.06507652997970581,0,0
bsds_231015,bsds_231015,synthetic_bsds,1,12.391906452714688,12.00755802109699,0.6624077558517456,0.42289918661117554,0.16047286987304688,0.3608107566833496,0.141851544380188,0.23301184177398682,-0.3843484316176973,-0.23950856924057007,-0.20033788681030273,-0.09116029739379883,0,0
bsds_231015,bsds_231015,synthetic_bsds,2,12.536278347756486,12.123718999513567,0.5160040259361267,0.2860046327114105,0.14056935906410217,0.2614423632621765,0.2204875946044922,0.30343031883239746,-0.41255934824291884,-0.2299993932247162,-0.12087300419807434,-0.08294272422790527,0,0
bsds_231015,bsds_231015,synthetic_bsds,3,10.878794118714765,10.457451110150968,0.614194929599762,0.33856886625289917,0.09883341193199158,0.21349802613258362,0.2023802399635315,0.3152792453765869,-0.42134300856379703,-0.2756260633468628,-0.11466461420059204,-0.11289900541305542,0,0
bsds_236017,bsds_236017,synthetic_bsds,0,24.592646457203852,20.982411220083158,0.5395370125770569,0.4092467427253723,0.46659529209136963,0.33179259300231934,0.26899874210357666,0.19842833280563354,-3.610235237120694,-0.13029026985168457,0.1348026990890503,0.07057040929794312,0,0
bsds_236017,bsds_236017,synthetic_bsds,1,25.269070455939804,20.315083280550297,0.5726271271705627,0.3324525058269501,0.44026604294776917,0.46471673250198364,0.26856857538223267,0.24254494905471802,-4.953987175389507,-0.24017462134361267,-0.024450689554214478,0.02602362632751465,0,0
bsds_236017,bsds_236017,synthetic_bsds,2,20.10211057795127,17.531091687748575,0.2933465838432312,0.194720059633255,0.6916932463645935,0.3223855793476105,0.3271370530128479,0.24362629652023315,-2.5710188902026943,-0.0986265242099762,0.36930766701698303,0.08351075649261475,0,0
bsds_236017,bsds_236017,synthetic_bsds,3,21.085494289881524,17.536574166583843,0.3007044494152069,0.224045529961586,0.7139952778816223,0.34608614444732666,0.30293118953704834,0.23202824592590332,-3.5489201232976804,-0.07665891945362091,0.36790913343429565,0.07090294361114502,0,0
bsds_245051,bsds_245051,synthetic_bsds,0,23.399999361459322,20.179787027008203,0.7808287739753723,0.7564336657524109,0.4420931935310364,0.15063464641571045,0.2790471911430359,0.15416347980499268,-3.2202123344511193,-0.024395108222961426,0.2914585471153259,0.12488371133804321,0,0
bsds_245051,bsds_245051,synthetic_bsds,1,22.367325041867886,19.589896180102656,0.7206810116767883,0.6990699768066406,0.5049952268600464,0.15501388907432556,0.2962026000022888,0.15600663423538208,-2.7774288617652303,-0.021611034870147705,0.3499813377857208,0.14019596576690674,0,0
bsds_245051,bsds_245051,synthetic_bsds,2,25.72846320039512,23.590811208584647,0.6677720546722412,0.6265774965286255,0.5228498578071594,0.16876627504825592,0.2917594909667969,0.21022439002990723,-2.137651991810472,-0.04119455814361572,0.3540835827589035,0.08153510093688965,0,0
bsds_245051,bsds_245051,synthetic_bsds,3,25.51499041490365,24.914686429873377,0.6049785017967224,0.6422532200813293,0.5482451319694519,0.21397753059864044,0.30959397554397583,0.2082323431968689,-0.6003039850302727,0.037274718284606934,0.33426760137081146,0.10136163234710693,1,0
bsds_246016,bsds_246016,synthetic_bsds,0,27.64050809213989,24.605025740610927,0.8569381237030029,0.8203338384628296,0.27696722745895386,0.15548858046531677,0.20938539505004883,0.1605188250541687,-3.0354823515289624,-0.03660428524017334,0.12147864699363708,0.04886656999588013,0,0
bsds_246016,bsds_246016,synthetic_bsds,1,44.053885574715906,37.194103811720844,0.979549765586853,0.9634091258049011,0.08146201819181442,0.08897313475608826,0.1461009383201599,0.1524045467376709,-6.859781762995063,-0.016140639781951904,-0.007511116564273834,-0.006303608417510986,0,0
bsds_246016,bsds_246016,synthetic_bsds,2,27.278063247431838,24.442474423658783,0.8309519290924072,0.7592241168022156,0.30365580320358276,0.16387739777565002,0.20153069496154785,0.16498124599456787,-2.8355888237730547,-0.07172781229019165,0.13977840542793274,0.03654944896697998,0,0
bsds_246016,bsds_246016,synthetic_bsds,3,41.592732475047924,36.09994759745055,0.9504461884498596,0.9256281852722168,0.2477988451719284,0.229181706905365,0.17653274536132812,0.1832619309425354,-5.492784877597373,-0.024818003177642822,0.018617138266563416,-0.006729185581207275,0,0
bsds_249061,bsds_249061,synthetic_bsds,0,28.91565819603915,25.48184199727941,0.6491156816482544,0.784184455871582,0.33117949962615967,0.11878976970911026,0.23296862840652466,0.17527693510055542,-3.4338161987597395,0.13506877422332764,0.2123897299170494,0.05769169330596924,1,0
bsds_249061,bsds_249061,synthetic_bsds,1,28.758720664660927,24.577939369608455,0.6459097266197205,0.7727237343788147,0.31649672985076904,0.11569387465715408,0.23708117008209229,0.1294010877609253,-4.180781295052473,0.12681400775909424,0.20080285519361496,0.10768008232116699,1,0
bsds_249061,bsds_249061,synthetic_bsds,2,26.266655271916363,18.07765744144939,0.806108832359314,0.38779202103614807,0.09658075869083405,0.21956810355186462,0.19219350814819336,0.22497153282165527,-8.188997830466974,-0.4183168113231659,-0.12298734486103058,-0.032778024673461914,0,0
bsds_249061,bsds_249061,synthetic_bsds,3,25.50195146376793,16.501171428515804,0.8775888085365295,0.40357327461242676,0.0542215034365654,0.24392977356910706,0.14337092638015747,0.23749405145645142,-9.000780035252127,-0.4740155339241028,-0.18970827013254166,-0.09412312507629395,0,0
bsds_25098,bsds_25098,synthetic_bsds,0,12.77898994271383,12.469863678401945,0.5994098782539368,0.47263020277023315,0.12963123619556427,0.2681954503059387,0.17586928606033325,0.23963916301727295,-0.3091262643118853,-0.1267796754837036,-0.13856421411037445,-0.0637698769569397,0,0
bsds_25098,bsds_25098,synthetic_bsds,1,14.058183552825351,13.539435475431315,0.658053457736969,0.500796914100647,0.09747184067964554,0.18416067957878113,0.19024169445037842,0.21047747135162354,-0.5187480773940365,-0.15725654363632202,-0.08668883889913559,-0.020235776901245117,0,0
bsds_25098,bsds_25098,synthetic_bsds,2,12.74230455722176,12.58180564850788,0.524461567401886,0.4117211401462555,0.1522287130355835,0.27704277634620667,0.1830509901046753,0.24084007740020752,-0.16049890871387973,-0.1127404272556305,-0.12481406331062317,-0.05778908729553223,0,0
bsds_25098,bsds_25098,synthetic_bsds,3,11.360633028595506,11.245690730291615,0.6063600182533264,0.45796582102775574,0.11339227855205536,0.23667536675930023,0.16986429691314697,0.22357529401779175,-0.11494229830389102,-0.14839419722557068,-0.12328308820724487,-0.053710997104644775,0,0
bsds_253036,bsds_253036,synthetic_bsds,0,27.583182034086818,25.474657233429824,0.8581554293632507,0.90085369348526,0.2544686198234558,0.1266704797744751,0.2460613250732422,0.20323103666305542,-2.108524800656994,0.04269826412200928,0.1277981400489807,0.04283028841018677,1,0
bsds_253036,bsds_253036,synthetic_bsds,1,28.89105018528333,26.310137436862888,0.8661566376686096,0.9060233235359192,0.2638252377510071,0.13380903005599976,0.24367839097976685,0.21625590324401855,-2.5809127484204417,0.03986668586730957,0.13001620769500732,0.02742248773574829,1,0
bsds_253036,bsds_253036,synthetic_bsds,2,34.126644973014045,28.659240216922896,0.7677806615829468,0.522424578666687,0.1543622612953186,0.13734109699726105,0.17698025703430176,0.16338235139846802,-5.467404756091149,-0.24535608291625977,0.017021164298057556,0.01359790563583374,0,0
bsds_253036,bsds_253036,synthetic_bsds,3,34.786866461310396,28.576379487341825,0.7965888977050781,0.5557870864868164,0.1883564591407776,0.18873576819896698,0.16389095783233643,0.1838635802268982,-6.210486973968571,-0.24080181121826172,-0.0003793090581893921,-0.019972622394561768,0,0
bsds_254054,bsds_254054,synthetic_bsds,0,21.41641312290603,18.055078011518624,0.45441052317619324,0.3467531204223633,0.6899512410163879,0.2879316508769989,0.29843324422836304,0.18388700485229492,-3.3613351113874046,-0.10765740275382996,0.40201959013938904,0.11454623937606812,0,0
bsds_254054,bsds_254054,synthetic_bsds,1,22.673205945735933,19.025775993399566,0.5278440117835999,0.43965205550193787,0.5849496722221375,0.1636594533920288,0.2842988967895508,0.19989383220672607,-3.647429952336367,-0.08819195628166199,0.42129021883010864,0.08440506458282471,0,0
bsds_254054,bsds_254054,synthetic_bsds,2,20.60907476896795,17.701474742701606,0.3650120198726654,0.281067818403244,0.7880673408508301,0.27039575576782227,0.313601016998291,0.19459056854248047,-2.907600026266344,-0.08394420146942139,0.5176715850830078,0.11901044845581055,0,0
bsds_254054,bsds_254054,synthetic_bsds,3,23.100582786420386,19.264428806248144,0.43558889627456665,0.3175209164619446,0.6568847298622131,0.17926205694675446,0.28492897748947144,0.1878652572631836,-3.8361539801722415,-0.11806797981262207,0.4776226729154587,0.09706372022628784,0,0
bsds_27059,bsds_27059,synthetic_bsds,0,24.281046551667327,21.013773546386357,0.6868747472763062,0.6059158444404602,0.4245520234107971,0.18852843344211578,0.23995375633239746,0.12991070747375488,-3.2672730052809698,-0.08095890283584595,0.23602358996868134,0.11004304885864258,0,0
bsds_27059,bsds_27059,synthetic_bsds,1,24.750071072695835,20.247228596534228,0.6734335422515869,0.54239422082901,0.4132494330406189,0.167784184217453,0.224565327167511,0.14815139770507812,-4.502842476161607,-0.1310393214225769,0.2454652488231659,0.07641392946243286,0,0
bsds_27059,bsds_27059,synthetic_bsds,2,25.49945470172016,21.985003546248198,0.6712444424629211,0.5487895607948303,0.5378533601760864,0.24713119864463806,0.26524633169174194,0.18900573253631592,-3.5144511554719635,-0.12245488166809082,0.29072216153144836,0.07624059915542603,0,0
bsds_27059,bsds_27059,synthetic_bsds,3,31.10216198207005,25.240313312698134,0.7414605021476746,0.567805290222168,0.4390149712562561,0.29904863238334656,0.2611323595046997,0.22475385665893555,-5.861848669371916,-0.1736552119255066,0.13996633887290955,0.03637850284576416,0,0
bsds_271008,bsds_271008,synthetic_bsds,0,29.338459445293452,23.88149366457632,0.7711000442504883,0.7414444088935852,0.2558579444885254,0.1599782407283783,0.20793646574020386,0.15926766395568848,-5.456965780717134,-0.029655635356903076,0.0958797037601471,0.04866880178451538,0,0
bsds_271008,bsds_271008,synthetic_bsds,1,29.128992546361037,23.00775159676569,0.7699223160743713,0.7048461437225342,0.2522914409637451,0.20350055396556854,0.20451056957244873,0.17498111724853516,-6.121240949595347,-0.06507617235183716,0.048790886998176575,0.029529452323913574,0,0
bsds_271008,bsds_271008,synthetic_bsds,2,28.39064831351818,23.534085419990628,0.7182909846305847,0.5318394303321838,0.1516604721546173,0.219400092959404,0.21424943208694458,0.19046759605407715,-4.856562893527553,-0.18645155429840088,-0.06773962080478668,0.02378183603286743,0,0
bsds_271008,bsds_271008,synthetic_bsds,3,27.96915621969369,21.921965370172725,0.7559091448783875,0.5845580101013184,0.12720367312431335,0.1696719527244568,0.198838472366333,0.18191790580749512,-6.047190849520966,-0.1713511347770691,-0.04246827960014343,0.01692056655883789,0,0
bsds_274007,bsds_274007,synthetic_bsds,0,10.798873580895624,10.172194701495796,0.7052650451660156,0.3302026391029358,0.12310270965099335,0.3563860058784485,0.15743857622146606,0.23511230945587158,-0.6266788793998277,-0.37506240606307983,-0.23328329622745514,-0.07767373323440552,0,0
bsds_274007,bsds_274007,synthetic_bsds,1,15.888231391913779,14.00045282632929,0.7037477493286133,0.19211797416210175,0.17397889494895935,0.38731759786605835,0.18350017070770264,0.25870341062545776,-1.8877785655844885,-0.5116297751665115,-0.213338702917099,-0.07520323991775513,0,0
bsds_274007,bsds_274007,synthetic_bsds,2,12.446250640086587,12.015657241282682,0.5235726833343506,0.3074319064617157,0.16724902391433716,0.33412832021713257,0.18385225534439087,0.24305254220962524,-0.43059339880390546,-0.2161407768726349,-0.1668792963027954,-0.059200286865234375,0,0
bsds_274007,bsds_274007,synthetic_bsds,3,13.774717021714002,13.038003249640752,0.4838462471961975,0.22674806416034698,0.29130807518959045,0.4137714207172394,0.190163254737854,0.25851547718048096,-0.7367137720732497,-0.2570981830358505,-0.12246334552764893,-0.06835222244262695,0,0
bsds_286092,bsds_286092,synthetic_bsds,0,25.93007364390935,22.819037379450307,0.6825164556503296,0.6416224837303162,0.3691105246543884,0.2027163803577423,0.2592726945877075,0.14797407388687134,-3.1110362644590417,-0.04089397192001343,0.16639414429664612,0.11129862070083618,0,0
bsds_286092,bsds_286092,synthetic_bsds,1,27.76070667565115,22.60836194616978,0.7134286761283875,0.6352822780609131,0.3458038568496704,0.22939051687717438,0.2533522844314575,0.1834215521812439,-5.152344729481371,-0.07814639806747437,0.11641333997249603,0.06993073225021362,0,0
bsds_286092,bsds_286092,synthetic_bsds,2,26.837661815130673,24.460878181947873,0.6101945638656616,0.49159154295921326,0.2785785496234894,0.11224927008152008,0.29956114292144775,0.2120072841644287,-2.3767836331828,-0.11860302090644836,0.1663292795419693,0.08755385875701904,0,0
bsds_286092,bsds_286092,synthetic_bsds,3,29.158199175366907,24.332415429913134,0.6103663444519043,0.41920942068099976,0.29038405418395996,0.12279566377401352,0.23135513067245483,0.21744513511657715,-4.825783745453773,-0.19115692377090454,0.16758839040994644,0.013909995555877686,0,0
bsds_309004,bsds_309004,synthetic_bsds,0,21.169897479927183,18.67219861481688,0.28471639752388,0.21731653809547424,0.9142780900001526,0.43315306305885315,0.3461803197860718,0.2736150026321411,-2.4976988651103014,-0.06739985942840576,0.48112502694129944,0.07256531715393066,0,0
bsds_309004,bsds_309004,synthetic_bsds,1,21.723566987837142,19.11550661297894,0.3596877157688141,0.2911382019519806,0.7923258543014526,0.3189786672592163,0.28997671604156494,0.22014105319976807,-2.6080603748582014,-0.0685495138168335,0.47334718704223633,0.06983566284179688,0,0
bsds_309004,bsds_309004,synthetic_bsds,2,21.051932009575822,17.90684881660106,0.30885574221611023,0.20449936389923096,0.7298041582107544,0.19611862301826477,0.29505956172943115,0.19678187370300293,-3.145083192974763,-0.10435637831687927,0.5336855351924896,0.09827768802642822,0,0
bsds_309004,bsds_309004,synthetic_bsds,3,20.92444684899029,17.64133039091036,0.2774871587753296,0.180681511759758,0.7958091497421265,0.21738149225711823,0.32381510734558105,0.21350550651550293,-3.283116458079931,-0.0968056470155716,0.5784276574850082,0.11030960083007812,0,0
bsds_311081,bsds_311081,synthetic_bsds,0,20.10462405668589,17.491259943517864,0.4521562159061432,0.3622000515460968,0.5492310523986816,0.2503642439842224,0.2739832401275635,0.18204545974731445,-2.613364113168025,-0.08995616436004639,0.29886680841445923,0.09193778038024902,0,0
bsds_311081,bsds_311081,synthetic_bsds,1,20.33589754282896,17.81013201721323,0.38356202840805054,0.2952376902103424,0.5955767035484314,0.28342485427856445,0.2694432735443115,0.23608219623565674,-2.5257655256157285,-0.08832433819770813,0.31215184926986694,0.033361077308654785,0,0
bsds_311081,bsds_311081,synthetic_bsds,2,19.847495935463655,17.35025213168133,0.3975374698638916,0.3249611258506775,0.64813232421875,0.32150357961654663,0.28696292638778687,0.21458739042282104,-2.4972438037823252,-0.07257634401321411,0.32662874460220337,0.07237553596496582,0,0
bsds_311081,bsds_311081,synthetic_bsds,3,23.186456549331176,20.564740876783375,0.3956001400947571,0.3212689459323883,0.7233275771141052,0.52224200963974,0.28563761711120605,0.2605164051055908,-2.6217156725478006,-0.07433119416236877,0.20108556747436523,0.025121212005615234,0,0
bsds_314016,bsds_314016,synthetic_bsds,0,28.236012305238724,20.141564025968286,0.8114122152328491,0.4516676962375641,0.21638435125350952,0.2745806574821472,0.19085144996643066,0.23138493299484253,-8.094448279270438,-0.35974451899528503,-0.058196306228637695,-0.040533483028411865,0,0
bsds_314016,bsds_314016,synthetic_bsds,1,28.793014197902515,18.697128470566028,0.8149933815002441,0.4158481955528259,0.2563230097293854,0.2248852252960205,0.24324345588684082,0.26698487997055054,-10.095885727336487,-0.3991451859474182,0.03143778443336487,-0.023741424083709717,0,0
bsds_314016,bsds_314016,synthetic_bsds,2,28.599890071989623,20.000517938794648,0.8150138854980469,0.4664990305900574,0.1755771040916443,0.15175016224384308,0.1962364912033081,0.2240634560585022,-8.599372133194976,-0.3485148549079895,0.02382694184780121,-0.027826964855194092,0,0
bsds_314016,bsds_314016,synthetic_bsds,3,29.15263987318521,20.905054393517425,0.7650935649871826,0.4137707054615021,0.27581870555877686,0.18036870658397675,0.23024743795394897,0.24260646104812622,-8.247585479667784,-0.35132285952568054,0.09544999897480011,-0.012359023094177246,0,0
bsds_323016,bsds_323016,synthetic_bsds,0,11.636554116771908,11.364479151736962,0.5751782655715942,0.46146905422210693,0.21193142235279083,0.24080628156661987,0.16787636280059814,0.1920265555381775,-0.2720749650349461,-0.1137092113494873,-0.02887485921382904,-0.024150192737579346,0,0
bsds_323016,bsds_323016,synthetic_bsds,1,13.09359646337608,12.818959224437144,0.6912547945976257,0.6664626598358154,0.21816514432430267,0.20895862579345703,0.20032942295074463,0.1968567967414856,-0.27463723893893643,-0.024792134761810303,0.009206518530845642,0.003472626209259033,0,0
bsds_323016,bsds_323016,synthetic_bsds,2,10.290658803416818,9.99805682847544,0.6492956280708313,0.45461782813072205,0.1313561648130417,0.21777984499931335,0.17438966035842896,0.2527928352355957,-0.29260197494137863,-0.19467779994010925,-0.08642368018627167,-0.07840317487716675,0,0
bsds_323016,bsds_323016,synthetic_bsds,3,10.322716939361738,10.080725502316243,0.6654943227767944,0.5315316319465637,0.16034643352031708,0.20468883216381073,0.2106354832649231,0.23559778928756714,-0.24199143704549542,-0.1339626908302307,-0.04434239864349365,-0.024962306022644043,0,0
bsds_368078,bsds_368078,synthetic_bsds,0,20.592647169488714,19.640934858432566,0.715350329875946,0.7771729826927185,0.3803764879703522,0.11431428790092468,0.28037744760513306,0.11508393287658691,-0.9517123110561485,0.06182265281677246,0.2660622000694275,0.16529351472854614,1,0
bsds_368078,bsds_368078,synthetic_bsds,1,23.02641855830285,22.022037160460314,0.7694082856178284,0.8154188394546509,0.2674390971660614,0.08072462677955627,0.22934412956237793,0.14238286018371582,-1.0043813978425362,0.04601055383682251,0.18671447038650513,0.08696126937866211,1,0
bsds_368078,bsds_368078,synthetic_bsds,2,19.3659841561533,17.906434379375842,0.39118462800979614,0.3913630545139313,0.5959324836730957,0.27123066782951355,0.3276787996292114,0.1724764108657837,-1.4595497767774575,0.00017842650413513184,0.32470181584358215,0.15520238876342773,1,0
bsds_368078,bsds_368078,synthetic_bsds,3,19.867179926248205,18.17027143017001,0.4231228530406952,0.3952691853046417,0.5127511620521545,0.25825726985931396,0.2966718077659607,0.21049422025680542,-1.6969084960781942,-0.027853667736053467,0.2544938921928406,0.08617758750915527,0,0
bsds_374020,bsds_374020,synthetic_bsds,0,25.827281236836825,23.267745588486314,0.6409770846366882,0.5832842588424683,0.4851847290992737,0.18062913417816162,0.27357393503189087,0.16188979148864746,-2.5595356483505114,-0.05769282579421997,0.30455559492111206,0.11168414354324341,0,0
bsds_374020,bsds_374020,synthetic_bsds,1,26.827078337667565,22.63127805530683,0.6810727715492249,0.5902272462844849,0.45155805349349976,0.21213474869728088,0.26027464866638184,0.176591157913208,-4.195800282360736,-0.09084552526473999,0.23942330479621887,0.08368349075317383,0,0
bsds_374020,bsds_374020,synthetic_bsds,2,24.477453620672666,21.678371634222067,0.4446503818035126,0.3192656934261322,0.7156273722648621,0.1737285852432251,0.2888714671134949,0.19961434602737427,-2.7990819864505987,-0.12538468837738037,0.541898787021637,0.0892571210861206,0,0
bsds_374020,bsds_374020,synthetic_bsds,3,23.30455156092397,18.720767867563993,0.40858224034309387,0.24011850357055664,0.6727322340011597,0.2217807024717331,0.2668086290359497,0.2290252447128296,-4.583783693359976,-0.16846373677253723,0.4509515315294266,0.03778338432312012,0,0
bsds_385028,bsds_385028,synthetic_bsds,0,23.134918457257076,19.71760296562779,0.4516720771789551,0.3692070245742798,0.618387758731842,0.2850112318992615,0.2650820016860962,0.18780821561813354,-3.417315491629285,-0.08246505260467529,0.33337652683258057,0.07727378606796265,0,0
bsds_385028,bsds_385028,synthetic_bsds,1,21.842046186075528,19.08566704102948,0.488642156124115,0.3899194896221161,0.6652351021766663,0.2959434986114502,0.2738472819328308,0.1993192434310913,-2.756379145046047,-0.0987226665019989,0.36929160356521606,0.0745280385017395,0,0
bsds_385028,bsds_385028,synthetic_bsds,2,30.581604808422412,28.144488196628448,0.6283167600631714,0.524468719959259,0.6425042152404785,0.2762308716773987,0.28563451766967773,0.2360878586769104,-2.4371166117939644,-0.10384804010391235,0.36627334356307983,0.049546658992767334,0,0
bsds_385028,bsds_385028,synthetic_bsds,3,31.328267912026988,26.025085987415167,0.6598042249679565,0.44669100642204285,0.5434522032737732,0.22479386627674103,0.27034085988998413,0.21789592504501343,-5.30318192461182,-0.2131132185459137,0.31865833699703217,0.0524449348449707,0,0
bsds_41004,bsds_41004,synthetic_bsds,0,29.483860130101963,26.800810277978677,0.6242427229881287,0.8679189682006836,0.43304523825645447,0.09713812172412872,0.2865874171257019,0.15094053745269775,-2.683049852123286,0.24367624521255493,0.33590711653232574,0.13564687967300415,1,0
bsds_41004,bsds_41004,synthetic_bsds,1,30.180535241541385,30.438826773012877,0.6146548986434937,0.891054630279541,0.5417309999465942,0.08687673509120941,0.2915559411048889,0.14943993091583252,0.2582915314714924,0.27639973163604736,0.4548542648553848,0.1421160101890564,1,1
bsds_41004,bsds_41004,synthetic_bsds,2,27.97184504222716,19.649197999341713,0.7566813230514526,0.2733902037143707,0.13102519512176514,0.3722451329231262,0.1622907519340515,0.23622238636016846,-8.322647042885446,-0.4832911193370819,-0.24121993780136108,-0.07393163442611694,0,0
bsds_41004,bsds_41004,synthetic_bsds,3,28.1648138757443,21.270191525297882,0.7644608020782471,0.44051986932754517,0.11338121443986893,0.17085042595863342,0.16990935802459717,0.2215425968170166,-6.894622350446419,-0.3239409327507019,-0.057469211518764496,-0.051633238792419434,0,0
bsds_45077,bsds_45077,synthetic_bsds,0,13.520171515056996,12.969890924169754,0.4759029448032379,0.25969862937927246,0.1681118607521057,0.2909284234046936,0.16875755786895752,0.27753812074661255,-0.5502805908872421,-0.21620431542396545,-0.12281656265258789,-0.10878056287765503,0,0
bsds_45077,bsds_45077,synthetic_bsds,1,13.622178453627939,13.310833146481126,0.6381989121437073,0.5002031922340393,0.19542065262794495,0.3275798559188843,0.18032538890838623,0.279710054397583,-0.3113453071468122,-0.13799571990966797,-0.13215920329093933,-0.09938466548919678,0,0
bsds_45077,bsds_45077,synthetic_bsds,2,16.582718764726664,16.20757436534421,0.3532498776912689,0.21400199830532074,0.2806164622306824,0.4359537959098816,0.2810767889022827,0.33165615797042847,-0.37514439938245303,-0.13924787938594818,-0.15533733367919922,-0.05057936906814575,0,0
bsds_45077,bsds_45077,synthetic_bsds,3,10.89158529391434,10.673150465203156,0.5847732424736023,0.3643872141838074,0.14374379813671112,0.27689480781555176,0.20339983701705933,0.28381359577178955,-0.21843482871118347,-0.22038602828979492,-0.13315100967884064,-0.08041375875473022,0,0
bsds_46076,bsds_46076,synthetic_bsds,0,26.562846027260136,23.83122731223437,0.6677536964416504,0.6435163021087646,0.39869385957717896,0.18925628066062927,0.2872734069824219,0.16425108909606934,-2.7316187150257676,-0.024237394332885742,0.20943757891654968,0.12302231788635254,0,0
bsds_46076,bsds_46076,synthetic_bsds,1,25.891487120523653,26.13788431809112,0.700774610042572,0.6774085760116577,0.33831900358200073,0.15644843876361847,0.2814970016479492,0.17466378211975098,0.24639719756746814,-0.023366034030914307,0.18187056481838226,0.10683321952819824,1,1
bsds_46076,bsds_46076,synthetic_bsds,2,25.758644034055195,22.9031523313851,0.7165296673774719,0.7109307050704956,0.3713836073875427,0.19645607471466064,0.29255473613739014,0.1999880075454712,-2.8554917026700934,-0.005598962306976318,0.17492753267288208,0.09256672859191895,0,0
bsds_46076,bsds_46076,synthetic_bsds,3,28.498093894039993,26.622992630254295,0.75717693567276,0.7774171829223633,0.23574984073638916,0.23137833178043365,0.2159268856048584,0.1655895709991455,-1.875101263785698,0.02024024724960327,0.004371508955955505,0.05033731460571289,1,0
bsds_59078,bsds_59078,synthetic_bsds,0,22.245284974142262,19.038170435333036,0.6810147762298584,0.6590703129768372,0.5391978025436401,0.21017414331436157,0.2822481393814087,0.16196662187576294,-3.2071145388092255,-0.02194446325302124,0.32902365922927856,0.12028151750564575,0,0
bsds_59078,bsds_59078,synthetic_bsds,1,22.739714454215573,19.625304952516974,0.685810923576355,0.6837644577026367,0.4832710325717926,0.18770170211791992,0.2794310450553894,0.15981900691986084,-3.1144095016985993,-0.0020464658737182617,0.2955693304538727,0.11961203813552856,0,0
bsds_59078,bsds_59078,synthetic_bsds,2,24.953383684887353,19.279059323763438,0.6635248064994812,0.5608626008033752,0.43306952714920044,0.1348406970500946,0.24710482358932495,0.16984426975250244,-5.674324361123915,-0.10266220569610596,0.29822883009910583,0.07726055383682251,0,0
bsds_59078,bsds_59078,synthetic_bsds,3,26.256635219010818,21.674092235457486,0.706109344959259,0.674492359161377,0.4158761501312256,0.13564500212669373,0.23981577157974243,0.16348206996917725,-4.582542983553331,-0.03161698579788208,0.28023114800453186,0.07633370161056519,0,0
bsds_61086,bsds_61086,synthetic_bsds,0,20.48812075059658,17.53340932026975,0.6462153792381287,0.5783774852752686,0.650570809841156,0.2087240219116211,0.3103961944580078,0.1583206057548523,-2.954711430326828,-0.06783789396286011,0.4418467879295349,0.15207558870315552,0,0
bsds_61086,bsds_61086,synthetic_bsds,1,18.06529942950643,14.804492247137349,0.46657294034957886,0.4626599848270416,0.5994947552680969,0.16864070296287537,0.36719346046447754,0.2062373161315918,-3.260807182369083,-0.0039129555225372314,0.43085405230522156,0.16095614433288574,0,0
bsds_61086,bsds_61086,synthetic_bsds,2,19.754544077299975,17.148104432532445,0.47152870893478394,0.41701871156692505,0.6190927624702454,0.2532818615436554,0.2829626202583313,0.17990100383758545,-2.60643964476753,-0.05450999736785889,0.36581090092658997,0.10306161642074585,0,0
bsds_61086,bsds_61086,synthetic_bsds,3,20.575109189542296,17.667473372562014,0.4534849226474762,0.37120142579078674,0.5568012595176697,0.19568589329719543,0.27926892042160034,0.1831434965133667,-2.9076358169802816,-0.08228349685668945,0.36111536622047424,0.09612542390823364,0,0
bsds_76002,bsds_76002,synthetic_bsds,0,27.73423185552054,20.985671574622554,0.721218466758728,0.6149551272392273,0.20030784606933594,0.2195887565612793,0.21239840984344482,0.17863333225250244,-6.748560280897987,-0.10626333951950073,-0.01928091049194336,0.03376507759094238,0,0
bsds_76002,bsds_76002,synthetic_bsds,1,27.871733373734845,21.71272153064266,0.68675696849823,0.6834768056869507,0.2408861219882965,0.18640516698360443,0.24739289283752441,0.1842476725578308,-6.159011843092184,-0.003280162811279297,0.05448095500469208,0.0631452202796936,0,0
bsds_76002,bsds_76002,synthetic_bsds,2,25.80973711390432,19.016021410875396,0.7903249263763428,0.29262468218803406,0.05034220591187477,0.21235397458076477,0.11226463317871094,0.1981145143508911,-6.793715703028923,-0.4977002441883087,-0.16201176866889,-0.08584988117218018,0,0
bsds_76002,bsds_76002,synthetic_bsds,3,26.479179431728795,18.812286896115523,0.7823765873908997,0.35511499643325806,0.056625161319971085,0.1902446299791336,0.13869279623031616,0.2094653844833374,-7.666892535613272,-0.4272615909576416,-0.13361946865916252,-0.07077258825302124,0,0
bsds_80099,bsds_80099,synthetic_bsds,0,13.493522186318735,13.34276226776143,0.4835575222969055,0.39165154099464417,0.2967613637447357,0.3666779100894928,0.24423474073410034,0.2598435878753662,-0.15075991855730564,-0.09190598130226135,-0.06991654634475708,-0.01560884714126587,0,0
bsds_80099,bsds_80099,synthetic_bsds,1,15.4906043989559,15.369381637959538,0.6110081672668457,0.5745008587837219,0.442513108253479,0.4641924798488617,0.2827727794647217,0.37434786558151245,-0.12122276099636231,-0.03650730848312378,-0.02167937159538269,-0.09157508611679077,0,0
bsds_80099,bsds_80099,synthetic_bsds,2,13.603565878462598,13.50565711193638,0.466214656829834,0.4444899559020996,0.3884638249874115,0.33301153779029846,0.27999579906463623,0.3185708522796631,-0.09790876652621883,-0.021724700927734375,0.05545228719711304,-0.038575053215026855,0,0
bsds_80099,bsds_80099,synthetic_bsds,3,13.062829292698169,12.957827614864607,0.4864117503166199,0.4411194920539856,0.32302525639533997,0.3662385940551758,0.26642417907714844,0.34726977348327637,-0.1050016778335614,-0.04529225826263428,-0.043213337659835815,-0.08084559440612793,0,0
bsds_92059,bsds_92059,synthetic_bsds,0,26.537362172940718,22.232893832948957,0.5625649094581604,0.48168498277664185,0.5022611021995544,0.33106160163879395,0.2958511710166931,0.26071053743362427,-4.304468339991761,-0.08087992668151855,0.1711995005607605,0.03514063358306885,0,0
bsds_92059,bsds_92059,synthetic_bsds,1,26.832161847637757,22.77134295434951,0.5709273815155029,0.47974368929862976,0.4302766025066376,0.2831876575946808,0.2846145033836365,0.27196061611175537,-4.060818893288246,-0.09118369221687317,0.1470889449119568,0.012653887271881104,0,0
bsds_92059,bsds_92059,synthetic_bsds,2,24.001244212260634,20.001586215563407,0.5448941588401794,0.4298221170902252,0.4699428379535675,0.2591288387775421,0.28423821926116943,0.1953609585762024,-3.999657996697227,-0.11507204174995422,0.2108139991760254,0.08887726068496704,0,0
bsds_92059,bsds_92059,synthetic_bsds,3,24.86947372153548,22.295809900055936,0.4979400634765625,0.4244864583015442,0.48750728368759155,0.19468384981155396,0.27545011043548584,0.2015666961669922,-2.5736638214795455,-0.07345360517501831,0.2928234338760376,0.07388341426849365,0,0
