model_id,domain,coverage,image_count,hallucination_rate,damage_rate,actual_patch_coverage,actual_pixel_coverage,pixel_weighted_damage_rate,delivered_damage_fraction,psnr_gain,ssim_gain,lpips_gain,dists_gain
mixed_groupcv_psnr_benefit_V1_logistic_505,all,0.1,55,,0.980909090909091,0.23674242424242425,0.2058074503167961,0.980909090909091,0.23210227272727274,-3.786630823730544,-0.11027729147537188,0.08636879132298583,0.019549834132194518
mixed_groupcv_psnr_benefit_V1_logistic_505,real_csig,0.1,5,,0.99,0.10416666666666667,0.10416666666666667,0.99,0.103125,-4.217120112169249,-0.08639269046485425,-0.10254478710703552,-0.02501730382442474
mixed_groupcv_psnr_benefit_V1_logistic_505,all,0.2,55,,0.9804195804195803,0.24573863636363635,0.21480366243800822,0.9804195804195803,0.2409090909090909,-3.7893797186769875,-0.11018350459201075,0.0866732808522498,0.01944237247213617
mixed_groupcv_psnr_benefit_V1_logistic_505,real_csig,0.2,5,,0.9846153846153847,0.203125,0.203125,0.9846153846153847,0.2,-4.247357956580126,-0.08536103474788177,-0.09919540228513188,-0.02619938208506657
mixed_groupcv_psnr_benefit_V1_logistic_505,all,0.3,55,,0.9805642633228839,0.4820075757575757,0.44449156814811014,0.9805642633228839,0.47253787878787884,-3.5797034620232706,-0.10295190592077458,0.10041495100507473,0.02277898943536334
mixed_groupcv_psnr_benefit_V1_logistic_505,real_csig,0.3,5,,0.9862068965517242,0.3020833333333333,0.3020833333333333,0.9862068965517242,0.29791666666666666,-4.325750486086237,-0.08678585712251992,-0.09543290218370484,-0.02778403841215989
mixed_groupcv_psnr_benefit_V1_logistic_505,all,0.4,55,,0.9808736717827626,0.4910037878787879,0.4534877802693223,0.9808736717827626,0.4815340909090909,-3.574939286534703,-0.10305857591709253,0.10040232289874972,0.022838908039833888
mixed_groupcv_psnr_benefit_V1_logistic_505,real_csig,0.4,5,,0.9896103896103895,0.4010416666666667,0.4010416666666667,0.9896103896103895,0.39687500000000003,-4.273344555712002,-0.08795922708201717,-0.09557181135327977,-0.02712493376298384
mixed_groupcv_psnr_benefit_V1_logistic_505,all,0.5,55,,0.9808712121212121,0.5,0.46248399239053445,0.9808712121212121,0.49043560606060604,-3.577258598702977,-0.10314787646021807,0.10023131832739719,0.02272220334094582
mixed_groupcv_psnr_benefit_V1_logistic_505,real_csig,0.5,5,,0.9895833333333333,0.5,0.5,0.9895833333333333,0.49479166666666663,-4.298856989563007,-0.08894153305639824,-0.09745286163815763,-0.028408685450752574
mixed_groupcv_psnr_benefit_V1_logistic_505,all,0.6,55,,0.9748171368861024,0.7367424242424242,0.7037011285843062,0.9817656695140363,0.7179924242424243,-3.5461880690380645,-0.10897139415783319,0.10281988899009407,0.02086587126601327
mixed_groupcv_psnr_benefit_V1_logistic_505,real_csig,0.6,5,,0.9896551724137931,0.6041666666666666,0.6041666666666666,0.9896551724137931,0.5979166666666667,-4.391072004993037,-0.09150632383494542,-0.1032821836961626,-0.031108387996410504
mixed_groupcv_psnr_benefit_V1_logistic_505,all,0.7,55,,0.9749494949494949,0.7457386363636364,0.7126973407055184,0.9818980275774291,0.7269886363636363,-3.555604659613806,-0.10914346870147819,0.1025874641795426,0.02073835061455415
mixed_groupcv_psnr_benefit_V1_logistic_505,real_csig,0.7,5,,0.9911111111111112,0.703125,0.703125,0.9911111111111112,0.696875,-4.494654501326187,-0.0933991438150406,-0.10583885661222867,-0.0325111151624609
mixed_groupcv_psnr_benefit_V1_logistic_505,all,0.8,55,,0.976564344746163,0.9820075757575758,0.9820075757575758,0.9791503206966249,0.9587121212121213,-3.528997667540784,-0.11614685713400384,0.10028267250623919,0.020012072070008047
mixed_groupcv_psnr_benefit_V1_logistic_505,real_csig,0.8,5,,0.9922077922077921,0.8020833333333334,0.8020833333333334,0.9922077922077921,0.7958333333333334,-4.465015203315172,-0.0938978155518507,-0.10467592848755129,-0.03140588325339479
mixed_groupcv_psnr_benefit_V1_logistic_505,all,0.9,55,,0.9765370467682606,0.9910037878787878,0.9910037878787878,0.9791230227187225,0.9676136363636364,-3.525586945435577,-0.11609628276093908,0.10048677887311436,0.02002635046925848
mixed_groupcv_psnr_benefit_V1_logistic_505,real_csig,0.9,5,,0.9919075144508671,0.9010416666666666,0.9010416666666666,0.9919075144508671,0.89375,-4.427497260157895,-0.09334149744813842,-0.10243075845192448,-0.031248820861640002
mixed_groupcv_psnr_benefit_V1_logistic_505,all,1.0,55,,0.9765151515151516,1.0,1.0,0.9791011274656135,0.9765151515151516,-3.5155357379310312,-0.11601127153685824,0.10091361861233246,0.02022715721166495
mixed_groupcv_psnr_benefit_V1_logistic_505,real_csig,1.0,5,,0.9916666666666668,1.0,1.0,0.9916666666666668,0.9916666666666668,-4.3169339776078965,-0.09240637398324907,-0.09773552132052524,-0.029039946695168812
mixed_groupcv_psnr_benefit_V1_logistic_505,synthetic_bsds,0.1,50,,0.98,0.25,0.21597152868180902,0.98,0.245,-3.7435818948866735,-0.11266575157642364,0.10526014916598797,0.024006547927856444
mixed_groupcv_psnr_benefit_V1_logistic_505,synthetic_bsds,0.2,50,,0.98,0.25,0.21597152868180902,0.98,0.245,-3.7435818948866735,-0.11266575157642364,0.10526014916598797,0.024006547927856444
mixed_groupcv_psnr_benefit_V1_logistic_505,synthetic_bsds,0.3,50,,0.98,0.5,0.4587323916295879,0.98,0.49,-3.505098759616974,-0.10456851080060005,0.11999973632395268,0.027835292220115663
mixed_groupcv_psnr_benefit_V1_logistic_505,synthetic_bsds,0.4,50,,0.98,0.5,0.4587323916295879,0.98,0.49,-3.505098759616974,-0.10456851080060005,0.11999973632395268,0.027835292220115663
mixed_groupcv_psnr_benefit_V1_logistic_505,synthetic_bsds,0.5,50,,0.98,0.5,0.4587323916295879,0.98,0.49,-3.505098759616974,-0.10456851080060005,0.11999973632395268,0.027835292220115663
mixed_groupcv_psnr_benefit_V1_logistic_505,synthetic_bsds,0.6,50,,0.9733333333333334,0.75,0.7136545747760701,0.9809767192240608,0.73,-3.4616996754425675,-0.11071790119012195,0.12343009625871976,0.02606329719225565
mixed_groupcv_psnr_benefit_V1_logistic_505,synthetic_bsds,0.7,50,,0.9733333333333334,0.75,0.7136545747760701,0.9809767192240608,0.73,-3.4616996754425675,-0.11071790119012195,0.12343009625871976,0.02606329719225565
mixed_groupcv_psnr_benefit_V1_logistic_505,synthetic_bsds,0.8,50,,0.975,1.0,1.0,0.9778445735455081,0.975,-3.4353959139633448,-0.11837176129221916,0.12077853260561824,0.025153867602348327
mixed_groupcv_psnr_benefit_V1_logistic_505,synthetic_bsds,0.9,50,,0.975,1.0,1.0,0.9778445735455081,0.975,-3.4353959139633448,-0.11837176129221916,0.12077853260561824,0.025153867602348327
mixed_groupcv_psnr_benefit_V1_logistic_505,synthetic_bsds,1.0,50,,0.975,1.0,1.0,0.9778445735455081,0.975,-3.4353959139633448,-0.11837176129221916,0.12077853260561824,0.025153867602348327
mixed_groupcv_psnr_benefit_V1_mlp_505,all,0.1,55,,0.9818181818181818,0.23674242424242425,0.27353640402705826,0.9818181818181818,0.2321969696969697,-3.334304560038202,-0.09575723035769029,0.1180873390541158,0.031586268652569166
mixed_groupcv_psnr_benefit_V1_mlp_505,real_csig,0.1,5,,1.0,0.10416666666666667,0.10416666666666667,1.0,0.10416666666666667,-3.026657086857678,-0.08058379054069519,-0.013391412142664195,0.010983369946479794
mixed_groupcv_psnr_benefit_V1_mlp_505,all,0.2,55,,0.9818181818181818,0.24573863636363635,0.2825326161482704,0.9818181818181818,0.2411931818181818,-3.3323268567012847,-0.09616410512399008,0.1165686027578888,0.03137542867993975
mixed_groupcv_psnr_benefit_V1_mlp_505,real_csig,0.2,5,,1.0,0.203125,0.203125,1.0,0.203125,-3.00490235015159,-0.08505941296999273,-0.030097511401161164,0.008664130247556245
mixed_groupcv_psnr_benefit_V1_mlp_505,all,0.3,55,,0.9721003134796238,0.4820075757575757,0.541038988060016,0.9827175620279068,0.4681818181818182,-3.2999900450756146,-0.09675298229233598,0.11393240751015447,0.030515825711073922
mixed_groupcv_psnr_benefit_V1_mlp_505,real_csig,0.3,5,,0.993103448275862,0.3020833333333333,0.3020833333333333,0.993103448275862,0.29999999999999993,-3.279365375170463,-0.0885578786247763,-0.04252795504470324,0.002723830527272716
mixed_groupcv_psnr_benefit_V1_mlp_505,all,0.4,55,,0.9720188902007084,0.4910037878787879,0.5500352001812282,0.9826361387489914,0.4770833333333333,-3.3245677998869656,-0.09713284828410942,0.11264383525377604,0.029940627802079792
mixed_groupcv_psnr_benefit_V1_mlp_505,real_csig,0.4,5,,0.9922077922077921,0.4010416666666667,0.4010416666666667,0.9922077922077921,0.3979166666666667,-3.5497206780953214,-0.09273640453428418,-0.0567022498648662,-0.0036033464716626494
mixed_groupcv_psnr_benefit_V1_mlp_505,all,0.5,55,,0.9719696969696969,0.5,0.5590314123024404,0.98258694551798,0.48598484848484846,-3.348401394959151,-0.09731715172247,0.1117163091072474,0.029375439069487832
mixed_groupcv_psnr_benefit_V1_mlp_505,real_csig,0.5,5,,0.9916666666666666,0.5,0.5,0.9916666666666666,0.4958333333333333,-3.8118902238893684,-0.09476374235625068,-0.06690503747668118,-0.009820422530174249
mixed_groupcv_psnr_benefit_V1_mlp_505,all,0.6,55,,0.9749738766980147,0.7367424242424242,0.8069409215437254,0.9788699805941186,0.7180871212121211,-3.4982147424663586,-0.11001040841469321,0.10402913706398073,0.02503666569446695
mixed_groupcv_psnr_benefit_V1_mlp_505,real_csig,0.6,5,,0.9913793103448276,0.6041666666666666,0.6041666666666666,0.9913793103448276,0.5989583333333333,-4.065125422153767,-0.09599311012646247,-0.07774285986168503,-0.01592280679735644
mixed_groupcv_psnr_benefit_V1_mlp_505,all,0.7,55,,0.9749494949494949,0.7457386363636364,0.8159371336649376,0.9788455988455987,0.7269886363636363,-3.512653371669299,-0.11003425183320285,0.10335392375028243,0.024535735929855192
mixed_groupcv_psnr_benefit_V1_mlp_505,real_csig,0.7,5,,0.9911111111111112,0.703125,0.703125,0.9911111111111112,0.696875,-4.223950343386116,-0.09625538773006863,-0.08517020631236612,-0.021433034208085795
mixed_groupcv_psnr_benefit_V1_mlp_505,all,0.8,55,,0.976564344746163,0.9820075757575758,0.9820075757575758,0.9791503206966249,0.9587121212121213,-3.5147536965740542,-0.11632714441492538,0.10160479935951566,0.020722389368971517
mixed_groupcv_psnr_benefit_V1_mlp_505,real_csig,0.8,5,,0.9922077922077921,0.8020833333333334,0.8020833333333334,0.9922077922077921,0.7958333333333334,-4.308331522681149,-0.09588097564198754,-0.0901325331015101,-0.023592392964796583
mixed_groupcv_psnr_benefit_V1_mlp_505,all,0.9,55,,0.9766421439831845,0.9910037878787878,0.9910037878787878,0.9792281199336462,0.9677083333333334,-3.51865753159188,-0.11618769561859162,0.1012411833915975,0.0204904908358393
mixed_groupcv_psnr_benefit_V1_mlp_505,real_csig,0.9,5,,0.9930635838150289,0.9010416666666666,0.9010416666666666,0.9930635838150289,0.8947916666666667,-4.35127370787723,-0.09434703888231619,-0.09413230874860994,-0.026143276829250973
mixed_groupcv_psnr_benefit_V1_mlp_505,all,1.0,55,,0.9765151515151516,1.0,1.0,0.9791011274656135,0.9765151515151516,-3.5155357379310312,-0.11601127153685824,0.10091361861233246,0.02022715721166495
mixed_groupcv_psnr_benefit_V1_mlp_505,real_csig,1.0,5,,0.9916666666666668,1.0,1.0,0.9916666666666668,0.9916666666666668,-4.3169339776078965,-0.09240637398324907,-0.09773552132052524,-0.029039946695168812
mixed_groupcv_psnr_benefit_V1_mlp_505,synthetic_bsds,0.1,50,,0.98,0.25,0.2904733777630974,0.98,0.245,-3.3650693073562548,-0.0972745743393898,0.1312352141737938,0.0336465585231781
mixed_groupcv_psnr_benefit_V1_mlp_505,synthetic_bsds,0.2,50,,0.98,0.25,0.2904733777630974,0.98,0.245,-3.3650693073562548,-0.0972745743393898,0.1312352141737938,0.0336465585231781
mixed_groupcv_psnr_benefit_V1_mlp_505,synthetic_bsds,0.3,50,,0.97,0.5,0.5649345535326844,0.9816789734031113,0.485,-3.3020525120661297,-0.09757249265909194,0.12957844376564026,0.03329502522945404
mixed_groupcv_psnr_benefit_V1_mlp_505,synthetic_bsds,0.4,50,,0.97,0.5,0.5649345535326844,0.9816789734031113,0.485,-3.3020525120661297,-0.09757249265909194,0.12957844376564026,0.03329502522945404
mixed_groupcv_psnr_benefit_V1_mlp_505,synthetic_bsds,0.5,50,,0.97,0.5,0.5649345535326844,0.9816789734031113,0.485,-3.3020525120661297,-0.09757249265909194,0.12957844376564026,0.03329502522945404
mixed_groupcv_psnr_benefit_V1_mlp_505,synthetic_bsds,0.6,50,,0.9733333333333334,0.75,0.8272183470314312,0.9776190476190476,0.73,-3.4415236744976183,-0.11141213824351627,0.1222063367565473,0.029132612943649296
mixed_groupcv_psnr_benefit_V1_mlp_505,synthetic_bsds,0.7,50,,0.9733333333333334,0.75,0.8272183470314312,0.9776190476190476,0.73,-3.4415236744976183,-0.11141213824351627,0.1222063367565473,0.029132612943649296
mixed_groupcv_psnr_benefit_V1_mlp_505,synthetic_bsds,0.8,50,,0.975,1.0,1.0,0.9778445735455081,0.975,-3.4353959139633448,-0.11837176129221916,0.12077853260561824,0.025153867602348327
mixed_groupcv_psnr_benefit_V1_mlp_505,synthetic_bsds,0.9,50,,0.975,1.0,1.0,0.9778445735455081,0.975,-3.4353959139633448,-0.11837176129221916,0.12077853260561824,0.025153867602348327
mixed_groupcv_psnr_benefit_V1_mlp_505,synthetic_bsds,1.0,50,,0.975,1.0,1.0,0.9778445735455081,0.975,-3.4353959139633448,-0.11837176129221916,0.12077853260561824,0.025153867602348327
mixed_groupcv_psnr_benefit_V1_mlp_506,all,0.1,55,,0.9818181818181818,0.23674242424242425,0.2709555210723435,0.9818181818181818,0.2321969696969697,-3.2826726603262366,-0.11684732857075604,0.10455811966549267,0.030156206651167437
mixed_groupcv_psnr_benefit_V1_mlp_506,real_csig,0.1,5,,1.0,0.10416666666666667,0.10416666666666667,1.0,0.10416666666666667,-3.0508351972026198,-0.0881552055478096,-0.02693404614925384,0.009586377143859865
mixed_groupcv_psnr_benefit_V1_mlp_506,all,0.2,55,,0.9818181818181818,0.24573863636363635,0.27995173319355565,0.9818181818181818,0.2411931818181818,-3.31349782508165,-0.11717261933919156,0.10282446505688565,0.029557053025785863
mixed_groupcv_psnr_benefit_V1_mlp_506,real_csig,0.2,5,,1.0,0.203125,0.203125,1.0,0.203125,-3.389912009512166,-0.09173340400060016,-0.04600424684393099,0.0029956872646625192
mixed_groupcv_psnr_benefit_V1_mlp_506,all,0.3,55,,0.990282131661442,0.4820075757575757,0.5312911708355633,0.9952978056426331,0.4772727272727273,-3.4094549397951823,-0.11754911284555089,0.10132353721422999,0.0248059326952154
mixed_groupcv_psnr_benefit_V1_mlp_506,real_csig,0.3,5,,0.993103448275862,0.3020833333333333,0.3020833333333333,0.993103448275862,0.29999999999999993,-3.7019868177192294,-0.0944096490740776,-0.056427288159792276,-0.004983359575271607
mixed_groupcv_psnr_benefit_V1_mlp_506,all,0.4,55,,0.9902007083825266,0.4910037878787879,0.5402873829567755,0.9952163823637177,0.4861742424242424,-3.4299227199764712,-0.11791670189767971,0.10053287903946488,0.02441656981477208
mixed_groupcv_psnr_benefit_V1_mlp_506,real_csig,0.4,5,,0.9922077922077921,0.4010416666666667,0.4010416666666667,0.9922077922077921,0.3979166666666667,-3.9271323997134076,-0.09845312864749463,-0.06512452808220859,-0.009266351260148086
mixed_groupcv_psnr_benefit_V1_mlp_506,all,0.5,55,,0.9901515151515151,0.5,0.5492835950779876,0.9951671891327064,0.49507575757575756,-3.448057171583859,-0.11791813905548416,0.0997769843851336,0.023867090836618893
mixed_groupcv_psnr_benefit_V1_mlp_506,real_csig,0.5,5,,0.9916666666666666,0.5,0.5,0.9916666666666666,0.4958333333333333,-4.12661136739468,-0.09846893738334377,-0.07343936927985244,-0.01531062001983324
mixed_groupcv_psnr_benefit_V1_mlp_506,all,0.6,55,,0.9811912225705329,0.7367424242424242,0.773299123415946,0.9908117058026743,0.7227272727272728,-3.5276684808654224,-0.1207263246980518,0.10067910377272915,0.023361141342852675
mixed_groupcv_psnr_benefit_V1_mlp_506,real_csig,0.6,5,,0.993103448275862,0.6041666666666666,0.6041666666666666,0.993103448275862,0.5999999999999999,-4.233686646974187,-0.09752087929639323,-0.07757777060093037,-0.018754188767794902
mixed_groupcv_psnr_benefit_V1_mlp_506,all,0.7,55,,0.9812794612794612,0.7457386363636364,0.7822953355371581,0.9908999445116027,0.7317234848484849,-3.536149868286419,-0.1206289105583923,0.10013725099727663,0.023054349350206775
mixed_groupcv_psnr_benefit_V1_mlp_506,real_csig,0.7,5,,0.994074074074074,0.703125,0.703125,0.994074074074074,0.6989583333333333,-4.326981908605154,-0.09644932376013861,-0.08353815113090807,-0.022128900686899825
mixed_groupcv_psnr_benefit_V1_mlp_506,all,0.8,55,,0.976564344746163,0.9820075757575758,0.9820075757575758,0.9791503206966249,0.9587121212121213,-3.5178290193210655,-0.11623376750749004,0.10180147449379301,0.020597866751086477
mixed_groupcv_psnr_benefit_V1_mlp_506,real_csig,0.8,5,,0.9922077922077921,0.8020833333333334,0.8020833333333334,0.9922077922077921,0.7958333333333334,-4.342160072898276,-0.09485382966019891,-0.08796910662445928,-0.024962141761532074
mixed_groupcv_psnr_benefit_V1_mlp_506,all,0.9,55,,0.9766421439831845,0.9910037878787878,0.9910037878787878,0.9792281199336462,0.9677083333333334,-3.5184891536821143,-0.11610262900653538,0.101356797341181,0.02043252623651257
mixed_groupcv_psnr_benefit_V1_mlp_506,real_csig,0.9,5,,0.9930635838150289,0.9010416666666666,0.9010416666666666,0.9930635838150289,0.8947916666666667,-4.349421550869809,-0.09341130614969773,-0.09286055530319152,-0.026780887421845007
mixed_groupcv_psnr_benefit_V1_mlp_506,all,1.0,55,,0.9765151515151516,1.0,1.0,0.9791011274656135,0.9765151515151516,-3.5155357379310312,-0.11601127153685824,0.10091361861233246,0.02022715721166495
mixed_groupcv_psnr_benefit_V1_mlp_506,real_csig,1.0,5,,0.9916666666666668,1.0,1.0,0.9916666666666668,0.9916666666666668,-4.3169339776078965,-0.09240637398324907,-0.09773552132052524,-0.029039946695168812
mixed_groupcv_psnr_benefit_V1_mlp_506,synthetic_bsds,0.1,50,,0.98,0.25,0.2876344065129112,0.98,0.245,-3.3058564066385987,-0.11971654087305068,0.11770733624696732,0.032213189601898194
mixed_groupcv_psnr_benefit_V1_mlp_506,synthetic_bsds,0.2,50,,0.98,0.25,0.2876344065129112,0.98,0.245,-3.3058564066385987,-0.11971654087305068,0.11770733624696732,0.032213189601898194
mixed_groupcv_psnr_benefit_V1_mlp_506,synthetic_bsds,0.3,50,,0.99,0.5,0.5542119545857864,0.9955172413793103,0.495,-3.380201752002778,-0.11986305922269822,0.11709861975163222,0.0277848619222641
mixed_groupcv_psnr_benefit_V1_mlp_506,synthetic_bsds,0.4,50,,0.99,0.5,0.5542119545857864,0.9955172413793103,0.495,-3.380201752002778,-0.11986305922269822,0.11709861975163222,0.0277848619222641
mixed_groupcv_psnr_benefit_V1_mlp_506,synthetic_bsds,0.5,50,,0.99,0.5,0.5542119545857864,0.9955172413793103,0.495,-3.380201752002778,-0.11986305922269822,0.11709861975163222,0.0277848619222641
mixed_groupcv_psnr_benefit_V1_mlp_506,synthetic_bsds,0.6,50,,0.98,0.75,0.7902123690908738,0.9905825315553554,0.735,-3.457066664254546,-0.12304686923821767,0.11850479121009508,0.027572674353917442
mixed_groupcv_psnr_benefit_V1_mlp_506,synthetic_bsds,0.7,50,,0.98,0.75,0.7902123690908738,0.9905825315553554,0.735,-3.457066664254546,-0.12304686923821767,0.11850479121009508,0.027572674353917442
mixed_groupcv_psnr_benefit_V1_mlp_506,synthetic_bsds,0.8,50,,0.975,1.0,1.0,0.9778445735455081,0.975,-3.4353959139633448,-0.11837176129221916,0.12077853260561824,0.025153867602348327
mixed_groupcv_psnr_benefit_V1_mlp_506,synthetic_bsds,0.9,50,,0.975,1.0,1.0,0.9778445735455081,0.975,-3.4353959139633448,-0.11837176129221916,0.12077853260561824,0.025153867602348327
mixed_groupcv_psnr_benefit_V1_mlp_506,synthetic_bsds,1.0,50,,0.975,1.0,1.0,0.9778445735455081,0.975,-3.4353959139633448,-0.11837176129221916,0.12077853260561824,0.025153867602348327
mixed_groupcv_psnr_benefit_V1_mlp_507,all,0.1,55,,0.9627272727272728,0.23674242424242425,0.2493185910241985,0.9627272727272728,0.2275568181818182,-3.223295237927714,-0.10744142597371881,0.11088150883940134,0.028508854074911636
mixed_groupcv_psnr_benefit_V1_mlp_507,real_csig,0.1,5,,0.99,0.10416666666666667,0.10416666666666667,0.99,0.103125,-2.935308998553746,-0.08783003509044648,-0.007531244084239009,0.020258225798606873
mixed_groupcv_psnr_benefit_V1_mlp_507,all,0.2,55,,0.9631701631701632,0.24573863636363635,0.2583148031454106,0.9631701631701632,0.2365530303030303,-3.242276177536114,-0.10752066943473193,0.10864261669260916,0.0276829072367617
mixed_groupcv_psnr_benefit_V1_mlp_507,real_csig,0.2,5,,0.9948717948717949,0.203125,0.203125,0.9948717948717949,0.2020833333333333,-3.1440993342461474,-0.08870171316159077,-0.032159057698952845,0.011172810578957582
mixed_groupcv_psnr_benefit_V1_mlp_507,all,0.3,55,,0.9714733542319749,0.4820075757575757,0.5485647282960366,0.9708874536460743,0.46799242424242427,-3.237012693819269,-0.09949681242711865,0.10689835035793926,0.028210660413514856
mixed_groupcv_psnr_benefit_V1_mlp_507,real_csig,0.3,5,,0.9862068965517242,0.3020833333333333,0.3020833333333333,0.9862068965517242,0.29791666666666666,-3.5533585941830568,-0.09305997773491104,-0.05171826905089205,0.001273803464297594
mixed_groupcv_psnr_benefit_V1_mlp_507,all,0.4,55,,0.9717827626918536,0.4910037878787879,0.5575609404172489,0.971196862105953,0.47698863636363636,-3.2579768728890213,-0.09984929694968947,0.1060038928402128,0.027672787251692033
mixed_groupcv_psnr_benefit_V1_mlp_507,real_csig,0.4,5,,0.9896103896103895,0.4010416666666667,0.4010416666666667,0.9896103896103895,0.39687500000000003,-3.783964563950326,-0.09693730748319006,-0.06155730174588307,-0.004642801315753492
mixed_groupcv_psnr_benefit_V1_mlp_507,all,0.5,55,,0.9719696969696969,0.5,0.566557152538461,0.9713837963837963,0.48598484848484846,-3.2739842128638155,-0.0996414552273398,0.10546664537052328,0.027114519476890565
mixed_groupcv_psnr_benefit_V1_mlp_507,real_csig,0.5,5,,0.9916666666666666,0.5,0.5,0.9916666666666666,0.4958333333333333,-3.9600453036730654,-0.09465104853734374,-0.06746702391246799,-0.01078374683856964
mixed_groupcv_psnr_benefit_V1_mlp_507,all,0.6,55,,0.9749738766980147,0.7367424242424242,0.7424035392493338,0.9776299314218126,0.7180871212121211,-3.485084823590534,-0.11321638391558528,0.10031925798503268,0.02099958789635103
mixed_groupcv_psnr_benefit_V1_mlp_507,real_csig,0.6,5,,0.9913793103448276,0.6041666666666666,0.6041666666666666,0.9913793103448276,0.5989583333333333,-4.165694890050278,-0.09619174527710882,-0.0750037573623182,-0.015881325253124898
mixed_groupcv_psnr_benefit_V1_mlp_507,all,0.7,55,,0.9749494949494948,0.7457386363636364,0.7513997513705459,0.9776055496732928,0.7269886363636363,-3.4979355261779124,-0.11322531159478004,0.0996632496291389,0.02063233125892151
mixed_groupcv_psnr_benefit_V1_mlp_507,real_csig,0.7,5,,0.9911111111111112,0.703125,0.703125,0.9911111111111112,0.696875,-4.307052618511436,-0.09628994974825118,-0.08221984927714975,-0.019921148264849625
mixed_groupcv_psnr_benefit_V1_mlp_507,all,0.8,55,,0.9764462809917355,0.9820075757575758,0.9820075757575758,0.9790322569421974,0.9586174242424241,-3.5187822676280787,-0.11628773105995995,0.10188201964753674,0.020805508179816613
mixed_groupcv_psnr_benefit_V1_mlp_507,real_csig,0.8,5,,0.9909090909090909,0.8020833333333334,0.8020833333333334,0.9909090909090909,0.7947916666666667,-4.352645804275412,-0.0954474287373679,-0.0870831099332782,-0.022678086045500517
mixed_groupcv_psnr_benefit_V1_mlp_507,all,0.9,55,,0.9765370467682606,0.9910037878787878,0.9910037878787878,0.9791230227187225,0.9676136363636364,-3.5198217708708364,-0.11618975435613146,0.10132905251654359,0.020528263548957756
mixed_groupcv_psnr_benefit_V1_mlp_507,real_csig,0.9,5,,0.9919075144508671,0.9010416666666666,0.9010416666666666,0.9919075144508671,0.89375,-4.364080339945754,-0.09436968499525435,-0.09316574837420284,-0.025727776984947957
mixed_groupcv_psnr_benefit_V1_mlp_507,all,1.0,55,,0.9765151515151516,1.0,1.0,0.9791011274656135,0.9765151515151516,-3.5155357379310312,-0.11601127153685824,0.10091361861233246,0.02022715721166495
mixed_groupcv_psnr_benefit_V1_mlp_507,real_csig,1.0,5,,0.9916666666666668,1.0,1.0,0.9916666666666668,0.9916666666666668,-4.3169339776078965,-0.09240637398324907,-0.09773552132052524,-0.029039946695168812
mixed_groupcv_psnr_benefit_V1_mlp_507,synthetic_bsds,0.1,50,,0.96,0.25,0.2638337834599517,0.96,0.24,-3.252093861865111,-0.10940256506204606,0.12272278413176536,0.029333916902542116
mixed_groupcv_psnr_benefit_V1_mlp_507,synthetic_bsds,0.2,50,,0.96,0.25,0.2638337834599517,0.96,0.24,-3.252093861865111,-0.10940256506204606,0.12272278413176536,0.029333916902542116
mixed_groupcv_psnr_benefit_V1_mlp_507,synthetic_bsds,0.3,50,,0.97,0.5,0.5732128677923071,0.9693555093555094,0.485,-3.20537810378289,-0.10014049589633942,0.1227600122988224,0.030904346108436585
mixed_groupcv_psnr_benefit_V1_mlp_507,synthetic_bsds,0.4,50,,0.97,0.5,0.5732128677923071,0.9693555093555094,0.485,-3.20537810378289,-0.10014049589633942,0.1227600122988224,0.030904346108436585
mixed_groupcv_psnr_benefit_V1_mlp_507,synthetic_bsds,0.5,50,,0.97,0.5,0.5732128677923071,0.9693555093555094,0.485,-3.20537810378289,-0.10014049589633942,0.1227600122988224,0.030904346108436585
mixed_groupcv_psnr_benefit_V1_mlp_507,synthetic_bsds,0.6,50,,0.9733333333333334,0.75,0.7562272265076004,0.9762549935295111,0.73,-3.4170238169445595,-0.11491884777943293,0.11785155951976777,0.02468767921129862
mixed_groupcv_psnr_benefit_V1_mlp_507,synthetic_bsds,0.7,50,,0.9733333333333334,0.75,0.7562272265076004,0.9762549935295111,0.73,-3.4170238169445595,-0.11491884777943293,0.11785155951976777,0.02468767921129862
mixed_groupcv_psnr_benefit_V1_mlp_507,synthetic_bsds,0.8,50,,0.975,1.0,1.0,0.9778445735455081,0.975,-3.4353959139633448,-0.11837176129221916,0.12077853260561824,0.025153867602348327
mixed_groupcv_psnr_benefit_V1_mlp_507,synthetic_bsds,0.9,50,,0.975,1.0,1.0,0.9778445735455081,0.975,-3.4353959139633448,-0.11837176129221916,0.12077853260561824,0.025153867602348327
mixed_groupcv_psnr_benefit_V1_mlp_507,synthetic_bsds,1.0,50,,0.975,1.0,1.0,0.9778445735455081,0.975,-3.4353959139633448,-0.11837176129221916,0.12077853260561824,0.025153867602348327
mixed_groupcv_psnr_benefit_V2_logistic_505,all,0.1,55,,0.9818181818181818,0.23674242424242425,0.22978798270854345,0.9818181818181818,0.2321969696969697,-3.769155949315669,-0.12114519114521417,0.08592616389590231,0.023334927450526843
mixed_groupcv_psnr_benefit_V2_logistic_505,real_csig,0.1,5,,1.0,0.10416666666666667,0.10416666666666667,1.0,0.10416666666666667,-3.333794665011721,-0.07538962252438068,-0.09538103019818664,-0.01839203238487244
mixed_groupcv_psnr_benefit_V2_logistic_505,all,0.2,55,,0.9808857808857809,0.24573863636363635,0.23878419482975555,0.9808857808857809,0.24100378787878785,-3.8021056982861916,-0.12153574883034735,0.08624904013102079,0.023107604241315582
mixed_groupcv_psnr_benefit_V2_logistic_505,real_csig,0.2,5,,0.9897435897435898,0.203125,0.203125,0.9897435897435898,0.20104166666666665,-3.696241903687466,-0.07968575706084569,-0.09182939161188328,-0.020892587686196354
mixed_groupcv_psnr_benefit_V2_logistic_505,all,0.3,55,,0.9717868338557994,0.4820075757575757,0.4679975393176327,0.966771159874608,0.46808712121212126,-3.5551169569433996,-0.11038177554323383,0.09819643297962563,0.02184463662787291
mixed_groupcv_psnr_benefit_V2_logistic_505,real_csig,0.3,5,,0.9896551724137931,0.3020833333333333,0.3020833333333333,0.9896551724137931,0.2989583333333333,-4.0072500001807345,-0.0828319116399206,-0.09438994560743971,-0.025698902689177416
mixed_groupcv_psnr_benefit_V2_logistic_505,all,0.4,55,,0.9715466351829987,0.4910037878787879,0.4769937514388449,0.9665309612018076,0.4768939393939394,-3.5669753867966345,-0.11078579068852427,0.09810509127922083,0.021718382124636223
mixed_groupcv_psnr_benefit_V2_logistic_505,real_csig,0.4,5,,0.9870129870129869,0.4010416666666667,0.4010416666666667,0.9870129870129869,0.39583333333333337,-4.137692728566317,-0.08727607823811569,-0.09539470431189256,-0.02708770222478099
mixed_groupcv_psnr_benefit_V2_logistic_505,all,0.5,55,,0.9715909090909091,0.5,0.48598996356005697,0.9665752351097179,0.48579545454545453,-3.582410000885321,-0.1111300969863254,0.0974758243402572,0.021451810295834685
mixed_groupcv_psnr_benefit_V2_logistic_505,real_csig,0.5,5,,0.9875,0.5,0.5,0.9875,0.49375,-4.307473483541862,-0.091063447513928,-0.10231664064049255,-0.030019992341597867
mixed_groupcv_psnr_benefit_V2_logistic_505,all,0.6,55,,0.9746603970741902,0.7367424242424242,0.7221464872165807,0.9816089297021241,0.7178977272727273,-3.538468923707998,-0.10881302918043755,0.10321525886621763,0.021283352842151555
mixed_groupcv_psnr_benefit_V2_logistic_505,real_csig,0.6,5,,0.9879310344827588,0.6041666666666666,0.6041666666666666,0.9879310344827588,0.5968749999999999,-4.385897197844299,-0.09181586817420763,-0.10446167235937098,-0.031661588775700536
mixed_groupcv_psnr_benefit_V2_logistic_505,all,0.7,55,,0.9748148148148148,0.7457386363636364,0.7311426993377927,0.9817633474427487,0.7268939393939394,-3.537387858355859,-0.10876682005546712,0.10337460155978245,0.021308152354526193
mixed_groupcv_psnr_benefit_V2_logistic_505,real_csig,0.7,5,,0.9896296296296295,0.703125,0.703125,0.9896296296296295,0.6958333333333334,-4.374005478970771,-0.09130756779953283,-0.10270890273015809,-0.03138879413957949
mixed_groupcv_psnr_benefit_V2_logistic_505,all,0.8,55,,0.9764462809917355,0.9820075757575758,0.9820075757575758,0.9790322569421974,0.9586174242424241,-3.517762459484026,-0.11593230804241533,0.10070485481904398,0.020108703521235352
mixed_groupcv_psnr_benefit_V2_logistic_505,real_csig,0.8,5,,0.9909090909090909,0.8020833333333334,0.8020833333333334,0.9909090909090909,0.7947916666666667,-4.3414279146908425,-0.09153777554437711,-0.10003192304669842,-0.030342937289894394
mixed_groupcv_psnr_benefit_V2_logistic_505,all,0.9,55,,0.9764319495533368,0.9910037878787878,0.9910037878787878,0.9790179255037987,0.9675189393939394,-3.5167562893128785,-0.11599157020112934,0.10086337491572372,0.020202553457043637
mixed_groupcv_psnr_benefit_V2_logistic_505,real_csig,0.9,5,,0.9907514450867051,0.9010416666666666,0.9010416666666666,0.9907514450867051,0.8927083333333332,-4.330360042808215,-0.09218965929023104,-0.09828820198322134,-0.02931058799600326
mixed_groupcv_psnr_benefit_V2_logistic_505,all,1.0,55,,0.9765151515151516,1.0,1.0,0.9791011274656135,0.9765151515151516,-3.5155357379310312,-0.11601127153685824,0.10091361861233246,0.02022715721166495
mixed_groupcv_psnr_benefit_V2_logistic_505,real_csig,1.0,5,,0.9916666666666668,1.0,1.0,0.9916666666666668,0.9916666666666668,-4.3169339776078965,-0.09240637398324907,-0.09773552132052524,-0.029039946695168812
mixed_groupcv_psnr_benefit_V2_logistic_505,synthetic_bsds,0.1,50,,0.98,0.25,0.24235011431273115,0.98,0.245,-3.8126920777460636,-0.12572074800729752,0.10405688330531121,0.027507623434066774
mixed_groupcv_psnr_benefit_V2_logistic_505,synthetic_bsds,0.2,50,,0.98,0.25,0.24235011431273115,0.98,0.245,-3.8126920777460636,-0.12572074800729752,0.10405688330531121,0.027507623434066774
mixed_groupcv_psnr_benefit_V2_logistic_505,synthetic_bsds,0.3,50,,0.97,0.5,0.48458895991606277,0.9644827586206897,0.485,-3.5099036526196676,-0.11313676193356514,0.11745507083833218,0.026598990559577942
mixed_groupcv_psnr_benefit_V2_logistic_505,synthetic_bsds,0.4,50,,0.97,0.5,0.48458895991606277,0.9644827586206897,0.485,-3.5099036526196676,-0.11313676193356514,0.11745507083833218,0.026598990559577942
mixed_groupcv_psnr_benefit_V2_logistic_505,synthetic_bsds,0.5,50,,0.97,0.5,0.48458895991606277,0.9644827586206897,0.485,-3.5099036526196676,-0.11313676193356514,0.11745507083833218,0.026598990559577942
mixed_groupcv_psnr_benefit_V2_logistic_505,synthetic_bsds,0.6,50,,0.9733333333333334,0.75,0.7339444692715721,0.9809767192240608,0.73,-3.453726096294367,-0.11051274528106055,0.12398295198877651,0.026577847003936762
mixed_groupcv_psnr_benefit_V2_logistic_505,synthetic_bsds,0.7,50,,0.9733333333333334,0.75,0.7339444692715721,0.9809767192240608,0.73,-3.453726096294367,-0.11051274528106055,0.12398295198877651,0.026577847003936762
mixed_groupcv_psnr_benefit_V2_logistic_505,synthetic_bsds,0.8,50,,0.975,1.0,1.0,0.9778445735455081,0.975,-3.4353959139633448,-0.11837176129221916,0.12077853260561824,0.025153867602348327
mixed_groupcv_psnr_benefit_V2_logistic_505,synthetic_bsds,0.9,50,,0.975,1.0,1.0,0.9778445735455081,0.975,-3.4353959139633448,-0.11837176129221916,0.12077853260561824,0.025153867602348327
mixed_groupcv_psnr_benefit_V2_logistic_505,synthetic_bsds,1.0,50,,0.975,1.0,1.0,0.9778445735455081,0.975,-3.4353959139633448,-0.11837176129221916,0.12077853260561824,0.025153867602348327
mixed_groupcv_psnr_benefit_V2_mlp_505,all,0.1,55,,1.0,0.23674242424242425,0.22783239009874523,1.0,0.23674242424242425,-3.692010044224515,-0.13703026218847797,0.10066037166101688,0.018792379661039877
mixed_groupcv_psnr_benefit_V2_mlp_505,real_csig,0.1,5,,1.0,0.10416666666666667,0.10416666666666667,1.0,0.10416666666666667,-3.978202854634435,-0.10032513618469238,-0.0962326539773494,-0.0236660635471344
mixed_groupcv_psnr_benefit_V2_mlp_505,all,0.2,55,,1.0,0.24573863636363635,0.23682860221995738,1.0,0.24573863636363635,-3.672296668846407,-0.13670047622321646,0.10102947322187167,0.018931689406886245
mixed_groupcv_psnr_benefit_V2_mlp_505,real_csig,0.2,5,,1.0,0.203125,0.203125,1.0,0.203125,-3.7613557254752457,-0.09669749056681609,-0.09217253680794668,-0.0221336563428243
mixed_groupcv_psnr_benefit_V2_mlp_505,all,0.3,55,,0.9905956112852664,0.4820075757575757,0.42675805134917283,0.9960048437973026,0.47736742424242423,-3.7311736591962217,-0.1394502990858682,0.09884841404811459,0.01698682982719804
mixed_groupcv_psnr_benefit_V2_mlp_505,real_csig,0.3,5,,0.9965517241379309,0.3020833333333333,0.3020833333333333,0.9965517241379309,0.30104166666666665,-3.9246376436547576,-0.09519754822911888,-0.09420149997358436,-0.02325647802188479
mixed_groupcv_psnr_benefit_V2_mlp_505,all,0.4,55,,0.9899645808736718,0.4910037878787879,0.43575426347038493,0.9953738133857081,0.48607954545454546,-3.7332933741655294,-0.13941840737037703,0.09904369167035715,0.01705359984739049
mixed_groupcv_psnr_benefit_V2_mlp_505,real_csig,0.4,5,,0.9896103896103895,0.4010416666666667,0.4010416666666667,0.9896103896103895,0.39687500000000003,-3.9479545083171423,-0.0948467393587162,-0.09205344612891604,-0.022522007799767832
mixed_groupcv_psnr_benefit_V2_mlp_505,all,0.5,55,,0.9897727272727272,0.5,0.44475047559159714,0.9951819597847635,0.4948863636363636,-3.7404867986437433,-0.1393739202144471,0.09889912756563828,0.01685848930342631
mixed_groupcv_psnr_benefit_V2_mlp_505,real_csig,0.5,5,,0.9875,0.5,0.5,0.9875,0.49375,-4.027082177577498,-0.09435738064348698,-0.09364365128082378,-0.024668223783373827
mixed_groupcv_psnr_benefit_V2_mlp_505,all,0.6,55,,0.9808777429467085,0.7367424242424242,0.7087763430053149,0.9808777429467085,0.7225378787878788,-3.558447489896108,-0.12093353910622738,0.09867121571611201,0.0182866927722903
mixed_groupcv_psnr_benefit_V2_mlp_505,real_csig,0.6,5,,0.9896551724137931,0.6041666666666666,0.6041666666666666,0.9896551724137931,0.5979166666666667,-4.117071117851443,-0.0931794988826431,-0.09701716788193403,-0.02809444624802162
mixed_groupcv_psnr_benefit_V2_mlp_505,all,0.7,55,,0.9808754208754209,0.7457386363636364,0.717772555126527,0.9808754208754209,0.7314393939393941,-3.5646648982478184,-0.12083573424153857,0.0985549577503694,0.018113819469105116
mixed_groupcv_psnr_benefit_V2_mlp_505,real_csig,0.7,5,,0.9896296296296295,0.703125,0.703125,0.9896296296296295,0.6958333333333334,-4.185462609720259,-0.0921036453710662,-0.09829600550510267,-0.029996052583058687
mixed_groupcv_psnr_benefit_V2_mlp_505,all,0.8,55,,0.9763282172373081,0.9820075757575758,0.9820075757575758,0.9789141931877701,0.9585227272727272,-3.5124081139495043,-0.11605568042524168,0.10075496436913696,0.020084940718647443
mixed_groupcv_psnr_benefit_V2_mlp_505,real_csig,0.8,5,,0.9896103896103895,0.8020833333333334,0.8020833333333334,0.9896103896103895,0.7937500000000001,-4.282530113811101,-0.09289487175546685,-0.09948071799567575,-0.030604328118361435
mixed_groupcv_psnr_benefit_V2_mlp_505,all,0.9,55,,0.9764319495533368,0.9910037878787878,0.9910037878787878,0.9790179255037987,0.9675189393939394,-3.513509126111963,-0.11597700908004892,0.10090227211310214,0.020180184701462513
mixed_groupcv_psnr_benefit_V2_mlp_505,real_csig,0.9,5,,0.9907514450867051,0.9010416666666666,0.9010416666666666,0.9907514450867051,0.8927083333333332,-4.294641247598152,-0.09202948695834663,-0.09786033281205878,-0.029556644307395637
mixed_groupcv_psnr_benefit_V2_mlp_505,all,1.0,55,,0.9765151515151516,1.0,1.0,0.9791011274656135,0.9765151515151516,-3.5155357379310312,-0.11601127153685824,0.10091361861233246,0.02022715721166495
mixed_groupcv_psnr_benefit_V2_mlp_505,real_csig,1.0,5,,0.9916666666666668,1.0,1.0,0.9916666666666668,0.9916666666666668,-4.3169339776078965,-0.09240637398324907,-0.09773552132052524,-0.029039946695168812
mixed_groupcv_psnr_benefit_V2_mlp_505,synthetic_bsds,0.1,50,,1.0,0.25,0.24019896244195307,1.0,0.25,-3.6633907631835227,-0.1407007747888565,0.12034967422485351,0.0230382239818573
mixed_groupcv_psnr_benefit_V2_mlp_505,synthetic_bsds,0.2,50,,1.0,0.25,0.24019896244195307,1.0,0.25,-3.6633907631835227,-0.1407007747888565,0.12034967422485351,0.0230382239818573
mixed_groupcv_psnr_benefit_V2_mlp_505,synthetic_bsds,0.3,50,,0.99,0.5,0.43922552315075686,0.9959501557632399,0.495,-3.7118272607503684,-0.14387557417154312,0.11815340545028448,0.021011160612106325
mixed_groupcv_psnr_benefit_V2_mlp_505,synthetic_bsds,0.4,50,,0.99,0.5,0.43922552315075686,0.9959501557632399,0.495,-3.7118272607503684,-0.14387557417154312,0.11815340545028448,0.021011160612106325
mixed_groupcv_psnr_benefit_V2_mlp_505,synthetic_bsds,0.5,50,,0.99,0.5,0.43922552315075686,0.9959501557632399,0.495,-3.7118272607503684,-0.14387557417154312,0.11815340545028448,0.021011160612106325
mixed_groupcv_psnr_benefit_V2_mlp_505,synthetic_bsds,0.6,50,,0.98,0.75,0.7192373106391798,0.98,0.735,-3.502585127100575,-0.12370894312858584,0.11824005407591662,0.022924806674321493
mixed_groupcv_psnr_benefit_V2_mlp_505,synthetic_bsds,0.7,50,,0.98,0.75,0.7192373106391798,0.98,0.735,-3.502585127100575,-0.12370894312858584,0.11824005407591662,0.022924806674321493
mixed_groupcv_psnr_benefit_V2_mlp_505,synthetic_bsds,0.8,50,,0.975,1.0,1.0,0.9778445735455081,0.975,-3.4353959139633448,-0.11837176129221916,0.12077853260561824,0.025153867602348327
mixed_groupcv_psnr_benefit_V2_mlp_505,synthetic_bsds,0.9,50,,0.975,1.0,1.0,0.9778445735455081,0.975,-3.4353959139633448,-0.11837176129221916,0.12077853260561824,0.025153867602348327
mixed_groupcv_psnr_benefit_V2_mlp_505,synthetic_bsds,1.0,50,,0.975,1.0,1.0,0.9778445735455081,0.975,-3.4353959139633448,-0.11837176129221916,0.12077853260561824,0.025153867602348327
mixed_groupcv_psnr_benefit_V2_mlp_506,all,0.1,55,,0.9818181818181818,0.23674242424242425,0.22192380848922905,0.9818181818181818,0.2321969696969697,-3.614355619003757,-0.12846450759605926,0.11013008437331089,0.022388691251928158
mixed_groupcv_psnr_benefit_V2_mlp_506,real_csig,0.1,5,,1.0,0.10416666666666667,0.10416666666666667,1.0,0.10416666666666667,-3.4273507309014937,-0.0849892058968544,-0.09350730926264077,-0.01907037496566772
mixed_groupcv_psnr_benefit_V2_mlp_506,all,0.2,55,,0.9813519813519814,0.24573863636363635,0.23092002061044115,0.9813519813519814,0.24109848484848484,-3.6369552088095585,-0.12907206734994076,0.11003876454902417,0.022302281272994887
mixed_groupcv_psnr_benefit_V2_mlp_506,real_csig,0.2,5,,0.9948717948717949,0.203125,0.203125,0.9948717948717949,0.2020833333333333,-3.6759462187653043,-0.09167236318955055,-0.09451182732979456,-0.02002088473393367
mixed_groupcv_psnr_benefit_V2_mlp_506,all,0.3,55,,0.979937304075235,0.4820075757575757,0.41780862744647795,0.979937304075235,0.4723484848484848,-3.70554011308344,-0.1296118439645229,0.10322878060214291,0.016194632079534022
mixed_groupcv_psnr_benefit_V2_mlp_506,real_csig,0.3,5,,0.9793103448275863,0.3020833333333333,0.3020833333333333,0.9793103448275863,0.2958333333333333,-3.833965584929176,-0.09122129385841304,-0.09526969408295277,-0.023850074718738422
mixed_groupcv_psnr_benefit_V2_mlp_506,all,0.4,55,,0.9804014167650531,0.4910037878787879,0.42680483956769,0.9804014167650531,0.48134469696969695,-3.715946301579088,-0.1294953013940713,0.10341097373172306,0.01612409033065985
mixed_groupcv_psnr_benefit_V2_mlp_506,real_csig,0.4,5,,0.9844155844155843,0.4010416666666667,0.4010416666666667,0.9844155844155843,0.3947916666666667,-3.9484336583813047,-0.08993932558344557,-0.09326556965757113,-0.02462603395635431
mixed_groupcv_psnr_benefit_V2_mlp_506,all,0.5,55,,0.9806818181818182,0.5,0.4358010516889021,0.9806818181818182,0.4903409090909091,-3.721531009971333,-0.12945478327967452,0.10318842837075476,0.01592989181253043
mixed_groupcv_psnr_benefit_V2_mlp_506,real_csig,0.5,5,,0.9875,0.5,0.5,0.9875,0.49375,-4.009865450695999,-0.08949362632508079,-0.09571356862822238,-0.026762217655777937
mixed_groupcv_psnr_benefit_V2_mlp_506,all,0.6,55,,0.9808777429467085,0.7367424242424242,0.6974833167590176,0.9766948563100385,0.7225378787878788,-3.5676207748946425,-0.12230074763095616,0.09856747070778953,0.017262772426336163
mixed_groupcv_psnr_benefit_V2_mlp_506,real_csig,0.6,5,,0.9896551724137931,0.6041666666666666,0.6041666666666666,0.9896551724137931,0.5979166666666667,-4.1708834175574845,-0.09036578394729515,-0.09749219762161376,-0.028125889342406694
mixed_groupcv_psnr_benefit_V2_mlp_506,all,0.7,55,,0.9808754208754209,0.7457386363636364,0.7064795288802299,0.9766925342387509,0.7314393939393941,-3.572349009542703,-0.12229258787652056,0.0986437656794383,0.0170647844160446
mixed_groupcv_psnr_benefit_V2_mlp_506,real_csig,0.7,5,,0.9896296296296295,0.703125,0.703125,0.9896296296296295,0.6958333333333334,-4.222893998686151,-0.09027602664850377,-0.09665295293347703,-0.030303757455613874
mixed_groupcv_psnr_benefit_V2_mlp_506,all,0.8,55,,0.9764462809917355,0.9820075757575758,0.9820075757575758,0.9790322569421974,0.9586174242424241,-3.509806490986475,-0.11592471690094176,0.10095418559314755,0.02007379416451122
mixed_groupcv_psnr_benefit_V2_mlp_506,real_csig,0.8,5,,0.9909090909090909,0.8020833333333334,0.8020833333333334,0.9909090909090909,0.7947916666666667,-4.253912261217775,-0.09145427298816768,-0.09728928453155927,-0.030726940213859848
mixed_groupcv_psnr_benefit_V2_mlp_506,all,0.9,55,,0.9764319495533368,0.9910037878787878,0.9910037878787878,0.9790179255037987,0.9675189393939394,-3.513382100799833,-0.11593953403465633,0.10094063582933394,0.020139331471212146
mixed_groupcv_psnr_benefit_V2_mlp_506,real_csig,0.9,5,,0.9907514450867051,0.9010416666666666,0.9010416666666666,0.9907514450867051,0.8927083333333332,-4.293243969164715,-0.09161726145902811,-0.09743833193350906,-0.030006029840149627
mixed_groupcv_psnr_benefit_V2_mlp_506,all,1.0,55,,0.9765151515151516,1.0,1.0,0.9791011274656135,0.9765151515151516,-3.5155357379310312,-0.11601127153685824,0.10091361861233246,0.02022715721166495
mixed_groupcv_psnr_benefit_V2_mlp_506,real_csig,1.0,5,,0.9916666666666668,1.0,1.0,0.9916666666666668,0.9916666666666668,-4.3169339776078965,-0.09240637398324907,-0.09773552132052524,-0.029039946695168812
mixed_groupcv_psnr_benefit_V2_mlp_506,synthetic_bsds,0.1,50,,0.98,0.25,0.2336995226714853,0.98,0.245,-3.633056107813984,-0.13281203776597977,0.13049382373690604,0.026534597873687744
mixed_groupcv_psnr_benefit_V2_mlp_506,synthetic_bsds,0.2,50,,0.98,0.25,0.2336995226714853,0.98,0.245,-3.633056107813984,-0.13281203776597977,0.13049382373690604,0.026534597873687744
mixed_groupcv_psnr_benefit_V2_mlp_506,synthetic_bsds,0.3,50,,0.98,0.5,0.4293811568577923,0.98,0.49,-3.6926975658988668,-0.1334508989751339,0.12307862807065248,0.02019910275936127
mixed_groupcv_psnr_benefit_V2_mlp_506,synthetic_bsds,0.4,50,,0.98,0.5,0.4293811568577923,0.98,0.49,-3.6926975658988668,-0.1334508989751339,0.12307862807065248,0.02019910275936127
mixed_groupcv_psnr_benefit_V2_mlp_506,synthetic_bsds,0.5,50,,0.98,0.5,0.4293811568577923,0.98,0.49,-3.6926975658988668,-0.1334508989751339,0.12307862807065248,0.02019910275936127
mixed_groupcv_psnr_benefit_V2_mlp_506,synthetic_bsds,0.6,50,,0.98,0.75,0.7068149817682527,0.9753988246996631,0.735,-3.507294510628359,-0.12549424399932227,0.11817343754072984,0.02180163860321045
mixed_groupcv_psnr_benefit_V2_mlp_506,synthetic_bsds,0.7,50,,0.98,0.75,0.7068149817682527,0.9753988246996631,0.735,-3.507294510628359,-0.12549424399932227,0.11817343754072984,0.02180163860321045
mixed_groupcv_psnr_benefit_V2_mlp_506,synthetic_bsds,0.8,50,,0.975,1.0,1.0,0.9778445735455081,0.975,-3.4353959139633448,-0.11837176129221916,0.12077853260561824,0.025153867602348327
mixed_groupcv_psnr_benefit_V2_mlp_506,synthetic_bsds,0.9,50,,0.975,1.0,1.0,0.9778445735455081,0.975,-3.4353959139633448,-0.11837176129221916,0.12077853260561824,0.025153867602348327
mixed_groupcv_psnr_benefit_V2_mlp_506,synthetic_bsds,1.0,50,,0.975,1.0,1.0,0.9778445735455081,0.975,-3.4353959139633448,-0.11837176129221916,0.12077853260561824,0.025153867602348327
mixed_groupcv_psnr_benefit_V2_mlp_507,all,0.1,55,,1.0,0.23674242424242425,0.2073526593386406,1.0,0.23674242424242425,-3.6794767398840382,-0.12666561595418235,0.09712408132681793,0.015777344378558072
mixed_groupcv_psnr_benefit_V2_mlp_507,real_csig,0.1,5,,1.0,0.10416666666666667,0.10416666666666667,1.0,0.10416666666666667,-3.1205003263049362,-0.08498574107885361,-0.07545309046283363,-0.004534872770309445
mixed_groupcv_psnr_benefit_V2_mlp_507,all,0.2,55,,0.9995337995337996,0.24573863636363635,0.21634887145985277,0.9995337995337996,0.2456439393939394,-3.7025865698872664,-0.12698019862452864,0.09673727621804132,0.015432098834386792
mixed_groupcv_psnr_benefit_V2_mlp_507,real_csig,0.2,5,,0.9948717948717949,0.203125,0.203125,0.9948717948717949,0.20208333333333334,-3.3747084563404472,-0.08844615045266274,-0.07970794665937624,-0.008332573756193498
mixed_groupcv_psnr_benefit_V2_mlp_507,all,0.3,55,,0.9808777429467085,0.4820075757575757,0.420302958912772,0.9812713014775535,0.4726325757575757,-3.649829219362407,-0.13085521077007337,0.10236748929433291,0.018190129068577924
mixed_groupcv_psnr_benefit_V2_mlp_507,real_csig,0.3,5,,0.9896551724137931,0.3020833333333333,0.3020833333333333,0.9896551724137931,0.2989583333333333,-3.537364548904525,-0.08870017939600451,-0.07420720215405113,-0.010051001968054937
mixed_groupcv_psnr_benefit_V2_mlp_507,all,0.4,55,,0.9808736717827626,0.4910037878787879,0.4292991710339841,0.9812672303136077,0.4815340909090909,-3.6671035659613698,-0.13070683088571433,0.10213664895343598,0.017790273159144197
mixed_groupcv_psnr_benefit_V2_mlp_507,real_csig,0.4,5,,0.9896103896103895,0.4010416666666667,0.4010416666666667,0.9896103896103895,0.39687500000000003,-3.727382361493118,-0.08706800066805505,-0.07674644590391741,-0.014449416971825928
mixed_groupcv_psnr_benefit_V2_mlp_507,all,0.5,55,,0.9808712121212121,0.5,0.4382953831551962,0.9812647706520571,0.49043560606060604,-3.684691095270349,-0.1309141601478173,0.10136587417130641,0.017431700387687394
mixed_groupcv_psnr_benefit_V2_mlp_507,real_csig,0.5,5,,0.9895833333333333,0.5,0.5,0.9895833333333333,0.49479166666666663,-3.9208451838918856,-0.08934862255118788,-0.08522496850734265,-0.018393717457850775
mixed_groupcv_psnr_benefit_V2_mlp_507,all,0.6,55,,0.9748171368861024,0.7367424242424242,0.692659984832882,0.9745303541455363,0.7179924242424243,-3.5838617531067745,-0.12311869494834976,0.09873454327604568,0.018225992921751494
mixed_groupcv_psnr_benefit_V2_mlp_507,real_csig,0.6,5,,0.9896551724137931,0.6041666666666666,0.6041666666666666,0.9896551724137931,0.5979166666666667,-4.030103951551862,-0.09021883567088637,-0.09051072217588282,-0.021058951575180583
mixed_groupcv_psnr_benefit_V2_mlp_507,all,0.7,55,,0.9748148148148148,0.7457386363636364,0.7016561969540942,0.9745280320742488,0.7268939393939394,-3.5999140329525283,-0.1231924915564582,0.09825385295393993,0.017736443261104802
mixed_groupcv_psnr_benefit_V2_mlp_507,real_csig,0.7,5,,0.9896296296296295,0.703125,0.703125,0.9896296296296295,0.6958333333333334,-4.206679029855158,-0.0910305983600793,-0.09579831571904598,-0.026443997842294197
mixed_groupcv_psnr_benefit_V2_mlp_507,all,0.8,55,,0.9764462809917355,0.9820075757575758,0.9820075757575758,0.9790322569421974,0.9586174242424241,-3.506372291506583,-0.11586370683740276,0.10115751450586682,0.020439106050038704
mixed_groupcv_psnr_benefit_V2_mlp_507,real_csig,0.8,5,,0.9909090909090909,0.8020833333333334,0.8020833333333334,0.9909090909090909,0.7947916666666667,-4.216136066938969,-0.09078316228923859,-0.09505266649164741,-0.02670850947305754
mixed_groupcv_psnr_benefit_V2_mlp_507,all,0.9,55,,0.9765370467682606,0.9910037878787878,0.9910037878787878,0.9791230227187225,0.9676136363636364,-3.5110616787806577,-0.11595727445668316,0.10097183755614135,0.02028085459738234
mixed_groupcv_psnr_benefit_V2_mlp_507,real_csig,0.9,5,,0.9919075144508671,0.9010416666666666,0.9010416666666666,0.9919075144508671,0.89375,-4.26771932695379,-0.09181240610132328,-0.09709511293862767,-0.028449275452277573
mixed_groupcv_psnr_benefit_V2_mlp_507,all,1.0,55,,0.9765151515151516,1.0,1.0,0.9791011274656135,0.9765151515151516,-3.5155357379310312,-0.11601127153685824,0.10091361861233246,0.02022715721166495
mixed_groupcv_psnr_benefit_V2_mlp_507,real_csig,1.0,5,,0.9916666666666668,1.0,1.0,0.9916666666666668,0.9916666666666668,-4.3169339776078965,-0.09240637398324907,-0.09773552132052524,-0.029039946695168812
mixed_groupcv_psnr_benefit_V2_mlp_507,synthetic_bsds,0.1,50,,1.0,0.25,0.21767125860583802,1.0,0.25,-3.735374381241948,-0.13083360344171524,0.11438179850578307,0.017808566093444823
mixed_groupcv_psnr_benefit_V2_mlp_507,synthetic_bsds,0.2,50,,1.0,0.25,0.21767125860583802,1.0,0.25,-3.735374381241948,-0.13083360344171524,0.11438179850578307,0.017808566093444823
mixed_groupcv_psnr_benefit_V2_mlp_507,synthetic_bsds,0.3,50,,0.98,0.5,0.4321249214707158,0.9804329143839295,0.49,-3.661075686408196,-0.13507071390748024,0.12002495843917131,0.02101424217224121
mixed_groupcv_psnr_benefit_V2_mlp_507,synthetic_bsds,0.4,50,,0.98,0.5,0.4321249214707158,0.9804329143839295,0.49,-3.661075686408196,-0.13507071390748024,0.12002495843917131,0.02101424217224121
mixed_groupcv_psnr_benefit_V2_mlp_507,synthetic_bsds,0.5,50,,0.98,0.5,0.4321249214707158,0.9804329143839295,0.49,-3.661075686408196,-0.13507071390748024,0.12002495843917131,0.02101424217224121
mixed_groupcv_psnr_benefit_V2_mlp_507,synthetic_bsds,0.6,50,,0.9733333333333334,0.75,0.7015093166495037,0.9730178723187107,0.73,-3.539237533262265,-0.1264086808760961,0.11765906982123851,0.022154487371444702
mixed_groupcv_psnr_benefit_V2_mlp_507,synthetic_bsds,0.7,50,,0.9733333333333334,0.75,0.7015093166495037,0.9730178723187107,0.73,-3.539237533262265,-0.1264086808760961,0.11765906982123851,0.022154487371444702
mixed_groupcv_psnr_benefit_V2_mlp_507,synthetic_bsds,0.8,50,,0.975,1.0,1.0,0.9778445735455081,0.975,-3.4353959139633448,-0.11837176129221916,0.12077853260561824,0.025153867602348327
mixed_groupcv_psnr_benefit_V2_mlp_507,synthetic_bsds,0.9,50,,0.975,1.0,1.0,0.9778445735455081,0.975,-3.4353959139633448,-0.11837176129221916,0.12077853260561824,0.025153867602348327
mixed_groupcv_psnr_benefit_V2_mlp_507,synthetic_bsds,1.0,50,,0.975,1.0,1.0,0.9778445735455081,0.975,-3.4353959139633448,-0.11837176129221916,0.12077853260561824,0.025153867602348327
mixed_groupcv_psnr_benefit_V3_logistic_505,all,0.1,55,,0.9818181818181818,0.23674242424242425,0.2979622938735088,0.9818181818181818,0.2321969696969697,-3.4277163485544797,-0.10331130927259272,0.09496390700467269,0.030653738596222616
mixed_groupcv_psnr_benefit_V3_logistic_505,real_csig,0.1,5,,1.0,0.10416666666666667,0.10416666666666667,1.0,0.10416666666666667,-3.8059813904462274,-0.08411562502384186,-0.10011526464018969,-0.02868760049343109
mixed_groupcv_psnr_benefit_V3_logistic_505,all,0.2,55,,0.9818181818181818,0.24573863636363635,0.30695850599472085,0.9818181818181818,0.2411931818181818,-3.4228060277041097,-0.10334483487900599,0.09582462606144014,0.030981939794856073
mixed_groupcv_psnr_benefit_V3_logistic_505,real_csig,0.2,5,,1.0,0.203125,0.203125,1.0,0.203125,-3.7519678610921545,-0.0844844066943878,-0.0906473550157478,-0.025077387308463067
mixed_groupcv_psnr_benefit_V3_logistic_505,all,0.3,55,,0.9724137931034482,0.4820075757575757,0.5281861509081135,0.9778230256154845,0.46827651515151514,-3.5637466941010882,-0.1160699808205183,0.09429023626923189,0.0229090290196637
mixed_groupcv_psnr_benefit_V3_logistic_505,real_csig,0.3,5,,0.9965517241379309,0.3020833333333333,0.3020833333333333,0.9965517241379309,0.3010416666666666,-3.847408212011408,-0.08597629265538578,-0.09474894157771407,-0.024288558343361168
mixed_groupcv_psnr_benefit_V3_logistic_505,all,0.4,55,,0.9720188902007084,0.4910037878787879,0.5371823630293256,0.9774281227127447,0.47708333333333336,-3.561048097403556,-0.11603241438989514,0.09479538415654297,0.023203109371901405
mixed_groupcv_psnr_benefit_V3_logistic_505,real_csig,0.4,5,,0.9922077922077921,0.4010416666666667,0.4010416666666667,0.9922077922077921,0.3979166666666667,-3.8177236483385513,-0.08556306191853115,-0.08919231481729198,-0.021053674468746432
mixed_groupcv_psnr_benefit_V3_logistic_505,all,0.5,55,,0.971969696969697,0.5,0.5461785751505378,0.9773789294817332,0.4859848484848485,-3.560879073714521,-0.11610003135759722,0.09507301365815554,0.023306976969946516
mixed_groupcv_psnr_benefit_V3_logistic_505,real_csig,0.5,5,,0.9916666666666668,0.5,0.5,0.9916666666666668,0.4958333333333334,-3.8158643877591736,-0.0863068485632539,-0.08613839029955368,-0.019911130890250203
mixed_groupcv_psnr_benefit_V3_logistic_505,all,0.6,55,,0.9810344827586206,0.7367424242424242,0.7797688177361074,0.989694030871089,0.7226325757575757,-3.488582058950743,-0.1102290086600007,0.09889566105461504,0.022597067772781587
mixed_groupcv_psnr_benefit_V3_logistic_505,real_csig,0.6,5,,0.9913793103448276,0.6041666666666666,0.6041666666666666,0.9913793103448276,0.5989583333333333,-3.8970662067998076,-0.0880919167579248,-0.08566984265625219,-0.020615234559979927
mixed_groupcv_psnr_benefit_V3_logistic_505,all,0.7,55,,0.981144781144781,0.7457386363636364,0.7887650298573196,0.9898043292572493,0.7316287878787879,-3.5007725464130157,-0.11047796484195825,0.09855674288376715,0.022376907722717186
mixed_groupcv_psnr_benefit_V3_logistic_505,real_csig,0.7,5,,0.9925925925925926,0.703125,0.703125,0.9925925925925926,0.6979166666666667,-4.031161568884806,-0.09083043475945791,-0.0893979425355792,-0.023036995110688387
mixed_groupcv_psnr_benefit_V3_logistic_505,all,0.8,55,,0.9766824085005903,0.9820075757575758,0.9820075757575758,0.9792683844510524,0.9588068181818182,-3.4960320087196393,-0.11592027820127773,0.10131638657352243,0.020609793872731916
mixed_groupcv_psnr_benefit_V3_logistic_505,real_csig,0.8,5,,0.9935064935064934,0.8020833333333334,0.8020833333333334,0.9935064935064934,0.7968750000000001,-4.102392956282585,-0.09140544729186344,-0.09330507374743557,-0.02483094342343219
mixed_groupcv_psnr_benefit_V3_logistic_505,all,0.9,55,,0.9765370467682606,0.9910037878787878,0.9910037878787878,0.9791230227187225,0.9676136363636364,-3.507204423160474,-0.11595802833563518,0.10099510202244026,0.020331372211810105
mixed_groupcv_psnr_benefit_V3_logistic_505,real_csig,0.9,5,,0.9919075144508671,0.9010416666666666,0.9010416666666666,0.9919075144508671,0.89375,-4.225289515131766,-0.0918206987697954,-0.09683920380933955,-0.027893581693572124
mixed_groupcv_psnr_benefit_V3_logistic_505,all,1.0,55,,0.9765151515151516,1.0,1.0,0.9791011274656135,0.9765151515151516,-3.5155357379310312,-0.11601127153685824,0.10091361861233246,0.02022715721166495
mixed_groupcv_psnr_benefit_V3_logistic_505,real_csig,1.0,5,,0.9916666666666668,1.0,1.0,0.9916666666666668,0.9916666666666668,-4.3169339776078965,-0.09240637398324907,-0.09773552132052524,-0.029039946695168812
mixed_groupcv_psnr_benefit_V3_logistic_505,synthetic_bsds,0.1,50,,0.98,0.25,0.31734185659419306,0.98,0.245,-3.389889844365305,-0.1052308776974678,0.11447182416915894,0.03658787250518799
mixed_groupcv_psnr_benefit_V3_logistic_505,synthetic_bsds,0.2,50,,0.98,0.25,0.31734185659419306,0.98,0.245,-3.389889844365305,-0.1052308776974678,0.11447182416915894,0.03658787250518799
mixed_groupcv_psnr_benefit_V3_logistic_505,synthetic_bsds,0.3,50,,0.97,0.5,0.5507964326655916,0.9759501557632398,0.485,-3.535380542310057,-0.11907934963703155,0.11319415405392647,0.027628787755966187
mixed_groupcv_psnr_benefit_V3_logistic_505,synthetic_bsds,0.4,50,,0.97,0.5,0.5507964326655916,0.9759501557632398,0.485,-3.535380542310057,-0.11907934963703155,0.11319415405392647,0.027628787755966187
mixed_groupcv_psnr_benefit_V3_logistic_505,synthetic_bsds,0.5,50,,0.97,0.5,0.5507964326655916,0.9759501557632398,0.485,-3.535380542310057,-0.11907934963703155,0.11319415405392647,0.027628787755966187
mixed_groupcv_psnr_benefit_V3_logistic_505,synthetic_bsds,0.6,50,,0.98,0.75,0.7973290328430517,0.9895255029237151,0.735,-3.447733644165836,-0.1124427178502083,0.11735221142570178,0.026918298006057738
mixed_groupcv_psnr_benefit_V3_logistic_505,synthetic_bsds,0.7,50,,0.98,0.75,0.7973290328430517,0.9895255029237151,0.735,-3.447733644165836,-0.1124427178502083,0.11735221142570178,0.026918298006057738
mixed_groupcv_psnr_benefit_V3_logistic_505,synthetic_bsds,0.8,50,,0.975,1.0,1.0,0.9778445735455081,0.975,-3.4353959139633448,-0.11837176129221916,0.12077853260561824,0.025153867602348327
mixed_groupcv_psnr_benefit_V3_logistic_505,synthetic_bsds,0.9,50,,0.975,1.0,1.0,0.9778445735455081,0.975,-3.4353959139633448,-0.11837176129221916,0.12077853260561824,0.025153867602348327
mixed_groupcv_psnr_benefit_V3_logistic_505,synthetic_bsds,1.0,50,,0.975,1.0,1.0,0.9778445735455081,0.975,-3.4353959139633448,-0.11837176129221916,0.12077853260561824,0.025153867602348327
mixed_groupcv_psnr_benefit_V3_mlp_505,all,0.1,55,,0.9818181818181818,0.23674242424242425,0.18595300990160804,0.9818181818181818,0.2321969696969697,-3.287916274351908,-0.12276609587398442,0.10185290080495178,0.014948210336945272
mixed_groupcv_psnr_benefit_V3_mlp_505,real_csig,0.1,5,,1.0,0.10416666666666667,0.10416666666666667,1.0,0.10416666666666667,-3.7107813058266794,-0.08461984023451806,-0.12203309685923158,-0.028904718756675725
mixed_groupcv_psnr_benefit_V3_mlp_505,all,0.2,55,,0.9818181818181818,0.24573863636363635,0.19494922202282017,0.9818181818181818,0.2411931818181818,-3.288974981090153,-0.1231624169852628,0.1031779956530632,0.015405115742227693
mixed_groupcv_psnr_benefit_V3_mlp_505,real_csig,0.2,5,,1.0,0.203125,0.203125,1.0,0.203125,-3.7224270799473773,-0.0889793724585802,-0.10745705353000609,-0.023878759298569113
mixed_groupcv_psnr_benefit_V3_mlp_505,all,0.3,55,,0.9724137931034482,0.4820075757575757,0.439373607889963,0.9673981191222571,0.46827651515151514,-3.2745219832027597,-0.1169875615349384,0.10552768756016552,0.02022124719470272
mixed_groupcv_psnr_benefit_V3_mlp_505,real_csig,0.3,5,,0.9965517241379309,0.3020833333333333,0.3020833333333333,0.9965517241379309,0.30104166666666665,-3.756835673731716,-0.0911528859159042,-0.10371472262135098,-0.021817979113808998
mixed_groupcv_psnr_benefit_V3_mlp_505,all,0.4,55,,0.9722550177095632,0.4910037878787879,0.44836982001117515,0.967239343728372,0.4771780303030303,-3.286030455770468,-0.11710652164859783,0.1061424624229811,0.0202721025966275
mixed_groupcv_psnr_benefit_V3_mlp_505,real_csig,0.4,5,,0.9948051948051948,0.4010416666666667,0.4010416666666667,0.9948051948051948,0.39895833333333336,-3.8834288719765064,-0.092461447166158,-0.09695219913037953,-0.021258569692636464
mixed_groupcv_psnr_benefit_V3_mlp_505,all,0.5,55,,0.971969696969697,0.5,0.4573660321323873,0.9669540229885059,0.4859848484848485,-3.286550579333584,-0.11706665007284645,0.1061864341984884,0.020148780693610507
mixed_groupcv_psnr_benefit_V3_mlp_505,real_csig,0.5,5,,0.9916666666666668,0.5,0.5,0.9916666666666668,0.4958333333333334,-3.889150231170774,-0.09202285983289281,-0.09646850959979929,-0.02261511062582334
mixed_groupcv_psnr_benefit_V3_mlp_505,all,0.6,55,,0.9689132706374084,0.7367424242424242,0.6925880352282222,0.9670849951974748,0.7135416666666667,-3.483050742336198,-0.1249544554260582,0.09691946678838716,0.017904103182201724
mixed_groupcv_psnr_benefit_V3_mlp_505,real_csig,0.6,5,,0.9913793103448276,0.6041666666666666,0.6041666666666666,0.9913793103448276,0.5989583333333333,-3.850262399301142,-0.09136232399734957,-0.09226655703487581,-0.0216313479275539
mixed_groupcv_psnr_benefit_V3_mlp_505,all,0.7,55,,0.9688888888888888,0.7457386363636364,0.7015842473494343,0.9670606134489552,0.7224431818181818,-3.4914319588362073,-0.12498914334709797,0.09676837400166376,0.01766358151580348
mixed_groupcv_psnr_benefit_V3_mlp_505,real_csig,0.7,5,,0.9911111111111112,0.703125,0.703125,0.9911111111111112,0.696875,-3.9424557808012457,-0.09174389112878731,-0.09392857768883307,-0.024277086257934573
mixed_groupcv_psnr_benefit_V3_mlp_505,all,0.8,55,,0.9764462809917355,0.9820075757575758,0.9820075757575758,0.9790322569421974,0.9586174242424241,-3.4917628342776608,-0.11591827050643098,0.10129143436040197,0.020585732828768535
mixed_groupcv_psnr_benefit_V3_mlp_505,real_csig,0.8,5,,0.9909090909090909,0.8020833333333334,0.8020833333333334,0.9909090909090909,0.7947916666666667,-4.055432037420816,-0.09138336264854903,-0.0935795480917607,-0.02509561490702939
mixed_groupcv_psnr_benefit_V3_mlp_505,all,0.9,55,,0.9764319495533368,0.9910037878787878,0.9910037878787878,0.9790179255037987,0.9675189393939394,-3.504148129877984,-0.11593042143115982,0.10109229799491194,0.020411089612381497
mixed_groupcv_psnr_benefit_V3_mlp_505,real_csig,0.9,5,,0.9907514450867051,0.9010416666666666,0.9010416666666666,0.9907514450867051,0.8927083333333332,-4.191670289024383,-0.09151702282056642,-0.0957700481121509,-0.027016690287286826
mixed_groupcv_psnr_benefit_V3_mlp_505,all,1.0,55,,0.9765151515151516,1.0,1.0,0.9791011274656135,0.9765151515151516,-3.5155357379310312,-0.11601127153685824,0.10091361861233246,0.02022715721166495
mixed_groupcv_psnr_benefit_V3_mlp_505,real_csig,1.0,5,,0.9916666666666668,1.0,1.0,0.9916666666666668,0.9916666666666668,-4.3169339776078965,-0.09240637398324907,-0.09773552132052524,-0.029039946695168812
mixed_groupcv_psnr_benefit_V3_mlp_505,synthetic_bsds,0.1,50,,0.98,0.25,0.19413164422510218,0.98,0.245,-3.2456297712044306,-0.12658072143793106,0.12424150057137012,0.019333503246307372
mixed_groupcv_psnr_benefit_V3_mlp_505,synthetic_bsds,0.2,50,,0.98,0.25,0.19413164422510218,0.98,0.245,-3.2456297712044306,-0.12658072143793106,0.12424150057137012,0.019333503246307372
mixed_groupcv_psnr_benefit_V3_mlp_505,synthetic_bsds,0.3,50,,0.97,0.5,0.453102635345626,0.9644827586206897,0.485,-3.2262906141498657,-0.11957102909684181,0.12645192857831716,0.024425169825553893
mixed_groupcv_psnr_benefit_V3_mlp_505,synthetic_bsds,0.4,50,,0.97,0.5,0.453102635345626,0.9644827586206897,0.485,-3.2262906141498657,-0.11957102909684181,0.12645192857831716,0.024425169825553893
mixed_groupcv_psnr_benefit_V3_mlp_505,synthetic_bsds,0.5,50,,0.97,0.5,0.453102635345626,0.9644827586206897,0.485,-3.2262906141498657,-0.11957102909684181,0.12645192857831716,0.024425169825553893
mixed_groupcv_psnr_benefit_V3_mlp_505,synthetic_bsds,0.6,50,,0.9666666666666667,0.75,0.7014301720843776,0.9646555636827397,0.725,-3.4463295766397035,-0.12831366856892903,0.11583806917071343,0.02185764829317729
mixed_groupcv_psnr_benefit_V3_mlp_505,synthetic_bsds,0.7,50,,0.9666666666666667,0.75,0.7014301720843776,0.9646555636827397,0.725,-3.4463295766397035,-0.12831366856892903,0.11583806917071343,0.02185764829317729
mixed_groupcv_psnr_benefit_V3_mlp_505,synthetic_bsds,0.8,50,,0.975,1.0,1.0,0.9778445735455081,0.975,-3.4353959139633448,-0.11837176129221916,0.12077853260561824,0.025153867602348327
mixed_groupcv_psnr_benefit_V3_mlp_505,synthetic_bsds,0.9,50,,0.975,1.0,1.0,0.9778445735455081,0.975,-3.4353959139633448,-0.11837176129221916,0.12077853260561824,0.025153867602348327
mixed_groupcv_psnr_benefit_V3_mlp_505,synthetic_bsds,1.0,50,,0.975,1.0,1.0,0.9778445735455081,0.975,-3.4353959139633448,-0.11837176129221916,0.12077853260561824,0.025153867602348327
mixed_groupcv_psnr_benefit_V3_mlp_506,all,0.1,55,,0.9454545454545454,0.23674242424242425,0.16572516163637657,0.9454545454545454,0.2231060606060606,-3.3255711560983388,-0.12754712473262442,0.10533989506180991,0.013985491557554764
mixed_groupcv_psnr_benefit_V3_mlp_506,real_csig,0.1,5,,1.0,0.10416666666666667,0.10416666666666667,1.0,0.10416666666666667,-3.3412067171737307,-0.07938762784004212,-0.08126891022548079,-0.012518719434738163
mixed_groupcv_psnr_benefit_V3_mlp_506,all,0.2,55,,0.9454545454545454,0.24573863636363635,0.1747213737575887,0.9454545454545454,0.23210227272727274,-3.3291435694352325,-0.12803702291214103,0.10543968051146621,0.014019687081272507
mixed_groupcv_psnr_benefit_V3_mlp_506,real_csig,0.2,5,,1.0,0.203125,0.203125,1.0,0.203125,-3.380503263879551,-0.08477650781472525,-0.08017127027926155,-0.012142568673842991
mixed_groupcv_psnr_benefit_V3_mlp_506,all,0.3,55,,0.9633228840125391,0.4820075757575757,0.403726641401875,0.9633228840125393,0.46373106060606056,-3.2992282663073924,-0.11992403219766377,0.10715920635788091,0.017656711108258526
mixed_groupcv_psnr_benefit_V3_mlp_506,real_csig,0.3,5,,0.9965517241379309,0.3020833333333333,0.3020833333333333,0.9965517241379309,0.30104166666666665,-3.5629359195376873,-0.086592493026421,-0.08272389264391929,-0.015216933653272433
mixed_groupcv_psnr_benefit_V3_mlp_506,all,0.4,55,,0.9629279811097994,0.4910037878787879,0.4127228535230871,0.9629279811097993,0.47253787878787884,-3.3122762491274966,-0.11994899251666515,0.10698203236489186,0.017432893490706876
mixed_groupcv_psnr_benefit_V3_mlp_506,real_csig,0.4,5,,0.9922077922077921,0.4010416666666667,0.4010416666666667,0.9922077922077921,0.3979166666666667,-3.7064637305588377,-0.08686705653543596,-0.08467280656679883,-0.01767892744634059
mixed_groupcv_psnr_benefit_V3_mlp_506,all,0.5,55,,0.9628787878787878,0.5,0.4217190656442993,0.9628787878787878,0.4814393939393939,-3.3198790476769386,-0.12001155169793601,0.10698834566133111,0.017378916004390427
mixed_groupcv_psnr_benefit_V3_mlp_506,real_csig,0.5,5,,0.9916666666666666,0.5,0.5,0.9916666666666666,0.4958333333333333,-3.7900945146026976,-0.08755520752941569,-0.08460336030596713,-0.01827267979582151
mixed_groupcv_psnr_benefit_V3_mlp_506,all,0.6,55,,0.9749738766980147,0.7367424242424242,0.6840985706639913,0.9788699805941186,0.7180871212121211,-3.505788692838541,-0.1246616001164029,0.09677835868451602,0.017165752772004376
mixed_groupcv_psnr_benefit_V3_mlp_506,real_csig,0.6,5,,0.9913793103448276,0.6041666666666666,0.6041666666666666,0.9913793103448276,0.5989583333333333,-3.811567842284287,-0.08820271666707664,-0.08529255183349395,-0.019052456062415547
mixed_groupcv_psnr_benefit_V3_mlp_506,all,0.7,55,,0.9748148148148148,0.7457386363636364,0.6930947827852033,0.9787109187109188,0.7268939393939394,-3.5079685238792893,-0.12471578882499175,0.0966140187544253,0.016986180130480113
mixed_groupcv_psnr_benefit_V3_mlp_506,real_csig,0.7,5,,0.9896296296296295,0.703125,0.703125,0.9896296296296295,0.6958333333333334,-3.8355459837325143,-0.08879879246155421,-0.08710029106449199,-0.021027755119182444
mixed_groupcv_psnr_benefit_V3_mlp_506,all,0.8,55,,0.9764462809917355,0.9820075757575758,0.9820075757575758,0.9790322569421974,0.9586174242424241,-3.483461548579093,-0.11576149138361391,0.10158928540824454,0.020711276234251834
mixed_groupcv_psnr_benefit_V3_mlp_506,real_csig,0.8,5,,0.9909090909090909,0.8020833333333334,0.8020833333333334,0.9909090909090909,0.7947916666666667,-3.964117894736571,-0.08965879229756143,-0.09030318656549244,-0.023714637446713142
mixed_groupcv_psnr_benefit_V3_mlp_506,all,0.9,55,,0.9765370467682606,0.9910037878787878,0.9910037878787878,0.9791230227187225,0.9676136363636364,-3.5005503454110474,-0.11585100132402343,0.10120628217065876,0.02048017977102142
mixed_groupcv_psnr_benefit_V3_mlp_506,real_csig,0.9,5,,0.9919075144508671,0.9010416666666666,0.9010416666666666,0.9919075144508671,0.89375,-4.152094659888075,-0.09064340164206619,-0.09451622217893599,-0.02625669854224762
mixed_groupcv_psnr_benefit_V3_mlp_506,all,1.0,55,,0.9765151515151516,1.0,1.0,0.9791011274656135,0.9765151515151516,-3.5155357379310312,-0.11601127153685824,0.10091361861233246,0.02022715721166495
mixed_groupcv_psnr_benefit_V3_mlp_506,real_csig,1.0,5,,0.9916666666666668,1.0,1.0,0.9916666666666668,0.9916666666666668,-4.3169339776078965,-0.09240637398324907,-0.09773552132052524,-0.029039946695168812
mixed_groupcv_psnr_benefit_V3_mlp_506,synthetic_bsds,0.1,50,,0.94,0.25,0.1718810111333476,0.94,0.235,-3.3240075999908005,-0.13236307442188264,0.12400077559053897,0.016635912656784057
mixed_groupcv_psnr_benefit_V3_mlp_506,synthetic_bsds,0.2,50,,0.94,0.25,0.1718810111333476,0.94,0.235,-3.3240075999908005,-0.13236307442188264,0.12400077559053897,0.016635912656784057
mixed_groupcv_psnr_benefit_V3_mlp_506,synthetic_bsds,0.3,50,,0.96,0.5,0.41389097220872917,0.96,0.48,-3.2728575009843626,-0.12325718611478806,0.12614751625806092,0.020944075584411623
mixed_groupcv_psnr_benefit_V3_mlp_506,synthetic_bsds,0.4,50,,0.96,0.5,0.41389097220872917,0.96,0.48,-3.2728575009843626,-0.12325718611478806,0.12614751625806092,0.020944075584411623
mixed_groupcv_psnr_benefit_V3_mlp_506,synthetic_bsds,0.5,50,,0.96,0.5,0.41389097220872917,0.96,0.48,-3.2728575009843626,-0.12325718611478806,0.12614751625806092,0.020944075584411623
mixed_groupcv_psnr_benefit_V3_mlp_506,synthetic_bsds,0.6,50,,0.9733333333333334,0.75,0.6920917610637237,0.9776190476190476,0.73,-3.475210777893966,-0.1283074884613355,0.11498544973631701,0.020787573655446367
mixed_groupcv_psnr_benefit_V3_mlp_506,synthetic_bsds,0.7,50,,0.9733333333333334,0.75,0.6920917610637237,0.9776190476190476,0.73,-3.475210777893966,-0.1283074884613355,0.11498544973631701,0.020787573655446367
mixed_groupcv_psnr_benefit_V3_mlp_506,synthetic_bsds,0.8,50,,0.975,1.0,1.0,0.9778445735455081,0.975,-3.4353959139633448,-0.11837176129221916,0.12077853260561824,0.025153867602348327
mixed_groupcv_psnr_benefit_V3_mlp_506,synthetic_bsds,0.9,50,,0.975,1.0,1.0,0.9778445735455081,0.975,-3.4353959139633448,-0.11837176129221916,0.12077853260561824,0.025153867602348327
mixed_groupcv_psnr_benefit_V3_mlp_506,synthetic_bsds,1.0,50,,0.975,1.0,1.0,0.9778445735455081,0.975,-3.4353959139633448,-0.11837176129221916,0.12077853260561824,0.025153867602348327
mixed_groupcv_psnr_benefit_V3_mlp_507,all,0.1,55,,0.9454545454545454,0.23674242424242425,0.21912024680716272,0.9454545454545454,0.2231060606060606,-3.269372050362104,-0.12665202740918508,0.11095941415818576,0.021748611005869778
mixed_groupcv_psnr_benefit_V3_mlp_507,real_csig,0.1,5,,1.0,0.10416666666666667,0.10416666666666667,1.0,0.10416666666666667,-3.7638287302476123,-0.08386762306094168,-0.09758651365526019,-0.02473802626132965
mixed_groupcv_psnr_benefit_V3_mlp_507,all,0.2,55,,0.9454545454545454,0.24573863636363635,0.2281164589283748,0.9454545454545454,0.23210227272727274,-3.2796269697848195,-0.12701408843616227,0.11122690287129931,0.021797704724442986
mixed_groupcv_psnr_benefit_V3_mlp_507,real_csig,0.2,5,,1.0,0.203125,0.203125,1.0,0.203125,-3.876632843897485,-0.08785029435769105,-0.09464413781101122,-0.024197995357024365
mixed_groupcv_psnr_benefit_V3_mlp_507,all,0.3,55,,0.9636363636363636,0.4820075757575757,0.46038524759319155,0.9640299221672087,0.46382575757575756,-3.318905487591377,-0.1125024173560561,0.10587653881245437,0.02151244602233265
mixed_groupcv_psnr_benefit_V3_mlp_507,real_csig,0.3,5,,1.0,0.3020833333333333,0.3020833333333333,1.0,0.3020833333333333,-3.8037164384019038,-0.08749332109401967,-0.09348191941510245,-0.021766234060813638
mixed_groupcv_psnr_benefit_V3_mlp_507,all,0.4,55,,0.9629279811097994,0.4910037878787879,0.4693814597144036,0.9633215396406443,0.4725378787878788,-3.3219141129135825,-0.11249407784751624,0.10612844921782648,0.021593931989377053
mixed_groupcv_psnr_benefit_V3_mlp_507,real_csig,0.4,5,,0.9922077922077921,0.4010416666666667,0.4010416666666667,0.9922077922077921,0.3979166666666667,-3.836811316946162,-0.08740158650008115,-0.09071090495600909,-0.020869888423325177
mixed_groupcv_psnr_benefit_V3_mlp_507,all,0.5,55,,0.9628787878787878,0.5,0.47837767183561575,0.9632723464096329,0.4814393939393939,-3.3230690350745564,-0.11264673037398043,0.10622007402108108,0.021658478406342593
mixed_groupcv_psnr_benefit_V3_mlp_507,real_csig,0.5,5,,0.9916666666666666,0.5,0.5,0.9916666666666666,0.4958333333333333,-3.849515460716875,-0.08908076429118714,-0.08970303212020855,-0.020159877836704258
mixed_groupcv_psnr_benefit_V3_mlp_507,all,0.6,55,,0.9749738766980147,0.7367424242424242,0.7090136236164275,0.9788699805941186,0.7180871212121211,-3.4445666706822853,-0.12153770927818593,0.10009052967127167,0.019179844442081553
mixed_groupcv_psnr_benefit_V3_mlp_507,real_csig,0.6,5,,0.9913793103448276,0.6041666666666666,0.6041666666666666,0.9913793103448276,0.5989583333333333,-3.8178235372890597,-0.08952380763045673,-0.08935866315110488,-0.020789596027341383
mixed_groupcv_psnr_benefit_V3_mlp_507,all,0.7,55,,0.9749494949494949,0.7457386363636364,0.7180098357376394,0.9788455988455989,0.7269886363636363,-3.450559589774814,-0.12154437181022434,0.09988395639917867,0.01897414918700453
mixed_groupcv_psnr_benefit_V3_mlp_507,real_csig,0.7,5,,0.9911111111111112,0.703125,0.703125,0.9911111111111112,0.696875,-3.8837456473068754,-0.08959709548287922,-0.091630969144128,-0.023052243833188664
mixed_groupcv_psnr_benefit_V3_mlp_507,all,0.8,55,,0.9764462809917355,0.9820075757575758,0.9820075757575758,0.9790322569421974,0.9586174242424241,-3.48816205307771,-0.11580002072235347,0.10129595053279959,0.020608140487738458
mixed_groupcv_psnr_benefit_V3_mlp_507,real_csig,0.8,5,,0.9909090909090909,0.8020833333333334,0.8020833333333334,0.9909090909090909,0.7947916666666667,-4.015823444221363,-0.09008261502369656,-0.09352987019538686,-0.024849130658360273
mixed_groupcv_psnr_benefit_V3_mlp_507,all,0.9,55,,0.9765370467682606,0.9910037878787878,0.9910037878787878,0.9791230227187225,0.9676136363636364,-3.501325206474601,-0.11586864226768347,0.10100657494686822,0.02039414514257478
mixed_groupcv_psnr_benefit_V3_mlp_507,real_csig,0.9,5,,0.9919075144508671,0.9010416666666666,0.9010416666666666,0.9919075144508671,0.89375,-4.1606181315871655,-0.09083745202232647,-0.09671300164063198,-0.027203079455160678
mixed_groupcv_psnr_benefit_V3_mlp_507,all,1.0,55,,0.9765151515151516,1.0,1.0,0.9791011274656135,0.9765151515151516,-3.5155357379310312,-0.11601127153685824,0.10091361861233246,0.02022715721166495
mixed_groupcv_psnr_benefit_V3_mlp_507,real_csig,1.0,5,,0.9916666666666668,1.0,1.0,0.9916666666666668,0.9916666666666668,-4.3169339776078965,-0.09240637398324907,-0.09773552132052524,-0.029039946695168812
mixed_groupcv_psnr_benefit_V3_mlp_507,synthetic_bsds,0.1,50,,0.94,0.25,0.2306156048212123,0.94,0.235,-3.2199263823735524,-0.1309304678440094,0.13181400693953038,0.026397274732589723
mixed_groupcv_psnr_benefit_V3_mlp_507,synthetic_bsds,0.2,50,,0.94,0.25,0.2306156048212123,0.94,0.235,-3.2199263823735524,-0.1309304678440094,0.13181400693953038,0.026397274732589723
mixed_groupcv_psnr_benefit_V3_mlp_507,synthetic_bsds,0.3,50,,0.96,0.5,0.47621543901917734,0.9604329143839295,0.48,-3.270424392510324,-0.11500332698225975,0.12581238463521005,0.02584031403064728
mixed_groupcv_psnr_benefit_V3_mlp_507,synthetic_bsds,0.4,50,,0.96,0.5,0.47621543901917734,0.9604329143839295,0.48,-3.270424392510324,-0.11500332698225975,0.12581238463521005,0.02584031403064728
mixed_groupcv_psnr_benefit_V3_mlp_507,synthetic_bsds,0.5,50,,0.96,0.5,0.47621543901917734,0.9604329143839295,0.48,-3.270424392510324,-0.11500332698225975,0.12581238463521005,0.02584031403064728
mixed_groupcv_psnr_benefit_V3_mlp_507,synthetic_bsds,0.6,50,,0.9733333333333334,0.75,0.7194983193114035,0.9776190476190476,0.73,-3.407240984021607,-0.12473909944295886,0.11903544895350933,0.023176788489023843
mixed_groupcv_psnr_benefit_V3_mlp_507,synthetic_bsds,0.7,50,,0.9733333333333334,0.75,0.7194983193114035,0.9776190476190476,0.73,-3.407240984021607,-0.12473909944295886,0.11903544895350933,0.023176788489023843
mixed_groupcv_psnr_benefit_V3_mlp_507,synthetic_bsds,0.8,50,,0.975,1.0,1.0,0.9778445735455081,0.975,-3.4353959139633448,-0.11837176129221916,0.12077853260561824,0.025153867602348327
mixed_groupcv_psnr_benefit_V3_mlp_507,synthetic_bsds,0.9,50,,0.975,1.0,1.0,0.9778445735455081,0.975,-3.4353959139633448,-0.11837176129221916,0.12077853260561824,0.025153867602348327
mixed_groupcv_psnr_benefit_V3_mlp_507,synthetic_bsds,1.0,50,,0.975,1.0,1.0,0.9778445735455081,0.975,-3.4353959139633448,-0.11837176129221916,0.12077853260561824,0.025153867602348327
mixed_groupcv_psnr_benefit_V4_logistic_505,all,0.1,55,,0.9981818181818182,0.23674242424242425,0.2773240620203237,0.9981818181818182,0.23655303030303032,-3.216807764619864,-0.10256602191112257,0.0921939610816877,0.024112141511657022
mixed_groupcv_psnr_benefit_V4_logistic_505,real_csig,0.1,5,,0.9800000000000001,0.10416666666666667,0.10416666666666667,0.9800000000000001,0.10208333333333335,-3.124438613220536,-0.09254601255059243,-0.0588451884035021,-0.009653504490852357
mixed_groupcv_psnr_benefit_V4_logistic_505,all,0.2,55,,0.9986013986013985,0.24573863636363635,0.2863202741415359,0.9986013986013985,0.24545454545454545,-3.2245864428509283,-0.10253325884853488,0.09137876501484905,0.023981305019005195
mixed_groupcv_psnr_benefit_V4_logistic_505,real_csig,0.2,5,,0.9846153846153847,0.203125,0.203125,0.9846153846153847,0.2,-3.210004073762242,-0.09218561886212764,-0.0678123451387271,-0.011092705910022444
mixed_groupcv_psnr_benefit_V4_logistic_505,all,0.3,55,,0.9893416927899686,0.4820075757575757,0.5415339212652297,0.9947509253020049,0.47698863636363636,-3.360907890204414,-0.11983861304983075,0.08746635181315501,0.02279426457366226
mixed_groupcv_psnr_benefit_V4_logistic_505,real_csig,0.3,5,,0.9827586206896551,0.3020833333333333,0.3020833333333333,0.9827586206896551,0.296875,-3.326547793747944,-0.09285545552085187,-0.0651479673764572,-0.010325544867022285
mixed_groupcv_psnr_benefit_V4_logistic_505,all,0.4,55,,0.9897284533648171,0.4910037878787879,0.5505301333864419,0.9951376858768533,0.4859848484848485,-3.3706614949025053,-0.11981041723820508,0.08725551602968323,0.022688700499754164
mixed_groupcv_psnr_benefit_V4_logistic_505,real_csig,0.4,5,,0.9870129870129871,0.4010416666666667,0.4010416666666667,0.9870129870129871,0.39583333333333337,-3.4338374454269527,-0.09254530159296928,-0.0674671609946466,-0.011486749680011303
mixed_groupcv_psnr_benefit_V4_logistic_505,all,0.5,55,,0.9895833333333334,0.5,0.559526345507654,0.9949925658453697,0.4947916666666667,-3.386172505807384,-0.11985175470031348,0.08669635763287784,0.022404865198063128
mixed_groupcv_psnr_benefit_V4_logistic_505,real_csig,0.5,5,,0.9854166666666668,0.5,0.5,0.9854166666666668,0.4927083333333334,-3.604458565380613,-0.09300001367616158,-0.07361790335950595,-0.014608937998612723
mixed_groupcv_psnr_benefit_V4_logistic_505,all,0.6,55,,0.9746603970741902,0.7367424242424242,0.7708397658164013,0.9734126792139509,0.7178977272727273,-3.449589843669273,-0.12161655357319673,0.09781262270710653,0.021890246002402552
mixed_groupcv_psnr_benefit_V4_logistic_505,real_csig,0.6,5,,0.9879310344827585,0.6041666666666666,0.6041666666666666,0.9879310344827585,0.5968749999999999,-3.757512892042656,-0.09299149452869235,-0.07785427731156734,-0.016310041731801526
mixed_groupcv_psnr_benefit_V4_logistic_505,all,0.7,55,,0.9748148148148148,0.7457386363636364,0.7798359779376133,0.9735670969545758,0.7268939393939393,-3.4652112350616764,-0.12153996717548533,0.09737914323718963,0.02157888548141377
mixed_groupcv_psnr_benefit_V4_logistic_505,real_csig,0.7,5,,0.9896296296296295,0.703125,0.703125,0.9896296296296295,0.6958333333333333,-3.9293481973590914,-0.09214904415386695,-0.0826225514806531,-0.019735007462678127
mixed_groupcv_psnr_benefit_V4_logistic_505,all,0.8,55,,0.9763282172373081,0.9820075757575758,0.9820075757575758,0.9789141931877701,0.9585227272727272,-3.4949709718678874,-0.11603092293671764,0.10185739757666867,0.0207939346044939
mixed_groupcv_psnr_benefit_V4_logistic_505,real_csig,0.8,5,,0.9896103896103895,0.8020833333333334,0.8020833333333334,0.9896103896103895,0.7937500000000001,-4.090721550913312,-0.09262253938170224,-0.08735395271282693,-0.02280539537405039
mixed_groupcv_psnr_benefit_V4_logistic_505,all,0.9,55,,0.9764319495533368,0.9910037878787878,0.9910037878787878,0.9790179255037987,0.9675189393939394,-3.5063111316420605,-0.11598094981545469,0.10148870170559819,0.020510752731665024
mixed_groupcv_psnr_benefit_V4_logistic_505,real_csig,0.9,5,,0.9907514450867051,0.9010416666666666,0.9010416666666666,0.9907514450867051,0.8927083333333332,-4.215463308429213,-0.09207283504781007,-0.09140960729460236,-0.025920395975168035
mixed_groupcv_psnr_benefit_V4_logistic_505,all,1.0,55,,0.9765151515151516,1.0,1.0,0.9791011274656135,0.9765151515151516,-3.5155357379310312,-0.11601127153685824,0.10091361861233246,0.02022715721166495
mixed_groupcv_psnr_benefit_V4_logistic_505,real_csig,1.0,5,,0.9916666666666668,1.0,1.0,0.9916666666666668,0.9916666666666668,-4.3169339776078965,-0.09240637398324907,-0.09773552132052524,-0.029039946695168812
mixed_groupcv_psnr_benefit_V4_logistic_505,synthetic_bsds,0.1,50,,1.0,0.25,0.2946398015556894,1.0,0.25,-3.2260446797597977,-0.1035680228471756,0.10729787603020668,0.02748870611190796
mixed_groupcv_psnr_benefit_V4_logistic_505,synthetic_bsds,0.2,50,,1.0,0.25,0.2946398015556894,1.0,0.25,-3.2260446797597977,-0.1035680228471756,0.10729787603020668,0.02748870611190796
mixed_groupcv_psnr_benefit_V4_logistic_505,synthetic_bsds,0.3,50,,0.99,0.5,0.5654789800584193,0.9959501557632399,0.495,-3.3643438998500614,-0.12253692880272865,0.10272778373211622,0.026106245517730713
mixed_groupcv_psnr_benefit_V4_logistic_505,synthetic_bsds,0.4,50,,0.99,0.5,0.5654789800584193,0.9959501557632399,0.495,-3.3643438998500614,-0.12253692880272865,0.10272778373211622,0.026106245517730713
mixed_groupcv_psnr_benefit_V4_logistic_505,synthetic_bsds,0.5,50,,0.99,0.5,0.5654789800584193,0.9959501557632399,0.495,-3.3643438998500614,-0.12253692880272865,0.10272778373211622,0.026106245517730713
mixed_groupcv_psnr_benefit_V4_logistic_505,synthetic_bsds,0.6,50,,0.9733333333333334,0.75,0.7875070757313748,0.9719608436870704,0.73,-3.4187975388319347,-0.12447905947764715,0.1153793127089739,0.02571027477582296
mixed_groupcv_psnr_benefit_V4_logistic_505,synthetic_bsds,0.7,50,,0.9733333333333334,0.75,0.7875070757313748,0.9719608436870704,0.73,-3.4187975388319347,-0.12447905947764715,0.1153793127089739,0.02571027477582296
mixed_groupcv_psnr_benefit_V4_logistic_505,synthetic_bsds,0.8,50,,0.975,1.0,1.0,0.9778445735455081,0.975,-3.4353959139633448,-0.11837176129221916,0.12077853260561824,0.025153867602348327
mixed_groupcv_psnr_benefit_V4_logistic_505,synthetic_bsds,0.9,50,,0.975,1.0,1.0,0.9778445735455081,0.975,-3.4353959139633448,-0.11837176129221916,0.12077853260561824,0.025153867602348327
mixed_groupcv_psnr_benefit_V4_logistic_505,synthetic_bsds,1.0,50,,0.975,1.0,1.0,0.9778445735455081,0.975,-3.4353959139633448,-0.11837176129221916,0.12077853260561824,0.025153867602348327
mixed_groupcv_psnr_benefit_V4_mlp_505,all,0.1,55,,0.9636363636363636,0.23674242424242425,0.2722634494830757,0.9636363636363636,0.22765151515151516,-3.0304703323158244,-0.07778719786893239,0.13841357901692392,0.03476456598802046
mixed_groupcv_psnr_benefit_V4_mlp_505,real_csig,0.1,5,,1.0,0.10416666666666667,0.10416666666666667,1.0,0.10416666666666667,-4.208796218471553,-0.11207539603114129,-0.03473959192633629,0.0035501694679260258
mixed_groupcv_psnr_benefit_V4_mlp_505,all,0.2,55,,0.9631701631701632,0.24573863636363635,0.28125966160428784,0.9631701631701632,0.2365530303030303,-3.025356168692046,-0.07779995572247426,0.13681076816467694,0.034532593263612764
mixed_groupcv_psnr_benefit_V4_mlp_505,real_csig,0.2,5,,0.9948717948717949,0.203125,0.203125,0.9948717948717949,0.20208333333333334,-4.152540418609999,-0.11221573242010215,-0.05237051130105287,0.00099846949944129
mixed_groupcv_psnr_benefit_V4_mlp_505,all,0.3,55,,0.9808777429467085,0.4820075757575757,0.5685406940663951,0.9868728760446454,0.4726325757575757,-3.2760149002387746,-0.09218850208440543,0.11451881800582604,0.029706943147234783
mixed_groupcv_psnr_benefit_V4_mlp_505,real_csig,0.3,5,,0.9896551724137931,0.3020833333333333,0.3020833333333333,0.9896551724137931,0.2989583333333333,-4.055976891544047,-0.11016322130273129,-0.056232763634159647,0.000507320206740805
mixed_groupcv_psnr_benefit_V4_mlp_505,all,0.4,55,,0.9811097992916175,0.4910037878787879,0.5775369061876071,0.9871049323895543,0.48162878787878793,-3.2631671669585955,-0.09185547110533349,0.11435293798437156,0.029551641479433635
mixed_groupcv_psnr_benefit_V4_mlp_505,real_csig,0.4,5,,0.9922077922077921,0.4010416666666667,0.4010416666666667,0.9922077922077921,0.3979166666666667,-3.91465182546208,-0.10649988053293971,-0.058057443870158945,-0.0012009981390717732
mixed_groupcv_psnr_benefit_V4_mlp_505,all,0.5,55,,0.98125,0.5,0.5865331183088193,0.9872451330979368,0.490625,-3.2711248362419223,-0.09160089015988916,0.11379633083530334,0.029268724279421746
mixed_groupcv_psnr_benefit_V4_mlp_505,real_csig,0.5,5,,0.99375,0.5,0.5,0.99375,0.496875,-4.00218618757868,-0.10369949013305209,-0.06418012250990918,-0.004313087339202561
mixed_groupcv_psnr_benefit_V4_mlp_505,all,0.6,55,,0.9749738766980147,0.7367424242424242,0.8118711769412703,0.9788699805941184,0.7180871212121211,-3.366194453518749,-0.10850327419255286,0.10652105239900697,0.02493031824332668
mixed_groupcv_psnr_benefit_V4_mlp_505,real_csig,0.6,5,,0.9913793103448276,0.6041666666666666,0.6041666666666666,0.9913793103448276,0.5989583333333333,-4.181499833568162,-0.10193327543293607,-0.0741123717864333,-0.011358355961996932
mixed_groupcv_psnr_benefit_V4_mlp_505,all,0.7,55,,0.975084175084175,0.7457386363636364,0.8208673890624825,0.978980278980279,0.7270833333333334,-3.382632826348182,-0.10850139976149858,0.10567093913879261,0.024324551005957498
mixed_groupcv_psnr_benefit_V4_mlp_505,real_csig,0.7,5,,0.9925925925925926,0.703125,0.703125,0.9925925925925926,0.6979166666666667,-4.362321934691928,-0.10191265669133928,-0.08346361764879137,-0.01802179557305795
mixed_groupcv_psnr_benefit_V4_mlp_505,all,0.8,55,,0.9766824085005903,0.9820075757575758,0.9820075757575758,0.9792683844510521,0.9588068181818182,-3.5240762465839146,-0.11664767920830174,0.10181064501909456,0.020910304024762783
mixed_groupcv_psnr_benefit_V4_mlp_505,real_csig,0.8,5,,0.9935064935064934,0.8020833333333334,0.8020833333333334,0.9935064935064934,0.796875,-4.410879572789619,-0.0994068583691275,-0.08786823084614204,-0.02152533175109269
mixed_groupcv_psnr_benefit_V4_mlp_505,all,0.9,55,,0.9766421439831845,0.9910037878787878,0.9910037878787878,0.9792281199336464,0.9677083333333333,-3.523895963635928,-0.11635204032024334,0.10133729792922867,0.02058574281049539
mixed_groupcv_psnr_benefit_V4_mlp_505,real_csig,0.9,5,,0.9930635838150289,0.9010416666666666,0.9010416666666666,0.9930635838150289,0.8947916666666667,-4.408896460361763,-0.09615483060048495,-0.09307504883466686,-0.025095505108033996
mixed_groupcv_psnr_benefit_V4_mlp_505,all,1.0,55,,0.9765151515151516,1.0,1.0,0.9791011274656135,0.9765151515151516,-3.5155357379310312,-0.11601127153685824,0.10091361861233246,0.02022715721166495
mixed_groupcv_psnr_benefit_V4_mlp_505,real_csig,1.0,5,,0.9916666666666668,1.0,1.0,0.9916666666666668,0.9916666666666668,-4.3169339776078965,-0.09240637398324907,-0.09773552132052524,-0.029039946695168812
mixed_groupcv_psnr_benefit_V4_mlp_505,synthetic_bsds,0.1,50,,0.96,0.25,0.28907312776471655,0.96,0.24,-2.9126377437002513,-0.07435837805271149,0.15572889611124993,0.037886005640029904
mixed_groupcv_psnr_benefit_V4_mlp_505,synthetic_bsds,0.2,50,,0.96,0.25,0.28907312776471655,0.96,0.24,-2.9126377437002513,-0.07435837805271149,0.15572889611124993,0.037886005640029904
mixed_groupcv_psnr_benefit_V4_mlp_505,synthetic_bsds,0.3,50,,0.98,0.5,0.5951864301397012,0.9865946464077305,0.49,-3.1980187011082473,-0.09039103016257286,0.1315939761698246,0.03262690544128418
mixed_groupcv_psnr_benefit_V4_mlp_505,synthetic_bsds,0.4,50,,0.98,0.5,0.5951864301397012,0.9865946464077305,0.49,-3.1980187011082473,-0.09039103016257286,0.1315939761698246,0.03262690544128418
mixed_groupcv_psnr_benefit_V4_mlp_505,synthetic_bsds,0.5,50,,0.98,0.5,0.5951864301397012,0.9865946464077305,0.49,-3.1980187011082473,-0.09039103016257286,0.1315939761698246,0.03262690544128418
mixed_groupcv_psnr_benefit_V4_mlp_505,synthetic_bsds,0.6,50,,0.9733333333333334,0.75,0.8326416279687308,0.9776190476190476,0.73,-3.284663915513808,-0.10916027406851452,0.12458439481755099,0.028559185663859052
mixed_groupcv_psnr_benefit_V4_mlp_505,synthetic_bsds,0.7,50,,0.9733333333333334,0.75,0.8326416279687308,0.9776190476190476,0.73,-3.284663915513808,-0.10916027406851452,0.12458439481755099,0.028559185663859052
mixed_groupcv_psnr_benefit_V4_mlp_505,synthetic_bsds,0.8,50,,0.975,1.0,1.0,0.9778445735455081,0.975,-3.4353959139633448,-0.11837176129221916,0.12077853260561824,0.025153867602348327
mixed_groupcv_psnr_benefit_V4_mlp_505,synthetic_bsds,0.9,50,,0.975,1.0,1.0,0.9778445735455081,0.975,-3.4353959139633448,-0.11837176129221916,0.12077853260561824,0.025153867602348327
mixed_groupcv_psnr_benefit_V4_mlp_505,synthetic_bsds,1.0,50,,0.975,1.0,1.0,0.9778445735455081,0.975,-3.4353959139633448,-0.11837176129221916,0.12077853260561824,0.025153867602348327
mixed_groupcv_psnr_benefit_V4_mlp_506,all,0.1,55,,0.9627272727272728,0.23674242424242425,0.2909460887264626,0.9627272727272728,0.2275568181818182,-3.1133884879957305,-0.08940835712985559,0.12025527609681542,0.034739257043058226
mixed_groupcv_psnr_benefit_V4_mlp_506,real_csig,0.1,5,,0.99,0.10416666666666667,0.10416666666666667,0.99,0.103125,-4.078610392259823,-0.11216076716780662,-0.04176694665104151,0.0023026949167251594
mixed_groupcv_psnr_benefit_V4_mlp_506,all,0.2,55,,0.9627039627039627,0.24573863636363635,0.2999423008476747,0.9627039627039627,0.23645833333333335,-3.115271635906519,-0.0894972837540931,0.11827373349722171,0.03424232670199343
mixed_groupcv_psnr_benefit_V4_mlp_506,real_csig,0.2,5,,0.9897435897435898,0.203125,0.203125,0.9897435897435898,0.20104166666666665,-4.099325019278497,-0.11313896003441933,-0.06356391524657225,-0.0031635388349875427
mixed_groupcv_psnr_benefit_V4_mlp_506,all,0.3,55,,0.9808777429467085,0.4820075757575757,0.5848943328499403,0.9868728760446454,0.4726325757575757,-3.1603576396271484,-0.0888945140762015,0.11273738419502786,0.03064223006601244
mixed_groupcv_psnr_benefit_V4_mlp_506,real_csig,0.3,5,,0.9896551724137931,0.3020833333333333,0.3020833333333333,0.9896551724137931,0.2989583333333333,-3.9963929960417373,-0.10763578877366822,-0.06337205960961251,-0.004428312901792852
mixed_groupcv_psnr_benefit_V4_mlp_506,all,0.4,55,,0.9811097992916175,0.4910037878787879,0.5938905449711525,0.9871049323895543,0.48162878787878793,-3.1554665282305785,-0.0884050693921525,0.1123250043479266,0.03039487382174946
mixed_groupcv_psnr_benefit_V4_mlp_506,real_csig,0.4,5,,0.9922077922077921,0.4010416666666667,0.4010416666666667,0.9922077922077921,0.3979166666666667,-3.9425907706794705,-0.1022518972491289,-0.06790823792772635,-0.007149231588685669
mixed_groupcv_psnr_benefit_V4_mlp_506,all,0.5,55,,0.98125,0.5,0.6028867570923645,0.9872451330979368,0.490625,-3.1547024650033366,-0.0881461796082669,0.11174018128817394,0.030136778781359844
mixed_groupcv_psnr_benefit_V4_mlp_506,real_csig,0.5,5,,0.99375,0.5,0.5,0.99375,0.496875,-3.9341860751798117,-0.09940410962638754,-0.07434129158500583,-0.009988277032971388
mixed_groupcv_psnr_benefit_V4_mlp_506,all,0.6,55,,0.9751306165099269,0.7367424242424242,0.8070624468988954,0.9790267204060307,0.7181818181818181,-3.349003478503211,-0.10687400488340557,0.10621051804494416,0.024288754702361772
mixed_groupcv_psnr_benefit_V4_mlp_506,real_csig,0.6,5,,0.993103448275862,0.6041666666666666,0.6041666666666666,0.993103448275862,0.6,-4.035770868699632,-0.09872574876865436,-0.08001229709399672,-0.014454846135501206
mixed_groupcv_psnr_benefit_V4_mlp_506,all,0.7,55,,0.975084175084175,0.7457386363636364,0.8160586590201077,0.978980278980279,0.7270833333333334,-3.368238039972439,-0.10688082647745056,0.10554462904562105,0.023790331456797695
mixed_groupcv_psnr_benefit_V4_mlp_506,real_csig,0.7,5,,0.9925925925925926,0.703125,0.703125,0.9925925925925926,0.6979166666666667,-4.2473510448611425,-0.09880078630314933,-0.08733707608655095,-0.019937501836706093
mixed_groupcv_psnr_benefit_V4_mlp_506,all,0.8,55,,0.9764462809917355,0.9820075757575758,0.9820075757575758,0.9790322569421974,0.9586174242424241,-3.5096116369325228,-0.11641394907637215,0.10164934069829759,0.02082210492074419
mixed_groupcv_psnr_benefit_V4_mlp_506,real_csig,0.8,5,,0.9909090909090909,0.8020833333333334,0.8020833333333334,0.9909090909090909,0.7947916666666667,-4.251768866624301,-0.09683582691790223,-0.08964257837490894,-0.022495521895297153
mixed_groupcv_psnr_benefit_V4_mlp_506,all,0.9,55,,0.9764319495533368,0.9910037878787878,0.9910037878787878,0.9790179255037987,0.9675189393939394,-3.514223802547023,-0.11627464793305364,0.10130883439395555,0.020561619961944555
mixed_groupcv_psnr_benefit_V4_mlp_506,real_csig,0.9,5,,0.9907514450867051,0.9010416666666666,0.9010416666666666,0.9907514450867051,0.8927083333333332,-4.302502688383801,-0.09530351434139847,-0.09338814772267132,-0.025360856442093155
mixed_groupcv_psnr_benefit_V4_mlp_506,all,1.0,55,,0.9765151515151516,1.0,1.0,0.9791011274656135,0.9765151515151516,-3.5155357379310312,-0.11601127153685824,0.10091361861233246,0.02022715721166495
mixed_groupcv_psnr_benefit_V4_mlp_506,real_csig,1.0,5,,0.9916666666666668,1.0,1.0,0.9916666666666668,0.9916666666666668,-4.3169339776078965,-0.09240637398324907,-0.09773552132052524,-0.029039946695168812
mixed_groupcv_psnr_benefit_V4_mlp_506,synthetic_bsds,0.1,50,,0.96,0.25,0.3096240309324422,0.96,0.24,-3.0168662975693206,-0.08713311612606049,0.1364574983716011,0.03798291325569153
mixed_groupcv_psnr_benefit_V4_mlp_506,synthetic_bsds,0.2,50,,0.96,0.25,0.3096240309324422,0.96,0.24,-3.0168662975693206,-0.08713311612606049,0.1364574983716011,0.03798291325569153
mixed_groupcv_psnr_benefit_V4_mlp_506,synthetic_bsds,0.3,50,,0.98,0.5,0.613175432801601,0.9865946464077305,0.49,-3.0767541039856887,-0.08702038660645485,0.13034832857549192,0.03414928436279297
mixed_groupcv_psnr_benefit_V4_mlp_506,synthetic_bsds,0.4,50,,0.98,0.5,0.613175432801601,0.9865946464077305,0.49,-3.0767541039856887,-0.08702038660645485,0.13034832857549192,0.03414928436279297
mixed_groupcv_psnr_benefit_V4_mlp_506,synthetic_bsds,0.5,50,,0.98,0.5,0.613175432801601,0.9865946464077305,0.49,-3.0767541039856887,-0.08702038660645485,0.13034832857549192,0.03414928436279297
mixed_groupcv_psnr_benefit_V4_mlp_506,synthetic_bsds,0.6,50,,0.9733333333333334,0.75,0.8273520249221185,0.9776190476190476,0.73,-3.2803267394835687,-0.10768883049488068,0.12483279955883822,0.02816311478614807
mixed_groupcv_psnr_benefit_V4_mlp_506,synthetic_bsds,0.7,50,,0.9733333333333334,0.75,0.8273520249221185,0.9776190476190476,0.73,-3.2803267394835687,-0.10768883049488068,0.12483279955883822,0.02816311478614807
mixed_groupcv_psnr_benefit_V4_mlp_506,synthetic_bsds,0.8,50,,0.975,1.0,1.0,0.9778445735455081,0.975,-3.4353959139633448,-0.11837176129221916,0.12077853260561824,0.025153867602348327
mixed_groupcv_psnr_benefit_V4_mlp_506,synthetic_bsds,0.9,50,,0.975,1.0,1.0,0.9778445735455081,0.975,-3.4353959139633448,-0.11837176129221916,0.12077853260561824,0.025153867602348327
mixed_groupcv_psnr_benefit_V4_mlp_506,synthetic_bsds,1.0,50,,0.975,1.0,1.0,0.9778445735455081,0.975,-3.4353959139633448,-0.11837176129221916,0.12077853260561824,0.025153867602348327
mixed_groupcv_psnr_benefit_V4_mlp_507,all,0.1,55,,0.98,0.23674242424242425,0.2835418738456122,0.98,0.23200757575757577,-3.0234953540983747,-0.08558272667906501,0.13332903196188536,0.034827292290600866
mixed_groupcv_psnr_benefit_V4_mlp_507,real_csig,0.1,5,,0.9800000000000001,0.10416666666666667,0.10416666666666667,0.9800000000000001,0.10208333333333335,-3.1802839463323287,-0.10333495765924454,-0.02854466281831265,0.012402740716934202
mixed_groupcv_psnr_benefit_V4_mlp_507,all,0.2,55,,0.9808857808857809,0.24573863636363635,0.2925380859668243,0.9808857808857809,0.2410037878787879,-3.0515907517640275,-0.08521739322614004,0.13144550404591718,0.03397931505194355
mixed_groupcv_psnr_benefit_V4_mlp_507,real_csig,0.2,5,,0.9897435897435898,0.203125,0.203125,0.9897435897435898,0.20104166666666665,-3.4893333206545143,-0.09931628967706975,-0.049263469893962894,0.0030749910917037514
mixed_groupcv_psnr_benefit_V4_mlp_507,all,0.3,55,,0.9811912225705329,0.4820075757575757,0.5620856016299942,0.9871863556684698,0.4727272727272727,-3.1580057610303784,-0.08834859799114889,0.12134336251473539,0.030404341090061824
mixed_groupcv_psnr_benefit_V4_mlp_507,real_csig,0.3,5,,0.993103448275862,0.3020833333333333,0.3020833333333333,0.993103448275862,0.3,-3.652365193808207,-0.09584912089952106,-0.05615729487918575,-0.00014838720190114076
mixed_groupcv_psnr_benefit_V4_mlp_507,all,0.4,55,,0.9808736717827626,0.4910037878787879,0.5710818137512063,0.9868688048806995,0.4815340909090909,-3.1490377207176374,-0.08814815688513246,0.1210612118323339,0.030296694183856283
mixed_groupcv_psnr_benefit_V4_mlp_507,real_csig,0.4,5,,0.9896103896103895,0.4010416666666667,0.4010416666666667,0.9896103896103895,0.39687500000000003,-3.553716750368056,-0.09364426873334043,-0.05926095238560206,-0.0013325031701620512
mixed_groupcv_psnr_benefit_V4_mlp_507,all,0.5,55,,0.9806818181818182,0.5,0.5800780258724184,0.986676951279755,0.4903409090909091,-3.153652625286728,-0.08809150146518015,0.12045409842941092,0.029932591646458163
mixed_groupcv_psnr_benefit_V4_mlp_507,real_csig,0.5,5,,0.9875,0.5,0.5,0.9875,0.49375,-3.6044807006280535,-0.0930210591138651,-0.06593919981775495,-0.005337631081541383
mixed_groupcv_psnr_benefit_V4_mlp_507,all,0.6,55,,0.9746603970741902,0.7367424242424242,0.8173917488169824,0.978556500970294,0.7178977272727273,-3.362236629180775,-0.10686501053861629,0.10389616363136879,0.02456820001173667
mixed_groupcv_psnr_benefit_V4_mlp_507,real_csig,0.6,5,,0.9879310344827588,0.6041666666666666,0.6041666666666666,0.9879310344827588,0.5968749999999999,-3.851698282325052,-0.09370784329186226,-0.0760306693436899,-0.012115666373022665
mixed_groupcv_psnr_benefit_V4_mlp_507,all,0.7,55,,0.9748148148148148,0.7457386363636364,0.8263879609381947,0.9787109187109188,0.7268939393939394,-3.3826716292851122,-0.1068722788723631,0.10318884607611432,0.024060865042586924
mixed_groupcv_psnr_benefit_V4_mlp_507,real_csig,0.7,5,,0.9896296296296295,0.703125,0.703125,0.9896296296296295,0.6958333333333334,-4.076483283472774,-0.09378779496307725,-0.08381116245148912,-0.017696351033669934
mixed_groupcv_psnr_benefit_V4_mlp_507,all,0.8,55,,0.9764462809917355,0.9820075757575758,0.9820075757575758,0.9790322569421974,0.9586174242424241,-3.5029699069336795,-0.11607343661549381,0.10165674349544912,0.020926844658508213
mixed_groupcv_psnr_benefit_V4_mlp_507,real_csig,0.8,5,,0.9909090909090909,0.8020833333333334,0.8020833333333334,0.9909090909090909,0.7947916666666667,-4.1787098366370286,-0.09309018984824032,-0.0895611476062422,-0.021343384779892956
mixed_groupcv_psnr_benefit_V4_mlp_507,all,0.9,55,,0.9764319495533368,0.9910037878787878,0.9910037878787878,0.9790179255037987,0.9675189393939394,-3.5073648797586894,-0.11599504205971346,0.10135150391082864,0.020635860663492683
mixed_groupcv_psnr_benefit_V4_mlp_507,real_csig,0.9,5,,0.9907514450867051,0.9010416666666666,0.9010416666666666,0.9907514450867051,0.8927083333333332,-4.227054537712138,-0.09222784973465639,-0.09291878303706733,-0.02454420872506379
mixed_groupcv_psnr_benefit_V4_mlp_507,all,1.0,55,,0.9765151515151516,1.0,1.0,0.9791011274656135,0.9765151515151516,-3.5155357379310312,-0.11601127153685824,0.10091361861233246,0.02022715721166495
mixed_groupcv_psnr_benefit_V4_mlp_507,real_csig,1.0,5,,0.9916666666666668,1.0,1.0,0.9916666666666668,0.9916666666666668,-4.3169339776078965,-0.09240637398324907,-0.09773552132052524,-0.029039946695168812
mixed_groupcv_psnr_benefit_V4_mlp_507,synthetic_bsds,0.1,50,,0.98,0.25,0.30147939456350675,0.98,0.245,-3.0078164948749793,-0.08380750358104706,0.14951640143990516,0.03706974744796753
mixed_groupcv_psnr_benefit_V4_mlp_507,synthetic_bsds,0.2,50,,0.98,0.25,0.30147939456350675,0.98,0.245,-3.0078164948749793,-0.08380750358104706,0.14951640143990516,0.03706974744796753
mixed_groupcv_psnr_benefit_V4_mlp_507,synthetic_bsds,0.3,50,,0.98,0.5,0.5880858284596603,0.9865946464077305,0.49,-3.108569817752595,-0.08759854570031166,0.13909342825412752,0.03345961391925812
mixed_groupcv_psnr_benefit_V4_mlp_507,synthetic_bsds,0.4,50,,0.98,0.5,0.5880858284596603,0.9865946464077305,0.49,-3.108569817752595,-0.08759854570031166,0.13909342825412752,0.03345961391925812
mixed_groupcv_psnr_benefit_V4_mlp_507,synthetic_bsds,0.5,50,,0.98,0.5,0.5880858284596603,0.9865946464077305,0.49,-3.108569817752595,-0.08759854570031166,0.13909342825412752,0.03345961391925812
mixed_groupcv_psnr_benefit_V4_mlp_507,synthetic_bsds,0.6,50,,0.9733333333333334,0.75,0.8387142570320141,0.9776190476190476,0.73,-3.313290463866346,-0.10818072726329167,0.12188884692887467,0.028236586650212607
mixed_groupcv_psnr_benefit_V4_mlp_507,synthetic_bsds,0.7,50,,0.9733333333333334,0.75,0.8387142570320141,0.9776190476190476,0.73,-3.313290463866346,-0.10818072726329167,0.12188884692887467,0.028236586650212607
mixed_groupcv_psnr_benefit_V4_mlp_507,synthetic_bsds,0.8,50,,0.975,1.0,1.0,0.9778445735455081,0.975,-3.4353959139633448,-0.11837176129221916,0.12077853260561824,0.025153867602348327
mixed_groupcv_psnr_benefit_V4_mlp_507,synthetic_bsds,0.9,50,,0.975,1.0,1.0,0.9778445735455081,0.975,-3.4353959139633448,-0.11837176129221916,0.12077853260561824,0.025153867602348327
mixed_groupcv_psnr_benefit_V4_mlp_507,synthetic_bsds,1.0,50,,0.975,1.0,1.0,0.9778445735455081,0.975,-3.4353959139633448,-0.11837176129221916,0.12077853260561824,0.025153867602348327
mixed_groupcv_psnr_benefit_V5_logistic_505,all,0.1,55,,0.9981818181818182,0.23674242424242425,0.20603012904414775,0.9981818181818182,0.23655303030303032,-3.5036553201786056,-0.12582412097941745,0.07448149441275745,0.01052874825217507
mixed_groupcv_psnr_benefit_V5_logistic_505,real_csig,0.1,5,,0.9800000000000001,0.10416666666666667,0.10416666666666667,0.9800000000000001,0.10208333333333335,-2.673584408458928,-0.047904042154550554,-0.05979370072949678,-0.025110261440277098
mixed_groupcv_psnr_benefit_V5_logistic_505,all,0.2,55,,0.9990675990675991,0.24573863636363635,0.21502634116535987,0.9990675990675991,0.24554924242424245,-3.534348674090438,-0.12644629833442625,0.07319531230438318,0.010117264977701894
mixed_groupcv_psnr_benefit_V5_logistic_505,real_csig,0.2,5,,0.9897435897435898,0.203125,0.203125,0.9897435897435898,0.2010416666666667,-3.0112113014890864,-0.05474799305964739,-0.07394170392161378,-0.02963657745948205
mixed_groupcv_psnr_benefit_V5_logistic_505,all,0.3,55,,0.9811912225705329,0.4820075757575757,0.4518811811451999,0.9860145544966685,0.4727272727272727,-3.42012951313646,-0.12003674751445417,0.08161180713359954,0.014572140882755148
mixed_groupcv_psnr_benefit_V5_logistic_505,real_csig,0.3,5,,0.993103448275862,0.3020833333333333,0.3020833333333333,0.993103448275862,0.29999999999999993,-3.186900027216889,-0.06096467827928477,-0.07314369160007557,-0.02507394511124183
mixed_groupcv_psnr_benefit_V5_logistic_505,all,0.4,55,,0.9806375442739078,0.4910037878787879,0.46087739326641197,0.9854608762000435,0.48143939393939394,-3.432140922058696,-0.12034022154675747,0.08185197241514164,0.014869140459767761
mixed_groupcv_psnr_benefit_V5_logistic_505,real_csig,0.4,5,,0.9870129870129869,0.4010416666666667,0.4010416666666667,0.9870129870129869,0.39583333333333337,-3.319025525361485,-0.06430289263462091,-0.07050187350311257,-0.021806949764103085
mixed_groupcv_psnr_benefit_V5_logistic_505,all,0.5,55,,0.9806818181818182,0.5,0.46987360538762407,0.9855051501079538,0.4903409090909091,-3.4436764876520685,-0.12067607575039747,0.08165738891420364,0.014927790505868014
mixed_groupcv_psnr_benefit_V5_logistic_505,real_csig,0.5,5,,0.9875,0.5,0.5,0.9875,0.49375,-3.4459167468885794,-0.06799728887466093,-0.07264229201343066,-0.021161799257000288
mixed_groupcv_psnr_benefit_V5_logistic_505,all,0.6,55,,0.9807210031347962,0.7367424242424242,0.7541273210665733,0.9851976646105945,0.7224431818181818,-3.4944388471469368,-0.11726941693975138,0.09433259479557977,0.019511465044729136
mixed_groupcv_psnr_benefit_V5_logistic_505,real_csig,0.6,5,,0.9879310344827588,0.6041666666666666,0.6041666666666666,0.9879310344827588,0.5968749999999999,-3.578755099378223,-0.0721968295245335,-0.07557992775330384,-0.02187292781369439
mixed_groupcv_psnr_benefit_V5_logistic_505,all,0.7,55,,0.9807407407407408,0.7457386363636364,0.7631235331877856,0.9852174022165391,0.7313446969696971,-3.5036572883933736,-0.11766736408676765,0.09412045764658437,0.019555946961797844
mixed_groupcv_psnr_benefit_V5_logistic_505,real_csig,0.7,5,,0.9881481481481481,0.703125,0.703125,0.9881481481481481,0.6947916666666667,-3.680157953089027,-0.07657424814171263,-0.07791343639225319,-0.021383626725938583
mixed_groupcv_psnr_benefit_V5_logistic_505,all,0.8,55,,0.9763282172373081,0.9820075757575758,0.9820075757575758,0.9789141931877701,0.9585227272727272,-3.4780872438177757,-0.11498962032224944,0.1021008744871589,0.020711119622519897
mixed_groupcv_psnr_benefit_V5_logistic_505,real_csig,0.8,5,,0.9896103896103895,0.8020833333333334,0.8020833333333334,0.9896103896103895,0.7937500000000001,-3.905000542362084,-0.08116821062255215,-0.08467570669743438,-0.023716360175764405
mixed_groupcv_psnr_benefit_V5_logistic_505,all,0.9,55,,0.9764319495533368,0.9910037878787878,0.9910037878787878,0.9790179255037987,0.9675189393939394,-3.498473454760864,-0.11551463913820444,0.10143128171337047,0.02040084644611798
mixed_groupcv_psnr_benefit_V5_logistic_505,real_csig,0.9,5,,0.9907514450867051,0.9010416666666666,0.9010416666666666,0.9907514450867051,0.8927083333333332,-4.129248862736054,-0.08694341759805735,-0.09204122720910721,-0.027129365116185532
mixed_groupcv_psnr_benefit_V5_logistic_505,all,1.0,55,,0.9765151515151516,1.0,1.0,0.9791011274656135,0.9765151515151516,-3.5155357379310312,-0.11601127153685824,0.10091361861233246,0.02022715721166495
mixed_groupcv_psnr_benefit_V5_logistic_505,real_csig,1.0,5,,0.9916666666666668,1.0,1.0,0.9916666666666668,0.9916666666666668,-4.3169339776078965,-0.09240637398324907,-0.09773552132052524,-0.029039946695168812
mixed_groupcv_psnr_benefit_V5_logistic_505,synthetic_bsds,0.1,50,,1.0,0.25,0.21621647528189583,1.0,0.25,-3.586662411350573,-0.13361612886190413,0.08790901392698287,0.014092649221420289
mixed_groupcv_psnr_benefit_V5_logistic_505,synthetic_bsds,0.2,50,,1.0,0.25,0.21621647528189583,1.0,0.25,-3.586662411350573,-0.13361612886190413,0.08790901392698287,0.014092649221420289
mixed_groupcv_psnr_benefit_V5_logistic_505,synthetic_bsds,0.3,50,,0.98,0.5,0.4668609659263865,0.9853056651187493,0.49,-3.443452461728417,-0.12594395443797113,0.09708735700696706,0.018536749482154845
mixed_groupcv_psnr_benefit_V5_logistic_505,synthetic_bsds,0.4,50,,0.98,0.5,0.4668609659263865,0.9853056651187493,0.49,-3.443452461728417,-0.12594395443797113,0.09708735700696706,0.018536749482154845
mixed_groupcv_psnr_benefit_V5_logistic_505,synthetic_bsds,0.5,50,,0.98,0.5,0.4668609659263865,0.9853056651187493,0.49,-3.443452461728417,-0.12594395443797113,0.09708735700696706,0.018536749482154845
mixed_groupcv_psnr_benefit_V5_logistic_505,synthetic_bsds,0.6,50,,0.98,0.75,0.7691233865065641,0.9849243276233781,0.735,-3.4860072219238076,-0.12177667568127314,0.11132384705046813,0.02364990433057149
mixed_groupcv_psnr_benefit_V5_logistic_505,synthetic_bsds,0.7,50,,0.98,0.75,0.7691233865065641,0.9849243276233781,0.735,-3.4860072219238076,-0.12177667568127314,0.11132384705046813,0.02364990433057149
mixed_groupcv_psnr_benefit_V5_logistic_505,synthetic_bsds,0.8,50,,0.975,1.0,1.0,0.9778445735455081,0.975,-3.4353959139633448,-0.11837176129221916,0.12077853260561824,0.025153867602348327
mixed_groupcv_psnr_benefit_V5_logistic_505,synthetic_bsds,0.9,50,,0.975,1.0,1.0,0.9778445735455081,0.975,-3.4353959139633448,-0.11837176129221916,0.12077853260561824,0.025153867602348327
mixed_groupcv_psnr_benefit_V5_logistic_505,synthetic_bsds,1.0,50,,0.975,1.0,1.0,0.9778445735455081,0.975,-3.4353959139633448,-0.11837176129221916,0.12077853260561824,0.025153867602348327
mixed_groupcv_psnr_benefit_V5_mlp_505,all,0.1,55,,0.9818181818181818,0.23674242424242425,0.21794844563536153,0.9818181818181818,0.2321969696969697,-3.5683108815171742,-0.15853799643841657,0.07919828912751241,0.01927552510391582
mixed_groupcv_psnr_benefit_V5_mlp_505,real_csig,0.1,5,,1.0,0.10416666666666667,0.10416666666666667,1.0,0.10416666666666667,-3.956006519566526,-0.10793495565652847,-0.0973080112785101,-0.01722401797771454
mixed_groupcv_psnr_benefit_V5_mlp_505,all,0.2,55,,0.9818181818181818,0.24573863636363635,0.2269446577565736,0.9818181818181818,0.2411931818181818,-3.5876772520385827,-0.15847375331086155,0.07887826661268871,0.019121645630656426
mixed_groupcv_psnr_benefit_V5_mlp_505,real_csig,0.2,5,,1.0,0.203125,0.203125,1.0,0.203125,-4.169036595302009,-0.10722828125342346,-0.10082825894157091,-0.018916692183567934
mixed_groupcv_psnr_benefit_V5_mlp_505,all,0.3,55,,0.9899686520376176,0.4820075757575757,0.512579327824655,0.9953778845496538,0.47717803030303024,-3.5012953636835458,-0.14231050668465306,0.08456618302971779,0.019672358241574515
mixed_groupcv_psnr_benefit_V5_mlp_505,real_csig,0.3,5,,0.9896551724137931,0.3020833333333333,0.3020833333333333,0.9896551724137931,0.2989583333333333,-3.9633245299895123,-0.10260488432029198,-0.09241127430878834,-0.014795885209379528
mixed_groupcv_psnr_benefit_V5_mlp_505,all,0.4,55,,0.9902007083825265,0.4910037878787879,0.521575539945867,0.9956099408945628,0.48617424242424245,-3.5115485322348325,-0.14214108651053103,0.08417753171606743,0.019441966450341054
mixed_groupcv_psnr_benefit_V5_mlp_505,real_csig,0.4,5,,0.9922077922077921,0.4010416666666667,0.4010416666666667,0.9922077922077921,0.3979166666666667,-4.076109384053664,-0.10074126240494963,-0.09668643875894223,-0.017330194912947617
mixed_groupcv_psnr_benefit_V5_mlp_505,all,0.5,55,,0.9901515151515152,0.5,0.5305717520670792,0.9955607476635514,0.4950757575757576,-3.5130089719612965,-0.14198651888097327,0.08420960911731305,0.019304466981327897
mixed_groupcv_psnr_benefit_V5_mlp_505,real_csig,0.5,5,,0.9916666666666666,0.5,0.5,0.9916666666666666,0.4958333333333333,-4.092174221044771,-0.09904101847981414,-0.09633358734524033,-0.018842689072092376
mixed_groupcv_psnr_benefit_V5_mlp_505,all,0.6,55,,0.9811912225705329,0.7367424242424242,0.7805875830408538,0.9866288191660043,0.7227272727272728,-3.4853335460492114,-0.13026815731245775,0.09093056008676621,0.019692719465388274
mixed_groupcv_psnr_benefit_V5_mlp_505,real_csig,0.6,5,,0.993103448275862,0.6041666666666666,0.6041666666666666,0.993103448275862,0.6,-4.157518719601285,-0.09745515155895003,-0.09863075549344949,-0.02258076534189027
mixed_groupcv_psnr_benefit_V5_mlp_505,all,0.7,55,,0.9812794612794612,0.7457386363636364,0.7895837951620661,0.9867170578749327,0.7317234848484848,-3.4870215333290737,-0.13008154898580881,0.0910844510401088,0.019572372043172918
mixed_groupcv_psnr_benefit_V5_mlp_505,real_csig,0.7,5,,0.994074074074074,0.703125,0.703125,0.994074074074074,0.6989583333333333,-4.176086579679767,-0.09540245996581184,-0.0969379550066811,-0.023904586986259184
mixed_groupcv_psnr_benefit_V5_mlp_505,all,0.8,55,,0.9768004722550178,0.9820075757575758,0.9820075757575758,0.9793864482054797,0.9589015151515152,-3.5051097277877066,-0.1162217321087647,0.10102149907273043,0.02054719424585525
mixed_groupcv_psnr_benefit_V5_mlp_505,real_csig,0.8,5,,0.9948051948051948,0.8020833333333334,0.8020833333333334,0.9948051948051948,0.7979166666666667,-4.202247866031323,-0.09472144027422,-0.09654883625614759,-0.025519539319075545
mixed_groupcv_psnr_benefit_V5_mlp_505,all,0.9,55,,0.9767472411981083,0.9910037878787878,0.9910037878787878,0.97933321714857,0.9678030303030304,-3.509796265325797,-0.11610045427093367,0.10097280022537966,0.020395412845355988
mixed_groupcv_psnr_benefit_V5_mlp_505,real_csig,0.9,5,,0.9942196531791907,0.9010416666666666,0.9010416666666666,0.9942196531791907,0.8958333333333333,-4.253799778950314,-0.09338738405807859,-0.09708452357700623,-0.02718913472456739
mixed_groupcv_psnr_benefit_V5_mlp_505,all,1.0,55,,0.9765151515151516,1.0,1.0,0.9791011274656135,0.9765151515151516,-3.5155357379310312,-0.11601127153685824,0.10091361861233246,0.02022715721166495
mixed_groupcv_psnr_benefit_V5_mlp_505,real_csig,1.0,5,,0.9916666666666668,1.0,1.0,0.9916666666666668,0.9916666666666668,-4.3169339776078965,-0.09240637398324907,-0.09773552132052524,-0.029039946695168812
mixed_groupcv_psnr_benefit_V5_mlp_505,synthetic_bsds,0.1,50,,0.98,0.25,0.22932662353223102,0.98,0.245,-3.5295413177122397,-0.16359830051660537,0.09684891916811467,0.022925479412078856
mixed_groupcv_psnr_benefit_V5_mlp_505,synthetic_bsds,0.2,50,,0.98,0.25,0.22932662353223102,0.98,0.245,-3.5295413177122397,-0.16359830051660537,0.09684891916811467,0.022925479412078856
mixed_groupcv_psnr_benefit_V5_mlp_505,synthetic_bsds,0.3,50,,0.99,0.5,0.5336289272737871,0.9959501557632399,0.495,-3.45509244705295,-0.14628106892108916,0.1022639287635684,0.023119182586669923
mixed_groupcv_psnr_benefit_V5_mlp_505,synthetic_bsds,0.4,50,,0.99,0.5,0.5336289272737871,0.9959501557632399,0.495,-3.45509244705295,-0.14628106892108916,0.1022639287635684,0.023119182586669923
mixed_groupcv_psnr_benefit_V5_mlp_505,synthetic_bsds,0.5,50,,0.99,0.5,0.5336289272737871,0.9959501557632399,0.495,-3.45509244705295,-0.14628106892108916,0.1022639287635684,0.023119182586669923
mixed_groupcv_psnr_benefit_V5_mlp_505,synthetic_bsds,0.6,50,,0.98,0.75,0.7982296746782729,0.9859813562550186,0.735,-3.4181150286940043,-0.13354945788780848,0.10988669164478779,0.023920067946116123
mixed_groupcv_psnr_benefit_V5_mlp_505,synthetic_bsds,0.7,50,,0.98,0.75,0.7982296746782729,0.9859813562550186,0.735,-3.4181150286940043,-0.13354945788780848,0.10988669164478779,0.023920067946116123
mixed_groupcv_psnr_benefit_V5_mlp_505,synthetic_bsds,0.8,50,,0.975,1.0,1.0,0.9778445735455081,0.975,-3.4353959139633448,-0.11837176129221916,0.12077853260561824,0.025153867602348327
mixed_groupcv_psnr_benefit_V5_mlp_505,synthetic_bsds,0.9,50,,0.975,1.0,1.0,0.9778445735455081,0.975,-3.4353959139633448,-0.11837176129221916,0.12077853260561824,0.025153867602348327
mixed_groupcv_psnr_benefit_V5_mlp_505,synthetic_bsds,1.0,50,,0.975,1.0,1.0,0.9778445735455081,0.975,-3.4353959139633448,-0.11837176129221916,0.12077853260561824,0.025153867602348327
mixed_groupcv_psnr_benefit_V5_mlp_506,all,0.1,55,,0.9818181818181818,0.23674242424242425,0.19101362243885608,0.9818181818181818,0.2321969696969697,-3.4546592470588506,-0.09983755562793126,0.08567807456309144,0.01165112695910714
mixed_groupcv_psnr_benefit_V5_mlp_506,real_csig,0.1,5,,1.0,0.10416666666666667,0.10416666666666667,1.0,0.10416666666666667,-4.893270412070511,-0.07597750678658485,-0.14921239182353022,-0.06448012530803679
mixed_groupcv_psnr_benefit_V5_mlp_506,all,0.2,55,,0.9818181818181818,0.24573863636363635,0.20000983456006818,0.9818181818181818,0.2411931818181818,-3.4338086295046053,-0.10003059063896988,0.08710800915379034,0.012681276259166655
mixed_groupcv_psnr_benefit_V5_mlp_506,real_csig,0.2,5,,1.0,0.203125,0.203125,1.0,0.203125,-4.663913618973808,-0.07810089190800984,-0.13348311132584248,-0.05314848300738213
mixed_groupcv_psnr_benefit_V5_mlp_506,all,0.3,55,,0.9815047021943573,0.4820075757575757,0.419576515195674,0.9923231672184298,0.47282196969696966,-3.4951786983488935,-0.10619550015672247,0.08900111986186975,0.013640273121830812
mixed_groupcv_psnr_benefit_V5_mlp_506,real_csig,0.3,5,,0.9965517241379309,0.3020833333333333,0.3020833333333333,0.9965517241379309,0.30104166666666665,-4.575367021633116,-0.08088414150065389,-0.12895702480916577,-0.048444670849833
mixed_groupcv_psnr_benefit_V5_mlp_506,all,0.4,55,,0.9811097992916176,0.4910037878787879,0.4285727273168862,0.99192826431569,0.48162878787878793,-3.484998341978203,-0.10636920501624257,0.08953816165967264,0.013953837396966243
mixed_groupcv_psnr_benefit_V5_mlp_506,real_csig,0.4,5,,0.9922077922077921,0.4010416666666667,0.4010416666666667,0.9922077922077921,0.3979166666666667,-4.463383101555516,-0.08279489495537498,-0.12304956503333404,-0.044995463823343254
mixed_groupcv_psnr_benefit_V5_mlp_506,all,0.5,55,,0.9808712121212122,0.5,0.43756893943809827,0.9916896771452847,0.4904356060606061,-3.4773667400770685,-0.10649607387568916,0.08972595292028873,0.014176363588282555
mixed_groupcv_psnr_benefit_V5_mlp_506,real_csig,0.5,5,,0.9895833333333334,0.5,0.5,0.9895833333333334,0.4947916666666667,-4.379435480643043,-0.0841904524092873,-0.12098386116655697,-0.0425476757188638
mixed_groupcv_psnr_benefit_V5_mlp_506,all,0.6,55,,0.9748171368861024,0.7367424242424242,0.7034638479731937,0.9777523056625331,0.7179924242424242,-3.420623240822761,-0.10921176545664497,0.09600413291220718,0.017436321414501067
mixed_groupcv_psnr_benefit_V5_mlp_506,real_csig,0.6,5,,0.9896551724137931,0.6041666666666666,0.6041666666666666,0.9896551724137931,0.5979166666666667,-4.3929032845918545,-0.0849223613867472,-0.11713412767436741,-0.040263408216936844
mixed_groupcv_psnr_benefit_V5_mlp_506,all,0.7,55,,0.974949494949495,0.7457386363636364,0.712460060094406,0.9778846637259258,0.7269886363636363,-3.4199461266329454,-0.109343544239749,0.09636241292223485,0.01763499669354372
mixed_groupcv_psnr_benefit_V5_mlp_506,real_csig,0.7,5,,0.9911111111111112,0.703125,0.703125,0.9911111111111112,0.696875,-4.38545502850389,-0.08637192800089165,-0.11319304756406282,-0.03807798014746772
mixed_groupcv_psnr_benefit_V5_mlp_506,all,0.8,55,,0.976564344746163,0.9820075757575758,0.9820075757575758,0.9791503206966249,0.9587121212121211,-3.515067257321406,-0.1155739605382806,0.10005370299755172,0.019742345268076115
mixed_groupcv_psnr_benefit_V5_mlp_506,real_csig,0.8,5,,0.9922077922077921,0.8020833333333334,0.8020833333333334,0.9922077922077921,0.7958333333333334,-4.311780690902021,-0.08759595299889514,-0.10719459308311344,-0.034372878074646
mixed_groupcv_psnr_benefit_V5_mlp_506,all,0.9,55,,0.9765370467682606,0.9910037878787878,0.9910037878787878,0.9791230227187225,0.9676136363636364,-3.5149837447283367,-0.11577730382735393,0.1003916586146808,0.01996273717251315
mixed_groupcv_psnr_benefit_V5_mlp_506,real_csig,0.9,5,,0.9919075144508671,0.9010416666666666,0.9010416666666666,0.9919075144508671,0.89375,-4.310862052378261,-0.08983272917870153,-0.10347708129469368,-0.03194856712583862
mixed_groupcv_psnr_benefit_V5_mlp_506,all,1.0,55,,0.9765151515151516,1.0,1.0,0.9791011274656135,0.9765151515151516,-3.5155357379310312,-0.11601127153685824,0.10091361861233246,0.02022715721166495
mixed_groupcv_psnr_benefit_V5_mlp_506,real_csig,1.0,5,,0.9916666666666668,1.0,1.0,0.9916666666666668,0.9916666666666668,-4.3169339776078965,-0.09240637398324907,-0.09773552132052524,-0.029039946695168812
mixed_groupcv_psnr_benefit_V5_mlp_506,synthetic_bsds,0.1,50,,0.98,0.25,0.19969831801607502,0.98,0.245,-3.3107981305576852,-0.10222356051206588,0.10916712120175362,0.019264252185821534
mixed_groupcv_psnr_benefit_V5_mlp_506,synthetic_bsds,0.2,50,,0.98,0.25,0.19969831801607502,0.98,0.245,-3.3107981305576852,-0.10222356051206588,0.10916712120175362,0.019264252185821534
mixed_groupcv_psnr_benefit_V5_mlp_506,synthetic_bsds,0.3,50,,0.98,0.5,0.4313258333819081,0.9919003115264797,0.49,-3.387159866020471,-0.10872663602232933,0.11079693432897329,0.019848767518997192
mixed_groupcv_psnr_benefit_V5_mlp_506,synthetic_bsds,0.4,50,,0.98,0.5,0.4313258333819081,0.9919003115264797,0.49,-3.387159866020471,-0.10872663602232933,0.11079693432897329,0.019848767518997192
mixed_groupcv_psnr_benefit_V5_mlp_506,synthetic_bsds,0.5,50,,0.98,0.5,0.4313258333819081,0.9919003115264797,0.49,-3.387159866020471,-0.10872663602232933,0.11079693432897329,0.019848767518997192
mixed_groupcv_psnr_benefit_V5_mlp_506,synthetic_bsds,0.6,50,,0.9733333333333334,0.75,0.7133935661038464,0.9765620189874071,0.73,-3.32339523644585,-0.11164070586363475,0.1173179589708646,0.023206294377644855
mixed_groupcv_psnr_benefit_V5_mlp_506,synthetic_bsds,0.7,50,,0.9733333333333334,0.75,0.7133935661038464,0.9765620189874071,0.73,-3.32339523644585,-0.11164070586363475,0.1173179589708646,0.023206294377644855
mixed_groupcv_psnr_benefit_V5_mlp_506,synthetic_bsds,0.8,50,,0.975,1.0,1.0,0.9778445735455081,0.975,-3.4353959139633448,-0.11837176129221916,0.12077853260561824,0.025153867602348327
mixed_groupcv_psnr_benefit_V5_mlp_506,synthetic_bsds,0.9,50,,0.975,1.0,1.0,0.9778445735455081,0.975,-3.4353959139633448,-0.11837176129221916,0.12077853260561824,0.025153867602348327
mixed_groupcv_psnr_benefit_V5_mlp_506,synthetic_bsds,1.0,50,,0.975,1.0,1.0,0.9778445735455081,0.975,-3.4353959139633448,-0.11837176129221916,0.12077853260561824,0.025153867602348327
mixed_groupcv_psnr_benefit_V5_mlp_507,all,0.1,55,,0.9818181818181818,0.23674242424242425,0.21582752201911082,0.9818181818181818,0.2321969696969697,-3.564916916455185,-0.15457759223201056,0.06908322283024476,0.01060021389614452
mixed_groupcv_psnr_benefit_V5_mlp_507,real_csig,0.1,5,,1.0,0.10416666666666667,0.10416666666666667,1.0,0.10416666666666667,-4.008029043671972,-0.11222388982772828,-0.1478065757220611,-0.03590122103691101
mixed_groupcv_psnr_benefit_V5_mlp_507,all,0.2,55,,0.9808857808857809,0.24573863636363635,0.22482373414032295,0.9808857808857809,0.2410037878787879,-3.5922754898857834,-0.15446769003962582,0.06958526747848291,0.010473917747710969
mixed_groupcv_psnr_benefit_V5_mlp_507,real_csig,0.2,5,,0.9897435897435898,0.203125,0.203125,0.9897435897435898,0.20104166666666665,-4.308973351408556,-0.11101496571149583,-0.14228408459144143,-0.03729047866968008
mixed_groupcv_psnr_benefit_V5_mlp_507,all,0.3,55,,0.990282131661442,0.4820075757575757,0.512255495725122,0.9956913641734783,0.4772727272727273,-3.5537819840916307,-0.14240071203641383,0.07528721642692145,0.016685028098593686
mixed_groupcv_psnr_benefit_V5_mlp_507,real_csig,0.3,5,,0.993103448275862,0.3020833333333333,0.3020833333333333,0.993103448275862,0.3,-4.131217360399676,-0.10387477715467583,-0.1251888699909865,-0.0300276741899293
mixed_groupcv_psnr_benefit_V5_mlp_507,all,0.4,55,,0.9902007083825265,0.4910037878787879,0.521251707846334,0.9956099408945628,0.48617424242424245,-3.554774632698508,-0.1422682356260884,0.07616824865079491,0.017026134357823953
mixed_groupcv_psnr_benefit_V5_mlp_507,real_csig,0.4,5,,0.9922077922077921,0.4010416666666667,0.4010416666666667,0.9922077922077921,0.3979166666666667,-4.142136495075321,-0.10241753664109614,-0.11549751552837814,-0.02627550533839635
mixed_groupcv_psnr_benefit_V5_mlp_507,all,0.5,55,,0.9901515151515152,0.5,0.5302479199675462,0.9955607476635514,0.4950757575757576,-3.5568016952836383,-0.14205993921072646,0.07663222725448467,0.017038366063074635
mixed_groupcv_psnr_benefit_V5_mlp_507,real_csig,0.5,5,,0.9916666666666666,0.5,0.5,0.9916666666666666,0.4958333333333333,-4.16443418351176,-0.1001262760721147,-0.11039375088779099,-0.02614095658063889
mixed_groupcv_psnr_benefit_V5_mlp_507,all,0.6,55,,0.9751306165099269,0.7367424242424242,0.7750670111651419,0.9748438337693609,0.7181818181818181,-3.5006263183842816,-0.1280916636033118,0.09414815505421086,0.020300561485494816
mixed_groupcv_psnr_benefit_V5_mlp_507,real_csig,0.6,5,,0.993103448275862,0.6041666666666666,0.6041666666666666,0.993103448275862,0.6,-4.157115480992128,-0.09733852081257721,-0.10756223672792187,-0.026197273258505193
mixed_groupcv_psnr_benefit_V5_mlp_507,all,0.7,55,,0.9752188552188553,0.7457386363636364,0.7840632232863541,0.9749320724782892,0.7271780303030303,-3.5019278061855634,-0.12804963726387283,0.09433442352860165,0.02023781013007116
mixed_groupcv_psnr_benefit_V5_mlp_507,real_csig,0.7,5,,0.994074074074074,0.703125,0.703125,0.994074074074074,0.6989583333333333,-4.171431846806227,-0.09687623107874835,-0.10551328350962312,-0.02688753816816542
mixed_groupcv_psnr_benefit_V5_mlp_507,all,0.8,55,,0.9768004722550178,0.9820075757575758,0.9820075757575758,0.9793864482054797,0.9589015151515152,-3.5051485107814315,-0.11624329869922387,0.10046858426970744,0.020433788386821184
mixed_groupcv_psnr_benefit_V5_mlp_507,real_csig,0.8,5,,0.9948051948051948,0.8020833333333334,0.8020833333333334,0.9948051948051948,0.7979166666666667,-4.202674478962305,-0.09495867276927093,-0.10263089908940064,-0.02676700376845026
mixed_groupcv_psnr_benefit_V5_mlp_507,all,0.9,55,,0.9766421439831845,0.9910037878787878,0.9910037878787878,0.9792281199336464,0.9677083333333333,-3.506480778448582,-0.11601798215854564,0.10088076139925048,0.020353702767798604
mixed_groupcv_psnr_benefit_V5_mlp_507,real_csig,0.9,5,,0.9930635838150289,0.9010416666666666,0.9010416666666666,0.9930635838150289,0.8947916666666667,-4.217329423300951,-0.09248019082181028,-0.09809695066442725,-0.02764794557769864
mixed_groupcv_psnr_benefit_V5_mlp_507,all,1.0,55,,0.9765151515151516,1.0,1.0,0.9791011274656135,0.9765151515151516,-3.5155357379310312,-0.11601127153685824,0.10091361861233246,0.02022715721166495
mixed_groupcv_psnr_benefit_V5_mlp_507,real_csig,1.0,5,,0.9916666666666668,1.0,1.0,0.9916666666666668,0.9916666666666668,-4.3169339776078965,-0.09240637398324907,-0.09773552132052524,-0.029039946695168812
mixed_groupcv_psnr_benefit_V5_mlp_507,synthetic_bsds,0.1,50,,0.98,0.25,0.22699360755435521,0.98,0.245,-3.520605703733505,-0.1588129624724388,0.09077220268547535,0.015250357389450074
mixed_groupcv_psnr_benefit_V5_mlp_507,synthetic_bsds,0.2,50,,0.98,0.25,0.22699360755435521,0.98,0.245,-3.520605703733505,-0.1588129624724388,0.09077220268547535,0.015250357389450074
mixed_groupcv_psnr_benefit_V5_mlp_507,synthetic_bsds,0.3,50,,0.99,0.5,0.5332727119643007,0.9959501557632399,0.495,-3.4960384464608256,-0.14625330552458762,0.09533482506871223,0.021356298327445983
mixed_groupcv_psnr_benefit_V5_mlp_507,synthetic_bsds,0.4,50,,0.99,0.5,0.5332727119643007,0.9959501557632399,0.495,-3.4960384464608256,-0.14625330552458762,0.09533482506871223,0.021356298327445983
mixed_groupcv_psnr_benefit_V5_mlp_507,synthetic_bsds,0.5,50,,0.99,0.5,0.5332727119643007,0.9959501557632399,0.495,-3.4960384464608256,-0.14625330552458762,0.09533482506871223,0.021356298327445983
mixed_groupcv_psnr_benefit_V5_mlp_507,synthetic_bsds,0.6,50,,0.9733333333333334,0.75,0.7921570456149896,0.9730178723187107,0.73,-3.4349774021234976,-0.13116697788238527,0.1143191942324241,0.024950344959894816
mixed_groupcv_psnr_benefit_V5_mlp_507,synthetic_bsds,0.7,50,,0.9733333333333334,0.75,0.7921570456149896,0.9730178723187107,0.73,-3.4349774021234976,-0.13116697788238527,0.1143191942324241,0.024950344959894816
mixed_groupcv_psnr_benefit_V5_mlp_507,synthetic_bsds,0.8,50,,0.975,1.0,1.0,0.9778445735455081,0.975,-3.4353959139633448,-0.11837176129221916,0.12077853260561824,0.025153867602348327
mixed_groupcv_psnr_benefit_V5_mlp_507,synthetic_bsds,0.9,50,,0.975,1.0,1.0,0.9778445735455081,0.975,-3.4353959139633448,-0.11837176129221916,0.12077853260561824,0.025153867602348327
mixed_groupcv_psnr_benefit_V5_mlp_507,synthetic_bsds,1.0,50,,0.975,1.0,1.0,0.9778445735455081,0.975,-3.4353959139633448,-0.11837176129221916,0.12077853260561824,0.025153867602348327
mixed_groupcv_psnr_benefit_V6_logistic_505,all,0.1,55,,1.0,0.23674242424242425,0.22403013022171903,1.0,0.23674242424242425,-3.9478698780869093,-0.13710180434991012,0.07242521610110998,0.01654849583452398
mixed_groupcv_psnr_benefit_V6_logistic_505,real_csig,0.1,5,,1.0,0.10416666666666667,0.10416666666666667,1.0,0.10416666666666667,-3.583626959993358,-0.07897718496620655,-0.09776812415570021,-0.023017097711563107
mixed_groupcv_psnr_benefit_V6_logistic_505,all,0.2,55,,0.9990675990675991,0.24573863636363635,0.2330263423429311,0.9990675990675991,0.2455492424242424,-3.972497990952964,-0.13732384534982536,0.0726644487122382,0.016357560035509942
mixed_groupcv_psnr_benefit_V6_logistic_505,real_csig,0.2,5,,0.9897435897435898,0.203125,0.203125,0.9897435897435898,0.20104166666666665,-3.854536201519962,-0.08141963596527393,-0.09513656543328976,-0.025117391500717547
mixed_groupcv_psnr_benefit_V6_logistic_505,all,0.3,55,,0.9899686520376176,0.4820075757575757,0.46200240621969596,0.9953778845496538,0.4771780303030303,-3.7610307571391575,-0.12549194867801516,0.08581332135478438,0.018017141591045175
mixed_groupcv_psnr_benefit_V6_logistic_505,real_csig,0.3,5,,0.9896551724137931,0.3020833333333333,0.3020833333333333,0.9896551724137931,0.2989583333333333,-4.1039925136140285,-0.08279886821220662,-0.09313665801209622,-0.0264917947095016
mixed_groupcv_psnr_benefit_V6_logistic_505,all,0.4,55,,0.9897284533648169,0.4910037878787879,0.47099861834090806,0.9951376858768531,0.4859848484848485,-3.7711496816276235,-0.12588151650945298,0.08527749691063972,0.01769212264800719
mixed_groupcv_psnr_benefit_V6_logistic_505,real_csig,0.4,5,,0.9870129870129869,0.4010416666666667,0.4010416666666667,0.9870129870129869,0.39583333333333337,-4.215300682987157,-0.08708411435802262,-0.09903072689768748,-0.03006700308291943
mixed_groupcv_psnr_benefit_V6_logistic_505,all,0.5,55,,0.9897727272727272,0.5,0.47999483046212016,0.9951819597847635,0.4948863636363636,-3.7862805632501506,-0.12623663817560582,0.08491356818210051,0.01761792897049225
mixed_groupcv_psnr_benefit_V6_logistic_505,real_csig,0.5,5,,0.9875,0.5,0.5,0.9875,0.49375,-4.381740380834959,-0.09099045268570384,-0.10303394291161869,-0.030883133535583814
mixed_groupcv_psnr_benefit_V6_logistic_505,all,0.6,55,,0.9746603970741902,0.7367424242424242,0.7092217004600183,0.9773164517979882,0.7178977272727273,-3.6132728932730025,-0.11733956361265392,0.09578975219894569,0.018916763201776345
mixed_groupcv_psnr_benefit_V6_logistic_505,real_csig,0.6,5,,0.9879310344827588,0.6041666666666666,0.6041666666666666,0.9879310344827588,0.5968749999999999,-4.375316534271873,-0.09124623506233609,-0.10223907830257868,-0.03129707307651125
mixed_groupcv_psnr_benefit_V6_logistic_505,all,0.7,55,,0.9748148148148148,0.7457386363636364,0.7182179125812304,0.9774708695386128,0.7268939393939394,-3.612806340193663,-0.11733936223919542,0.09579992937030714,0.018941067734149965
mixed_groupcv_psnr_benefit_V6_logistic_505,real_csig,0.7,5,,0.9896296296296295,0.703125,0.703125,0.9896296296296295,0.6958333333333334,-4.370184450399138,-0.09124401995429286,-0.10212712941760267,-0.031029723220401345
mixed_groupcv_psnr_benefit_V6_logistic_505,all,0.8,55,,0.9764462809917355,0.9820075757575758,0.9820075757575758,0.9790322569421974,0.9586174242424241,-3.518053450258138,-0.11599172173065728,0.10059874449573994,0.020104633889203933
mixed_groupcv_psnr_benefit_V6_logistic_505,real_csig,0.8,5,,0.9909090909090909,0.8020833333333334,0.8020833333333334,0.9909090909090909,0.7947916666666667,-4.344628813206076,-0.09219132611503848,-0.10119913660304306,-0.030387703242240015
mixed_groupcv_psnr_benefit_V6_logistic_505,all,0.9,55,,0.9764319495533368,0.9910037878787878,0.9910037878787878,0.9790179255037987,0.9675189393939394,-3.5134460917846257,-0.11598874109782988,0.10096704134511059,0.020235980900725876
mixed_groupcv_psnr_benefit_V6_logistic_505,real_csig,0.9,5,,0.9907514450867051,0.9010416666666666,0.9010416666666666,0.9907514450867051,0.8927083333333332,-4.293947869997433,-0.09215853915393699,-0.09714787125996598,-0.028942886115498622
mixed_groupcv_psnr_benefit_V6_logistic_505,all,1.0,55,,0.9765151515151516,1.0,1.0,0.9791011274656135,0.9765151515151516,-3.5155357379310312,-0.11601127153685824,0.10091361861233246,0.02022715721166495
mixed_groupcv_psnr_benefit_V6_logistic_505,real_csig,1.0,5,,0.9916666666666668,1.0,1.0,0.9916666666666668,0.9916666666666668,-4.3169339776078965,-0.09240637398324907,-0.09773552132052524,-0.029039946695168812
mixed_groupcv_psnr_benefit_V6_logistic_505,synthetic_bsds,0.1,50,,1.0,0.25,0.23601647657722424,1.0,0.25,-3.9842941698962635,-0.1429142662882805,0.089444550126791,0.02050505518913269
mixed_groupcv_psnr_benefit_V6_logistic_505,synthetic_bsds,0.2,50,,1.0,0.25,0.23601647657722424,1.0,0.25,-3.9842941698962635,-0.1429142662882805,0.089444550126791,0.02050505518913269
mixed_groupcv_psnr_benefit_V6_logistic_505,synthetic_bsds,0.3,50,,0.99,0.5,0.4779943135083322,0.9959501557632399,0.495,-3.72673458149167,-0.129761256724596,0.10370831929147244,0.022468035221099854
mixed_groupcv_psnr_benefit_V6_logistic_505,synthetic_bsds,0.4,50,,0.99,0.5,0.4779943135083322,0.9959501557632399,0.495,-3.72673458149167,-0.129761256724596,0.10370831929147244,0.022468035221099854
mixed_groupcv_psnr_benefit_V6_logistic_505,synthetic_bsds,0.5,50,,0.99,0.5,0.4779943135083322,0.9959501557632399,0.495,-3.72673458149167,-0.129761256724596,0.10370831929147244,0.022468035221099854
mixed_groupcv_psnr_benefit_V6_logistic_505,synthetic_bsds,0.6,50,,0.9733333333333334,0.75,0.7197272038393534,0.9762549935295111,0.73,-3.5370685291731148,-0.1199488964676857,0.11559263524909813,0.023938146829605104
mixed_groupcv_psnr_benefit_V6_logistic_505,synthetic_bsds,0.7,50,,0.9733333333333334,0.75,0.7197272038393534,0.9762549935295111,0.73,-3.5370685291731148,-0.1199488964676857,0.11559263524909813,0.023938146829605104
mixed_groupcv_psnr_benefit_V6_logistic_505,synthetic_bsds,0.8,50,,0.975,1.0,1.0,0.9778445735455081,0.975,-3.4353959139633448,-0.11837176129221916,0.12077853260561824,0.025153867602348327
mixed_groupcv_psnr_benefit_V6_logistic_505,synthetic_bsds,0.9,50,,0.975,1.0,1.0,0.9778445735455081,0.975,-3.4353959139633448,-0.11837176129221916,0.12077853260561824,0.025153867602348327
mixed_groupcv_psnr_benefit_V6_logistic_505,synthetic_bsds,1.0,50,,0.975,1.0,1.0,0.9778445735455081,0.975,-3.4353959139633448,-0.11837176129221916,0.12077853260561824,0.025153867602348327
mixed_groupcv_psnr_benefit_V6_mlp_505,all,0.1,55,,0.9990909090909091,0.23674242424242425,0.22416625746064991,0.9990909090909091,0.23664772727272726,-3.841213427597879,-0.11842203957113352,0.0966584324735132,0.018393282294273377
mixed_groupcv_psnr_benefit_V6_mlp_505,real_csig,0.1,5,,0.99,0.10416666666666667,0.10416666666666667,0.99,0.103125,-4.10028693762119,-0.09682251855731011,-0.09199735682457685,-0.024840130209922796
mixed_groupcv_psnr_benefit_V6_mlp_505,all,0.2,55,,0.9990675990675991,0.24573863636363635,0.23316246958186207,0.9990675990675991,0.24554924242424245,-3.8119890334574627,-0.11837681901482713,0.09724204818346908,0.01888978912002279
mixed_groupcv_psnr_benefit_V6_mlp_505,real_csig,0.2,5,,0.9897435897435898,0.203125,0.203125,0.9897435897435898,0.20104166666666665,-3.7788186020766106,-0.09632509243793977,-0.08557758401506221,-0.019378555126679253
mixed_groupcv_psnr_benefit_V6_mlp_505,all,0.3,55,,0.9808777429467085,0.4820075757575757,0.4431116901327182,0.9808777429467085,0.4726325757575758,-3.6698692125689774,-0.12184646410815021,0.10281581331590384,0.018656569345617744
mixed_groupcv_psnr_benefit_V6_mlp_505,real_csig,0.3,5,,0.9896551724137931,0.3020833333333333,0.3020833333333333,0.9896551724137931,0.2989583333333333,-3.84248060435326,-0.09555494004282458,-0.08143817057415585,-0.01751701646837695
mixed_groupcv_psnr_benefit_V6_mlp_505,all,0.4,55,,0.9806375442739078,0.4910037878787879,0.45210790225393027,0.9806375442739079,0.48143939393939394,-3.6695350415914056,-0.12164860572204117,0.10275703033216853,0.018590457366236268
mixed_groupcv_psnr_benefit_V6_mlp_505,real_csig,0.4,5,,0.9870129870129869,0.4010416666666667,0.4010416666666667,0.9870129870129869,0.39583333333333337,-3.838804723599975,-0.09337849779562515,-0.08208478339524432,-0.018244248241573186
mixed_groupcv_psnr_benefit_V6_mlp_505,all,0.5,55,,0.9804924242424241,0.5,0.46110411437514237,0.9804924242424241,0.49024621212121205,-3.687221591199146,-0.12161319119375988,0.10238390283475657,0.01830768105432843
mixed_groupcv_psnr_benefit_V6_mlp_505,real_csig,0.5,5,,0.9854166666666666,0.5,0.5,0.9854166666666666,0.4927083333333333,-4.033356769285113,-0.09298893798453112,-0.0861891858667756,-0.021354787672559418
mixed_groupcv_psnr_benefit_V6_mlp_505,all,0.6,55,,0.9807210031347963,0.7367424242424242,0.6972460361479053,0.9850134810389322,0.7224431818181818,-3.546451185433175,-0.1166447506534362,0.10131680840780119,0.01900209103445275
mixed_groupcv_psnr_benefit_V6_mlp_505,real_csig,0.6,5,,0.9879310344827588,0.6041666666666666,0.6041666666666666,0.9879310344827588,0.5968749999999999,-4.163360524213739,-0.09219021479888208,-0.08990060543191844,-0.025431308561357963
mixed_groupcv_psnr_benefit_V6_mlp_505,all,0.7,55,,0.9808754208754209,0.7457386363636364,0.7062422482691173,0.9851678987795569,0.7314393939393941,-3.548815577982339,-0.11655688624289703,0.10132414272287076,0.01890249292457144
mixed_groupcv_psnr_benefit_V6_mlp_505,real_csig,0.7,5,,0.9896296296296295,0.703125,0.703125,0.9896296296296295,0.6958333333333334,-4.189368842254545,-0.0912237062829512,-0.08981992796615317,-0.02652688777005231
mixed_groupcv_psnr_benefit_V6_mlp_505,all,0.8,55,,0.9764462809917355,0.9820075757575758,0.9820075757575758,0.9790322569421974,0.9586174242424241,-3.5120591220384463,-0.1159605951146294,0.10123333642292226,0.020221509765987557
mixed_groupcv_psnr_benefit_V6_mlp_505,real_csig,0.8,5,,0.9909090909090909,0.8020833333333334,0.8020833333333334,0.9909090909090909,0.7947916666666667,-4.278691202789458,-0.09184893333873193,-0.09421862540403744,-0.029102068597620184
mixed_groupcv_psnr_benefit_V6_mlp_505,all,0.9,55,,0.9764319495533368,0.9910037878787878,0.9910037878787878,0.9790179255037987,0.9675189393939394,-3.514034051539578,-0.11592965400099942,0.10111385107948725,0.020228416466800653
mixed_groupcv_psnr_benefit_V6_mlp_505,real_csig,0.9,5,,0.9907514450867051,0.9010416666666666,0.9010416666666666,0.9907514450867051,0.8927083333333332,-4.300415427301911,-0.09150858108880203,-0.0955329641818225,-0.029026094888676118
mixed_groupcv_psnr_benefit_V6_mlp_505,all,1.0,55,,0.9765151515151516,1.0,1.0,0.9791011274656135,0.9765151515151516,-3.5155357379310312,-0.11601127153685824,0.10091361861233246,0.02022715721166495
mixed_groupcv_psnr_benefit_V6_mlp_505,real_csig,1.0,5,,0.9916666666666668,1.0,1.0,0.9916666666666668,0.9916666666666668,-4.3169339776078965,-0.09240637398324907,-0.09773552132052524,-0.029039946695168812
mixed_groupcv_psnr_benefit_V6_mlp_505,synthetic_bsds,0.1,50,,1.0,0.25,0.23616621654004832,1.0,0.25,-3.8153060765955473,-0.12058199167251588,0.11552401140332222,0.022716623544692994
mixed_groupcv_psnr_benefit_V6_mlp_505,synthetic_bsds,0.2,50,,1.0,0.25,0.23616621654004832,1.0,0.25,-3.8153060765955473,-0.12058199167251588,0.11552401140332222,0.022716623544692994
mixed_groupcv_psnr_benefit_V6_mlp_505,synthetic_bsds,0.3,50,,0.98,0.5,0.4572145258126566,0.98,0.49,-3.652608073390549,-0.12447561651468277,0.1212412117049098,0.022273927927017212
mixed_groupcv_psnr_benefit_V6_mlp_505,synthetic_bsds,0.4,50,,0.98,0.5,0.4572145258126566,0.98,0.49,-3.652608073390549,-0.12447561651468277,0.1212412117049098,0.022273927927017212
mixed_groupcv_psnr_benefit_V6_mlp_505,synthetic_bsds,0.5,50,,0.98,0.5,0.4572145258126566,0.98,0.49,-3.652608073390549,-0.12447561651468277,0.1212412117049098,0.022273927927017212
mixed_groupcv_psnr_benefit_V6_mlp_505,synthetic_bsds,0.6,50,,0.98,0.75,0.7065539730960292,0.9847217256945495,0.735,-3.4847602515551186,-0.1190902042388916,0.12043854979177315,0.023445430994033813
mixed_groupcv_psnr_benefit_V6_mlp_505,synthetic_bsds,0.7,50,,0.98,0.75,0.7065539730960292,0.9847217256945495,0.735,-3.4847602515551186,-0.1190902042388916,0.12043854979177315,0.023445430994033813
mixed_groupcv_psnr_benefit_V6_mlp_505,synthetic_bsds,0.8,50,,0.975,1.0,1.0,0.9778445735455081,0.975,-3.4353959139633448,-0.11837176129221916,0.12077853260561824,0.025153867602348327
mixed_groupcv_psnr_benefit_V6_mlp_505,synthetic_bsds,0.9,50,,0.975,1.0,1.0,0.9778445735455081,0.975,-3.4353959139633448,-0.11837176129221916,0.12077853260561824,0.025153867602348327
mixed_groupcv_psnr_benefit_V6_mlp_505,synthetic_bsds,1.0,50,,0.975,1.0,1.0,0.9778445735455081,0.975,-3.4353959139633448,-0.11837176129221916,0.12077853260561824,0.025153867602348327
mixed_groupcv_psnr_benefit_V6_mlp_506,all,0.1,55,,1.0,0.23674242424242425,0.21662591534086864,1.0,0.23674242424242425,-3.363833427411493,-0.10934077732942321,0.11337069202426144,0.02096079837192189
mixed_groupcv_psnr_benefit_V6_mlp_506,real_csig,0.1,5,,1.0,0.10416666666666667,0.10416666666666667,1.0,0.10416666666666667,-3.432442796001091,-0.09359321460127831,-0.0756154175242409,-0.010202821493148804
mixed_groupcv_psnr_benefit_V6_mlp_506,all,0.2,55,,1.0,0.24573863636363635,0.22562212746208074,1.0,0.24573863636363635,-3.3745656375846487,-0.10942121704558393,0.11278920518777101,0.020433204907637375
mixed_groupcv_psnr_benefit_V6_mlp_506,real_csig,0.2,5,,1.0,0.203125,0.203125,1.0,0.203125,-3.5504971079057994,-0.09447805147904617,-0.08201177272563562,-0.016006349600278413
mixed_groupcv_psnr_benefit_V6_mlp_506,all,0.3,55,,0.9899686520376176,0.4820075757575757,0.4353340674018244,0.9953778845496538,0.47717803030303024,-3.4821853647101504,-0.11980541802966109,0.10557493516419166,0.019955908560827608
mixed_groupcv_psnr_benefit_V6_mlp_506,real_csig,0.3,5,,0.9896551724137931,0.3020833333333333,0.3020833333333333,0.9896551724137931,0.2989583333333333,-3.8028150040735405,-0.09432691268879792,-0.08677588517713394,-0.02052058741964143
mixed_groupcv_psnr_benefit_V6_mlp_506,all,0.4,55,,0.9899645808736718,0.4910037878787879,0.4443302795230365,0.9953738133857081,0.48607954545454546,-3.487220145180165,-0.1195883899680839,0.1057409548639389,0.019984127920661936
mixed_groupcv_psnr_benefit_V6_mlp_506,real_csig,0.4,5,,0.9896103896103895,0.4010416666666667,0.4010416666666667,0.9896103896103895,0.39687500000000003,-3.858197589243698,-0.09193960401144895,-0.084949668479914,-0.020210174461463826
mixed_groupcv_psnr_benefit_V6_mlp_506,all,0.5,55,,0.9899621212121211,0.5,0.4533264916442487,0.9953713537241574,0.49498106060606056,-3.4985528317069794,-0.11953229972471793,0.10534354715756225,0.01980511530330687
mixed_groupcv_psnr_benefit_V6_mlp_506,real_csig,0.5,5,,0.9895833333333333,0.5,0.5,0.9895833333333333,0.49479166666666663,-3.9828571410386586,-0.09132261133442322,-0.08932115325005727,-0.02217931325236956
mixed_groupcv_psnr_benefit_V6_mlp_506,all,0.6,55,,0.9748171368861024,0.7367424242424242,0.7239581806170592,0.9788228320496725,0.7179924242424243,-3.4400455787734163,-0.11504006317058577,0.10619640032271296,0.02192402611581011
mixed_groupcv_psnr_benefit_V6_mlp_506,real_csig,0.6,5,,0.9896551724137931,0.6041666666666666,0.6041666666666666,0.9896551724137931,0.5979166666666667,-4.116797872628635,-0.09191320577058298,-0.0927486816742297,-0.02593916222966951
mixed_groupcv_psnr_benefit_V6_mlp_506,all,0.7,55,,0.9749494949494949,0.7457386363636364,0.7329543927382715,0.9789551901130649,0.7269886363636363,-3.4474227154105517,-0.11500340186385594,0.10632697181644465,0.021828410786008997
mixed_groupcv_psnr_benefit_V6_mlp_506,real_csig,0.7,5,,0.9911111111111112,0.703125,0.703125,0.9911111111111112,0.696875,-4.197946375637119,-0.09150993139655503,-0.0913123952431811,-0.02699093085748177
mixed_groupcv_psnr_benefit_V6_mlp_506,all,0.8,55,,0.9764462809917355,0.9820075757575758,0.9820075757575758,0.9790322569421974,0.9586174242424241,-3.5095411330898663,-0.11598741940916499,0.10116657386022622,0.020241483373934714
mixed_groupcv_psnr_benefit_V6_mlp_506,real_csig,0.8,5,,0.9909090909090909,0.8020833333333334,0.8020833333333334,0.9909090909090909,0.7947916666666667,-4.250993324355081,-0.09214400057862332,-0.09495301359369382,-0.02888235891020143
mixed_groupcv_psnr_benefit_V6_mlp_506,all,0.9,55,,0.9764319495533368,0.9910037878787878,0.9910037878787878,0.9790179255037987,0.9675189393939394,-3.513956102102071,-0.11599397094028596,0.10110911689796577,0.02021641004292262
mixed_groupcv_psnr_benefit_V6_mlp_506,real_csig,0.9,5,,0.9907514450867051,0.9010416666666666,0.9010416666666666,0.9907514450867051,0.8927083333333332,-4.299557983489329,-0.09221606742095396,-0.09558504017855907,-0.029158165551334447
mixed_groupcv_psnr_benefit_V6_mlp_506,all,1.0,55,,0.9765151515151516,1.0,1.0,0.9791011274656135,0.9765151515151516,-3.5155357379310312,-0.11601127153685824,0.10091361861233246,0.02022715721166495
mixed_groupcv_psnr_benefit_V6_mlp_506,real_csig,1.0,5,,0.9916666666666668,1.0,1.0,0.9916666666666668,0.9916666666666668,-4.3169339776078965,-0.09240637398324907,-0.09773552132052524,-0.029039946695168812
mixed_groupcv_psnr_benefit_V6_mlp_506,synthetic_bsds,0.1,50,,1.0,0.25,0.22787184020828882,1.0,0.25,-3.3569724905525336,-0.1109155336022377,0.13226930297911166,0.024077160358428953
mixed_groupcv_psnr_benefit_V6_mlp_506,synthetic_bsds,0.2,50,,1.0,0.25,0.22787184020828882,1.0,0.25,-3.3569724905525336,-0.1109155336022377,0.13226930297911166,0.024077160358428953
mixed_groupcv_psnr_benefit_V6_mlp_506,synthetic_bsds,0.3,50,,0.99,0.5,0.44865914080867353,0.9959501557632399,0.495,-3.450122400773812,-0.12235326856374741,0.1248100171983242,0.024003558158874512
mixed_groupcv_psnr_benefit_V6_mlp_506,synthetic_bsds,0.4,50,,0.99,0.5,0.44865914080867353,0.9959501557632399,0.495,-3.450122400773812,-0.12235326856374741,0.1248100171983242,0.024003558158874512
mixed_groupcv_psnr_benefit_V6_mlp_506,synthetic_bsds,0.5,50,,0.99,0.5,0.44865914080867353,0.9959501557632399,0.495,-3.450122400773812,-0.12235326856374741,0.1248100171983242,0.024003558158874512
mixed_groupcv_psnr_benefit_V6_mlp_506,synthetic_bsds,0.6,50,,0.9733333333333334,0.75,0.7359373320120984,0.9777395980132603,0.73,-3.3723703493878943,-0.11735274891058603,0.12609090852240723,0.026710344950358077
mixed_groupcv_psnr_benefit_V6_mlp_506,synthetic_bsds,0.7,50,,0.9733333333333334,0.75,0.7359373320120984,0.9777395980132603,0.73,-3.3723703493878943,-0.11735274891058603,0.12609090852240723,0.026710344950358077
mixed_groupcv_psnr_benefit_V6_mlp_506,synthetic_bsds,0.8,50,,0.975,1.0,1.0,0.9778445735455081,0.975,-3.4353959139633448,-0.11837176129221916,0.12077853260561824,0.025153867602348327
mixed_groupcv_psnr_benefit_V6_mlp_506,synthetic_bsds,0.9,50,,0.975,1.0,1.0,0.9778445735455081,0.975,-3.4353959139633448,-0.11837176129221916,0.12077853260561824,0.025153867602348327
mixed_groupcv_psnr_benefit_V6_mlp_506,synthetic_bsds,1.0,50,,0.975,1.0,1.0,0.9778445735455081,0.975,-3.4353959139633448,-0.11837176129221916,0.12077853260561824,0.025153867602348327
mixed_groupcv_psnr_benefit_V6_mlp_507,all,0.1,55,,0.98,0.23674242424242425,0.22829234943720922,0.98,0.23200757575757577,-3.3834442919814927,-0.1200213957239281,0.11285346440716901,0.025049071962183173
mixed_groupcv_psnr_benefit_V6_mlp_507,real_csig,0.1,5,,0.9800000000000001,0.10416666666666667,0.10416666666666667,0.9800000000000001,0.10208333333333335,-3.229792006980501,-0.09529797658324242,-0.07934247563593089,-0.006096577644348148
mixed_groupcv_psnr_benefit_V6_mlp_507,all,0.2,55,,0.9799533799533799,0.24573863636363635,0.23728856155842135,0.9799533799533799,0.24081439393939397,-3.4017494952976755,-0.11985320561415666,0.1128048580276643,0.024448986014563995
mixed_groupcv_psnr_benefit_V6_mlp_507,real_csig,0.2,5,,0.9794871794871796,0.203125,0.203125,0.9794871794871796,0.19895833333333335,-3.4311492434585134,-0.09344788537575649,-0.0798771458104826,-0.012697523068159054
mixed_groupcv_psnr_benefit_V6_mlp_507,all,0.3,55,,0.9805642633228839,0.4820075757575757,0.41547962698663626,0.980957821853729,0.47253787878787884,-3.626348228907426,-0.1307604148003001,0.10614806773654861,0.01782825738658726
mixed_groupcv_psnr_benefit_V6_mlp_507,real_csig,0.3,5,,0.9862068965517242,0.3020833333333333,0.3020833333333333,0.9862068965517242,0.29791666666666666,-3.649423448314958,-0.09187257032969902,-0.07985977183963204,-0.01566870356428212
mixed_groupcv_psnr_benefit_V6_mlp_507,all,0.4,55,,0.9806375442739078,0.4910037878787879,0.4244758391078484,0.981031102804753,0.48143939393939394,-3.637818814278405,-0.1308230570982592,0.10601332244510546,0.017801090635121784
mixed_groupcv_psnr_benefit_V6_mlp_507,real_csig,0.4,5,,0.9870129870129869,0.4010416666666667,0.4010416666666667,0.9870129870129869,0.39583333333333337,-3.775599887395721,-0.09256163560724877,-0.08134197004550656,-0.015967537830402324
mixed_groupcv_psnr_benefit_V6_mlp_507,all,0.5,55,,0.9806818181818182,0.5,0.4334720512290606,0.9810753767126632,0.4903409090909091,-3.6513156519428946,-0.13069740054903156,0.10557854183399203,0.017419791052287276
mixed_groupcv_psnr_benefit_V6_mlp_507,real_csig,0.5,5,,0.9875,0.5,0.5,0.9875,0.49375,-3.9240651017051107,-0.09117941356574495,-0.08612455676775425,-0.020161833241581915
mixed_groupcv_psnr_benefit_V6_mlp_507,all,0.6,55,,0.9748171368861024,0.7367424242424242,0.714296914881027,0.9745303541455363,0.7179924242424243,-3.5485586506675757,-0.12366128986781168,0.09995723601655458,0.019087313481508255
mixed_groupcv_psnr_benefit_V6_mlp_507,real_csig,0.6,5,,0.9896551724137931,0.6041666666666666,0.6041666666666666,0.9896551724137931,0.5979166666666667,-3.992499213541784,-0.09044772766787432,-0.08806278729201134,-0.02246807063448018
mixed_groupcv_psnr_benefit_V6_mlp_507,all,0.7,55,,0.9749494949494949,0.7457386363636364,0.7232931270022392,0.974662712208929,0.7269886363636363,-3.5603295057614175,-0.1236740234955794,0.09970706187966298,0.018838221769942983
mixed_groupcv_psnr_benefit_V6_mlp_507,real_csig,0.7,5,,0.9911111111111112,0.703125,0.703125,0.9911111111111112,0.696875,-4.121978619574047,-0.0905877975733192,-0.09081470279781907,-0.025208079461698174
mixed_groupcv_psnr_benefit_V6_mlp_507,all,0.8,55,,0.9764462809917355,0.9820075757575758,0.9820075757575758,0.9790322569421974,0.9586174242424241,-3.504815143962081,-0.11596049130965715,0.10123573699108421,0.020365351565191005
mixed_groupcv_psnr_benefit_V6_mlp_507,real_csig,0.8,5,,0.9909090909090909,0.8020833333333334,0.8020833333333334,0.9909090909090909,0.7947916666666667,-4.199007443949452,-0.09184779148403702,-0.09419221915425614,-0.027519808806382218
mixed_groupcv_psnr_benefit_V6_mlp_507,all,0.9,55,,0.9764319495533368,0.9910037878787878,0.9910037878787878,0.9790179255037987,0.9675189393939394,-3.509631286122707,-0.11596600013191426,0.10109225821417536,0.02032388824885354
mixed_groupcv_psnr_benefit_V6_mlp_507,real_csig,0.9,5,,0.9907514450867051,0.9010416666666666,0.9010416666666666,0.9907514450867051,0.8927083333333332,-4.25198500771633,-0.09190838852886521,-0.09577048570025345,-0.027975905286094355
mixed_groupcv_psnr_benefit_V6_mlp_507,all,1.0,55,,0.9765151515151516,1.0,1.0,0.9791011274656135,0.9765151515151516,-3.5155357379310312,-0.11601127153685824,0.10091361861233246,0.02022715721166495
mixed_groupcv_psnr_benefit_V6_mlp_507,real_csig,1.0,5,,0.9916666666666668,1.0,1.0,0.9916666666666668,0.9916666666666668,-4.3169339776078965,-0.09240637398324907,-0.09773552132052524,-0.029039946695168812
mixed_groupcv_psnr_benefit_V6_mlp_507,synthetic_bsds,0.1,50,,0.98,0.25,0.2407049177142635,0.98,0.245,-3.398809520481592,-0.12249373763799667,0.13207305841147898,0.028163636922836303
mixed_groupcv_psnr_benefit_V6_mlp_507,synthetic_bsds,0.2,50,,0.98,0.25,0.2407049177142635,0.98,0.245,-3.398809520481592,-0.12249373763799667,0.13207305841147898,0.028163636922836303
mixed_groupcv_psnr_benefit_V6_mlp_507,synthetic_bsds,0.3,50,,0.98,0.5,0.4268192563519666,0.9804329143839295,0.49,-3.624040706966674,-0.13464919924736024,0.12474885169416666,0.021177953481674193
mixed_groupcv_psnr_benefit_V6_mlp_507,synthetic_bsds,0.4,50,,0.98,0.5,0.4268192563519666,0.9804329143839295,0.49,-3.624040706966674,-0.13464919924736024,0.12474885169416666,0.021177953481674193
mixed_groupcv_psnr_benefit_V6_mlp_507,synthetic_bsds,0.5,50,,0.98,0.5,0.4268192563519666,0.9804329143839295,0.49,-3.624040706966674,-0.13464919924736024,0.12474885169416666,0.021177953481674193
mixed_groupcv_psnr_benefit_V6_mlp_507,synthetic_bsds,0.6,50,,0.9733333333333334,0.75,0.7253099397024632,0.9730178723187107,0.73,-3.504164594380155,-0.12698264608780543,0.11875923834741116,0.0232428518931071
mixed_groupcv_psnr_benefit_V6_mlp_507,synthetic_bsds,0.7,50,,0.9733333333333334,0.75,0.7253099397024632,0.9730178723187107,0.73,-3.504164594380155,-0.12698264608780543,0.11875923834741116,0.0232428518931071
mixed_groupcv_psnr_benefit_V6_mlp_507,synthetic_bsds,0.8,50,,0.975,1.0,1.0,0.9778445735455081,0.975,-3.4353959139633448,-0.11837176129221916,0.12077853260561824,0.025153867602348327
mixed_groupcv_psnr_benefit_V6_mlp_507,synthetic_bsds,0.9,50,,0.975,1.0,1.0,0.9778445735455081,0.975,-3.4353959139633448,-0.11837176129221916,0.12077853260561824,0.025153867602348327
mixed_groupcv_psnr_benefit_V6_mlp_507,synthetic_bsds,1.0,50,,0.975,1.0,1.0,0.9778445735455081,0.975,-3.4353959139633448,-0.11837176129221916,0.12077853260561824,0.025153867602348327
mixed_groupcv_psnr_benefit_V7_logistic_505,all,0.1,55,,1.0,0.23674242424242425,0.22403013022171903,1.0,0.23674242424242425,-3.941788944999924,-0.1368479875068773,0.0725417028435252,0.01659574031829834
mixed_groupcv_psnr_benefit_V7_logistic_505,real_csig,0.1,5,,1.0,0.10416666666666667,0.10416666666666667,1.0,0.10416666666666667,-3.5167366960365256,-0.07618519969284535,-0.09648676998913289,-0.022497408390045166
mixed_groupcv_psnr_benefit_V7_logistic_505,all,0.2,55,,0.9990675990675991,0.24573863636363635,0.2330263423429311,0.9990675990675991,0.2455492424242424,-3.9662448488679667,-0.13717146427272917,0.07263331254618569,0.016368319021238312
mixed_groupcv_psnr_benefit_V7_logistic_505,real_csig,0.2,5,,0.9897435897435898,0.203125,0.203125,0.9897435897435898,0.20104166666666665,-3.785751638584992,-0.07974344411721597,-0.09547906325986752,-0.02499904265770546
mixed_groupcv_psnr_benefit_V7_logistic_505,all,0.3,55,,0.9896551724137931,0.4820075757575757,0.4677602587065203,0.9950644049258294,0.4770833333333333,-3.718931318821333,-0.12280708984428065,0.08691880457923634,0.018338792675341185
mixed_groupcv_psnr_benefit_V7_logistic_505,real_csig,0.3,5,,0.9862068965517242,0.3020833333333333,0.3020833333333333,0.9862068965517242,0.2979166666666666,-3.976786687661378,-0.08207085574495382,-0.09205404011821694,-0.02587687105968081
mixed_groupcv_psnr_benefit_V7_logistic_505,all,0.4,55,,0.9897284533648169,0.4910037878787879,0.4767564708277325,0.9951376858768531,0.4859848484848485,-3.735168205006446,-0.12316141399294313,0.08646591164231072,0.0180539960422088
mixed_groupcv_psnr_benefit_V7_logistic_505,real_csig,0.4,5,,0.9870129870129869,0.4010416666666667,0.4010416666666667,0.9870129870129869,0.39583333333333337,-4.15539243569762,-0.0859684213802412,-0.09703586242439877,-0.029009634024137025
mixed_groupcv_psnr_benefit_V7_logistic_505,all,0.5,55,,0.9897727272727272,0.5,0.48575268294894464,0.9951819597847635,0.4948863636363636,-3.7462847854609307,-0.12345532559592164,0.08612996113599475,0.017995936231631218
mixed_groupcv_psnr_benefit_V7_logistic_505,real_csig,0.5,5,,0.9875,0.5,0.5,0.9875,0.49375,-4.277674820696951,-0.0892014490130047,-0.10073131799387436,-0.029648291940490408
mixed_groupcv_psnr_benefit_V7_logistic_505,all,0.6,55,,0.9746603970741902,0.7367424242424242,0.7041610879227703,0.9773164517979882,0.7178977272727273,-3.6139808673490985,-0.11754601815775768,0.09607521175458447,0.018906938659110913
mixed_groupcv_psnr_benefit_V7_logistic_505,real_csig,0.6,5,,0.9879310344827588,0.6041666666666666,0.6041666666666666,0.9879310344827588,0.5968749999999999,-4.362696224224306,-0.09078674131426319,-0.10206008657556156,-0.03079501400733816
mixed_groupcv_psnr_benefit_V7_logistic_505,all,0.7,55,,0.9748148148148148,0.7457386363636364,0.7131573000439823,0.9774708695386128,0.7268939393939394,-3.6105629945661426,-0.11750421793573232,0.09620133134614837,0.018913284520107487
mixed_groupcv_psnr_benefit_V7_logistic_505,real_csig,0.7,5,,0.9896296296296295,0.703125,0.703125,0.9896296296296295,0.6958333333333334,-4.325099623611792,-0.09032693887198413,-0.10067277106835885,-0.030725209536375826
mixed_groupcv_psnr_benefit_V7_logistic_505,all,0.8,55,,0.9764462809917355,0.9820075757575758,0.9820075757575758,0.9790322569421974,0.9586174242424241,-3.516863036738645,-0.11595324921776863,0.10063698025026668,0.020139321512427213
mixed_groupcv_psnr_benefit_V7_logistic_505,real_csig,0.8,5,,0.9909090909090909,0.8020833333333334,0.8020833333333334,0.9909090909090909,0.7947916666666667,-4.331534264491642,-0.0917681284732633,-0.10077854330324895,-0.030006139386783946
mixed_groupcv_psnr_benefit_V7_logistic_505,all,0.9,55,,0.9764319495533368,0.9910037878787878,0.9910037878787878,0.9790179255037987,0.9675189393939394,-3.5125181900555105,-0.1159574914161807,0.10098395445357168,0.02024715059817119
mixed_groupcv_psnr_benefit_V7_logistic_505,real_csig,0.9,5,,0.9907514450867051,0.9010416666666666,0.9010416666666666,0.9907514450867051,0.8927083333333332,-4.283740950977175,-0.09181479265579598,-0.09696182706689387,-0.02882001944360017
mixed_groupcv_psnr_benefit_V7_logistic_505,all,1.0,55,,0.9765151515151516,1.0,1.0,0.9791011274656135,0.9765151515151516,-3.5155357379310312,-0.11601127153685824,0.10091361861233246,0.02022715721166495
mixed_groupcv_psnr_benefit_V7_logistic_505,real_csig,1.0,5,,0.9916666666666668,1.0,1.0,0.9916666666666668,0.9916666666666668,-4.3169339776078965,-0.09240637398324907,-0.09773552132052524,-0.029039946695168812
mixed_groupcv_psnr_benefit_V7_logistic_505,synthetic_bsds,0.1,50,,1.0,0.25,0.23601647657722424,1.0,0.25,-3.9842941698962635,-0.1429142662882805,0.089444550126791,0.02050505518913269
mixed_groupcv_psnr_benefit_V7_logistic_505,synthetic_bsds,0.2,50,,1.0,0.25,0.23601647657722424,1.0,0.25,-3.9842941698962635,-0.1429142662882805,0.089444550126791,0.02050505518913269
mixed_groupcv_psnr_benefit_V7_logistic_505,synthetic_bsds,0.3,50,,0.99,0.5,0.4843279512438391,0.9959501557632399,0.495,-3.6931457819373286,-0.12688071325421332,0.10481608904898167,0.022760359048843385
mixed_groupcv_psnr_benefit_V7_logistic_505,synthetic_bsds,0.4,50,,0.99,0.5,0.4843279512438391,0.9959501557632399,0.495,-3.6931457819373286,-0.12688071325421332,0.10481608904898167,0.022760359048843385
mixed_groupcv_psnr_benefit_V7_logistic_505,synthetic_bsds,0.5,50,,0.99,0.5,0.4843279512438391,0.9959501557632399,0.495,-3.6931457819373286,-0.12688071325421332,0.10481608904898167,0.022760359048843385
mixed_groupcv_psnr_benefit_V7_logistic_505,synthetic_bsds,0.6,50,,0.9733333333333334,0.75,0.7141605300483806,0.9762549935295111,0.73,-3.5391093316615776,-0.12022194584210714,0.11588874158759911,0.023877133925755814
mixed_groupcv_psnr_benefit_V7_logistic_505,synthetic_bsds,0.7,50,,0.9733333333333334,0.75,0.7141605300483806,0.9762549935295111,0.73,-3.5391093316615776,-0.12022194584210714,0.11588874158759911,0.023877133925755814
mixed_groupcv_psnr_benefit_V7_logistic_505,synthetic_bsds,0.8,50,,0.975,1.0,1.0,0.9778445735455081,0.975,-3.4353959139633448,-0.11837176129221916,0.12077853260561824,0.025153867602348327
mixed_groupcv_psnr_benefit_V7_logistic_505,synthetic_bsds,0.9,50,,0.975,1.0,1.0,0.9778445735455081,0.975,-3.4353959139633448,-0.11837176129221916,0.12077853260561824,0.025153867602348327
mixed_groupcv_psnr_benefit_V7_logistic_505,synthetic_bsds,1.0,50,,0.975,1.0,1.0,0.9778445735455081,0.975,-3.4353959139633448,-0.11837176129221916,0.12077853260561824,0.025153867602348327
mixed_groupcv_psnr_benefit_V7_mlp_505,all,0.1,55,,0.980909090909091,0.23674242424242425,0.2608342959978474,0.980909090909091,0.23210227272727274,-3.191203880130198,-0.09643792389468712,0.12344642467458139,0.027839719761501656
mixed_groupcv_psnr_benefit_V7_mlp_505,real_csig,0.1,5,,0.99,0.10416666666666667,0.10416666666666667,0.99,0.103125,-2.8166308048498303,-0.08967246577143669,-0.07098500471562147,-9.764969348907555e-05
mixed_groupcv_psnr_benefit_V7_mlp_505,all,0.2,55,,0.9813519813519814,0.24573863636363635,0.2698305081190595,0.9813519813519814,0.24109848484848484,-3.211301722287165,-0.09668861389299095,0.12343815313456774,0.02749618786476153
mixed_groupcv_psnr_benefit_V7_mlp_505,real_csig,0.2,5,,0.9948717948717949,0.203125,0.203125,0.9948717948717949,0.20208333333333334,-3.037707068576466,-0.09243005575277866,-0.07107599165577154,-0.0038765005576304897
mixed_groupcv_psnr_benefit_V7_mlp_505,all,0.3,55,,0.9802507836990595,0.4820075757575757,0.43827375632282173,0.9806443422299046,0.47244318181818185,-3.484329158474591,-0.1156171219756237,0.11223662033659584,0.023630774077203206
mixed_groupcv_psnr_benefit_V7_mlp_505,real_csig,0.3,5,,0.9827586206896551,0.3020833333333333,0.3020833333333333,0.9827586206896551,0.29687499999999994,-3.3499757011957483,-0.09328033867581138,-0.07809754587902591,-0.009132956841896318
mixed_groupcv_psnr_benefit_V7_mlp_505,all,0.4,55,,0.9804014167650531,0.4910037878787879,0.4472699684440338,0.9807949752958982,0.48134469696969695,-3.499198801619938,-0.11552521262885265,0.11191791380066182,0.023267926305638013
mixed_groupcv_psnr_benefit_V7_mlp_505,real_csig,0.4,5,,0.9844155844155843,0.4010416666666667,0.4010416666666667,0.9844155844155843,0.3947916666666667,-3.5135417757945655,-0.09226933586132992,-0.08160331777430006,-0.013124282329113456
mixed_groupcv_psnr_benefit_V7_mlp_505,all,0.5,55,,0.9806818181818182,0.5,0.456266180565246,0.9810753767126632,0.4903409090909091,-3.527300317201842,-0.11561189201575789,0.11135368918017553,0.022742243246598678
mixed_groupcv_psnr_benefit_V7_mlp_505,real_csig,0.5,5,,0.9875,0.5,0.5,0.9875,0.49375,-3.8226584471955114,-0.09322280911728739,-0.08780978859964914,-0.01890679597854614
mixed_groupcv_psnr_benefit_V7_mlp_505,all,0.6,55,,0.9808777429467085,0.7367424242424242,0.7202920479789638,0.9766948563100385,0.7225378787878788,-3.5379833265028147,-0.11845188813173099,0.10030148942748528,0.020044406747120425
mixed_groupcv_psnr_benefit_V7_mlp_505,real_csig,0.6,5,,0.9896551724137931,0.6041666666666666,0.6041666666666666,0.9896551724137931,0.5979166666666667,-3.9474567013979263,-0.09190227036075345,-0.092178850230793,-0.02300009583604747
mixed_groupcv_psnr_benefit_V7_mlp_505,all,0.7,55,,0.9808754208754209,0.7457386363636364,0.7292882601001761,0.9766925342387509,0.7314393939393941,-3.5525240929325794,-0.11847695252409689,0.10021807488906968,0.01978778591059675
mixed_groupcv_psnr_benefit_V7_mlp_505,real_csig,0.7,5,,0.9896296296296295,0.703125,0.703125,0.9896296296296295,0.6958333333333334,-4.1074051321253435,-0.09217797867677831,-0.0930964101533647,-0.025822925037807885
mixed_groupcv_psnr_benefit_V7_mlp_505,all,0.8,55,,0.9764462809917355,0.9820075757575758,0.9820075757575758,0.9790322569421974,0.9586174242424241,-3.505256774530651,-0.1159413736124458,0.10121339063084252,0.020326147697329378
mixed_groupcv_psnr_benefit_V7_mlp_505,real_csig,0.8,5,,0.9909090909090909,0.8020833333333334,0.8020833333333334,0.9909090909090909,0.7947916666666667,-4.20386538020371,-0.09163749681471231,-0.09443802911691465,-0.0279510513528601
mixed_groupcv_psnr_benefit_V7_mlp_505,all,0.9,55,,0.9764319495533368,0.9910037878787878,0.9910037878787878,0.9790179255037987,0.9675189393939394,-3.5112917145650275,-0.11597942017328093,0.10106134644640521,0.020249847171185085
mixed_groupcv_psnr_benefit_V7_mlp_505,real_csig,0.9,5,,0.9907514450867051,0.9010416666666666,0.9010416666666666,0.9907514450867051,0.8927083333333332,-4.270249720581857,-0.09205600898389872,-0.09611051514572488,-0.028790357140447365
mixed_groupcv_psnr_benefit_V7_mlp_505,all,1.0,55,,0.9765151515151516,1.0,1.0,0.9791011274656135,0.9765151515151516,-3.5155357379310312,-0.11601127153685824,0.10091361861233246,0.02022715721166495
mixed_groupcv_psnr_benefit_V7_mlp_505,real_csig,1.0,5,,0.9916666666666668,1.0,1.0,0.9916666666666668,0.9916666666666668,-4.3169339776078965,-0.09240637398324907,-0.09773552132052524,-0.029039946695168812
mixed_groupcv_psnr_benefit_V7_mlp_505,synthetic_bsds,0.1,50,,0.98,0.25,0.27650105893096544,0.98,0.245,-3.228661187658235,-0.09711446970701218,0.1428895676136017,0.030633456707000732
mixed_groupcv_psnr_benefit_V7_mlp_505,synthetic_bsds,0.2,50,,0.98,0.25,0.27650105893096544,0.98,0.245,-3.228661187658235,-0.09711446970701218,0.1428895676136017,0.030633456707000732
mixed_groupcv_psnr_benefit_V7_mlp_505,synthetic_bsds,0.3,50,,0.98,0.5,0.4518927986217706,0.9804329143839295,0.49,-3.497764504202475,-0.11785080030560494,0.131270036958158,0.02690714716911316
mixed_groupcv_psnr_benefit_V7_mlp_505,synthetic_bsds,0.4,50,,0.98,0.5,0.4518927986217706,0.9804329143839295,0.49,-3.497764504202475,-0.11785080030560494,0.131270036958158,0.02690714716911316
mixed_groupcv_psnr_benefit_V7_mlp_505,synthetic_bsds,0.5,50,,0.98,0.5,0.4518927986217706,0.9804329143839295,0.49,-3.497764504202475,-0.11785080030560494,0.131270036958158,0.02690714716911316
mixed_groupcv_psnr_benefit_V7_mlp_505,synthetic_bsds,0.6,50,,0.98,0.75,0.7319045861101935,0.9753988246996631,0.735,-3.4970359890133036,-0.12110684990882874,0.1195495233933131,0.024348857005437218
mixed_groupcv_psnr_benefit_V7_mlp_505,synthetic_bsds,0.7,50,,0.98,0.75,0.7319045861101935,0.9753988246996631,0.735,-3.4970359890133036,-0.12110684990882874,0.1195495233933131,0.024348857005437218
mixed_groupcv_psnr_benefit_V7_mlp_505,synthetic_bsds,0.8,50,,0.975,1.0,1.0,0.9778445735455081,0.975,-3.4353959139633448,-0.11837176129221916,0.12077853260561824,0.025153867602348327
mixed_groupcv_psnr_benefit_V7_mlp_505,synthetic_bsds,0.9,50,,0.975,1.0,1.0,0.9778445735455081,0.975,-3.4353959139633448,-0.11837176129221916,0.12077853260561824,0.025153867602348327
mixed_groupcv_psnr_benefit_V7_mlp_505,synthetic_bsds,1.0,50,,0.975,1.0,1.0,0.9778445735455081,0.975,-3.4353959139633448,-0.11837176129221916,0.12077853260561824,0.025153867602348327
mixed_groupcv_psnr_benefit_V7_mlp_506,all,0.1,55,,1.0,0.23674242424242425,0.22144924726700424,1.0,0.23674242424242425,-3.7853069795506555,-0.13295457420024007,0.10143750694834372,0.01813629074530168
mixed_groupcv_psnr_benefit_V7_mlp_506,real_csig,0.1,5,,1.0,0.10416666666666667,0.10416666666666667,1.0,0.10416666666666667,-4.403566780846539,-0.10133025974035263,-0.10495604587718846,-0.02878262162208557
mixed_groupcv_psnr_benefit_V7_mlp_506,all,0.2,55,,0.9986013986013985,0.24573863636363635,0.23044545938821637,0.9986013986013985,0.24545454545454545,-3.7671392403110904,-0.13273417603719484,0.10188330017585993,0.017991851065264436
mixed_groupcv_psnr_benefit_V7_mlp_506,real_csig,0.2,5,,0.9846153846153847,0.203125,0.203125,0.9846153846153847,0.2,-4.203721649211311,-0.0989058799468554,-0.10005232037451024,-0.030371458102495235
mixed_groupcv_psnr_benefit_V7_mlp_506,all,0.3,55,,0.9899686520376176,0.4820075757575757,0.43416226623002324,0.9953778845496538,0.4771780303030303,-3.719050725495056,-0.13505305085903424,0.10009221653176652,0.01715129004750506
mixed_groupcv_psnr_benefit_V7_mlp_506,real_csig,0.3,5,,0.9896551724137931,0.3020833333333333,0.3020833333333333,0.9896551724137931,0.2989583333333333,-4.048501756270222,-0.09416226672715153,-0.0920898074123623,-0.025806988724346818
mixed_groupcv_psnr_benefit_V7_mlp_506,all,0.4,55,,0.9899645808736718,0.4910037878787879,0.4431584783512353,0.9953738133857081,0.48607954545454546,-3.719002026752265,-0.13495802716951302,0.10029297307520718,0.017213517582261716
mixed_groupcv_psnr_benefit_V7_mlp_506,real_csig,0.4,5,,0.9896103896103895,0.4010416666666667,0.4010416666666667,0.9896103896103895,0.39687500000000003,-4.047966070099514,-0.09311700614241811,-0.08988148543451514,-0.02512248584202358
mixed_groupcv_psnr_benefit_V7_mlp_506,all,0.5,55,,0.9899621212121211,0.5,0.45215469047244744,0.9953713537241574,0.49498106060606056,-3.717222711952665,-0.13478618739172815,0.10029937485815026,0.01724101888636748
mixed_groupcv_psnr_benefit_V7_mlp_506,real_csig,0.5,5,,0.9895833333333333,0.5,0.5,0.9895833333333333,0.49479166666666663,-4.02839360730391,-0.0912267685867846,-0.08981106582214124,-0.024819971496860185
mixed_groupcv_psnr_benefit_V7_mlp_506,all,0.6,55,,0.9746603970741902,0.7367424242424242,0.6912655049337293,0.978556500970294,0.7178977272727273,-3.5873980921042747,-0.12102728235762071,0.10107397635524766,0.01821363861657983
mixed_groupcv_psnr_benefit_V7_mlp_506,real_csig,0.6,5,,0.9879310344827588,0.6041666666666666,0.6041666666666666,0.9879310344827588,0.5968749999999999,-4.138883948748183,-0.09123423723825093,-0.08942230073413972,-0.0259791349542552
mixed_groupcv_psnr_benefit_V7_mlp_506,all,0.7,55,,0.9748148148148148,0.7457386363636364,0.7002617170549413,0.9787109187109188,0.7268939393939394,-3.593409636557617,-0.12108841691454654,0.1008250751134372,0.018124527096346977
mixed_groupcv_psnr_benefit_V7_mlp_506,real_csig,0.7,5,,0.9896296296296295,0.703125,0.703125,0.9896296296296295,0.6958333333333334,-4.205010937734942,-0.09190671736443484,-0.09216021439405504,-0.02695936167681659
mixed_groupcv_psnr_benefit_V7_mlp_506,all,0.8,55,,0.9764462809917355,0.9820075757575758,0.9820075757575758,0.9790322569421974,0.9586174242424241,-3.5093659371133996,-0.11597159360013155,0.10108525303490416,0.020219161891880957
mixed_groupcv_psnr_benefit_V7_mlp_506,real_csig,0.8,5,,0.9909090909090909,0.8020833333333334,0.8020833333333334,0.9909090909090909,0.7947916666666667,-4.249066168613952,-0.09196991667925537,-0.09584754267223662,-0.029127895212792732
mixed_groupcv_psnr_benefit_V7_mlp_506,all,0.9,55,,0.9765370467682606,0.9910037878787878,0.9910037878787878,0.9791230227187225,0.9676136363636364,-3.5141743406353148,-0.11601647357219029,0.10107018739137753,0.020267031700812822
mixed_groupcv_psnr_benefit_V7_mlp_506,real_csig,0.9,5,,0.9919075144508671,0.9010416666666666,0.9010416666666666,0.9919075144508671,0.89375,-4.301958607355013,-0.09246359637190152,-0.09601326475102949,-0.028601327314542214
mixed_groupcv_psnr_benefit_V7_mlp_506,all,1.0,55,,0.9765151515151516,1.0,1.0,0.9791011274656135,0.9765151515151516,-3.5155357379310312,-0.11601127153685824,0.10091361861233246,0.02022715721166495
mixed_groupcv_psnr_benefit_V7_mlp_506,real_csig,1.0,5,,0.9916666666666668,1.0,1.0,0.9916666666666668,0.9916666666666668,-4.3169339776078965,-0.09240637398324907,-0.09773552132052524,-0.029039946695168812
mixed_groupcv_psnr_benefit_V7_mlp_506,synthetic_bsds,0.1,50,,1.0,0.25,0.23317750532703804,1.0,0.25,-3.723480999421068,-0.13611700564622878,0.12207686223089695,0.022828181982040407
mixed_groupcv_psnr_benefit_V7_mlp_506,synthetic_bsds,0.2,50,,1.0,0.25,0.23317750532703804,1.0,0.25,-3.723480999421068,-0.13611700564622878,0.12207686223089695,0.022828181982040407
mixed_groupcv_psnr_benefit_V7_mlp_506,synthetic_bsds,0.3,50,,0.99,0.5,0.4473701595196923,0.9959501557632399,0.495,-3.6861056224175406,-0.13914212927222253,0.11931041892617941,0.021447117924690246
mixed_groupcv_psnr_benefit_V7_mlp_506,synthetic_bsds,0.4,50,,0.99,0.5,0.4473701595196923,0.9959501557632399,0.495,-3.6861056224175406,-0.13914212927222253,0.11931041892617941,0.021447117924690246
mixed_groupcv_psnr_benefit_V7_mlp_506,synthetic_bsds,0.5,50,,0.99,0.5,0.4473701595196923,0.9959501557632399,0.495,-3.6861056224175406,-0.13914212927222253,0.11931041892617941,0.021447117924690246
mixed_groupcv_psnr_benefit_V7_mlp_506,synthetic_bsds,0.6,50,,0.9733333333333334,0.75,0.6999753887604355,0.9776190476190476,0.73,-3.5322495064398844,-0.1240065868695577,0.12012360406418642,0.02263291597366333
mixed_groupcv_psnr_benefit_V7_mlp_506,synthetic_bsds,0.7,50,,0.9733333333333334,0.75,0.6999753887604355,0.9776190476190476,0.73,-3.5322495064398844,-0.1240065868695577,0.12012360406418642,0.02263291597366333
mixed_groupcv_psnr_benefit_V7_mlp_506,synthetic_bsds,0.8,50,,0.975,1.0,1.0,0.9778445735455081,0.975,-3.4353959139633448,-0.11837176129221916,0.12077853260561824,0.025153867602348327
mixed_groupcv_psnr_benefit_V7_mlp_506,synthetic_bsds,0.9,50,,0.975,1.0,1.0,0.9778445735455081,0.975,-3.4353959139633448,-0.11837176129221916,0.12077853260561824,0.025153867602348327
mixed_groupcv_psnr_benefit_V7_mlp_506,synthetic_bsds,1.0,50,,0.975,1.0,1.0,0.9778445735455081,0.975,-3.4353959139633448,-0.11837176129221916,0.12077853260561824,0.025153867602348327
mixed_groupcv_psnr_benefit_V7_mlp_507,all,0.1,55,,0.980909090909091,0.23674242424242425,0.2262725791931399,0.980909090909091,0.23210227272727274,-3.343024231417079,-0.09454245152798565,0.12348472474650904,0.026126424616033376
mixed_groupcv_psnr_benefit_V7_mlp_507,real_csig,0.1,5,,0.99,0.10416666666666667,0.10416666666666667,0.99,0.103125,-3.0273851140413717,-0.08924252599477767,-0.04149140655994416,0.003923008441925051
mixed_groupcv_psnr_benefit_V7_mlp_507,all,0.2,55,,0.9813519813519814,0.24573863636363635,0.23526879131435205,0.9813519813519814,0.24109848484848484,-3.3754953120040128,-0.09478117611024763,0.12230032233365035,0.02571439173393872
mixed_groupcv_psnr_benefit_V7_mlp_507,real_csig,0.2,5,,0.9948717948717949,0.203125,0.203125,0.9948717948717949,0.20208333333333334,-3.384567000497652,-0.0918684963996594,-0.05451983310138949,-0.0006093532611162201
mixed_groupcv_psnr_benefit_V7_mlp_507,all,0.3,55,,0.9811912225705329,0.4820075757575757,0.44357164947118216,0.9871863556684698,0.4727272727272727,-3.5514677152682994,-0.10356186199991681,0.11255643675410332,0.02321496318126547
mixed_groupcv_psnr_benefit_V7_mlp_507,real_csig,0.3,5,,0.993103448275862,0.3020833333333333,0.3020833333333333,0.993103448275862,0.3,-3.694621937205514,-0.09332520422236673,-0.066744128301547,-0.00791310256925122
mixed_groupcv_psnr_benefit_V7_mlp_507,all,0.4,55,,0.9813459268004723,0.4910037878787879,0.45256786159239426,0.9873410598984091,0.4817234848484849,-3.5707626342152765,-0.1038099719895382,0.11179714407452955,0.022772584980465863
mixed_groupcv_psnr_benefit_V7_mlp_507,real_csig,0.4,5,,0.9948051948051948,0.4010416666666667,0.4010416666666667,0.9948051948051948,0.39895833333333336,-3.9068660456222544,-0.09605441410820206,-0.07509634777685845,-0.01277926277804684
mixed_groupcv_psnr_benefit_V7_mlp_507,all,0.5,55,,0.9810606060606061,0.5,0.4615640737136064,0.9870557391585429,0.49053030303030304,-3.5827503983246336,-0.10384600020549964,0.111223758539894,0.02238314821187294
mixed_groupcv_psnr_benefit_V7_mlp_507,real_csig,0.5,5,,0.9916666666666668,0.5,0.5,0.9916666666666668,0.4958333333333334,-4.0387314508251775,-0.09645072448377807,-0.08140358865784947,-0.017063067232569055
mixed_groupcv_psnr_benefit_V7_mlp_507,all,0.6,55,,0.9748171368861024,0.7367424242424242,0.7045636995403352,0.9788228320496722,0.7179924242424242,-3.5877079215895162,-0.11930542318043355,0.10509602992682034,0.019963365634406996
mixed_groupcv_psnr_benefit_V7_mlp_507,real_csig,0.6,5,,0.9896551724137931,0.6041666666666666,0.6041666666666666,0.9896551724137931,0.5979166666666667,-4.149199131191099,-0.09541551975597595,-0.08619668053158014,-0.022536392766853854
mixed_groupcv_psnr_benefit_V7_mlp_507,all,0.7,55,,0.9748148148148148,0.7457386363636364,0.7135599116615472,0.9788205099783848,0.7268939393939394,-3.5916036546721535,-0.11919605332291888,0.10472055207053671,0.019739670657148264
mixed_groupcv_psnr_benefit_V7_mlp_507,real_csig,0.7,5,,0.9896296296296295,0.703125,0.703125,0.9896296296296295,0.6958333333333334,-4.192052195100109,-0.09421245132331495,-0.09032693695070013,-0.024997037516699898
mixed_groupcv_psnr_benefit_V7_mlp_507,all,0.8,55,,0.9764462809917355,0.9820075757575758,0.9820075757575758,0.9790322569421974,0.9586174242424241,-3.508479336838721,-0.11617586732684793,0.10125550899925118,0.02040102329135926
mixed_groupcv_psnr_benefit_V7_mlp_507,real_csig,0.8,5,,0.9909090909090909,0.8020833333333334,0.8020833333333334,0.9909090909090909,0.7947916666666667,-4.239313565592477,-0.09421692767313548,-0.09397472706441948,-0.027127419818531378
mixed_groupcv_psnr_benefit_V7_mlp_507,all,0.9,55,,0.9765370467682606,0.9910037878787878,0.9910037878787878,0.9791230227187225,0.9676136363636364,-3.514361628460865,-0.11606578027660197,0.10116630615602885,0.020289194987939026
mixed_groupcv_psnr_benefit_V7_mlp_507,real_csig,0.9,5,,0.9919075144508671,0.9010416666666666,0.9010416666666666,0.9919075144508671,0.89375,-4.304018773436072,-0.09300597012042999,-0.09495595833986481,-0.028357531156154036
mixed_groupcv_psnr_benefit_V7_mlp_507,all,1.0,55,,0.9765151515151516,1.0,1.0,0.9791011274656135,0.9765151515151516,-3.5155357379310312,-0.11601127153685824,0.10091361861233246,0.02022715721166495
mixed_groupcv_psnr_benefit_V7_mlp_507,real_csig,1.0,5,,0.9916666666666668,1.0,1.0,0.9916666666666668,0.9916666666666668,-4.3169339776078965,-0.09240637398324907,-0.09773552132052524,-0.029039946695168812
mixed_groupcv_psnr_benefit_V7_mlp_507,synthetic_bsds,0.1,50,,0.98,0.25,0.2384831704457873,0.98,0.245,-3.3745881431546496,-0.09507244408130645,0.13998233787715436,0.028346766233444214
mixed_groupcv_psnr_benefit_V7_mlp_507,synthetic_bsds,0.2,50,,0.98,0.25,0.2384831704457873,0.98,0.245,-3.3745881431546496,-0.09507244408130645,0.13998233787715436,0.028346766233444214
mixed_groupcv_psnr_benefit_V7_mlp_507,synthetic_bsds,0.3,50,,0.98,0.5,0.45772048108496705,0.9865946464077305,0.49,-3.5371522930745787,-0.10458552777767181,0.13048649325966835,0.026327769756317138
mixed_groupcv_psnr_benefit_V7_mlp_507,synthetic_bsds,0.4,50,,0.98,0.5,0.45772048108496705,0.9865946464077305,0.49,-3.5371522930745787,-0.10458552777767181,0.13048649325966835,0.026327769756317138
mixed_groupcv_psnr_benefit_V7_mlp_507,synthetic_bsds,0.5,50,,0.98,0.5,0.45772048108496705,0.9865946464077305,0.49,-3.5371522930745787,-0.10458552777767181,0.13048649325966835,0.026327769756317138
mixed_groupcv_psnr_benefit_V7_mlp_507,synthetic_bsds,0.6,50,,0.9733333333333334,0.75,0.7146034028277021,0.9777395980132603,0.73,-3.531558800629359,-0.1216944135228793,0.12422530097266037,0.024213341474533082
mixed_groupcv_psnr_benefit_V7_mlp_507,synthetic_bsds,0.7,50,,0.9733333333333334,0.75,0.7146034028277021,0.9777395980132603,0.73,-3.531558800629359,-0.1216944135228793,0.12422530097266037,0.024213341474533082
mixed_groupcv_psnr_benefit_V7_mlp_507,synthetic_bsds,0.8,50,,0.975,1.0,1.0,0.9778445735455081,0.975,-3.4353959139633448,-0.11837176129221916,0.12077853260561824,0.025153867602348327
mixed_groupcv_psnr_benefit_V7_mlp_507,synthetic_bsds,0.9,50,,0.975,1.0,1.0,0.9778445735455081,0.975,-3.4353959139633448,-0.11837176129221916,0.12077853260561824,0.025153867602348327
mixed_groupcv_psnr_benefit_V7_mlp_507,synthetic_bsds,1.0,50,,0.975,1.0,1.0,0.9778445735455081,0.975,-3.4353959139633448,-0.11837176129221916,0.12077853260561824,0.025153867602348327
mixed_groupcv_psnr_benefit_V8_logistic_505,all,0.1,55,,0.980909090909091,0.23674242424242425,0.2265098598042523,0.980909090909091,0.23210227272727274,-3.8830498177608983,-0.1090051040730693,0.08250401884825392,0.020100206407633693
mixed_groupcv_psnr_benefit_V8_logistic_505,real_csig,0.1,5,,0.99,0.10416666666666667,0.10416666666666667,0.99,0.103125,-4.257055693389353,-0.07471606954932214,-0.11339469501748681,-0.041611292958259584
mixed_groupcv_psnr_benefit_V8_logistic_505,all,0.2,55,,0.9808857808857809,0.24573863636363635,0.2355060719254644,0.9808857808857809,0.2410037878787879,-3.8792598702112002,-0.10950422450934813,0.08392325806928612,0.020517595609029132
mixed_groupcv_psnr_benefit_V8_logistic_505,real_csig,0.2,5,,0.9897435897435898,0.203125,0.203125,0.9897435897435898,0.2010416666666667,-4.215366270342679,-0.08020639434838907,-0.09778306358613267,-0.037020011742909746
mixed_groupcv_psnr_benefit_V8_logistic_505,all,0.3,55,,0.9805642633228839,0.4820075757575757,0.4495521806853582,0.9805642633228839,0.47253787878787884,-3.6786528495004527,-0.11765067987494333,0.08488208458329724,0.016346847992332002
mixed_groupcv_psnr_benefit_V8_logistic_505,real_csig,0.3,5,,0.9862068965517242,0.3020833333333333,0.3020833333333333,0.9862068965517242,0.29791666666666666,-4.3407919385119325,-0.08112887334207008,-0.10026766846020677,-0.0358699264197514
mixed_groupcv_psnr_benefit_V8_logistic_505,all,0.4,55,,0.9808736717827626,0.4910037878787879,0.4585483928065704,0.9808736717827626,0.4815340909090909,-3.6874378506006864,-0.1181290111635342,0.08466420735330392,0.01630391840247928
mixed_groupcv_psnr_benefit_V8_logistic_505,real_csig,0.4,5,,0.9896103896103895,0.4010416666666667,0.4010416666666667,0.9896103896103895,0.39687500000000003,-4.437426950614499,-0.08639051751656966,-0.10266431799013313,-0.03634215190813139
mixed_groupcv_psnr_benefit_V8_logistic_505,all,0.5,55,,0.9808712121212121,0.5,0.4675446049277825,0.9808712121212121,0.49043560606060604,-3.696900451809693,-0.11829429943622513,0.08447725159763428,0.016223094736536343
mixed_groupcv_psnr_benefit_V8_logistic_505,real_csig,0.5,5,,0.9895833333333333,0.5,0.5,0.9895833333333333,0.49479166666666663,-4.541515563913573,-0.08820868851616978,-0.10472083130249907,-0.03723121223350366
mixed_groupcv_psnr_benefit_V8_logistic_505,all,0.6,55,,0.9808777429467084,0.7367424242424242,0.722383767827693,0.9892581770065438,0.7225378787878788,-3.577745301834594,-0.11570532287440827,0.0940435736472723,0.018266253271446705
mixed_groupcv_psnr_benefit_V8_logistic_505,real_csig,0.6,5,,0.9896551724137931,0.6041666666666666,0.6041666666666666,0.9896551724137931,0.5979166666666667,-4.623718888147261,-0.09119451660020597,-0.10935683473462945,-0.03881791573146294
mixed_groupcv_psnr_benefit_V8_logistic_505,all,0.7,55,,0.981010101010101,0.7457386363636364,0.7313799799489052,0.9893905350699365,0.7315340909090909,-3.5684116830991943,-0.11576152341333701,0.09435613728369824,0.01859469331876196
mixed_groupcv_psnr_benefit_V8_logistic_505,real_csig,0.7,5,,0.9911111111111112,0.703125,0.703125,0.9911111111111112,0.696875,-4.521049082057863,-0.09181272252842232,-0.105918634733944,-0.03520507521099515
mixed_groupcv_psnr_benefit_V8_logistic_505,all,0.8,55,,0.9763282172373081,0.9820075757575758,0.9820075757575758,0.9789141931877701,0.9585227272727272,-3.5299644227192366,-0.11600913947806589,0.10026395833097759,0.019829704080309186
mixed_groupcv_psnr_benefit_V8_logistic_505,real_csig,0.8,5,,0.9896103896103895,0.8020833333333334,0.8020833333333334,0.9896103896103895,0.7937500000000001,-4.47564951027816,-0.09238292133653318,-0.10488178441542888,-0.033411931140082216
mixed_groupcv_psnr_benefit_V8_logistic_505,all,0.9,55,,0.9764319495533368,0.9910037878787878,0.9910037878787878,0.9790179255037987,0.9675189393939394,-3.5274247520438147,-0.11605971174699282,0.10032850584260927,0.01993255621185443
mixed_groupcv_psnr_benefit_V8_logistic_505,real_csig,0.9,5,,0.9907514450867051,0.9010416666666666,0.9010416666666666,0.9907514450867051,0.8927083333333332,-4.447713132848513,-0.09293921629472965,-0.10417176178748036,-0.03228055769308454
mixed_groupcv_psnr_benefit_V8_logistic_505,all,1.0,55,,0.9765151515151516,1.0,1.0,0.9791011274656135,0.9765151515151516,-3.5155357379310312,-0.11601127153685824,0.10091361861233246,0.02022715721166495
mixed_groupcv_psnr_benefit_V8_logistic_505,real_csig,1.0,5,,0.9916666666666668,1.0,1.0,0.9916666666666668,0.9916666666666668,-4.3169339776078965,-0.09240637398324907,-0.09773552132052524,-0.029039946695168812
mixed_groupcv_psnr_benefit_V8_logistic_505,synthetic_bsds,0.1,50,,0.98,0.25,0.23874417911801088,0.98,0.245,-3.8456492301980525,-0.11243400752544402,0.102093890234828,0.02627135634422302
mixed_groupcv_psnr_benefit_V8_logistic_505,synthetic_bsds,0.2,50,,0.98,0.25,0.23874417911801088,0.98,0.245,-3.8456492301980525,-0.11243400752544402,0.102093890234828,0.02627135634422302
mixed_groupcv_psnr_benefit_V8_logistic_505,synthetic_bsds,0.3,50,,0.98,0.5,0.46429906542056076,0.98,0.49,-3.612438940599306,-0.12130286052823067,0.10339705988764764,0.021568525433540344
mixed_groupcv_psnr_benefit_V8_logistic_505,synthetic_bsds,0.4,50,,0.98,0.5,0.46429906542056076,0.98,0.49,-3.612438940599306,-0.12130286052823067,0.10339705988764764,0.021568525433540344
mixed_groupcv_psnr_benefit_V8_logistic_505,synthetic_bsds,0.5,50,,0.98,0.5,0.46429906542056076,0.98,0.49,-3.612438940599306,-0.12130286052823067,0.10339705988764764,0.021568525433540344
mixed_groupcv_psnr_benefit_V8_logistic_505,synthetic_bsds,0.6,50,,0.98,0.75,0.7342054779437955,0.989218477465819,0.735,-3.473147943203327,-0.1181564035018285,0.11438361448546251,0.02397467017173767
mixed_groupcv_psnr_benefit_V8_logistic_505,synthetic_bsds,0.7,50,,0.98,0.75,0.7342054779437955,0.989218477465819,0.735,-3.473147943203327,-0.1181564035018285,0.11438361448546251,0.02397467017173767
mixed_groupcv_psnr_benefit_V8_logistic_505,synthetic_bsds,0.8,50,,0.975,1.0,1.0,0.9778445735455081,0.975,-3.4353959139633448,-0.11837176129221916,0.12077853260561824,0.025153867602348327
mixed_groupcv_psnr_benefit_V8_logistic_505,synthetic_bsds,0.9,50,,0.975,1.0,1.0,0.9778445735455081,0.975,-3.4353959139633448,-0.11837176129221916,0.12077853260561824,0.025153867602348327
mixed_groupcv_psnr_benefit_V8_logistic_505,synthetic_bsds,1.0,50,,0.975,1.0,1.0,0.9778445735455081,0.975,-3.4353959139633448,-0.11837176129221916,0.12077853260561824,0.025153867602348327
mixed_groupcv_psnr_benefit_V8_mlp_505,all,0.1,55,,0.9818181818181818,0.23674242424242425,0.31127509036387535,0.9818181818181818,0.2321969696969697,-3.456543260097716,-0.09653940219770778,0.10625363393856042,0.03240326084873893
mixed_groupcv_psnr_benefit_V8_mlp_505,real_csig,0.1,5,,1.0,0.10416666666666667,0.10416666666666667,1.0,0.10416666666666667,-4.616468872064776,-0.10266801327466965,-0.07657310866750774,-0.01745546042919159
mixed_groupcv_psnr_benefit_V8_mlp_505,all,0.2,55,,0.9818181818181818,0.24573863636363635,0.3202713024850875,0.9818181818181818,0.2411931818181818,-3.461894875101718,-0.09623428544937036,0.10548383328664204,0.031728143125147254
mixed_groupcv_psnr_benefit_V8_mlp_505,real_csig,0.2,5,,1.0,0.203125,0.203125,1.0,0.203125,-4.675336637108797,-0.09931172904295799,-0.08504091583860993,-0.02488175538870005
mixed_groupcv_psnr_benefit_V8_mlp_505,all,0.3,55,,0.9727272727272728,0.4820075757575757,0.583601006322969,0.977742946708464,0.4683712121212121,-3.497078977326109,-0.10104421846171531,0.09987083795935874,0.025589646590540773
mixed_groupcv_psnr_benefit_V8_mlp_505,real_csig,0.3,5,,1.0,0.3020833333333333,0.3020833333333333,1.0,0.3020833333333333,-4.663550874415273,-0.10233153495295293,-0.08069178605098919,-0.02520929513306453
mixed_groupcv_psnr_benefit_V8_mlp_505,all,0.4,55,,0.972491145218418,0.4910037878787879,0.592597218444181,0.9775068191996091,0.4772727272727273,-3.4840461485526557,-0.10100796131907556,0.10027336551892486,0.02553781558800194
mixed_groupcv_psnr_benefit_V8_mlp_505,real_csig,0.4,5,,0.9974025974025974,0.4010416666666667,0.4010416666666667,0.9974025974025974,0.4,-4.520189757907287,-0.10193270638391569,-0.07626398289576172,-0.025779436160991716
mixed_groupcv_psnr_benefit_V8_mlp_505,all,0.5,55,,0.9723484848484848,0.5,0.6015934305653932,0.977364158829676,0.4861742424242424,-3.488833539757377,-0.10100274004155037,0.09974265245263904,0.025339115049802897
mixed_groupcv_psnr_benefit_V8_mlp_505,real_csig,0.5,5,,0.9958333333333333,0.5,0.5,0.9958333333333333,0.4979166666666667,-4.57285106115922,-0.10187527233113847,-0.08210182662490599,-0.027965142081181206
mixed_groupcv_psnr_benefit_V8_mlp_505,all,0.6,55,,0.9754440961337513,0.7367424242424242,0.8106070541818208,0.9781001508575492,0.7183712121212121,-3.465397166611278,-0.10860880045852817,0.1038864453558449,0.02366905587656246
mixed_groupcv_psnr_benefit_V8_mlp_505,real_csig,0.6,5,,0.9965517241379309,0.6041666666666666,0.6041666666666666,0.9965517241379309,0.6020833333333333,-4.4219773785525955,-0.0995843720076413,-0.08102036201282695,-0.025614355453129466
mixed_groupcv_psnr_benefit_V8_mlp_505,all,0.7,55,,0.9753535353535354,0.7457386363636364,0.8196032663030328,0.9780095900773332,0.7272727272727273,-3.465242441709063,-0.1084535976351311,0.10349491634760491,0.023594713195004446
mixed_groupcv_psnr_benefit_V8_mlp_505,real_csig,0.7,5,,0.9955555555555555,0.703125,0.703125,0.9955555555555555,0.7,-4.420275404628229,-0.09787714095027358,-0.08532718110346682,-0.026432124950267644
mixed_groupcv_psnr_benefit_V8_mlp_505,all,0.8,55,,0.9768004722550178,0.9820075757575758,0.9820075757575758,0.9793864482054797,0.9589015151515152,-3.5231965446377056,-0.11635962710611372,0.10165844894929127,0.020393235378028934
mixed_groupcv_psnr_benefit_V8_mlp_505,real_csig,0.8,5,,0.9948051948051948,0.8020833333333334,0.8020833333333334,0.9948051948051948,0.7979166666666667,-4.401202851381311,-0.09623828524505937,-0.0895423876139783,-0.02721308686516501
mixed_groupcv_psnr_benefit_V8_mlp_505,all,0.9,55,,0.9766421439831845,0.9910037878787878,0.9910037878787878,0.9792281199336464,0.9677083333333333,-3.520529068559064,-0.11618849890315401,0.1012824003387456,0.020312106593683776
mixed_groupcv_psnr_benefit_V8_mlp_505,real_csig,0.9,5,,0.9930635838150289,0.9010416666666666,0.9010416666666666,0.9930635838150289,0.8947916666666667,-4.371860614516256,-0.0943558750125025,-0.09367892232998085,-0.02810550349296173
mixed_groupcv_psnr_benefit_V8_mlp_505,all,1.0,55,,0.9765151515151516,1.0,1.0,0.9791011274656135,0.9765151515151516,-3.5155357379310312,-0.11601127153685824,0.10091361861233246,0.02022715721166495
mixed_groupcv_psnr_benefit_V8_mlp_505,real_csig,1.0,5,,0.9916666666666668,1.0,1.0,0.9916666666666668,0.9916666666666668,-4.316933977607897,-0.09240637398324907,-0.09773552132052524,-0.029039946695168812
mixed_groupcv_psnr_benefit_V8_mlp_505,synthetic_bsds,0.1,50,,0.98,0.25,0.3319859327335963,0.98,0.245,-3.3405506989010103,-0.0959265410900116,0.12453630819916725,0.037389132976531986
mixed_groupcv_psnr_benefit_V8_mlp_505,synthetic_bsds,0.2,50,,0.98,0.25,0.3319859327335963,0.98,0.245,-3.3405506989010103,-0.0959265410900116,0.12453630819916725,0.037389132976531986
mixed_groupcv_psnr_benefit_V8_mlp_505,synthetic_bsds,0.3,50,,0.97,0.5,0.6117527736219326,0.9755172413793103,0.485,-3.3804317876171925,-0.10091548681259155,0.11792710036039353,0.030669540762901307
mixed_groupcv_psnr_benefit_V8_mlp_505,synthetic_bsds,0.4,50,,0.97,0.5,0.6117527736219326,0.9755172413793103,0.485,-3.3804317876171925,-0.10091548681259155,0.11792710036039353,0.030669540762901307
mixed_groupcv_psnr_benefit_V8_mlp_505,synthetic_bsds,0.5,50,,0.97,0.5,0.6117527736219326,0.9755172413793103,0.485,-3.3804317876171925,-0.10091548681259155,0.11792710036039353,0.030669540762901307
mixed_groupcv_psnr_benefit_V8_mlp_505,synthetic_bsds,0.6,50,,0.9733333333333334,0.75,0.831251092933336,0.9762549935295111,0.73,-3.369739145417146,-0.10951124330361683,0.12237712609271209,0.028597397009531657
mixed_groupcv_psnr_benefit_V8_mlp_505,synthetic_bsds,0.7,50,,0.9733333333333334,0.75,0.831251092933336,0.9762549935295111,0.73,-3.369739145417146,-0.10951124330361683,0.12237712609271209,0.028597397009531657
mixed_groupcv_psnr_benefit_V8_mlp_505,synthetic_bsds,0.8,50,,0.975,1.0,1.0,0.9778445735455081,0.975,-3.4353959139633448,-0.11837176129221916,0.12077853260561824,0.025153867602348327
mixed_groupcv_psnr_benefit_V8_mlp_505,synthetic_bsds,0.9,50,,0.975,1.0,1.0,0.9778445735455081,0.975,-3.4353959139633448,-0.11837176129221916,0.12077853260561824,0.025153867602348327
mixed_groupcv_psnr_benefit_V8_mlp_505,synthetic_bsds,1.0,50,,0.975,1.0,1.0,0.9778445735455081,0.975,-3.4353959139633448,-0.11837176129221916,0.12077853260561824,0.025153867602348327
mixed_groupcv_psnr_benefit_V8_mlp_506,all,0.1,55,,1.0,0.23674242424242425,0.3041081560941374,1.0,0.23674242424242425,-3.403894283100509,-0.10287254693833264,0.12061743209773507,0.03636036368933591
mixed_groupcv_psnr_benefit_V8_mlp_506,real_csig,0.1,5,,1.0,0.10416666666666667,0.10416666666666667,1.0,0.10416666666666667,-4.1378560486519556,-0.09981495112180709,-0.04265423397067934,-0.006332646012306213
mixed_groupcv_psnr_benefit_V8_mlp_506,all,0.2,55,,1.0,0.24573863636363635,0.3131043682153495,1.0,0.24573863636363635,-3.441524814605777,-0.10298025026604847,0.11940239354976753,0.03550698229205081
mixed_groupcv_psnr_benefit_V8_mlp_506,real_csig,0.2,5,,1.0,0.203125,0.203125,1.0,0.203125,-4.551791895209907,-0.10099968772668104,-0.056019657998321905,-0.015719841382442375
mixed_groupcv_psnr_benefit_V8_mlp_506,all,0.3,55,,0.9818181818181818,0.4820075757575757,0.6120664366575582,0.9918495297805642,0.4729166666666666,-3.377251914119514,-0.09955471869452995,0.11019279014882646,0.030359523647631226
mixed_groupcv_psnr_benefit_V8_mlp_506,real_csig,0.3,5,,1.0,0.3020833333333333,0.3020833333333333,1.0,0.3020833333333333,-4.498038264028447,-0.09931678700036017,-0.06282139499992903,-0.01726084680392824
mixed_groupcv_psnr_benefit_V8_mlp_506,all,0.4,55,,0.9813459268004723,0.4910037878787879,0.6210626487787703,0.9913772747628548,0.4817234848484848,-3.3724694369653334,-0.0994430712660623,0.10979636862066959,0.030207852285614824
mixed_groupcv_psnr_benefit_V8_mlp_506,real_csig,0.4,5,,0.9948051948051948,0.4010416666666667,0.4010416666666667,0.9948051948051948,0.39895833333333336,-4.445431015332465,-0.09808866528721598,-0.06718203180965472,-0.01892923178610864
mixed_groupcv_psnr_benefit_V8_mlp_506,all,0.5,55,,0.98125,0.5,0.6300588608999823,0.9912813479623825,0.490625,-3.374103037546159,-0.0995080893097276,0.10906176132328146,0.029845634960766997
mixed_groupcv_psnr_benefit_V8_mlp_506,real_csig,0.5,5,,0.99375,0.5,0.5,0.99375,0.496875,-4.46340062172154,-0.0988038637675345,-0.07526271208092414,-0.02291362235943476
mixed_groupcv_psnr_benefit_V8_mlp_506,all,0.6,55,,0.9749738766980147,0.7367424242424242,0.8089460899040339,0.9819224093259487,0.7180871212121213,-3.4355282128063935,-0.1099681924736612,0.10727127434395335,0.025370753795500207
mixed_groupcv_psnr_benefit_V8_mlp_506,real_csig,0.6,5,,0.9913793103448276,0.6041666666666666,0.6041666666666666,0.9913793103448276,0.5989583333333333,-4.448088772354515,-0.0987532765187066,-0.0800182600080132,-0.024163910849341025
mixed_groupcv_psnr_benefit_V8_mlp_506,all,0.7,55,,0.975084175084175,0.7457386363636364,0.817942302025246,0.9820327077121092,0.7270833333333332,-3.4336130150105624,-0.10987809688354581,0.10675920187975421,0.025191558747981936
mixed_groupcv_psnr_benefit_V8_mlp_506,real_csig,0.7,5,,0.9925925925925926,0.703125,0.703125,0.9925925925925926,0.6979166666666666,-4.427021596600371,-0.09776222502743756,-0.08565105711420376,-0.02613505637204206
mixed_groupcv_psnr_benefit_V8_mlp_506,all,0.8,55,,0.976564344746163,0.9820075757575758,0.9820075757575758,0.9791503206966249,0.9587121212121211,-3.5223168977324386,-0.11632107774228947,0.10158425060913423,0.020391972927726286
mixed_groupcv_psnr_benefit_V8_mlp_506,real_csig,0.8,5,,0.9922077922077921,0.8020833333333334,0.8020833333333334,0.9922077922077921,0.7958333333333334,-4.391526735423378,-0.0958142422429927,-0.09035856935570571,-0.02722697381849412
mixed_groupcv_psnr_benefit_V8_mlp_506,all,0.9,55,,0.9765370467682606,0.9910037878787878,0.9910037878787878,0.9791230227187225,0.9676136363636364,-3.518305357399299,-0.11615598788636645,0.10127535689949081,0.020313347948894212
mixed_groupcv_psnr_benefit_V8_mlp_506,real_csig,0.9,5,,0.9919075144508671,0.9010416666666666,0.9010416666666666,0.9919075144508671,0.89375,-4.347399791758844,-0.09399825382783922,-0.09375640016178347,-0.02809184858564696
mixed_groupcv_psnr_benefit_V8_mlp_506,all,1.0,55,,0.9765151515151516,1.0,1.0,0.9791011274656135,0.9765151515151516,-3.5155357379310312,-0.11601127153685824,0.10091361861233246,0.02022715721166495
mixed_groupcv_psnr_benefit_V8_mlp_506,real_csig,1.0,5,,0.9916666666666668,1.0,1.0,0.9916666666666668,0.9916666666666668,-4.3169339776078965,-0.09240637398324907,-0.09773552132052524,-0.029039946695168812
mixed_groupcv_psnr_benefit_V8_mlp_506,synthetic_bsds,0.1,50,,1.0,0.25,0.32410230503688453,1.0,0.25,-3.3304981065453645,-0.1031783065199852,0.13694459870457648,0.040629664659500124
mixed_groupcv_psnr_benefit_V8_mlp_506,synthetic_bsds,0.2,50,,1.0,0.25,0.32410230503688453,1.0,0.25,-3.3304981065453645,-0.1031783065199852,0.13694459870457648,0.040629664659500124
mixed_groupcv_psnr_benefit_V8_mlp_506,synthetic_bsds,0.3,50,,0.98,0.5,0.6430647469899806,0.9910344827586206,0.49,-3.26517327912862,-0.09957851186394691,0.127494208663702,0.03512156069278717
mixed_groupcv_psnr_benefit_V8_mlp_506,synthetic_bsds,0.4,50,,0.98,0.5,0.6430647469899806,0.9910344827586206,0.49,-3.26517327912862,-0.09957851186394691,0.127494208663702,0.03512156069278717
mixed_groupcv_psnr_benefit_V8_mlp_506,synthetic_bsds,0.5,50,,0.98,0.5,0.6430647469899806,0.9910344827586206,0.49,-3.26517327912862,-0.09957851186394691,0.127494208663702,0.03512156069278717
mixed_groupcv_psnr_benefit_V8_mlp_506,synthetic_bsds,0.6,50,,0.9733333333333334,0.75,0.8294240322277706,0.9809767192240608,0.73,-3.3342721568515814,-0.11108968406915665,0.12600022777915001,0.030324220259984335
mixed_groupcv_psnr_benefit_V8_mlp_506,synthetic_bsds,0.7,50,,0.9733333333333334,0.75,0.8294240322277706,0.9809767192240608,0.73,-3.3342721568515814,-0.11108968406915665,0.12600022777915001,0.030324220259984335
mixed_groupcv_psnr_benefit_V8_mlp_506,synthetic_bsds,0.8,50,,0.975,1.0,1.0,0.9778445735455081,0.975,-3.4353959139633448,-0.11837176129221916,0.12077853260561824,0.025153867602348327
mixed_groupcv_psnr_benefit_V8_mlp_506,synthetic_bsds,0.9,50,,0.975,1.0,1.0,0.9778445735455081,0.975,-3.4353959139633448,-0.11837176129221916,0.12077853260561824,0.025153867602348327
mixed_groupcv_psnr_benefit_V8_mlp_506,synthetic_bsds,1.0,50,,0.975,1.0,1.0,0.9778445735455081,0.975,-3.4353959139633448,-0.11837176129221916,0.12077853260561824,0.025153867602348327
mixed_groupcv_psnr_benefit_V8_mlp_507,all,0.1,55,,0.9818181818181818,0.23674242424242425,0.2746936033150987,0.9818181818181818,0.2321969696969697,-3.2462008008614283,-0.10630286581136962,0.1070039273087274,0.031993132829666135
mixed_groupcv_psnr_benefit_V8_mlp_507,real_csig,0.1,5,,1.0,0.10416666666666667,0.10416666666666667,1.0,0.10416666666666667,-3.4023786604769,-0.10367794349789619,-0.03749424654990434,0.006037884950637819
mixed_groupcv_psnr_benefit_V8_mlp_507,all,0.2,55,,0.9818181818181818,0.24573863636363635,0.2836898154363108,0.9818181818181818,0.2411931818181818,-3.3116941029564617,-0.10631950320827933,0.10566402807493101,0.030750186209912066
mixed_groupcv_psnr_benefit_V8_mlp_507,real_csig,0.2,5,,1.0,0.203125,0.203125,1.0,0.203125,-4.122804983522267,-0.10386095486390286,-0.052233138121664524,-0.007634527866656968
mixed_groupcv_psnr_benefit_V8_mlp_507,all,0.3,55,,0.9815047021943573,0.4820075757575757,0.5493485197340338,0.9859344755896479,0.47282196969696966,-3.455429727237193,-0.10958511232395532,0.10644074724884967,0.02661760475568263
mixed_groupcv_psnr_benefit_V8_mlp_507,real_csig,0.3,5,,0.9965517241379309,0.3020833333333333,0.3020833333333333,0.9965517241379309,0.30104166666666665,-4.321471432074347,-0.1055700658724226,-0.06216692338890299,-0.013130202992209072
mixed_groupcv_psnr_benefit_V8_mlp_507,all,0.4,55,,0.9813459268004723,0.4910037878787879,0.5583447318552459,0.9857757001957629,0.4817234848484849,-3.4609941221145655,-0.10957259161765066,0.10564057522254348,0.026122030344876375
mixed_groupcv_psnr_benefit_V8_mlp_507,real_csig,0.4,5,,0.9948051948051948,0.4010416666666667,0.4010416666666667,0.9948051948051948,0.39895833333333336,-4.382679775725444,-0.10543233810307143,-0.07096881567827099,-0.018581521511077885
mixed_groupcv_psnr_benefit_V8_mlp_507,all,0.5,55,,0.9810606060606061,0.5,0.567340943976458,0.9854903794558967,0.49053030303030304,-3.459512757721264,-0.10937539836899801,0.1048631500143198,0.025774271966833052
mixed_groupcv_psnr_benefit_V8_mlp_507,real_csig,0.5,5,,0.9916666666666668,0.5,0.5,0.9916666666666668,0.4958333333333334,-4.366384767399128,-0.10326321236789227,-0.07952049296873158,-0.022406863669554394
mixed_groupcv_psnr_benefit_V8_mlp_507,all,0.6,55,,0.9748171368861024,0.7367424242424242,0.811052411636524,0.9774731916099004,0.7179924242424242,-3.3732947047501693,-0.10594489036153229,0.10687035129587054,0.0242546487471153
mixed_groupcv_psnr_benefit_V8_mlp_507,real_csig,0.6,5,,0.9896551724137931,0.6041666666666666,0.6041666666666666,0.9896551724137931,0.5979166666666667,-4.374551465542614,-0.09992325742696892,-0.0816246934997817,-0.025014240063469983
mixed_groupcv_psnr_benefit_V8_mlp_507,all,0.7,55,,0.9748148148148148,0.7457386363636364,0.820048623757736,0.9774708695386128,0.7268939393939394,-3.374486484978508,-0.10584293726116721,0.10647920693681646,0.024149559122143366
mixed_groupcv_psnr_benefit_V8_mlp_507,real_csig,0.7,5,,0.9896296296296295,0.703125,0.703125,0.9896296296296295,0.6958333333333334,-4.387661048054342,-0.09880177332295312,-0.08592728144937642,-0.026170225938161217
mixed_groupcv_psnr_benefit_V8_mlp_507,all,0.8,55,,0.9764462809917355,0.9820075757575758,0.9820075757575758,0.9790322569421974,0.9586174242424241,-3.520226101017562,-0.11632756037195571,0.10167311172582728,0.02040251423786213
mixed_groupcv_psnr_benefit_V8_mlp_507,real_csig,0.8,5,,0.9909090909090909,0.8020833333333334,0.8020833333333334,0.9909090909090909,0.7947916666666667,-4.368527971559738,-0.09588555116932114,-0.08938109707208228,-0.027111019406999858
mixed_groupcv_psnr_benefit_V8_mlp_507,all,0.9,55,,0.9764319495533368,0.9910037878787878,0.9910037878787878,0.9790179255037987,0.9675189393939394,-3.518816679890648,-0.11617465485210363,0.10123412938934373,0.020273455258613505
mixed_groupcv_psnr_benefit_V8_mlp_507,real_csig,0.9,5,,0.9907514450867051,0.9010416666666666,0.9010416666666666,0.9907514450867051,0.8927083333333332,-4.353024339163676,-0.09420359045094837,-0.09420990277340131,-0.02853066817873475
mixed_groupcv_psnr_benefit_V8_mlp_507,all,1.0,55,,0.9765151515151516,1.0,1.0,0.9791011274656135,0.9765151515151516,-3.5155357379310312,-0.11601127153685824,0.10091361861233246,0.02022715721166495
mixed_groupcv_psnr_benefit_V8_mlp_507,real_csig,1.0,5,,0.9916666666666668,1.0,1.0,0.9916666666666668,0.9916666666666668,-4.3169339776078965,-0.09240637398324907,-0.09773552132052524,-0.029039946695168812
mixed_groupcv_psnr_benefit_V8_mlp_507,synthetic_bsds,0.1,50,,0.98,0.25,0.29174629697994187,0.98,0.245,-3.2305830148998806,-0.10656535804271698,0.12145374469459057,0.03458865761756897
mixed_groupcv_psnr_benefit_V8_mlp_507,synthetic_bsds,0.2,50,,0.98,0.25,0.29174629697994187,0.98,0.245,-3.2305830148998806,-0.10656535804271698,0.12145374469459057,0.03458865761756897
mixed_groupcv_psnr_benefit_V8_mlp_507,synthetic_bsds,0.3,50,,0.98,0.5,0.5740750383741038,0.9848727507348197,0.49,-3.368825556753478,-0.10998661696910858,0.12330151431262493,0.0305923855304718
mixed_groupcv_psnr_benefit_V8_mlp_507,synthetic_bsds,0.4,50,,0.98,0.5,0.5740750383741038,0.9848727507348197,0.49,-3.368825556753478,-0.10998661696910858,0.12330151431262493,0.0305923855304718
mixed_groupcv_psnr_benefit_V8_mlp_507,synthetic_bsds,0.5,50,,0.98,0.5,0.5740750383741038,0.9848727507348197,0.49,-3.368825556753478,-0.10998661696910858,0.12330151431262493,0.0305923855304718
mixed_groupcv_psnr_benefit_V8_mlp_507,synthetic_bsds,0.6,50,,0.9733333333333334,0.75,0.8317409861335094,0.9762549935295111,0.73,-3.2731690286709245,-0.10654705365498861,0.12571985577543576,0.029181537628173833
mixed_groupcv_psnr_benefit_V8_mlp_507,synthetic_bsds,0.7,50,,0.9733333333333334,0.75,0.8317409861335094,0.9762549935295111,0.73,-3.2731690286709245,-0.10654705365498861,0.12571985577543576,0.029181537628173833
mixed_groupcv_psnr_benefit_V8_mlp_507,synthetic_bsds,0.8,50,,0.975,1.0,1.0,0.9778445735455081,0.975,-3.4353959139633448,-0.11837176129221916,0.12077853260561824,0.025153867602348327
mixed_groupcv_psnr_benefit_V8_mlp_507,synthetic_bsds,0.9,50,,0.975,1.0,1.0,0.9778445735455081,0.975,-3.4353959139633448,-0.11837176129221916,0.12077853260561824,0.025153867602348327
mixed_groupcv_psnr_benefit_V8_mlp_507,synthetic_bsds,1.0,50,,0.975,1.0,1.0,0.9778445735455081,0.975,-3.4353959139633448,-0.11837176129221916,0.12077853260561824,0.025153867602348327
mixed_groupcv_psnr_benefit_C1_lq_logistic_505,all,0.1,55,,0.98,0.23674242424242425,0.2019186389513492,0.98,0.23200757575757577,-3.851052117926054,-0.11059481397948483,0.08407893997786399,0.01765035314993425
mixed_groupcv_psnr_benefit_C1_lq_logistic_505,real_csig,0.1,5,,0.9800000000000001,0.10416666666666667,0.10416666666666667,0.9800000000000001,0.10208333333333335,-4.411103553327622,-0.09331598334014415,-0.11631020559929313,-0.040142568349838245
mixed_groupcv_psnr_benefit_C1_lq_logistic_505,all,0.2,55,,0.9804195804195803,0.24573863636363635,0.21091485107256133,0.9804195804195803,0.2409090909090909,-3.8887348177439316,-0.11066431252064404,0.08411631848845447,0.017562352916299602
mixed_groupcv_psnr_benefit_C1_lq_logistic_505,real_csig,0.2,5,,0.9846153846153847,0.203125,0.203125,0.9846153846153847,0.2,-4.825613251324269,-0.09408046729289568,-0.11589904198279748,-0.041110570919819366
mixed_groupcv_psnr_benefit_C1_lq_logistic_505,all,0.3,55,,0.9626959247648903,0.4820075757575757,0.4267434494654121,0.9570943501977984,0.46354166666666663,-3.642485614491269,-0.10898818635735019,0.09596055620568907,0.0194637607257568
mixed_groupcv_psnr_benefit_C1_lq_logistic_505,real_csig,0.3,5,,0.9896551724137931,0.3020833333333333,0.3020833333333333,0.9896551724137931,0.2989583333333333,-4.851188137154077,-0.09503447464827834,-0.11669339279098243,-0.04120726605941509
mixed_groupcv_psnr_benefit_C1_lq_logistic_505,all,0.4,55,,0.9629279811097994,0.4910037878787879,0.43573966158662414,0.9573264065427075,0.4725378787878788,-3.6389082119832263,-0.10900234277970394,0.0957051747776524,0.019449469098797093
mixed_groupcv_psnr_benefit_C1_lq_logistic_505,real_csig,0.4,5,,0.9922077922077921,0.4010416666666667,0.4010416666666667,0.9922077922077921,0.3979166666666667,-4.811836709565608,-0.09519019529416964,-0.11950258849938582,-0.04136447395597185
mixed_groupcv_psnr_benefit_C1_lq_logistic_505,all,0.5,55,,0.9630681818181818,0.5,0.4447358737078363,0.95746660725109,0.4815340909090909,-3.6435321056870897,-0.10905310634636518,0.0959340109210285,0.019562201845374973
mixed_groupcv_psnr_benefit_C1_lq_logistic_505,real_csig,0.5,5,,0.99375,0.5,0.5,0.99375,0.496875,-4.862699540308102,-0.09574859452744325,-0.11698539092224866,-0.04012441374361515
mixed_groupcv_psnr_benefit_C1_lq_logistic_505,all,0.6,55,,0.9748171368861024,0.7367424242424242,0.7041610879227702,0.9817656695140363,0.7179924242424243,-3.5816477342251343,-0.11277025180986558,0.10059960447991403,0.019247738691582073
mixed_groupcv_psnr_benefit_C1_lq_logistic_505,real_csig,0.6,5,,0.9896551724137931,0.6041666666666666,0.6041666666666666,0.9896551724137931,0.5979166666666667,-4.766455699895696,-0.09637451983731368,-0.11764864602993272,-0.040452414853819486
mixed_groupcv_psnr_benefit_C1_lq_logistic_505,all,0.7,55,,0.9749494949494949,0.7457386363636364,0.7131573000439823,0.9818980275774291,0.7269886363636363,-3.5798091980419904,-0.11279621613948834,0.10075780773416208,0.01929535449956001
mixed_groupcv_psnr_benefit_C1_lq_logistic_505,real_csig,0.7,5,,0.9911111111111112,0.703125,0.703125,0.9911111111111112,0.696875,-4.746231801881112,-0.09666012746316416,-0.11590841023320402,-0.0399286409660622
mixed_groupcv_psnr_benefit_C1_lq_logistic_505,all,0.8,55,,0.976564344746163,0.9820075757575758,0.9820075757575758,0.9791503206966249,0.9587121212121213,-3.5435731659712824,-0.11627870907362685,0.09950996854209473,0.019464816182957347
mixed_groupcv_psnr_benefit_C1_lq_logistic_505,real_csig,0.8,5,,0.9922077922077921,0.8020833333333334,0.8020833333333334,0.9922077922077921,0.7958333333333334,-4.625345686050659,-0.09534818688770394,-0.11317567209314024,-0.03742569801095245
mixed_groupcv_psnr_benefit_C1_lq_logistic_505,all,0.9,55,,0.9765370467682606,0.9910037878787878,0.9910037878787878,0.9791230227187225,0.9676136363636364,-3.5294963171853064,-0.11614758759517765,0.10016119247689037,0.019828114491416103
mixed_groupcv_psnr_benefit_C1_lq_logistic_505,real_csig,0.9,5,,0.9919075144508671,0.9010416666666666,0.9010416666666666,0.9919075144508671,0.89375,-4.470500349404925,-0.09390585062476252,-0.10601220881038835,-0.03342941661790616
mixed_groupcv_psnr_benefit_C1_lq_logistic_505,all,1.0,55,,0.9765151515151516,1.0,1.0,0.9791011274656135,0.9765151515151516,-3.5155357379310312,-0.11601127153685824,0.10091361861233246,0.02022715721166495
mixed_groupcv_psnr_benefit_C1_lq_logistic_505,real_csig,1.0,5,,0.9916666666666668,1.0,1.0,0.9916666666666668,0.9916666666666668,-4.3169339776078965,-0.09240637398324907,-0.09773552132052524,-0.029039946695168812
mixed_groupcv_psnr_benefit_C1_lq_logistic_505,synthetic_bsds,0.1,50,,0.98,0.25,0.21169383617981752,0.98,0.245,-3.7950469743858974,-0.11232269704341888,0.10411785453557969,0.023429645299911497
mixed_groupcv_psnr_benefit_C1_lq_logistic_505,synthetic_bsds,0.2,50,,0.98,0.25,0.21169383617981752,0.98,0.245,-3.7950469743858974,-0.11232269704341888,0.10411785453557969,0.023429645299911497
mixed_groupcv_psnr_benefit_C1_lq_logistic_505,synthetic_bsds,0.3,50,,0.96,0.5,0.4392094610786199,0.9538382679761991,0.48,-3.5216153622249884,-0.11038355752825738,0.11722595110535622,0.025530863404273987
mixed_groupcv_psnr_benefit_C1_lq_logistic_505,synthetic_bsds,0.4,50,,0.96,0.5,0.4392094610786199,0.9538382679761991,0.48,-3.5216153622249884,-0.11038355752825738,0.11722595110535622,0.025530863404273987
mixed_groupcv_psnr_benefit_C1_lq_logistic_505,synthetic_bsds,0.5,50,,0.96,0.5,0.4392094610786199,0.9538382679761991,0.48,-3.5216153622249884,-0.11038355752825738,0.11722595110535622,0.025530863404273987
mixed_groupcv_psnr_benefit_C1_lq_logistic_505,synthetic_bsds,0.6,50,,0.9733333333333334,0.75,0.7141605300483804,0.9809767192240608,0.73,-3.463166937658077,-0.11440982500712078,0.12242442953089873,0.025217754046122226
mixed_groupcv_psnr_benefit_C1_lq_logistic_505,synthetic_bsds,0.7,50,,0.9733333333333334,0.75,0.7141605300483804,0.9809767192240608,0.73,-3.463166937658077,-0.11440982500712078,0.12242442953089873,0.025217754046122226
mixed_groupcv_psnr_benefit_C1_lq_logistic_505,synthetic_bsds,0.8,50,,0.975,1.0,1.0,0.9778445735455081,0.975,-3.4353959139633448,-0.11837176129221916,0.12077853260561824,0.025153867602348327
mixed_groupcv_psnr_benefit_C1_lq_logistic_505,synthetic_bsds,0.9,50,,0.975,1.0,1.0,0.9778445735455081,0.975,-3.4353959139633448,-0.11837176129221916,0.12077853260561824,0.025153867602348327
mixed_groupcv_psnr_benefit_C1_lq_logistic_505,synthetic_bsds,1.0,50,,0.975,1.0,1.0,0.9778445735455081,0.975,-3.4353959139633448,-0.11837176129221916,0.12077853260561824,0.025153867602348327
mixed_groupcv_psnr_benefit_C1_lq_mlp_505,all,0.1,55,,1.0,0.23674242424242425,0.2921324917820245,1.0,0.23674242424242425,-3.5390108721478826,-0.11070996604182504,0.09462588847022166,0.02235425732352517
mixed_groupcv_psnr_benefit_C1_lq_mlp_505,real_csig,0.1,5,,1.0,0.10416666666666667,0.10416666666666667,1.0,0.10416666666666667,-3.0471950805381534,-0.08262133896350862,-0.05025912027806043,0.0013551020622253412
mixed_groupcv_psnr_benefit_C1_lq_mlp_505,all,0.2,55,,1.0,0.24573863636363635,0.30112870390323665,1.0,0.24573863636363635,-3.5516560694677515,-0.11091514876880847,0.09422000632002638,0.022282913737085873
mixed_groupcv_psnr_benefit_C1_lq_mlp_505,real_csig,0.2,5,,1.0,0.203125,0.203125,1.0,0.203125,-3.1862922510567073,-0.08487834896032627,-0.05472382393020849,0.0005703226113930732
mixed_groupcv_psnr_benefit_C1_lq_mlp_505,all,0.3,55,,0.9818181818181818,0.4820075757575757,0.5917024611533958,0.9918495297805642,0.4729166666666666,-3.3333814457092252,-0.10200601546414967,0.10475467863583174,0.028175955693176172
mixed_groupcv_psnr_benefit_C1_lq_mlp_505,real_csig,0.3,5,,1.0,0.3020833333333333,0.3020833333333333,1.0,0.3020833333333333,-3.4714467100202526,-0.08860328061313463,-0.06496677732030891,-0.005180427945893386
mixed_groupcv_psnr_benefit_C1_lq_mlp_505,all,0.4,55,,0.9815820543093271,0.4910037878787879,0.6006986732746079,0.9916134022717095,0.4818181818181818,-3.3388127618025063,-0.10218203963080714,0.10428200195529175,0.027876662293178554
mixed_groupcv_psnr_benefit_C1_lq_mlp_505,real_csig,0.4,5,,0.9974025974025974,0.4010416666666667,0.4010416666666667,0.9974025974025974,0.4,-3.5311911870463413,-0.09053954644636675,-0.07016622080624876,-0.00847265534586721
mixed_groupcv_psnr_benefit_C1_lq_mlp_505,all,0.5,55,,0.9814393939393941,0.5,0.6096948853958201,0.9914707419017764,0.49071969696969703,-3.357909661786851,-0.1021854610436342,0.1036083246329023,0.027509045894398832
mixed_groupcv_psnr_benefit_C1_lq_mlp_505,real_csig,0.5,5,,0.9958333333333333,0.5,0.5,0.9958333333333333,0.4979166666666667,-3.7412570868741364,-0.09057718198746444,-0.07757667135253239,-0.012516435732444134
mixed_groupcv_psnr_benefit_C1_lq_mlp_505,all,0.6,55,,0.9815047021943573,0.7367424242424242,0.8271833716927177,0.9911251854264986,0.7229166666666668,-3.3930687181104737,-0.10829841671988383,0.10589014797905985,0.025409287880705192
mixed_groupcv_psnr_benefit_C1_lq_mlp_505,real_csig,0.6,5,,0.9965517241379309,0.6041666666666666,0.6041666666666666,0.9965517241379309,0.6020833333333333,-4.014205745220873,-0.09239129488324296,-0.08575966477891879,-0.0179894155469434
mixed_groupcv_psnr_benefit_C1_lq_mlp_505,all,0.7,55,,0.9812794612794612,0.7457386363636364,0.8361795838139298,0.9908999445116027,0.7317234848484849,-3.3993109864892186,-0.10820389105214012,0.10571452743772054,0.02511080993145002
mixed_groupcv_psnr_benefit_C1_lq_mlp_505,real_csig,0.7,5,,0.994074074074074,0.703125,0.703125,0.994074074074074,0.6989583333333333,-4.082870697387065,-0.0913515125380622,-0.0876914907336511,-0.021272672988750314
mixed_groupcv_psnr_benefit_C1_lq_mlp_505,all,0.8,55,,0.976564344746163,0.9820075757575758,0.9820075757575758,0.9791503206966249,0.9587121212121213,-3.5076431930853755,-0.11595866525152076,0.10145102945511551,0.020638757944107057
mixed_groupcv_psnr_benefit_C1_lq_mlp_505,real_csig,0.8,5,,0.9922077922077921,0.8020833333333334,0.8020833333333334,0.9922077922077921,0.7958333333333334,-4.230115984305681,-0.09182770484453673,-0.09182400204991173,-0.024512338638305663
mixed_groupcv_psnr_benefit_C1_lq_mlp_505,all,0.9,55,,0.9765370467682606,0.9910037878787878,0.9910037878787878,0.9791230227187225,0.9676136363636364,-3.5171281133198398,-0.11612457740842451,0.10095783804924557,0.020362692632865605
mixed_groupcv_psnr_benefit_C1_lq_mlp_505,real_csig,0.9,5,,0.9919075144508671,0.9010416666666666,0.9010416666666666,0.9919075144508671,0.89375,-4.334450106884792,-0.09365273857047791,-0.09724910751448115,-0.027549057061961625
mixed_groupcv_psnr_benefit_C1_lq_mlp_505,all,1.0,55,,0.9765151515151516,1.0,1.0,0.9791011274656135,0.9765151515151516,-3.5155357379310312,-0.11601127153685824,0.10091361861233246,0.02022715721166495
mixed_groupcv_psnr_benefit_C1_lq_mlp_505,real_csig,1.0,5,,0.9916666666666668,1.0,1.0,0.9916666666666668,0.9916666666666668,-4.3169339776078965,-0.09240637398324907,-0.09773552132052524,-0.029039946695168812
mixed_groupcv_psnr_benefit_C1_lq_mlp_505,synthetic_bsds,0.1,50,,1.0,0.25,0.3109290742935603,1.0,0.25,-3.588192451308855,-0.11351882874965667,0.10911438934504986,0.02445417284965515
mixed_groupcv_psnr_benefit_C1_lq_mlp_505,synthetic_bsds,0.2,50,,1.0,0.25,0.3109290742935603,1.0,0.25,-3.588192451308855,-0.11351882874965667,0.10911438934504986,0.02445417284965515
mixed_groupcv_psnr_benefit_C1_lq_mlp_505,synthetic_bsds,0.3,50,,0.98,0.5,0.620664373935402,0.9910344827586206,0.49,-3.3195749192781223,-0.10334628894925117,0.12172682423144579,0.03151159405708313
mixed_groupcv_psnr_benefit_C1_lq_mlp_505,synthetic_bsds,0.4,50,,0.98,0.5,0.620664373935402,0.9910344827586206,0.49,-3.3195749192781223,-0.10334628894925117,0.12172682423144579,0.03151159405708313
mixed_groupcv_psnr_benefit_C1_lq_mlp_505,synthetic_bsds,0.5,50,,0.98,0.5,0.620664373935402,0.9910344827586206,0.49,-3.3195749192781223,-0.10334628894925117,0.12172682423144579,0.03151159405708313
mixed_groupcv_psnr_benefit_C1_lq_mlp_505,synthetic_bsds,0.6,50,,0.98,0.75,0.8494850421953227,0.9905825315553554,0.735,-3.3309550153994336,-0.10988912890354793,0.1250551292548577,0.029749158223470053
mixed_groupcv_psnr_benefit_C1_lq_mlp_505,synthetic_bsds,0.7,50,,0.98,0.75,0.8494850421953227,0.9905825315553554,0.735,-3.3309550153994336,-0.10988912890354793,0.1250551292548577,0.029749158223470053
mixed_groupcv_psnr_benefit_C1_lq_mlp_505,synthetic_bsds,0.8,50,,0.975,1.0,1.0,0.9778445735455081,0.975,-3.4353959139633448,-0.11837176129221916,0.12077853260561824,0.025153867602348327
mixed_groupcv_psnr_benefit_C1_lq_mlp_505,synthetic_bsds,0.9,50,,0.975,1.0,1.0,0.9778445735455081,0.975,-3.4353959139633448,-0.11837176129221916,0.12077853260561824,0.025153867602348327
mixed_groupcv_psnr_benefit_C1_lq_mlp_505,synthetic_bsds,1.0,50,,0.975,1.0,1.0,0.9778445735455081,0.975,-3.4353959139633448,-0.11837176129221916,0.12077853260561824,0.025153867602348327
mixed_groupcv_psnr_benefit_C1_lq_mlp_506,all,0.1,55,,0.9627272727272728,0.23674242424242425,0.2195802061456267,0.9627272727272728,0.2275568181818182,-3.0833863408146427,-0.10297587580301547,0.12742039432918484,0.031036379608240995
mixed_groupcv_psnr_benefit_C1_lq_mlp_506,real_csig,0.1,5,,0.99,0.10416666666666667,0.10416666666666667,0.99,0.103125,-2.7160339815237107,-0.08694347575306893,-0.03741941001266241,0.008368080258369446
mixed_groupcv_psnr_benefit_C1_lq_mlp_506,all,0.2,55,,0.9631701631701632,0.24573863636363635,0.22857641826683878,0.9631701631701632,0.2365530303030303,-3.097659781773032,-0.10326816045737766,0.1266857579003125,0.031069151393739215
mixed_groupcv_psnr_benefit_C1_lq_mlp_506,real_csig,0.2,5,,0.9948717948717949,0.203125,0.203125,0.9948717948717949,0.2020833333333333,-2.8730418320659945,-0.09015860695105334,-0.04550041073025802,0.008728569898849878
mixed_groupcv_psnr_benefit_C1_lq_mlp_506,all,0.3,55,,0.9626959247648903,0.4820075757575757,0.4725981925164168,0.9626959247648902,0.46354166666666663,-3.0730659063852817,-0.10101385897136407,0.12239988114229376,0.029630704340889907
mixed_groupcv_psnr_benefit_C1_lq_mlp_506,real_csig,0.3,5,,0.9896551724137931,0.3020833333333333,0.3020833333333333,0.9896551724137931,0.2989583333333333,-3.0912101307426423,-0.09315812531216391,-0.05462530666384204,0.0022711632580592694
mixed_groupcv_psnr_benefit_C1_lq_mlp_506,all,0.4,55,,0.9626918536009444,0.4910037878787879,0.4815944046376289,0.9626918536009444,0.47244318181818185,-3.1128196991795147,-0.10129274811767211,0.12128210055829854,0.02893738331451326
mixed_groupcv_psnr_benefit_C1_lq_mlp_506,real_csig,0.4,5,,0.9896103896103895,0.4010416666666667,0.4010416666666667,0.9896103896103895,0.39687500000000003,-3.52850185147921,-0.09622590592155209,-0.06692089308778962,-0.005355368032083887
mixed_groupcv_psnr_benefit_C1_lq_mlp_506,all,0.5,55,,0.9628787878787878,0.5,0.490590616758841,0.9628787878787878,0.4814393939393939,-3.147431545587735,-0.10133349997922778,0.12036164904508923,0.02817861008824724
mixed_groupcv_psnr_benefit_C1_lq_mlp_506,real_csig,0.5,5,,0.9916666666666666,0.5,0.5,0.9916666666666666,0.4958333333333333,-3.9092321619696344,-0.09667417639866471,-0.07704585973309198,-0.01370187352101008
mixed_groupcv_psnr_benefit_C1_lq_mlp_506,all,0.6,55,,0.9749738766980147,0.7367424242424242,0.7416916974159967,0.9819224093259487,0.7180871212121211,-3.336306136588568,-0.10931017347450914,0.11020029517795206,0.02350489683098927
mixed_groupcv_psnr_benefit_C1_lq_mlp_506,real_csig,0.6,5,,0.9913793103448276,0.6041666666666666,0.6041666666666666,0.9913793103448276,0.5989583333333333,-4.100094130278374,-0.0960782918436774,-0.08353488037346637,-0.01982424002269219
mixed_groupcv_psnr_benefit_C1_lq_mlp_506,all,0.7,55,,0.9749494949494949,0.7457386363636364,0.7506879095372088,0.9818980275774291,0.7269886363636363,-3.345674023467332,-0.10927333675048968,0.10971242438117514,0.02315233451348764
mixed_groupcv_psnr_benefit_C1_lq_mlp_506,real_csig,0.7,5,,0.9911111111111112,0.703125,0.703125,0.9911111111111112,0.696875,-4.203140885944783,-0.09567308787946346,-0.08890145913801259,-0.023702425515210186
mixed_groupcv_psnr_benefit_C1_lq_mlp_506,all,0.8,55,,0.9764462809917355,0.9820075757575758,0.9820075757575758,0.9790322569421974,0.9586174242424241,-3.5165278863387384,-0.11628036386429065,0.10118503767134977,0.020395459074619388
mixed_groupcv_psnr_benefit_C1_lq_mlp_506,real_csig,0.8,5,,0.9909090909090909,0.8020833333333334,0.8020833333333334,0.9909090909090909,0.7947916666666667,-4.327847610092676,-0.09536638958500578,-0.09474991167133504,-0.02718862620267002
mixed_groupcv_psnr_benefit_C1_lq_mlp_506,all,0.9,55,,0.9764319495533368,0.9910037878787878,0.9910037878787878,0.9790179255037987,0.9675189393939394,-3.5182203037291737,-0.11613816264439307,0.10106321970510815,0.020277036874468427
mixed_groupcv_psnr_benefit_C1_lq_mlp_506,real_csig,0.9,5,,0.9907514450867051,0.9010416666666666,0.9010416666666666,0.9907514450867051,0.8927083333333332,-4.346464201387467,-0.093802176166132,-0.09608990929999277,-0.028491270404330565
mixed_groupcv_psnr_benefit_C1_lq_mlp_506,all,1.0,55,,0.9765151515151516,1.0,1.0,0.9791011274656135,0.9765151515151516,-3.5155357379310312,-0.11601127153685824,0.10091361861233246,0.02022715721166495
mixed_groupcv_psnr_benefit_C1_lq_mlp_506,real_csig,1.0,5,,0.9916666666666668,1.0,1.0,0.9916666666666668,0.9916666666666668,-4.3169339776078965,-0.09240637398324907,-0.09773552132052524,-0.029039946695168812
mixed_groupcv_psnr_benefit_C1_lq_mlp_506,synthetic_bsds,0.1,50,,0.96,0.25,0.2311215600935227,0.96,0.24,-3.120121576743735,-0.1045791158080101,0.14390437476336956,0.03330320954322815
mixed_groupcv_psnr_benefit_C1_lq_mlp_506,synthetic_bsds,0.2,50,,0.96,0.25,0.2311215600935227,0.96,0.24,-3.120121576743735,-0.1045791158080101,0.14390437476336956,0.03330320954322815
mixed_groupcv_psnr_benefit_C1_lq_mlp_506,synthetic_bsds,0.3,50,,0.96,0.5,0.4896496784347251,0.96,0.48,-3.071251483949546,-0.10179943233728408,0.14010239992290735,0.032366658449172976
mixed_groupcv_psnr_benefit_C1_lq_mlp_506,synthetic_bsds,0.4,50,,0.96,0.5,0.4896496784347251,0.96,0.48,-3.071251483949546,-0.10179943233728408,0.14010239992290735,0.032366658449172976
mixed_groupcv_psnr_benefit_C1_lq_mlp_506,synthetic_bsds,0.5,50,,0.96,0.5,0.4896496784347251,0.96,0.48,-3.071251483949546,-0.10179943233728408,0.14010239992290735,0.032366658449172976
mixed_groupcv_psnr_benefit_C1_lq_mlp_506,synthetic_bsds,0.6,50,,0.9733333333333334,0.75,0.7554442004909295,0.9809767192240608,0.73,-3.259927337219587,-0.11063336163759231,0.1295738127330939,0.027837810516357423
mixed_groupcv_psnr_benefit_C1_lq_mlp_506,synthetic_bsds,0.7,50,,0.9733333333333334,0.75,0.7554442004909295,0.9809767192240608,0.73,-3.259927337219587,-0.11063336163759231,0.1295738127330939,0.027837810516357423
mixed_groupcv_psnr_benefit_C1_lq_mlp_506,synthetic_bsds,0.8,50,,0.975,1.0,1.0,0.9778445735455081,0.975,-3.4353959139633448,-0.11837176129221916,0.12077853260561824,0.025153867602348327
mixed_groupcv_psnr_benefit_C1_lq_mlp_506,synthetic_bsds,0.9,50,,0.975,1.0,1.0,0.9778445735455081,0.975,-3.4353959139633448,-0.11837176129221916,0.12077853260561824,0.025153867602348327
mixed_groupcv_psnr_benefit_C1_lq_mlp_506,synthetic_bsds,1.0,50,,0.975,1.0,1.0,0.9778445735455081,0.975,-3.4353959139633448,-0.11837176129221916,0.12077853260561824,0.025153867602348327
mixed_groupcv_psnr_benefit_C1_lq_mlp_507,all,0.1,55,,0.98,0.23674242424242425,0.25803073431578105,0.98,0.23200757575757577,-3.246712529205301,-0.10099628439003772,0.11809312193061818,0.03080317437648773
mixed_groupcv_psnr_benefit_C1_lq_mlp_507,real_csig,0.1,5,,0.9800000000000001,0.10416666666666667,0.10416666666666667,0.9800000000000001,0.10208333333333335,-2.6663921018713865,-0.08518067672848702,-0.04312470482662321,0.00976098835468292
mixed_groupcv_psnr_benefit_C1_lq_mlp_507,all,0.2,55,,0.9808857808857809,0.24573863636363635,0.2670269464369932,0.9808857808857809,0.2410037878787879,-3.2652701914297033,-0.1012091894840305,0.11802513424246322,0.03075716473283745
mixed_groupcv_psnr_benefit_C1_lq_mlp_507,real_csig,0.2,5,,0.9897435897435898,0.203125,0.203125,0.9897435897435898,0.2010416666666667,-2.8705263863398156,-0.08752263276240765,-0.0438725693963277,0.009254882274529875
mixed_groupcv_psnr_benefit_C1_lq_mlp_507,all,0.3,55,,0.9714733542319749,0.4820075757575757,0.5211699457610672,0.9820906027802581,0.46799242424242427,-3.262704679487278,-0.10240021148772449,0.11873645324808864,0.02993208160594713
mixed_groupcv_psnr_benefit_C1_lq_mlp_507,real_csig,0.3,5,,0.9862068965517242,0.3020833333333333,0.3020833333333333,0.9862068965517242,0.29791666666666666,-3.125688101337743,-0.0904499758677236,-0.05345903677416257,0.0021455337261331487
mixed_groupcv_psnr_benefit_C1_lq_mlp_507,all,0.4,55,,0.9715466351829987,0.4910037878787879,0.5301661578822793,0.9821638837312818,0.4768939393939394,-3.287540615954541,-0.10251896776338114,0.11814683855191277,0.029411894983778032
mixed_groupcv_psnr_benefit_C1_lq_mlp_507,real_csig,0.4,5,,0.9870129870129869,0.4010416666666667,0.4010416666666667,0.9870129870129869,0.39583333333333337,-3.3988834024776375,-0.0917562948999467,-0.05994479843209703,-0.003576519117726914
mixed_groupcv_psnr_benefit_C1_lq_mlp_507,all,0.5,55,,0.9715909090909091,0.5,0.5391623700034915,0.9822081576391921,0.48579545454545453,-3.314690227520471,-0.10271320328201082,0.11721918616835451,0.028809616658272166
mixed_groupcv_psnr_benefit_C1_lq_mlp_507,real_csig,0.5,5,,0.9875,0.5,0.5,0.9875,0.49375,-3.697529129702874,-0.0938928856048733,-0.07014897465123797,-0.010201580698291458
mixed_groupcv_psnr_benefit_C1_lq_mlp_507,all,0.6,55,,0.9746603970741902,0.7367424242424242,0.7649749898581675,0.9827393876069639,0.7178977272727273,-3.494319428786834,-0.11223414296492576,0.10456865714868295,0.02294659925665601
mixed_groupcv_psnr_benefit_C1_lq_mlp_507,real_csig,0.6,5,,0.9879310344827588,0.6041666666666666,0.6041666666666666,0.9879310344827588,0.5968749999999999,-3.997762392334489,-0.09509632786543205,-0.0787222677897983,-0.01655024444234782
mixed_groupcv_psnr_benefit_C1_lq_mlp_507,all,0.7,55,,0.9748148148148148,0.7457386363636364,0.7739712019793796,0.9828938053475884,0.7268939393939394,-3.511571581814502,-0.11227158559592887,0.1040016806813628,0.02257702944656012
mixed_groupcv_psnr_benefit_C1_lq_mlp_507,real_csig,0.7,5,,0.9896296296296295,0.703125,0.703125,0.9896296296296295,0.6958333333333334,-4.187536075638843,-0.09550819680646613,-0.08495900893031999,-0.020615512353402594
mixed_groupcv_psnr_benefit_C1_lq_mlp_507,all,0.8,55,,0.9764462809917355,0.9820075757575758,0.9820075757575758,0.9790322569421974,0.9586174242424241,-3.5107591782659964,-0.1162026874553918,0.10160942118094822,0.020721674753614694
mixed_groupcv_psnr_benefit_C1_lq_mlp_507,real_csig,0.8,5,,0.9909090909090909,0.8020833333333334,0.8020833333333334,0.9909090909090909,0.7947916666666667,-4.264391821292515,-0.09451194908711819,-0.09008169306575188,-0.023600253733721644
mixed_groupcv_psnr_benefit_C1_lq_mlp_507,all,0.9,55,,0.9765370467682606,0.9910037878787878,0.9910037878787878,0.9791230227187225,0.9676136363636364,-3.511539710782359,-0.11613595459455575,0.10123919173580834,0.020490435553549218
mixed_groupcv_psnr_benefit_C1_lq_mlp_507,real_csig,0.9,5,,0.9919075144508671,0.9010416666666666,0.9010416666666666,0.9919075144508671,0.89375,-4.2729776789725085,-0.09377788761792155,-0.09415421696229047,-0.026143884934441884
mixed_groupcv_psnr_benefit_C1_lq_mlp_507,all,1.0,55,,0.9765151515151516,1.0,1.0,0.9791011274656135,0.9765151515151516,-3.5155357379310312,-0.11601127153685824,0.10091361861233246,0.02022715721166495
mixed_groupcv_psnr_benefit_C1_lq_mlp_507,real_csig,1.0,5,,0.9916666666666668,1.0,1.0,0.9916666666666668,0.9916666666666668,-4.3169339776078965,-0.09240637398324907,-0.09773552132052524,-0.029039946695168812
mixed_groupcv_psnr_benefit_C1_lq_mlp_507,synthetic_bsds,0.1,50,,0.98,0.25,0.2734171410806925,0.98,0.245,-3.3047445719386923,-0.10257784515619278,0.1342149046063423,0.03290739297866821
mixed_groupcv_psnr_benefit_C1_lq_mlp_507,synthetic_bsds,0.2,50,,0.98,0.25,0.2734171410806925,0.98,0.245,-3.3047445719386923,-0.10257784515619278,0.1342149046063423,0.03290739297866821
mixed_groupcv_psnr_benefit_C1_lq_mlp_507,synthetic_bsds,0.3,50,,0.97,0.5,0.5430786070038406,0.9816789734031113,0.485,-3.276406337302231,-0.10359523504972458,0.13595600225031376,0.032710736393928526
mixed_groupcv_psnr_benefit_C1_lq_mlp_507,synthetic_bsds,0.4,50,,0.97,0.5,0.5430786070038406,0.9816789734031113,0.485,-3.276406337302231,-0.10359523504972458,0.13595600225031376,0.032710736393928526
mixed_groupcv_psnr_benefit_C1_lq_mlp_507,synthetic_bsds,0.5,50,,0.97,0.5,0.5430786070038406,0.9816789734031113,0.485,-3.276406337302231,-0.10359523504972458,0.13595600225031376,0.032710736393928526
mixed_groupcv_psnr_benefit_C1_lq_mlp_507,synthetic_bsds,0.6,50,,0.9733333333333334,0.75,0.7810558221773175,0.9822202229193845,0.73,-3.4439751324320684,-0.11394792447487513,0.12289774964253106,0.026896283626556394
mixed_groupcv_psnr_benefit_C1_lq_mlp_507,synthetic_bsds,0.7,50,,0.9733333333333334,0.75,0.7810558221773175,0.9822202229193845,0.73,-3.4439751324320684,-0.11394792447487513,0.12289774964253106,0.026896283626556394
mixed_groupcv_psnr_benefit_C1_lq_mlp_507,synthetic_bsds,0.8,50,,0.975,1.0,1.0,0.9778445735455081,0.975,-3.4353959139633448,-0.11837176129221916,0.12077853260561824,0.025153867602348327
mixed_groupcv_psnr_benefit_C1_lq_mlp_507,synthetic_bsds,0.9,50,,0.975,1.0,1.0,0.9778445735455081,0.975,-3.4353959139633448,-0.11837176129221916,0.12077853260561824,0.025153867602348327
mixed_groupcv_psnr_benefit_C1_lq_mlp_507,synthetic_bsds,1.0,50,,0.975,1.0,1.0,0.9778445735455081,0.975,-3.4353959139633448,-0.11837176129221916,0.12077853260561824,0.025153867602348327
mixed_groupcv_psnr_benefit_C1_restored_logistic_505,all,0.1,55,,0.9818181818181818,0.23674242424242425,0.23756560543943722,0.9818181818181818,0.2321969696969697,-3.8168811775279146,-0.10583652020178058,0.08649301212450321,0.020393517234108663
mixed_groupcv_psnr_benefit_C1_restored_logistic_505,real_csig,0.1,5,,1.0,0.10416666666666667,0.10416666666666667,1.0,0.10416666666666667,-4.528333804812169,-0.07858918972313404,-0.0919689697958529,-0.028253300189971926
mixed_groupcv_psnr_benefit_C1_restored_logistic_505,all,0.2,55,,0.9808857808857809,0.24573863636363635,0.24656181756064935,0.9808857808857809,0.24100378787878785,-3.7923157997788044,-0.10597123949330448,0.08715089839060373,0.02075638651569962
mixed_groupcv_psnr_benefit_C1_restored_logistic_505,real_csig,0.2,5,,0.9897435897435898,0.203125,0.203125,0.9897435897435898,0.20104166666666665,-4.258114649571956,-0.08007110192989692,-0.0847322208687472,-0.024261738092471397
mixed_groupcv_psnr_benefit_C1_restored_logistic_505,all,0.3,55,,0.9811912225705329,0.4820075757575757,0.4690827890010133,0.9811912225705329,0.4727272727272727,-3.472788640494283,-0.09880242967820466,0.10822076220751439,0.02368453387930102
mixed_groupcv_psnr_benefit_C1_restored_logistic_505,real_csig,0.3,5,,0.993103448275862,0.3020833333333333,0.3020833333333333,0.993103448275862,0.29999999999999993,-4.212677517200605,-0.08291180696466872,-0.08708590652697304,-0.023417630894430743
mixed_groupcv_psnr_benefit_C1_restored_logistic_505,all,0.4,55,,0.9811097992916176,0.4910037878787879,0.4780790011222254,0.9811097992916176,0.48162878787878793,-3.4759983663974334,-0.09899133986572446,0.10790173972350982,0.023636854328259106
mixed_groupcv_psnr_benefit_C1_restored_logistic_505,real_csig,0.4,5,,0.9922077922077921,0.4010416666666667,0.4010416666666667,0.9922077922077921,0.3979166666666667,-4.2479845021352665,-0.0849898190273867,-0.09059515385102335,-0.023942105955891788
mixed_groupcv_psnr_benefit_C1_restored_logistic_505,all,0.5,55,,0.9810606060606061,0.5,0.4870752132434375,0.9810606060606061,0.49053030303030304,-3.4776107102420366,-0.09918427867673789,0.10800712876856171,0.023699023721344546
mixed_groupcv_psnr_benefit_C1_restored_logistic_505,real_csig,0.5,5,,0.9916666666666668,0.5,0.5,0.9916666666666668,0.4958333333333334,-4.265720284425901,-0.08711214594853423,-0.08943587435545244,-0.023258242631951965
mixed_groupcv_psnr_benefit_C1_restored_logistic_505,all,0.6,55,,0.9869383490073145,0.7367424242424242,0.7412171361937715,0.992662728343352,0.7270833333333334,-3.5338101120940513,-0.1109830880831526,0.10212629737953831,0.02278509057801345
mixed_groupcv_psnr_benefit_C1_restored_logistic_505,real_csig,0.6,5,,0.9896551724137931,0.6041666666666666,0.6041666666666666,0.9896551724137931,0.5979166666666667,-4.281020914210752,-0.08985222393068773,-0.08992695433392736,-0.02368666837955344
mixed_groupcv_psnr_benefit_C1_restored_logistic_505,all,0.7,55,,0.9869360269360269,0.7457386363636364,0.7502133483149838,0.9926604062720643,0.7359848484848486,-3.532151370806177,-0.11105990055634919,0.10230529784328407,0.022839531794140232
mixed_groupcv_psnr_benefit_C1_restored_logistic_505,real_csig,0.7,5,,0.9896296296296295,0.703125,0.703125,0.9896296296296295,0.6958333333333334,-4.262774760044128,-0.09069716113585012,-0.08795794923272397,-0.023087815002158837
mixed_groupcv_psnr_benefit_C1_restored_logistic_505,all,0.8,55,,0.9764462809917355,0.9820075757575758,0.9820075757575758,0.9790322569421974,0.9586174242424241,-3.510778722236036,-0.11587110912293161,0.10163150603884068,0.02063960117038335
mixed_groupcv_psnr_benefit_C1_restored_logistic_505,real_csig,0.8,5,,0.9909090909090909,0.8020833333333334,0.8020833333333334,0.9909090909090909,0.7947916666666667,-4.264606804962944,-0.09086458743005604,-0.08983875962893491,-0.024503063149266435
mixed_groupcv_psnr_benefit_C1_restored_logistic_505,all,0.9,55,,0.9765370467682606,0.9910037878787878,0.9910037878787878,0.9791230227187225,0.9676136363636364,-3.516075285566083,-0.11596072972744813,0.10116992451219231,0.020378323576667093
mixed_groupcv_psnr_benefit_C1_restored_logistic_505,real_csig,0.9,5,,0.9919075144508671,0.9010416666666666,0.9010416666666666,0.9919075144508671,0.89375,-4.322869001593466,-0.0918504140797378,-0.0949161564220669,-0.027377116680145263
mixed_groupcv_psnr_benefit_C1_restored_logistic_505,all,1.0,55,,0.9765151515151516,1.0,1.0,0.9791011274656135,0.9765151515151516,-3.5155357379310312,-0.11601127153685824,0.10091361861233246,0.02022715721166495
mixed_groupcv_psnr_benefit_C1_restored_logistic_505,real_csig,1.0,5,,0.9916666666666668,1.0,1.0,0.9916666666666668,0.9916666666666668,-4.3169339776078965,-0.09240637398324907,-0.09773552132052524,-0.029039946695168812
mixed_groupcv_psnr_benefit_C1_restored_logistic_505,synthetic_bsds,0.1,50,,0.98,0.25,0.2509054993167143,0.98,0.245,-3.745735914799489,-0.10856125324964523,0.10433921031653881,0.025258198976516724
mixed_groupcv_psnr_benefit_C1_restored_logistic_505,synthetic_bsds,0.2,50,,0.98,0.25,0.2509054993167143,0.98,0.245,-3.745735914799489,-0.10856125324964523,0.10433921031653881,0.025258198976516724
mixed_groupcv_psnr_benefit_C1_restored_logistic_505,synthetic_bsds,0.3,50,,0.98,0.5,0.48578273456778126,0.98,0.49,-3.398799752823651,-0.10039149194955826,0.12775142908096312,0.028394750356674194
mixed_groupcv_psnr_benefit_C1_restored_logistic_505,synthetic_bsds,0.4,50,,0.98,0.5,0.48578273456778126,0.98,0.49,-3.398799752823651,-0.10039149194955826,0.12775142908096312,0.028394750356674194
mixed_groupcv_psnr_benefit_C1_restored_logistic_505,synthetic_bsds,0.5,50,,0.98,0.5,0.48578273456778126,0.98,0.49,-3.398799752823651,-0.10039149194955826,0.12775142908096312,0.028394750356674194
mixed_groupcv_psnr_benefit_C1_restored_logistic_505,synthetic_bsds,0.6,50,,0.9866666666666667,0.75,0.7549221831464821,0.9929634839363078,0.74,-3.4590890318823813,-0.1130961744983991,0.12133162255088488,0.02743226647377014
mixed_groupcv_psnr_benefit_C1_restored_logistic_505,synthetic_bsds,0.7,50,,0.9866666666666667,0.75,0.7549221831464821,0.9929634839363078,0.74,-3.4590890318823813,-0.1130961744983991,0.12133162255088488,0.02743226647377014
mixed_groupcv_psnr_benefit_C1_restored_logistic_505,synthetic_bsds,0.8,50,,0.975,1.0,1.0,0.9778445735455081,0.975,-3.4353959139633448,-0.11837176129221916,0.12077853260561824,0.025153867602348327
mixed_groupcv_psnr_benefit_C1_restored_logistic_505,synthetic_bsds,0.9,50,,0.975,1.0,1.0,0.9778445735455081,0.975,-3.4353959139633448,-0.11837176129221916,0.12077853260561824,0.025153867602348327
mixed_groupcv_psnr_benefit_C1_restored_logistic_505,synthetic_bsds,1.0,50,,0.975,1.0,1.0,0.9778445735455081,0.975,-3.4353959139633448,-0.11837176129221916,0.12077853260561824,0.025153867602348327
mixed_groupcv_psnr_benefit_C1_restored_mlp_505,all,0.1,55,,0.9636363636363636,0.23674242424242425,0.2880063998054652,0.9636363636363636,0.22765151515151516,-3.226678905647177,-0.08034010631116954,0.11786890030415222,0.03207042629068548
mixed_groupcv_psnr_benefit_C1_restored_mlp_505,real_csig,0.1,5,,1.0,0.10416666666666667,0.10416666666666667,1.0,0.10416666666666667,-3.201254051467972,-0.08740568682551383,-0.032269519511610265,0.007824382781982423
mixed_groupcv_psnr_benefit_C1_restored_mlp_505,all,0.2,55,,0.9636363636363636,0.24573863636363635,0.29700261192667743,0.9636363636363636,0.23664772727272726,-3.268494595510636,-0.08125916451979906,0.11666050933231979,0.03181957189853375
mixed_groupcv_psnr_benefit_C1_restored_mlp_505,real_csig,0.2,5,,1.0,0.203125,0.203125,1.0,0.203125,-3.661226639966029,-0.0975153271204386,-0.0455618202017668,0.00506498446831336
mixed_groupcv_psnr_benefit_C1_restored_mlp_505,all,0.3,55,,0.9818181818181818,0.4820075757575757,0.5398671868882149,0.9918495297805642,0.4729166666666666,-3.4069108023153847,-0.10508961513124664,0.10325359118471746,0.02697902179810694
mixed_groupcv_psnr_benefit_C1_restored_mlp_505,real_csig,0.3,5,,1.0,0.3020833333333333,0.3020833333333333,1.0,0.3020833333333333,-3.733095740864806,-0.09637141654203676,-0.057930547869282555,-0.0015812135975936358
mixed_groupcv_psnr_benefit_C1_restored_mlp_505,all,0.4,55,,0.9818181818181818,0.4910037878787879,0.548863399009427,0.9918495297805642,0.4819128787878788,-3.4168529774433747,-0.10510385585190134,0.10253796886824239,0.02644434677527111
mixed_groupcv_psnr_benefit_C1_restored_mlp_505,real_csig,0.4,5,,1.0,0.4010416666666667,0.4010416666666667,1.0,0.4010416666666667,-3.8424596672726947,-0.09652806446923838,-0.0658023933505083,-0.007462638848787786
mixed_groupcv_psnr_benefit_C1_restored_mlp_505,all,0.5,55,,0.98125,0.5,0.5578596111306392,0.9912813479623824,0.490625,-3.435273828133593,-0.10508988663046197,0.1021975099488345,0.025968720797788013
mixed_groupcv_psnr_benefit_C1_restored_mlp_505,real_csig,0.5,5,,0.99375,0.5,0.5,0.99375,0.496875,-4.045089024865094,-0.09637440303340554,-0.06954744146399512,-0.012694524601101879
mixed_groupcv_psnr_benefit_C1_restored_mlp_505,all,0.6,55,,0.9810344827586206,0.7367424242424242,0.8060064009830367,0.9906549659907621,0.7226325757575757,-3.478363888654767,-0.11307830921176708,0.10048567937952715,0.0245462087472529
mixed_groupcv_psnr_benefit_C1_restored_mlp_505,real_csig,0.6,5,,0.9913793103448276,0.6041666666666666,0.6041666666666666,0.9913793103448276,0.5989583333333333,-4.094985960039461,-0.09581809863448143,-0.07600562265945662,-0.016557563892726244
mixed_groupcv_psnr_benefit_C1_restored_mlp_505,all,0.7,55,,0.9811447811447811,0.7457386363636364,0.8150026131042487,0.9907652643769225,0.7316287878787879,-3.4867327579735936,-0.11298958779384793,0.09977804143659094,0.024166454763123485
mixed_groupcv_psnr_benefit_C1_restored_mlp_505,real_csig,0.7,5,,0.9925925925925926,0.703125,0.703125,0.9925925925925926,0.6979166666666667,-4.187043522546562,-0.09484216303737074,-0.08378964003175497,-0.02073485771814982
mixed_groupcv_psnr_benefit_C1_restored_mlp_505,all,0.8,55,,0.976564344746163,0.9820075757575758,0.9820075757575758,0.9791503206966249,0.9587121212121211,-3.512008477886832,-0.11616442472340786,0.10169076628454135,0.020694814423602752
mixed_groupcv_psnr_benefit_C1_restored_mlp_505,real_csig,0.8,5,,0.9922077922077921,0.8020833333333334,0.8020833333333334,0.9922077922077921,0.7958333333333334,-4.278134117121705,-0.09409105903529501,-0.08918689692622753,-0.023895717363852965
mixed_groupcv_psnr_benefit_C1_restored_mlp_505,all,0.9,55,,0.9764319495533368,0.9910037878787878,0.9910037878787878,0.9790179255037987,0.9675189393939394,-3.511908921374451,-0.11601726896140806,0.10139763869831649,0.020481338437707313
mixed_groupcv_psnr_benefit_C1_restored_mlp_505,real_csig,0.9,5,,0.9907514450867051,0.9010416666666666,0.9010416666666666,0.9907514450867051,0.8927083333333332,-4.2770389954855155,-0.09247234565329689,-0.09241130037470101,-0.026243953208702837
mixed_groupcv_psnr_benefit_C1_restored_mlp_505,all,1.0,55,,0.9765151515151516,1.0,1.0,0.9791011274656135,0.9765151515151516,-3.5155357379310312,-0.11601127153685824,0.10091361861233246,0.02022715721166495
mixed_groupcv_psnr_benefit_C1_restored_mlp_505,real_csig,1.0,5,,0.9916666666666668,1.0,1.0,0.9916666666666668,0.9916666666666668,-4.3169339776078965,-0.09240637398324907,-0.09773552132052524,-0.029039946695168812
mixed_groupcv_psnr_benefit_C1_restored_mlp_505,synthetic_bsds,0.1,50,,0.96,0.25,0.3063903731193451,0.96,0.24,-3.229221391065097,-0.0796335482597351,0.13288274228572847,0.034495030641555784
mixed_groupcv_psnr_benefit_C1_restored_mlp_505,synthetic_bsds,0.2,50,,0.96,0.25,0.3063903731193451,0.96,0.24,-3.229221391065097,-0.0796335482597351,0.13288274228572847,0.034495030641555784
mixed_groupcv_psnr_benefit_C1_restored_mlp_505,synthetic_bsds,0.3,50,,0.98,0.5,0.5636455722437032,0.9910344827586206,0.49,-3.374292308460442,-0.10596143499016762,0.11937200509011746,0.029835045337677002
mixed_groupcv_psnr_benefit_C1_restored_mlp_505,synthetic_bsds,0.4,50,,0.98,0.5,0.5636455722437032,0.9910344827586206,0.49,-3.374292308460442,-0.10596143499016762,0.11937200509011746,0.029835045337677002
mixed_groupcv_psnr_benefit_C1_restored_mlp_505,synthetic_bsds,0.5,50,,0.98,0.5,0.5636455722437032,0.9910344827586206,0.49,-3.374292308460442,-0.10596143499016762,0.11937200509011746,0.029835045337677002
mixed_groupcv_psnr_benefit_C1_restored_mlp_505,synthetic_bsds,0.6,50,,0.98,0.75,0.8261903744146736,0.9905825315553554,0.735,-3.416701681516297,-0.11480433026949566,0.11813480958342552,0.028656586011250814
mixed_groupcv_psnr_benefit_C1_restored_mlp_505,synthetic_bsds,0.7,50,,0.98,0.75,0.8261903744146736,0.9905825315553554,0.735,-3.416701681516297,-0.11480433026949566,0.11813480958342552,0.028656586011250814
mixed_groupcv_psnr_benefit_C1_restored_mlp_505,synthetic_bsds,0.8,50,,0.975,1.0,1.0,0.9778445735455081,0.975,-3.4353959139633448,-0.11837176129221916,0.12077853260561824,0.025153867602348327
mixed_groupcv_psnr_benefit_C1_restored_mlp_505,synthetic_bsds,0.9,50,,0.975,1.0,1.0,0.9778445735455081,0.975,-3.4353959139633448,-0.11837176129221916,0.12077853260561824,0.025153867602348327
mixed_groupcv_psnr_benefit_C1_restored_mlp_505,synthetic_bsds,1.0,50,,0.975,1.0,1.0,0.9778445735455081,0.975,-3.4353959139633448,-0.11837176129221916,0.12077853260561824,0.025153867602348327
mixed_groupcv_psnr_benefit_C1_restored_mlp_506,all,0.1,55,,1.0,0.23674242424242425,0.2278323900987452,1.0,0.23674242424242425,-3.5813981734849794,-0.1180647074566646,0.09949177158827131,0.02358955919742584
mixed_groupcv_psnr_benefit_C1_restored_mlp_506,real_csig,0.1,5,,1.0,0.10416666666666667,0.10416666666666667,1.0,0.10416666666666667,-3.6600867955420484,-0.10849689178168773,-0.06339922241866588,-0.0024123412370681764
mixed_groupcv_psnr_benefit_C1_restored_mlp_506,all,0.2,55,,1.0,0.24573863636363635,0.23682860221995733,1.0,0.24573863636363635,-3.594317504713632,-0.11784635313671507,0.09920479090741048,0.02334695773802715
mixed_groupcv_psnr_benefit_C1_restored_mlp_506,real_csig,0.2,5,,1.0,0.203125,0.203125,1.0,0.203125,-3.8021994390572216,-0.10609499426224292,-0.06655600990813512,-0.005080957290453787
mixed_groupcv_psnr_benefit_C1_restored_mlp_506,all,0.3,55,,0.9815047021943573,0.4820075757575757,0.5202208233166177,0.9919296086875847,0.47282196969696966,-3.383525022703353,-0.10897765923349835,0.10531729633006089,0.026598626113610583
mixed_groupcv_psnr_benefit_C1_restored_mlp_506,real_csig,0.3,5,,0.9965517241379309,0.3020833333333333,0.3020833333333333,0.9965517241379309,0.30104166666666665,-3.8639996790313864,-0.10485217180745354,-0.07126280771375729,-0.007737228171578773
mixed_groupcv_psnr_benefit_C1_restored_mlp_506,all,0.4,55,,0.9813459268004723,0.4910037878787879,0.5292170354378298,0.9917708332936997,0.4817234848484849,-3.3978476408203178,-0.10886754135490168,0.10520353718059315,0.026396948246916463
mixed_groupcv_psnr_benefit_C1_restored_mlp_506,real_csig,0.4,5,,0.9948051948051948,0.4010416666666667,0.4010416666666667,0.9948051948051948,0.39895833333333336,-4.021548478318001,-0.10364087514289014,-0.0725141583579024,-0.009955684705214069
mixed_groupcv_psnr_benefit_C1_restored_mlp_506,all,0.5,55,,0.981439393939394,0.5,0.538213247559042,0.9918643004326213,0.490719696969697,-3.4031712062136257,-0.10864060588576127,0.10502823015126386,0.026071781608642954
mixed_groupcv_psnr_benefit_C1_restored_mlp_506,real_csig,0.5,5,,0.9958333333333333,0.5,0.5,0.9958333333333333,0.4979166666666667,-4.080107697644389,-0.1011445849823455,-0.07444253568052471,-0.01353251772622267
mixed_groupcv_psnr_benefit_C1_restored_mlp_506,all,0.6,55,,0.9808777429467084,0.7367424242424242,0.7290761408752061,0.9904982261788497,0.7225378787878787,-3.510863987239179,-0.11787315501890834,0.10055119887180722,0.02125517415776148
mixed_groupcv_psnr_benefit_C1_restored_mlp_506,real_csig,0.6,5,,0.9896551724137931,0.6041666666666666,0.6041666666666666,0.9896551724137931,0.5979166666666667,-4.154651374658103,-0.10017687614107955,-0.07826132752434832,-0.016817860151159356
mixed_groupcv_psnr_benefit_C1_restored_mlp_506,all,0.7,55,,0.981010101010101,0.7457386363636364,0.7380723529964184,0.9906305842422424,0.7315340909090909,-3.514517628985242,-0.11760441011250619,0.10025659228822448,0.020946144359280366
mixed_groupcv_psnr_benefit_C1_restored_mlp_506,real_csig,0.7,5,,0.9911111111111112,0.703125,0.703125,0.9911111111111112,0.696875,-4.194841433864783,-0.09722068217065599,-0.08150199994375859,-0.020217187934451628
mixed_groupcv_psnr_benefit_C1_restored_mlp_506,all,0.8,55,,0.976564344746163,0.9820075757575758,0.9820075757575758,0.9791503206966249,0.9587121212121211,-3.511517637060605,-0.11630269291479726,0.10179842324952738,0.02068830131077006
mixed_groupcv_psnr_benefit_C1_restored_mlp_506,real_csig,0.8,5,,0.9922077922077921,0.8020833333333334,0.8020833333333334,0.9922077922077921,0.7958333333333334,-4.272734868033207,-0.09561200914057819,-0.08800267031138109,-0.023967361605012578
mixed_groupcv_psnr_benefit_C1_restored_mlp_506,all,0.9,55,,0.9764319495533368,0.9910037878787878,0.9910037878787878,0.9790179255037987,0.9675189393939394,-3.515189991865576,-0.11616073568604586,0.10134290555561538,0.020405361458807947
mixed_groupcv_psnr_benefit_C1_restored_mlp_506,real_csig,0.9,5,,0.9907514450867051,0.9010416666666666,0.9010416666666666,0.9907514450867051,0.8927083333333332,-4.313130770887883,-0.09405047962431275,-0.09301336494441322,-0.027079699976595838
mixed_groupcv_psnr_benefit_C1_restored_mlp_506,all,1.0,55,,0.9765151515151516,1.0,1.0,0.9791011274656135,0.9765151515151516,-3.5155357379310312,-0.11601127153685824,0.10091361861233246,0.02022715721166495
mixed_groupcv_psnr_benefit_C1_restored_mlp_506,real_csig,1.0,5,,0.9916666666666668,1.0,1.0,0.9916666666666668,0.9916666666666668,-4.316933977607897,-0.09240637398324907,-0.09773552132052524,-0.029039946695168812
mixed_groupcv_psnr_benefit_C1_restored_mlp_506,synthetic_bsds,0.1,50,,1.0,0.25,0.24019896244195307,1.0,0.25,-3.573529311279272,-0.11902148902416229,0.11578087098896503,0.026189749240875245
mixed_groupcv_psnr_benefit_C1_restored_mlp_506,synthetic_bsds,0.2,50,,1.0,0.25,0.24019896244195307,1.0,0.25,-3.573529311279272,-0.11902148902416229,0.11578087098896503,0.026189749240875245
mixed_groupcv_psnr_benefit_C1_restored_mlp_506,synthetic_bsds,0.3,50,,0.98,0.5,0.5420345723149461,0.9914673971425502,0.49,-3.3354775570705493,-0.10939020797610283,0.12297530673444271,0.030032211542129518
mixed_groupcv_psnr_benefit_C1_restored_mlp_506,synthetic_bsds,0.4,50,,0.98,0.5,0.5420345723149461,0.9914673971425502,0.49,-3.3354775570705493,-0.10939020797610283,0.12297530673444271,0.030032211542129518
mixed_groupcv_psnr_benefit_C1_restored_mlp_506,synthetic_bsds,0.5,50,,0.98,0.5,0.5420345723149461,0.9914673971425502,0.49,-3.3354775570705493,-0.10939020797610283,0.12297530673444271,0.030032211542129518
mixed_groupcv_psnr_benefit_C1_restored_mlp_506,synthetic_bsds,0.6,50,,0.98,0.75,0.7415670882960602,0.9905825315553554,0.735,-3.4464852484972868,-0.11964278290669123,0.11843245151142279,0.025062477588653563
mixed_groupcv_psnr_benefit_C1_restored_mlp_506,synthetic_bsds,0.7,50,,0.98,0.75,0.7415670882960602,0.9905825315553554,0.735,-3.4464852484972868,-0.11964278290669123,0.11843245151142279,0.025062477588653563
mixed_groupcv_psnr_benefit_C1_restored_mlp_506,synthetic_bsds,0.8,50,,0.975,1.0,1.0,0.9778445735455081,0.975,-3.4353959139633448,-0.11837176129221916,0.12077853260561824,0.025153867602348327
mixed_groupcv_psnr_benefit_C1_restored_mlp_506,synthetic_bsds,0.9,50,,0.975,1.0,1.0,0.9778445735455081,0.975,-3.4353959139633448,-0.11837176129221916,0.12077853260561824,0.025153867602348327
mixed_groupcv_psnr_benefit_C1_restored_mlp_506,synthetic_bsds,1.0,50,,0.975,1.0,1.0,0.9778445735455081,0.975,-3.4353959139633448,-0.11837176129221916,0.12077853260561824,0.025153867602348327
mixed_groupcv_psnr_benefit_C1_restored_mlp_507,all,0.1,55,,0.9818181818181818,0.23674242424242425,0.2278323900987452,0.9818181818181818,0.2321969696969697,-3.4125136662348696,-0.10468387291512707,0.1072241079265421,0.024773706847971134
mixed_groupcv_psnr_benefit_C1_restored_mlp_507,real_csig,0.1,5,,1.0,0.10416666666666667,0.10416666666666667,1.0,0.10416666666666667,-3.1548748480640105,-0.09224055849015714,-0.026608728021383282,0.013655253648757932
mixed_groupcv_psnr_benefit_C1_restored_mlp_507,all,0.2,55,,0.9804195804195803,0.24573863636363635,0.23682860221995733,0.9804195804195803,0.2409090909090909,-3.4433190402444533,-0.1045736180909308,0.105415360915251,0.02375285272553806
mixed_groupcv_psnr_benefit_C1_restored_mlp_507,real_csig,0.2,5,,0.9846153846153847,0.203125,0.203125,0.9846153846153847,0.2,-3.493733962169422,-0.09102775542399823,-0.046504945145585605,0.0024258583019941262
mixed_groupcv_psnr_benefit_C1_restored_mlp_507,all,0.3,55,,0.9805642633228839,0.4820075757575757,0.48131033580799937,0.9849940367181748,0.4725378787878788,-3.5035494716799627,-0.11062707224843271,0.09937536756137275,0.0226053826861247
mixed_groupcv_psnr_benefit_C1_restored_mlp_507,real_csig,0.3,5,,0.9862068965517242,0.3020833333333333,0.3020833333333333,0.9862068965517242,0.2979166666666666,-3.7604198583624298,-0.09619288159341646,-0.063094274433137,-0.006545181932120492
mixed_groupcv_psnr_benefit_C1_restored_mlp_507,all,0.4,55,,0.9808736717827626,0.4910037878787879,0.4903065479292114,0.9853034451780533,0.4815340909090909,-3.5084444340407583,-0.11060928675085484,0.09862530212222631,0.022296399321437864
mixed_groupcv_psnr_benefit_C1_restored_mlp_507,real_csig,0.4,5,,0.9896103896103895,0.4010416666666667,0.4010416666666667,0.9896103896103895,0.39687500000000003,-3.8142644443311786,-0.09599724112005978,-0.07134499426374767,-0.009943998943675647
mixed_groupcv_psnr_benefit_C1_restored_mlp_507,all,0.5,55,,0.9810606060606061,0.5,0.4993027600504236,0.9854903794558967,0.49053030303030304,-3.5235123700930386,-0.1108206338757141,0.0978816684152028,0.02186130884696137
mixed_groupcv_psnr_benefit_C1_restored_mlp_507,real_csig,0.5,5,,0.9916666666666668,0.5,0.5,0.9916666666666668,0.4958333333333334,-3.980011740906265,-0.09832205949351192,-0.07952496504100662,-0.01472999416291714
mixed_groupcv_psnr_benefit_C1_restored_mlp_507,all,0.6,55,,0.9810344827586206,0.7367424242424242,0.7666067503684327,0.9851224389143202,0.7226325757575757,-3.5227867100245747,-0.11443690296063974,0.09779620889521738,0.02139819320466451
mixed_groupcv_psnr_benefit_C1_restored_mlp_507,real_csig,0.6,5,,0.9913793103448276,0.6041666666666666,0.6041666666666666,0.9913793103448276,0.5989583333333333,-4.155975019830718,-0.09839512603036289,-0.08342615057361022,-0.018386053833468214
mixed_groupcv_psnr_benefit_C1_restored_mlp_507,all,0.7,55,,0.981144781144781,0.7457386363636364,0.775602962489645,0.9852327373004806,0.7316287878787879,-3.530496057642191,-0.11431374986163693,0.09758417676626281,0.021218218442165492
mixed_groupcv_psnr_benefit_C1_restored_mlp_507,real_csig,0.7,5,,0.9925925925925926,0.703125,0.703125,0.9925925925925926,0.6979166666666667,-4.240777843624501,-0.09704044194133192,-0.0857585039921105,-0.020365776220957442
mixed_groupcv_psnr_benefit_C1_restored_mlp_507,all,0.8,55,,0.976564344746163,0.9820075757575758,0.9820075757575758,0.9791503206966249,0.9587121212121213,-3.509590903642683,-0.11629018224467916,0.10170909830109559,0.02076888262451469
mixed_groupcv_psnr_benefit_C1_restored_mlp_507,real_csig,0.8,5,,0.9922077922077921,0.8020833333333334,0.8020833333333334,0.9922077922077921,0.7958333333333334,-4.251540800436066,-0.09547439176927915,-0.08898524474413076,-0.023080967153821675
mixed_groupcv_psnr_benefit_C1_restored_mlp_507,all,0.9,55,,0.9765370467682606,0.9910037878787878,0.9910037878787878,0.9791230227187225,0.9676136363636364,-3.51377630683141,-0.11618101549458641,0.10117977807191615,0.02043174978500282
mixed_groupcv_psnr_benefit_C1_restored_mlp_507,real_csig,0.9,5,,0.9919075144508671,0.9010416666666666,0.9010416666666666,0.9919075144508671,0.89375,-4.2975802355120605,-0.09427355751825896,-0.09480776726510483,-0.026789428388452257
mixed_groupcv_psnr_benefit_C1_restored_mlp_507,all,1.0,55,,0.9765151515151516,1.0,1.0,0.9791011274656135,0.9765151515151516,-3.5155357379310312,-0.11601127153685824,0.10091361861233246,0.02022715721166495
mixed_groupcv_psnr_benefit_C1_restored_mlp_507,real_csig,1.0,5,,0.9916666666666668,1.0,1.0,0.9916666666666668,0.9916666666666668,-4.3169339776078965,-0.09240637398324907,-0.09773552132052524,-0.029039946695168812
mixed_groupcv_psnr_benefit_C1_restored_mlp_507,synthetic_bsds,0.1,50,,0.98,0.25,0.24019896244195307,0.98,0.245,-3.4382775480519556,-0.10592820435762405,0.12060739152133465,0.025885552167892456
mixed_groupcv_psnr_benefit_C1_restored_mlp_507,synthetic_bsds,0.2,50,,0.98,0.25,0.24019896244195307,0.98,0.245,-3.4382775480519556,-0.10592820435762405,0.12060739152133465,0.025885552167892456
mixed_groupcv_psnr_benefit_C1_restored_mlp_507,synthetic_bsds,0.3,50,,0.98,0.5,0.49923303605546593,0.9848727507348197,0.49,-3.4778624330117163,-0.11207049131393433,0.11562233176082373,0.025520439147949218
mixed_groupcv_psnr_benefit_C1_restored_mlp_507,synthetic_bsds,0.4,50,,0.98,0.5,0.49923303605546593,0.9848727507348197,0.49,-3.4778624330117163,-0.11207049131393433,0.11562233176082373,0.025520439147949218
mixed_groupcv_psnr_benefit_C1_restored_mlp_507,synthetic_bsds,0.5,50,,0.98,0.5,0.49923303605546593,0.9848727507348197,0.49,-3.4778624330117163,-0.11207049131393433,0.11562233176082373,0.025520439147949218
mixed_groupcv_psnr_benefit_C1_restored_mlp_507,synthetic_bsds,0.6,50,,0.98,0.75,0.7828507587386092,0.9844967517712694,0.735,-3.45946787904396,-0.11604108065366744,0.11591844484210015,0.025376617908477787
mixed_groupcv_psnr_benefit_C1_restored_mlp_507,synthetic_bsds,0.7,50,,0.98,0.75,0.7828507587386092,0.9844967517712694,0.735,-3.45946787904396,-0.11604108065366744,0.11591844484210015,0.025376617908477787
mixed_groupcv_psnr_benefit_C1_restored_mlp_507,synthetic_bsds,0.8,50,,0.975,1.0,1.0,0.9778445735455081,0.975,-3.4353959139633448,-0.11837176129221916,0.12077853260561824,0.025153867602348327
mixed_groupcv_psnr_benefit_C1_restored_mlp_507,synthetic_bsds,0.9,50,,0.975,1.0,1.0,0.9778445735455081,0.975,-3.4353959139633448,-0.11837176129221916,0.12077853260561824,0.025153867602348327
mixed_groupcv_psnr_benefit_C1_restored_mlp_507,synthetic_bsds,1.0,50,,0.975,1.0,1.0,0.9778445735455081,0.975,-3.4353959139633448,-0.11837176129221916,0.12077853260561824,0.025153867602348327
mixed_groupcv_psnr_benefit_C1_absdiff_logistic_505,all,0.1,55,,0.9818181818181818,0.23674242424242425,0.23896008533859003,0.9818181818181818,0.2321969696969697,-3.5137830140578608,-0.10955910116434098,0.08891401331025091,0.019185986193743617
mixed_groupcv_psnr_benefit_C1_absdiff_logistic_505,real_csig,0.1,5,,1.0,0.10416666666666667,0.10416666666666667,1.0,0.10416666666666667,-4.040839667383514,-0.09773463636636734,-0.0992202222906053,-0.025878418684005734
mixed_groupcv_psnr_benefit_C1_absdiff_logistic_505,all,0.2,55,,0.9818181818181818,0.24573863636363635,0.24795629745980213,0.9818181818181818,0.2411931818181818,-3.504455394980851,-0.10901757723940558,0.08930671893120994,0.01916563358062353
mixed_groupcv_psnr_benefit_C1_absdiff_logistic_505,real_csig,0.2,5,,1.0,0.203125,0.203125,1.0,0.203125,-3.9382358575364065,-0.09177787319207803,-0.0949004604600561,-0.02610229742832673
mixed_groupcv_psnr_benefit_C1_absdiff_logistic_505,all,0.3,55,,0.9724137931034482,0.4820075757575757,0.5094023582925452,0.9774294670846394,0.46827651515151514,-3.4507248375988633,-0.10893271466174097,0.0989706479309296,0.023124144219305823
mixed_groupcv_psnr_benefit_C1_absdiff_logistic_505,real_csig,0.3,5,,0.9965517241379309,0.3020833333333333,0.3020833333333333,0.9965517241379309,0.30104166666666665,-4.037019823130712,-0.09170834671320585,-0.09577425834722816,-0.028177369463032686
mixed_groupcv_psnr_benefit_C1_absdiff_logistic_505,all,0.4,55,,0.9720188902007083,0.4910037878787879,0.5183985704137574,0.9770345641818995,0.47708333333333336,-3.461078990192211,-0.10890156227695055,0.09887940147715713,0.023021743908401362
mixed_groupcv_psnr_benefit_C1_absdiff_logistic_505,real_csig,0.4,5,,0.9922077922077921,0.4010416666666667,0.4010416666666667,0.9922077922077921,0.3979166666666667,-4.15091550165754,-0.0913656704805114,-0.09677796933872551,-0.029303772882981728
mixed_groupcv_psnr_benefit_C1_absdiff_logistic_505,all,0.5,55,,0.9721590909090909,0.5,0.5273947825349694,0.9771747648902821,0.48607954545454546,-3.46915773290313,-0.10905861772286395,0.09866296115929303,0.022878410802646118
mixed_groupcv_psnr_benefit_C1_absdiff_logistic_505,real_csig,0.5,5,,0.99375,0.5,0.5,0.99375,0.496875,-4.239781671477642,-0.0930932803855588,-0.09915881283523047,-0.030880437046289448
mixed_groupcv_psnr_benefit_C1_absdiff_logistic_505,all,0.6,55,,0.9749738766980147,0.7367424242424242,0.7315704723415005,0.9789795718615846,0.7180871212121211,-3.548586182514191,-0.11852897176890785,0.1010540047334215,0.02110955940643199
mixed_groupcv_psnr_benefit_C1_absdiff_logistic_505,real_csig,0.6,5,,0.9913793103448276,0.6041666666666666,0.6041666666666666,0.9913793103448276,0.5989583333333333,-4.244362726860421,-0.09203426308673003,-0.09739394465959149,-0.02885161144980068
mixed_groupcv_psnr_benefit_C1_absdiff_logistic_505,all,0.7,55,,0.975084175084175,0.7457386363636364,0.7405666844627126,0.9790898702477452,0.7270833333333334,-3.5542328967112256,-0.11856541167204628,0.10095460935141452,0.02106752513635038
mixed_groupcv_psnr_benefit_C1_absdiff_logistic_505,real_csig,0.7,5,,0.9925925925925926,0.703125,0.703125,0.9925925925925926,0.6979166666666667,-4.306476583027805,-0.09243510202125267,-0.09848729386166843,-0.029313988420698378
mixed_groupcv_psnr_benefit_C1_absdiff_logistic_505,all,0.8,55,,0.9764462809917355,0.9820075757575758,0.9820075757575758,0.9790322569421974,0.9586174242424242,-3.513530930387676,-0.11592522248748907,0.1009351352129655,0.02017969186500225
mixed_groupcv_psnr_benefit_C1_absdiff_logistic_505,real_csig,0.8,5,,0.9909090909090909,0.8020833333333334,0.8020833333333334,0.9909090909090909,0.7947916666666668,-4.294881094630985,-0.09145983444018799,-0.09749883871356195,-0.02956206550845853
mixed_groupcv_psnr_benefit_C1_absdiff_logistic_505,all,0.9,55,,0.9765370467682606,0.9910037878787878,0.9910037878787878,0.9791230227187225,0.9676136363636364,-3.5175972947236063,-0.11597141809467885,0.1007811821752467,0.02009673071295978
mixed_groupcv_psnr_benefit_C1_absdiff_logistic_505,real_csig,0.9,5,,0.9919075144508671,0.9010416666666666,0.9010416666666666,0.9919075144508671,0.89375,-4.339611102326221,-0.09196798611927584,-0.09919232212846851,-0.03047463818092567
mixed_groupcv_psnr_benefit_C1_absdiff_logistic_505,all,1.0,55,,0.9765151515151516,1.0,1.0,0.9791011274656135,0.9765151515151516,-3.5155357379310312,-0.11601127153685824,0.10091361861233246,0.02022715721166495
mixed_groupcv_psnr_benefit_C1_absdiff_logistic_505,real_csig,1.0,5,,0.9916666666666668,1.0,1.0,0.9916666666666668,0.9916666666666668,-4.3169339776078965,-0.09240637398324907,-0.09773552132052524,-0.029039946695168812
mixed_groupcv_psnr_benefit_C1_absdiff_logistic_505,synthetic_bsds,0.1,50,,0.98,0.25,0.2524394272057824,0.98,0.245,-3.4610773487252953,-0.11074154764413834,0.10772743687033653,0.023692426681518556
mixed_groupcv_psnr_benefit_C1_absdiff_logistic_505,synthetic_bsds,0.2,50,,0.98,0.25,0.2524394272057824,0.98,0.245,-3.4610773487252953,-0.11074154764413834,0.10772743687033653,0.023692426681518556
mixed_groupcv_psnr_benefit_C1_absdiff_logistic_505,synthetic_bsds,0.3,50,,0.97,0.5,0.5301342607884664,0.9755172413793103,0.485,-3.392095339045678,-0.11065515145659446,0.11844513855874539,0.028254295587539672
mixed_groupcv_psnr_benefit_C1_absdiff_logistic_505,synthetic_bsds,0.4,50,,0.97,0.5,0.5301342607884664,0.9755172413793103,0.485,-3.392095339045678,-0.11065515145659446,0.11844513855874539,0.028254295587539672
mixed_groupcv_psnr_benefit_C1_absdiff_logistic_505,synthetic_bsds,0.5,50,,0.97,0.5,0.5301342607884664,0.9755172413793103,0.485,-3.392095339045678,-0.11065515145659446,0.11844513855874539,0.028254295587539672
mixed_groupcv_psnr_benefit_C1_absdiff_logistic_505,synthetic_bsds,0.6,50,,0.9733333333333334,0.75,0.7443108529089838,0.9777395980132603,0.73,-3.4790085280795675,-0.12117844263712564,0.12089879967272282,0.02610567649205526
mixed_groupcv_psnr_benefit_C1_absdiff_logistic_505,synthetic_bsds,0.7,50,,0.9733333333333334,0.75,0.7443108529089838,0.9777395980132603,0.73,-3.4790085280795675,-0.12117844263712564,0.12089879967272282,0.02610567649205526
mixed_groupcv_psnr_benefit_C1_absdiff_logistic_505,synthetic_bsds,0.8,50,,0.975,1.0,1.0,0.9778445735455081,0.975,-3.4353959139633448,-0.11837176129221916,0.12077853260561824,0.025153867602348327
mixed_groupcv_psnr_benefit_C1_absdiff_logistic_505,synthetic_bsds,0.9,50,,0.975,1.0,1.0,0.9778445735455081,0.975,-3.4353959139633448,-0.11837176129221916,0.12077853260561824,0.025153867602348327
mixed_groupcv_psnr_benefit_C1_absdiff_logistic_505,synthetic_bsds,1.0,50,,0.975,1.0,1.0,0.9778445735455081,0.975,-3.4353959139633448,-0.11837176129221916,0.12077853260561824,0.025153867602348327
mixed_groupcv_psnr_benefit_C1_absdiff_mlp_505,all,0.1,55,,0.9818181818181818,0.23674242424242425,0.18617568862895964,0.9818181818181818,0.2321969696969697,-3.535507684900348,-0.11867070650512523,0.10835743424694308,0.020325187553058968
mixed_groupcv_psnr_benefit_C1_absdiff_mlp_505,real_csig,0.1,5,,1.0,0.10416666666666667,0.10416666666666667,1.0,0.10416666666666667,-3.510081739657945,-0.08159926742315293,-0.09665444566402584,-0.02184435844421387
mixed_groupcv_psnr_benefit_C1_absdiff_mlp_505,all,0.2,55,,0.9808857808857809,0.24573863636363635,0.19517190075017177,0.9808857808857809,0.2410037878787879,-3.541935435264188,-0.11864308943420579,0.10848349577710378,0.02002976979964819
mixed_groupcv_psnr_benefit_C1_absdiff_mlp_505,real_csig,0.2,5,,0.9897435897435898,0.203125,0.203125,0.9897435897435898,0.20104166666666665,-3.580786993660182,-0.08129547964303922,-0.09526776883225793,-0.025093953731732493
mixed_groupcv_psnr_benefit_C1_absdiff_mlp_505,all,0.3,55,,0.9811912225705329,0.4820075757575757,0.4138186627088496,0.9871863556684698,0.4727272727272727,-3.502522851758626,-0.12288652826158979,0.10158051087456788,0.016063253147101327
mixed_groupcv_psnr_benefit_C1_absdiff_mlp_505,real_csig,0.3,5,,0.993103448275862,0.3020833333333333,0.3020833333333333,0.993103448275862,0.3,-3.697569571416847,-0.083910453884766,-0.09761898990495707,-0.026018956611896384
mixed_groupcv_psnr_benefit_C1_absdiff_mlp_505,all,0.4,55,,0.9808736717827626,0.4910037878787879,0.42281487483006175,0.9868688048806995,0.4815340909090909,-3.5197950100260953,-0.12294785255102228,0.1017219337771087,0.016049227213493625
mixed_groupcv_psnr_benefit_C1_absdiff_mlp_505,real_csig,0.4,5,,0.9896103896103895,0.4010416666666667,0.4010416666666667,0.9896103896103895,0.396875,-3.8875633123590054,-0.08458502106852346,-0.09606333797700799,-0.0261732418815811
mixed_groupcv_psnr_benefit_C1_absdiff_mlp_505,all,0.5,55,,0.9810606060606061,0.5,0.4318110869512739,0.9870557391585429,0.49053030303030304,-3.523632436512068,-0.12309053850106218,0.10167380874547896,0.015995803622133802
mixed_groupcv_psnr_benefit_C1_absdiff_mlp_505,real_csig,0.5,5,,0.9916666666666666,0.5,0.5,0.9916666666666666,0.4958333333333333,-3.9297750037047066,-0.08615456651896239,-0.09659271332493517,-0.026760901386539145
mixed_groupcv_psnr_benefit_C1_absdiff_mlp_505,all,0.6,55,,0.9749738766980147,0.7367424242424242,0.6958369543649916,0.9777395226892787,0.7180871212121213,-3.471287147567408,-0.1186398989883959,0.09877533643764842,0.017798830171737553
mixed_groupcv_psnr_benefit_C1_absdiff_mlp_505,real_csig,0.6,5,,0.9913793103448276,0.6041666666666666,0.6041666666666666,0.9913793103448276,0.5989583333333333,-4.073819593430323,-0.08847940625815556,-0.09826860777985562,-0.028169917957536105
mixed_groupcv_psnr_benefit_C1_absdiff_mlp_505,all,0.7,55,,0.9749494949494949,0.7457386363636364,0.7048331664862039,0.9777151409407591,0.7269886363636363,-3.4762772507494004,-0.11876981718371613,0.09878565134925874,0.017715577380825777
mixed_groupcv_psnr_benefit_C1_absdiff_mlp_505,real_csig,0.7,5,,0.9911111111111112,0.703125,0.703125,0.9911111111111112,0.696875,-4.128710728432237,-0.08990850640667811,-0.09815514375214225,-0.029085698657565644
mixed_groupcv_psnr_benefit_C1_absdiff_mlp_505,all,0.8,55,,0.9763282172373081,0.9820075757575758,0.9820075757575758,0.9789141931877701,0.9585227272727272,-3.503274787259279,-0.1158259244936979,0.10104727376392054,0.020271125756019404
mixed_groupcv_psnr_benefit_C1_absdiff_mlp_505,real_csig,0.8,5,,0.9896103896103895,0.8020833333333334,0.8020833333333334,0.9896103896103895,0.7937500000000001,-4.182063520218621,-0.09036755650848538,-0.09626531465305621,-0.028556292707269847
mixed_groupcv_psnr_benefit_C1_absdiff_mlp_505,all,0.9,55,,0.9764319495533368,0.9910037878787878,0.9910037878787878,0.9790179255037987,0.9675189393939394,-3.5101689104084093,-0.11589339416605261,0.10101528182734418,0.020215370303633583
mixed_groupcv_psnr_benefit_C1_absdiff_mlp_505,real_csig,0.9,5,,0.9907514450867051,0.9010416666666666,0.9010416666666666,0.9907514450867051,0.8927083333333332,-4.257898874859061,-0.09110972290438725,-0.09661722595539654,-0.029169602683513835
mixed_groupcv_psnr_benefit_C1_absdiff_mlp_505,all,1.0,55,,0.9765151515151516,1.0,1.0,0.9791011274656135,0.9765151515151516,-3.5155357379310312,-0.11601127153685824,0.10091361861233246,0.02022715721166495
mixed_groupcv_psnr_benefit_C1_absdiff_mlp_505,real_csig,1.0,5,,0.9916666666666668,1.0,1.0,0.9916666666666668,0.9916666666666668,-4.3169339776078965,-0.09240637398324907,-0.09773552132052524,-0.029039946695168812
mixed_groupcv_psnr_benefit_C1_absdiff_mlp_505,synthetic_bsds,0.1,50,,0.98,0.25,0.19437659082518896,0.98,0.245,-3.538050279424588,-0.12237785041332244,0.12885862223803998,0.024542142152786255
mixed_groupcv_psnr_benefit_C1_absdiff_mlp_505,synthetic_bsds,0.2,50,,0.98,0.25,0.19437659082518896,0.98,0.245,-3.538050279424588,-0.12237785041332244,0.12885862223803998,0.024542142152786255
mixed_groupcv_psnr_benefit_C1_absdiff_mlp_505,synthetic_bsds,0.3,50,,0.98,0.5,0.4249921956464012,0.9865946464077305,0.49,-3.483018179792804,-0.12678413569927216,0.12150046095252037,0.0202714741230011
mixed_groupcv_psnr_benefit_C1_absdiff_mlp_505,synthetic_bsds,0.4,50,,0.98,0.5,0.4249921956464012,0.9865946464077305,0.49,-3.483018179792804,-0.12678413569927216,0.12150046095252037,0.0202714741230011
mixed_groupcv_psnr_benefit_C1_absdiff_mlp_505,synthetic_bsds,0.5,50,,0.98,0.5,0.4249921956464012,0.9865946464077305,0.49,-3.483018179792804,-0.12678413569927216,0.12150046095252037,0.0202714741230011
mixed_groupcv_psnr_benefit_C1_absdiff_mlp_505,synthetic_bsds,0.6,50,,0.9733333333333334,0.75,0.7050039831348244,0.9763755439237238,0.73,-3.411033902981116,-0.12165594826141993,0.11847973085939884,0.022395704984664918
mixed_groupcv_psnr_benefit_C1_absdiff_mlp_505,synthetic_bsds,0.7,50,,0.9733333333333334,0.75,0.7050039831348244,0.9763755439237238,0.73,-3.411033902981116,-0.12165594826141993,0.11847973085939884,0.022395704984664918
mixed_groupcv_psnr_benefit_C1_absdiff_mlp_505,synthetic_bsds,0.8,50,,0.975,1.0,1.0,0.9778445735455081,0.975,-3.4353959139633448,-0.11837176129221916,0.12077853260561824,0.025153867602348327
mixed_groupcv_psnr_benefit_C1_absdiff_mlp_505,synthetic_bsds,0.9,50,,0.975,1.0,1.0,0.9778445735455081,0.975,-3.4353959139633448,-0.11837176129221916,0.12077853260561824,0.025153867602348327
mixed_groupcv_psnr_benefit_C1_absdiff_mlp_505,synthetic_bsds,1.0,50,,0.975,1.0,1.0,0.9778445735455081,0.975,-3.4353959139633448,-0.11837176129221916,0.12077853260561824,0.025153867602348327
mixed_groupcv_psnr_benefit_C1_absdiff_mlp_506,all,0.1,55,,0.9818181818181818,0.23674242424242425,0.209696261682243,0.9818181818181818,0.2321969696969697,-3.758104776707405,-0.12912213719703935,0.08778508803002874,0.015091967474330555
mixed_groupcv_psnr_benefit_C1_absdiff_mlp_506,real_csig,0.1,5,,1.0,0.10416666666666667,0.10416666666666667,1.0,0.10416666666666667,-4.1971457465322315,-0.08189959809184075,-0.11041437801439313,-0.0395020854473114
mixed_groupcv_psnr_benefit_C1_absdiff_mlp_506,all,0.2,55,,0.9818181818181818,0.24573863636363635,0.21869247380345513,0.9818181818181818,0.2411931818181818,-3.728677110379506,-0.12907299095100458,0.08859915932779372,0.015873012870619627
mixed_groupcv_psnr_benefit_C1_absdiff_mlp_506,real_csig,0.2,5,,1.0,0.203125,0.203125,1.0,0.203125,-3.8734414169253477,-0.08135898938545813,-0.10145959373897848,-0.03091058608813163
mixed_groupcv_psnr_benefit_C1_absdiff_mlp_506,all,0.3,55,,0.9811912225705329,0.4820075757575757,0.4195911170794348,0.9815847811013779,0.4727272727272727,-3.60805908284162,-0.13016103615861702,0.09473850525095241,0.012919710030002656
mixed_groupcv_psnr_benefit_C1_absdiff_mlp_506,real_csig,0.3,5,,0.993103448275862,0.3020833333333333,0.3020833333333333,0.993103448275862,0.3,-3.9564957968678955,-0.08416742995895188,-0.09668302820706418,-0.027764670602206526
mixed_groupcv_psnr_benefit_C1_absdiff_mlp_506,all,0.4,55,,0.9808736717827626,0.4910037878787879,0.4285873292006469,0.9812672303136077,0.4815340909090909,-3.610135607737157,-0.1303746637480318,0.09478137146279111,0.012970511163139568
mixed_groupcv_psnr_benefit_C1_absdiff_mlp_506,real_csig,0.4,5,,0.9896103896103895,0.4010416666666667,0.4010416666666667,0.9896103896103895,0.396875,-3.9793375707188,-0.0865173334425146,-0.09621149987683861,-0.02720585813770047
mixed_groupcv_psnr_benefit_C1_absdiff_mlp_506,all,0.5,55,,0.9810606060606061,0.5,0.43758354132185906,0.9814541645914512,0.49053030303030304,-3.6102608310098443,-0.13034167183619558,0.09470109755259756,0.012870282397577258
mixed_groupcv_psnr_benefit_C1_absdiff_mlp_506,real_csig,0.5,5,,0.9916666666666666,0.5,0.5,0.9916666666666666,0.4958333333333333,-3.9807150267183595,-0.086154422412316,-0.09709451288896769,-0.02830837455888589
mixed_groupcv_psnr_benefit_C1_absdiff_mlp_506,all,0.6,55,,0.9751306165099269,0.7367424242424242,0.6843212493913429,0.973603784597055,0.7181818181818181,-3.521086055843891,-0.12223139233350007,0.09621803422233181,0.015789873002714002
mixed_groupcv_psnr_benefit_C1_absdiff_mlp_506,real_csig,0.6,5,,0.993103448275862,0.6041666666666666,0.6041666666666666,0.993103448275862,0.6,-4.091207381035904,-0.08805301384679202,-0.09773906937174115,-0.027815047317537776
mixed_groupcv_psnr_benefit_C1_absdiff_mlp_506,all,0.7,55,,0.9748148148148148,0.7457386363636364,0.693317461512555,0.9732879829019428,0.7268939393939394,-3.523946712281448,-0.12236648535487628,0.09624644384396447,0.015734970264563258
mixed_groupcv_psnr_benefit_C1_absdiff_mlp_506,real_csig,0.7,5,,0.9896296296296295,0.703125,0.703125,0.9896296296296295,0.6958333333333334,-4.122674601849035,-0.08953903708193038,-0.09742656353378185,-0.028418977437195958
mixed_groupcv_psnr_benefit_C1_absdiff_mlp_506,all,0.8,55,,0.9763282172373081,0.9820075757575758,0.9820075757575758,0.9789141931877701,0.9585227272727272,-3.504431879478422,-0.1158503221226977,0.10094704754324026,0.020196914947300342
mixed_groupcv_psnr_benefit_C1_absdiff_mlp_506,real_csig,0.8,5,,0.9896103896103895,0.8020833333333334,0.8020833333333334,0.9896103896103895,0.7937500000000001,-4.194791534629198,-0.09063593042748315,-0.09736780308053963,-0.029372611603179527
mixed_groupcv_psnr_benefit_C1_absdiff_mlp_506,all,0.9,55,,0.9764319495533368,0.9910037878787878,0.9910037878787878,0.9790179255037987,0.9675189393939394,-3.5089205497087166,-0.11594021073530301,0.10098388029822293,0.020241069940911804
mixed_groupcv_psnr_benefit_C1_absdiff_mlp_506,real_csig,0.9,5,,0.9907514450867051,0.9010416666666666,0.9010416666666666,0.9907514450867051,0.8927083333333332,-4.244166907162434,-0.09162470516614142,-0.09696264277573005,-0.02888690667345345
mixed_groupcv_psnr_benefit_C1_absdiff_mlp_506,all,1.0,55,,0.9765151515151516,1.0,1.0,0.9791011274656135,0.9765151515151516,-3.5155357379310312,-0.11601127153685824,0.10091361861233246,0.02022715721166495
mixed_groupcv_psnr_benefit_C1_absdiff_mlp_506,real_csig,1.0,5,,0.9916666666666668,1.0,1.0,0.9916666666666668,0.9916666666666668,-4.3169339776078965,-0.09240637398324907,-0.09773552132052524,-0.029039946695168812
mixed_groupcv_psnr_benefit_C1_absdiff_mlp_506,synthetic_bsds,0.1,50,,0.98,0.25,0.2202492211838006,0.98,0.245,-3.7142006797249216,-0.1338443911075592,0.10760503463447094,0.02055137276649475
mixed_groupcv_psnr_benefit_C1_absdiff_mlp_506,synthetic_bsds,0.2,50,,0.98,0.25,0.2202492211838006,0.98,0.245,-3.7142006797249216,-0.1338443911075592,0.10760503463447094,0.02055137276649475
mixed_groupcv_psnr_benefit_C1_absdiff_mlp_506,synthetic_bsds,0.3,50,,0.98,0.5,0.43134189545404505,0.9804329143839295,0.49,-3.573215411438993,-0.13476039677858354,0.11388065859675407,0.016988148093223573
mixed_groupcv_psnr_benefit_C1_absdiff_mlp_506,synthetic_bsds,0.4,50,,0.98,0.5,0.43134189545404505,0.9804329143839295,0.49,-3.573215411438993,-0.13476039677858354,0.11388065859675407,0.016988148093223573
mixed_groupcv_psnr_benefit_C1_absdiff_mlp_506,synthetic_bsds,0.5,50,,0.98,0.5,0.43134189545404505,0.9804329143839295,0.49,-3.573215411438993,-0.13476039677858354,0.11388065859675407,0.016988148093223573
mixed_groupcv_psnr_benefit_C1_absdiff_mlp_506,synthetic_bsds,0.6,50,,0.9733333333333334,0.75,0.6923367076638104,0.9716538182291743,0.73,-3.4640739233246887,-0.12564923018217086,0.1156137445817391,0.020150365034739173
mixed_groupcv_psnr_benefit_C1_absdiff_mlp_506,synthetic_bsds,0.7,50,,0.9733333333333334,0.75,0.6923367076638104,0.9716538182291743,0.73,-3.4640739233246887,-0.12564923018217086,0.1156137445817391,0.020150365034739173
mixed_groupcv_psnr_benefit_C1_absdiff_mlp_506,synthetic_bsds,0.8,50,,0.975,1.0,1.0,0.9778445735455081,0.975,-3.4353959139633448,-0.11837176129221916,0.12077853260561824,0.025153867602348327
mixed_groupcv_psnr_benefit_C1_absdiff_mlp_506,synthetic_bsds,0.9,50,,0.975,1.0,1.0,0.9778445735455081,0.975,-3.4353959139633448,-0.11837176129221916,0.12077853260561824,0.025153867602348327
mixed_groupcv_psnr_benefit_C1_absdiff_mlp_506,synthetic_bsds,1.0,50,,0.975,1.0,1.0,0.9778445735455081,0.975,-3.4353959139633448,-0.11837176129221916,0.12077853260561824,0.025153867602348327
mixed_groupcv_psnr_benefit_C1_absdiff_mlp_507,all,0.1,55,,0.9818181818181818,0.23674242424242425,0.22097468604477952,0.9818181818181818,0.2321969696969697,-3.480353843080976,-0.12140140887011182,0.1116710732644424,0.0203045100515539
mixed_groupcv_psnr_benefit_C1_absdiff_mlp_507,real_csig,0.1,5,,1.0,0.10416666666666667,0.10416666666666667,1.0,0.10416666666666667,-4.07177735113882,-0.0825945945084095,-0.09237906034570187,-0.03154323935508728
mixed_groupcv_psnr_benefit_C1_absdiff_mlp_507,all,0.2,55,,0.9818181818181818,0.24573863636363635,0.22997089816599162,0.9818181818181818,0.2411931818181818,-3.4697666052913543,-0.1215105439677383,0.11132955444837749,0.02034643638384092
mixed_groupcv_psnr_benefit_C1_absdiff_mlp_507,real_csig,0.2,5,,1.0,0.203125,0.203125,1.0,0.203125,-3.9553177354529874,-0.08379508058230083,-0.09613576732241573,-0.03108204969993004
mixed_groupcv_psnr_benefit_C1_absdiff_mlp_507,all,0.3,55,,0.9808777429467085,0.4820075757575757,0.44768313956398065,0.9808777429467085,0.4726325757575757,-3.5406150350948886,-0.12746718632390133,0.09727376818227755,0.016861840475315585
mixed_groupcv_psnr_benefit_C1_absdiff_mlp_507,real_csig,0.3,5,,0.9896551724137931,0.3020833333333333,0.3020833333333333,0.9896551724137931,0.2989583333333333,-3.9131993016037234,-0.08316411355446125,-0.0947438817198292,-0.028447524432478277
mixed_groupcv_psnr_benefit_C1_absdiff_mlp_507,all,0.4,55,,0.9806375442739079,0.4910037878787879,0.45667935168519275,0.9806375442739079,0.4814393939393939,-3.5363584825089744,-0.12756820613124717,0.09731368486051489,0.016895316356469778
mixed_groupcv_psnr_benefit_C1_absdiff_mlp_507,real_csig,0.4,5,,0.9870129870129869,0.4010416666666667,0.4010416666666667,0.9870129870129869,0.39583333333333337,-3.8663772231586697,-0.08427533143526547,-0.0943047982592184,-0.02807928973978216
mixed_groupcv_psnr_benefit_C1_absdiff_mlp_507,all,0.5,55,,0.9806818181818182,0.5,0.4656755638064049,0.9806818181818182,0.4903409090909091,-3.5333599811140837,-0.1276012023656883,0.09759096331747996,0.017091690218358328
mixed_groupcv_psnr_benefit_C1_absdiff_mlp_507,real_csig,0.5,5,,0.9875,0.5,0.5,0.9875,0.49375,-3.833393707814868,-0.08463829001411796,-0.0912547352326025,-0.02591917725900809
mixed_groupcv_psnr_benefit_C1_absdiff_mlp_507,all,0.6,55,,0.9748171368861024,0.7367424242424242,0.7114933531989608,0.9732903049732304,0.7179924242424243,-3.4733734596431796,-0.11969867831518409,0.09755707144427773,0.017557335074294203
mixed_groupcv_psnr_benefit_C1_absdiff_mlp_507,real_csig,0.6,5,,0.9896551724137931,0.6041666666666666,0.6041666666666666,0.9896551724137931,0.5979166666666667,-3.9317003530034595,-0.086194798812784,-0.09325139093822961,-0.02705553975598566
mixed_groupcv_psnr_benefit_C1_absdiff_mlp_507,all,0.7,55,,0.9749494949494949,0.7457386363636364,0.7204895653201728,0.9734226630366231,0.7269886363636363,-3.4921044753540276,-0.1198995374308692,0.09734223970039572,0.017371426945182213
mixed_groupcv_psnr_benefit_C1_absdiff_mlp_507,real_csig,0.7,5,,0.9911111111111112,0.703125,0.703125,0.9911111111111112,0.696875,-4.1377415258227925,-0.08840424908532037,-0.0956145401209317,-0.029100529176217537
mixed_groupcv_psnr_benefit_C1_absdiff_mlp_507,all,0.8,55,,0.9763282172373081,0.9820075757575758,0.9820075757575758,0.9789141931877701,0.9585227272727272,-3.503997231694373,-0.11576103323888047,0.10107336022732769,0.020194995135878167
mixed_groupcv_psnr_benefit_C1_absdiff_mlp_507,real_csig,0.8,5,,0.9896103896103895,0.8020833333333334,0.8020833333333334,0.9896103896103895,0.7937500000000001,-4.190010409004652,-0.08965375270549353,-0.09597836355557784,-0.029393729528823458
mixed_groupcv_psnr_benefit_C1_absdiff_mlp_507,all,0.9,55,,0.9764319495533368,0.9910037878787878,0.9910037878787878,0.9790179255037987,0.9675189393939394,-3.511172950978725,-0.1159445700797982,0.10097327643973118,0.02017444503413835
mixed_groupcv_psnr_benefit_C1_absdiff_mlp_507,real_csig,0.9,5,,0.9907514450867051,0.9010416666666666,0.9010416666666666,0.9907514450867051,0.8927083333333332,-4.268943321132526,-0.09167265795558863,-0.09707928521913947,-0.02961978064796139
mixed_groupcv_psnr_benefit_C1_absdiff_mlp_507,all,1.0,55,,0.9765151515151516,1.0,1.0,0.9791011274656135,0.9765151515151516,-3.5155357379310312,-0.11601127153685824,0.10091361861233246,0.02022715721166495
mixed_groupcv_psnr_benefit_C1_absdiff_mlp_507,real_csig,1.0,5,,0.9916666666666668,1.0,1.0,0.9916666666666668,0.9916666666666668,-4.316933977607897,-0.09240637398324907,-0.09773552132052524,-0.029039946695168812
mixed_groupcv_psnr_benefit_C1_absdiff_mlp_507,synthetic_bsds,0.1,50,,0.98,0.25,0.23265548798259075,0.98,0.245,-3.421211492275192,-0.12528209030628204,0.1320760866254568,0.025489284992218017
mixed_groupcv_psnr_benefit_C1_absdiff_mlp_507,synthetic_bsds,0.2,50,,0.98,0.25,0.23265548798259075,0.98,0.245,-3.421211492275192,-0.12528209030628204,0.1320760866254568,0.025489284992218017
mixed_groupcv_psnr_benefit_C1_absdiff_mlp_507,synthetic_bsds,0.3,50,,0.98,0.5,0.46224312018704544,0.98,0.49,-3.503356608444006,-0.13189749360084535,0.11647553317248821,0.02139277696609497
mixed_groupcv_psnr_benefit_C1_absdiff_mlp_507,synthetic_bsds,0.4,50,,0.98,0.5,0.46224312018704544,0.98,0.49,-3.503356608444006,-0.13189749360084535,0.11647553317248821,0.02139277696609497
mixed_groupcv_psnr_benefit_C1_absdiff_mlp_507,synthetic_bsds,0.5,50,,0.98,0.5,0.46224312018704544,0.98,0.49,-3.503356608444006,-0.13189749360084535,0.11647553317248821,0.02139277696609497
mixed_groupcv_psnr_benefit_C1_absdiff_mlp_507,synthetic_bsds,0.6,50,,0.9733333333333334,0.75,0.72222602185219,0.9716538182291743,0.73,-3.4275407703071505,-0.12304906626542411,0.1166379176825285,0.02201862255732218
mixed_groupcv_psnr_benefit_C1_absdiff_mlp_507,synthetic_bsds,0.7,50,,0.9733333333333334,0.75,0.72222602185219,0.9716538182291743,0.73,-3.4275407703071505,-0.12304906626542411,0.1166379176825285,0.02201862255732218
mixed_groupcv_psnr_benefit_C1_absdiff_mlp_507,synthetic_bsds,0.8,50,,0.975,1.0,1.0,0.9778445735455081,0.975,-3.4353959139633448,-0.11837176129221916,0.12077853260561824,0.025153867602348327
mixed_groupcv_psnr_benefit_C1_absdiff_mlp_507,synthetic_bsds,0.9,50,,0.975,1.0,1.0,0.9778445735455081,0.975,-3.4353959139633448,-0.11837176129221916,0.12077853260561824,0.025153867602348327
mixed_groupcv_psnr_benefit_C1_absdiff_mlp_507,synthetic_bsds,1.0,50,,0.975,1.0,1.0,0.9778445735455081,0.975,-3.4353959139633448,-0.11837176129221916,0.12077853260561824,0.025153867602348327
mixed_groupcv_psnr_benefit_C3_token256_logistic_505,all,0.1,55,,0.9627272727272728,0.23674242424242425,0.2944614922418661,0.9627272727272728,0.2275568181818182,-3.363983991911612,-0.10163130673495205,0.10080754729453474,0.02875183235515248
mixed_groupcv_psnr_benefit_C3_token256_logistic_505,real_csig,0.1,5,,0.99,0.10416666666666667,0.10416666666666667,0.99,0.103125,-3.7347837556202412,-0.07262923061847687,-0.10683335368055849,-0.02935662746429444
mixed_groupcv_psnr_benefit_C3_token256_logistic_505,all,0.2,55,,0.9627039627039627,0.24573863636363635,0.30345770436307823,0.9627039627039627,0.23645833333333335,-3.364579568311418,-0.10222528965184184,0.10249145224230204,0.02929511456500678
mixed_groupcv_psnr_benefit_C3_token256_logistic_505,real_csig,0.2,5,,0.9897435897435898,0.203125,0.203125,0.9897435897435898,0.2010416666666667,-3.741335096018105,-0.07916304270426433,-0.0883103992551183,-0.023380523155897094
mixed_groupcv_psnr_benefit_C3_token256_logistic_505,all,0.3,55,,0.9717868338557994,0.4820075757575757,0.5617987452683715,0.9827976409349275,0.46808712121212115,-3.4320269382502735,-0.10907224635345435,0.10155416161791192,0.02403765479599047
mixed_groupcv_psnr_benefit_C3_token256_logistic_505,real_csig,0.3,5,,0.9896551724137931,0.3020833333333333,0.3020833333333333,0.9896551724137931,0.2989583333333333,-3.5895151764963074,-0.07870284935523723,-0.07906647284097713,-0.016657829695734483
mixed_groupcv_psnr_benefit_C3_token256_logistic_505,all,0.4,55,,0.9717827626918536,0.4910037878787879,0.5707949573895836,0.9827935697709816,0.47698863636363636,-3.458810151482979,-0.10940465121546489,0.10104650913681636,0.023727971237975282
mixed_groupcv_psnr_benefit_C3_token256_logistic_505,real_csig,0.4,5,,0.9896103896103895,0.4010416666666667,0.4010416666666667,0.9896103896103895,0.39687500000000003,-3.8841305220560636,-0.08235930283735324,-0.08465065013302805,-0.020064348833901537
mixed_groupcv_psnr_benefit_C3_token256_logistic_505,all,0.5,55,,0.9719696969696969,0.5,0.5797911695107957,0.9829805040488251,0.48598484848484846,-3.4592160858671046,-0.10962117111423252,0.10103665995976012,0.023697611791166393
mixed_groupcv_psnr_benefit_C3_token256_logistic_505,real_csig,0.5,5,,0.9916666666666666,0.5,0.5,0.9916666666666666,0.4958333333333333,-3.888595800281446,-0.08474102172379692,-0.08475899108064673,-0.020398302748799328
mixed_groupcv_psnr_benefit_C3_token256_logistic_505,all,0.6,55,,0.9751306165099269,0.7367424242424242,0.8105924522980599,0.9789171291385647,0.7181818181818181,-3.408415958918978,-0.10492201091929912,0.10745715803005455,0.024965668531171704
mixed_groupcv_psnr_benefit_C3_token256_logistic_505,real_csig,0.6,5,,0.993103448275862,0.6041666666666666,0.6041666666666666,0.993103448275862,0.5999999999999999,-3.9210843364903014,-0.08720175785751179,-0.08586190574288625,-0.020471941499874507
mixed_groupcv_psnr_benefit_C3_token256_logistic_505,all,0.7,55,,0.975084175084175,0.7457386363636364,0.8195886644192719,0.9788706877128127,0.7270833333333334,-3.419503099404873,-0.10513544656812945,0.1069630867888781,0.024717869164566402
mixed_groupcv_psnr_benefit_C3_token256_logistic_505,real_csig,0.7,5,,0.9925925925925926,0.703125,0.703125,0.9925925925925926,0.6979166666666667,-4.04304288183514,-0.08954954999464529,-0.09129668939582727,-0.02319773453253287
mixed_groupcv_psnr_benefit_C3_token256_logistic_505,all,0.8,55,,0.9766824085005903,0.9820075757575758,0.9820075757575758,0.9792683844510524,0.9588068181818182,-3.4991028082393174,-0.1158385380557183,0.10123033748033601,0.020548550578751275
mixed_groupcv_psnr_benefit_C3_token256_logistic_505,real_csig,0.8,5,,0.9935064935064934,0.8020833333333334,0.8020833333333334,0.9935064935064934,0.7968750000000001,-4.136171750999042,-0.09050630569070964,-0.09425161377248634,-0.02550461965721923
mixed_groupcv_psnr_benefit_C3_token256_logistic_505,all,0.9,55,,0.9766421439831845,0.9910037878787878,0.9910037878787878,0.9792281199336462,0.9677083333333334,-3.5046769667174695,-0.11594504276373734,0.10107104687213005,0.020376658605639707
mixed_groupcv_psnr_benefit_C3_token256_logistic_505,real_csig,0.9,5,,0.9930635838150289,0.9010416666666666,0.9010416666666666,0.9930635838150289,0.8947916666666667,-4.197487494258718,-0.09167785747891906,-0.09600381046275182,-0.0273954313614465
mixed_groupcv_psnr_benefit_C3_token256_logistic_505,all,1.0,55,,0.9765151515151516,1.0,1.0,0.9791011274656135,0.9765151515151516,-3.5155357379310312,-0.11601127153685824,0.10091361861233246,0.02022715721166495
mixed_groupcv_psnr_benefit_C3_token256_logistic_505,real_csig,1.0,5,,0.9916666666666668,1.0,1.0,0.9916666666666668,0.9916666666666668,-4.316933977607897,-0.09240637398324907,-0.09773552132052524,-0.029039946695168812
mixed_groupcv_psnr_benefit_C3_token256_logistic_505,synthetic_bsds,0.1,50,,0.96,0.25,0.31349097479938604,0.96,0.24,-3.3269040155407494,-0.10453151434659957,0.12157163739204407,0.03456267833709717
mixed_groupcv_psnr_benefit_C3_token256_logistic_505,synthetic_bsds,0.2,50,,0.96,0.25,0.31349097479938604,0.96,0.24,-3.3269040155407494,-0.10453151434659957,0.12157163739204407,0.03456267833709717
mixed_groupcv_psnr_benefit_C3_token256_logistic_505,synthetic_bsds,0.3,50,,0.97,0.5,0.5877702864618753,0.9821118877870408,0.485,-3.416278114425671,-0.11210918605327606,0.11961622506380082,0.028107203245162964
mixed_groupcv_psnr_benefit_C3_token256_logistic_505,synthetic_bsds,0.4,50,,0.97,0.5,0.5877702864618753,0.9821118877870408,0.485,-3.416278114425671,-0.11210918605327606,0.11961622506380082,0.028107203245162964
mixed_groupcv_psnr_benefit_C3_token256_logistic_505,synthetic_bsds,0.5,50,,0.97,0.5,0.5877702864618753,0.9821118877870408,0.485,-3.416278114425671,-0.11210918605327606,0.11961622506380082,0.028107203245162964
mixed_groupcv_psnr_benefit_C3_token256_logistic_505,synthetic_bsds,0.6,50,,0.9733333333333334,0.75,0.8312350308611991,0.9774984972248347,0.73,-3.357149121161846,-0.10669403622547786,0.1267890644073486,0.029509429534276328
mixed_groupcv_psnr_benefit_C3_token256_logistic_505,synthetic_bsds,0.7,50,,0.9733333333333334,0.75,0.8312350308611991,0.9774984972248347,0.73,-3.357149121161846,-0.10669403622547786,0.1267890644073486,0.029509429534276328
mixed_groupcv_psnr_benefit_C3_token256_logistic_505,synthetic_bsds,0.8,50,,0.975,1.0,1.0,0.9778445735455081,0.975,-3.4353959139633448,-0.11837176129221916,0.12077853260561824,0.025153867602348327
mixed_groupcv_psnr_benefit_C3_token256_logistic_505,synthetic_bsds,0.9,50,,0.975,1.0,1.0,0.9778445735455081,0.975,-3.4353959139633448,-0.11837176129221916,0.12077853260561824,0.025153867602348327
mixed_groupcv_psnr_benefit_C3_token256_logistic_505,synthetic_bsds,1.0,50,,0.975,1.0,1.0,0.9778445735455081,0.975,-3.4353959139633448,-0.11837176129221916,0.12077853260561824,0.025153867602348327
mixed_groupcv_psnr_benefit_C3_token256_mlp_505,all,0.1,55,,0.9636363636363636,0.23674242424242425,0.1671196415355294,0.9636363636363636,0.22765151515151516,-3.274519764330181,-0.12860881206664174,0.1005774861650372,0.0176770771633495
mixed_groupcv_psnr_benefit_C3_token256_mlp_505,real_csig,0.1,5,,1.0,0.10416666666666667,0.10416666666666667,1.0,0.10416666666666667,-3.446057755761919,-0.0782116511464119,-0.1024130121525377,-0.022332754135131836
mixed_groupcv_psnr_benefit_C3_token256_mlp_505,all,0.2,55,,0.9636363636363636,0.24573863636363635,0.1761158536567415,0.9636363636363636,0.23664772727272726,-3.3058198769720653,-0.12889856590535534,0.10053268718296589,0.01724616508661728
mixed_groupcv_psnr_benefit_C3_token256_mlp_505,real_csig,0.2,5,,1.0,0.203125,0.203125,1.0,0.203125,-3.790358994822648,-0.08139894337226182,-0.10290580095532231,-0.02707278697918623
mixed_groupcv_psnr_benefit_C3_token256_mlp_505,all,0.3,55,,0.9721003134796238,0.4820075757575757,0.3875956813456814,0.9715144128937232,0.4681818181818182,-3.4877950745403625,-0.12818424777364282,0.09552058761101508,0.014546257257461549
mixed_groupcv_psnr_benefit_C3_token256_mlp_505,real_csig,0.3,5,,0.993103448275862,0.3020833333333333,0.3020833333333333,0.993103448275862,0.3,-3.854058738511104,-0.08222009328932597,-0.09819487437509514,-0.025263237953186034
mixed_groupcv_psnr_benefit_C3_token256_mlp_505,all,0.4,55,,0.9722550177095632,0.4910037878787879,0.39659189346689344,0.9716691171236627,0.4771780303030303,-3.4872933510890296,-0.12840205006468536,0.09573846227041893,0.014525320601716653
mixed_groupcv_psnr_benefit_C3_token256_mlp_505,real_csig,0.4,5,,0.9948051948051948,0.4010416666666667,0.4010416666666667,0.9948051948051948,0.39895833333333336,-3.8485397805464445,-0.08461591849079379,-0.09579825312165277,-0.025493541166379852
mixed_groupcv_psnr_benefit_C3_token256_mlp_505,all,0.5,55,,0.9721590909090909,0.5,0.40558810558810554,0.9715731903231903,0.48607954545454546,-3.4965209403631907,-0.12838300177686368,0.09564949037731187,0.01445163855272712
mixed_groupcv_psnr_benefit_C3_token256_mlp_505,real_csig,0.5,5,,0.99375,0.5,0.5,0.99375,0.496875,-3.9500432625622155,-0.08440638732475539,-0.09677694394583036,-0.026304043705264728
mixed_groupcv_psnr_benefit_C3_token256_mlp_505,all,0.6,55,,0.9811912225705329,0.7367424242424242,0.6838612900528789,0.9856678840463312,0.7227272727272728,-3.50435861421219,-0.12345499284254036,0.0959371365811637,0.01665970315006459
mixed_groupcv_psnr_benefit_C3_token256_mlp_505,real_csig,0.6,5,,0.993103448275862,0.6041666666666666,0.6041666666666666,0.993103448275862,0.5999999999999999,-4.04183785035918,-0.08781599262408142,-0.09798067984299672,-0.026966534811874922
mixed_groupcv_psnr_benefit_C3_token256_mlp_505,all,0.7,55,,0.9811447811447811,0.7457386363636364,0.6928575021740909,0.9856214426205796,0.7316287878787878,-3.5118581422917052,-0.1236071022823202,0.09589881467410312,0.01656771011224098
mixed_groupcv_psnr_benefit_C3_token256_mlp_505,real_csig,0.7,5,,0.9925925925925926,0.703125,0.703125,0.9925925925925926,0.6979166666666666,-4.124332659233849,-0.0894891964616599,-0.09840222082066316,-0.027978458227934655
mixed_groupcv_psnr_benefit_C3_token256_mlp_505,all,0.8,55,,0.976564344746163,0.9820075757575758,0.9820075757575758,0.9791503206966249,0.9587121212121211,-3.5056152901527002,-0.115857269713455,0.10087700335423264,0.020288854225185712
mixed_groupcv_psnr_benefit_C3_token256_mlp_505,real_csig,0.8,5,,0.9922077922077921,0.8020833333333334,0.8020833333333334,0.9922077922077921,0.7958333333333334,-4.207809052046261,-0.09071235392581332,-0.09813828915962344,-0.02836127954644042
mixed_groupcv_psnr_benefit_C3_token256_mlp_505,all,0.9,55,,0.9765370467682606,0.9910037878787878,0.9910037878787878,0.9791230227187225,0.9676136363636364,-3.513542774305698,-0.11591947577341695,0.10094462876338796,0.020240764538363536
mixed_groupcv_psnr_benefit_C3_token256_mlp_505,real_csig,0.9,5,,0.9919075144508671,0.9010416666666666,0.9010416666666666,0.9919075144508671,0.89375,-4.295011377729224,-0.09139662058539473,-0.09739440965891488,-0.028890266101484364
mixed_groupcv_psnr_benefit_C3_token256_mlp_505,all,1.0,55,,0.9765151515151516,1.0,1.0,0.9791011274656135,0.9765151515151516,-3.5155357379310312,-0.11601127153685824,0.10091361861233246,0.02022715721166495
mixed_groupcv_psnr_benefit_C3_token256_mlp_505,real_csig,1.0,5,,0.9916666666666668,1.0,1.0,0.9916666666666668,0.9916666666666668,-4.3169339776078965,-0.09240637398324907,-0.09773552132052524,-0.029039946695168812
mixed_groupcv_psnr_benefit_C3_token256_mlp_505,synthetic_bsds,0.1,50,,0.96,0.25,0.17341493902241567,0.96,0.24,-3.257365965187006,-0.1336485281586647,0.1208765359967947,0.021678060293197632
mixed_groupcv_psnr_benefit_C3_token256_mlp_505,synthetic_bsds,0.2,50,,0.96,0.25,0.17341493902241567,0.96,0.24,-3.257365965187006,-0.1336485281586647,0.1208765359967947,0.021678060293197632
mixed_groupcv_psnr_benefit_C3_token256_mlp_505,synthetic_bsds,0.3,50,,0.97,0.5,0.39614691614691616,0.9693555093555094,0.485,-3.451168708143289,-0.13278066322207452,0.1148921338096261,0.018527206778526307
mixed_groupcv_psnr_benefit_C3_token256_mlp_505,synthetic_bsds,0.4,50,,0.97,0.5,0.39614691614691616,0.9693555093555094,0.485,-3.451168708143289,-0.13278066322207452,0.1148921338096261,0.018527206778526307
mixed_groupcv_psnr_benefit_C3_token256_mlp_505,synthetic_bsds,0.5,50,,0.97,0.5,0.39614691614691616,0.9693555093555094,0.485,-3.451168708143289,-0.13278066322207452,0.1148921338096261,0.018527206778526307
mixed_groupcv_psnr_benefit_C3_token256_mlp_505,synthetic_bsds,0.6,50,,0.98,0.75,0.6918307523915,0.9849243276233781,0.735,-3.4506106905974905,-0.12701889286438622,0.11532891822357973,0.021022326946258545
mixed_groupcv_psnr_benefit_C3_token256_mlp_505,synthetic_bsds,0.7,50,,0.98,0.75,0.6918307523915,0.9849243276233781,0.735,-3.4506106905974905,-0.12701889286438622,0.11532891822357973,0.021022326946258545
mixed_groupcv_psnr_benefit_C3_token256_mlp_505,synthetic_bsds,0.8,50,,0.975,1.0,1.0,0.9778445735455081,0.975,-3.4353959139633448,-0.11837176129221916,0.12077853260561824,0.025153867602348327
mixed_groupcv_psnr_benefit_C3_token256_mlp_505,synthetic_bsds,0.9,50,,0.975,1.0,1.0,0.9778445735455081,0.975,-3.4353959139633448,-0.11837176129221916,0.12077853260561824,0.025153867602348327
mixed_groupcv_psnr_benefit_C3_token256_mlp_505,synthetic_bsds,1.0,50,,0.975,1.0,1.0,0.9778445735455081,0.975,-3.4353959139633448,-0.11837176129221916,0.12077853260561824,0.025153867602348327
mixed_groupcv_psnr_benefit_C3_token256_mlp_506,all,0.1,55,,0.9818181818181818,0.23674242424242425,0.3328974185282596,0.9818181818181818,0.2321969696969697,-3.242368365218138,-0.0955425853620876,0.1159633687443354,0.0315968333049254
mixed_groupcv_psnr_benefit_C3_token256_mlp_506,real_csig,0.1,5,,1.0,0.10416666666666667,0.10416666666666667,1.0,0.10416666666666667,-3.0465193005949476,-0.07147757470607757,-0.08694906961172819,-0.01596809208393097
mixed_groupcv_psnr_benefit_C3_token256_mlp_506,all,0.2,55,,0.9813519813519814,0.24573863636363635,0.3418936306494717,0.9813519813519814,0.24109848484848484,-3.2699269987562527,-0.09576805231871305,0.11618329554075477,0.0313149785939908
mixed_groupcv_psnr_benefit_C3_token256_mlp_506,real_csig,0.2,5,,0.9948717948717949,0.203125,0.203125,0.9948717948717949,0.2020833333333333,-3.3496642695142063,-0.07395771122895754,-0.08452987485111522,-0.019068493904211586
mixed_groupcv_psnr_benefit_C3_token256_mlp_506,all,0.3,55,,0.9633228840125391,0.4820075757575757,0.5948794306855054,0.9633228840125391,0.46373106060606056,-3.2590330578323154,-0.0989030181614209,0.11628119371784704,0.030037466878053913
mixed_groupcv_psnr_benefit_C3_token256_mlp_506,real_csig,0.3,5,,0.9965517241379309,0.3020833333333333,0.3020833333333333,0.9965517241379309,0.3010416666666666,-3.4195808327226955,-0.07675221927207092,-0.07982359096921723,-0.01771931237187879
mixed_groupcv_psnr_benefit_C3_token256_mlp_506,all,0.4,55,,0.9634002361275089,0.4910037878787879,0.6038756428067176,0.9634002361275089,0.4727272727272727,-3.27251090831288,-0.09910820686514572,0.11607584489988869,0.03003563514284992
mixed_groupcv_psnr_benefit_C3_token256_mlp_506,real_csig,0.4,5,,0.9974025974025974,0.4010416666666667,0.4010416666666667,0.9974025974025974,0.4,-3.567837188008899,-0.0790092950130438,-0.0820824279667592,-0.017739461459122696
mixed_groupcv_psnr_benefit_C3_token256_mlp_506,all,0.5,55,,0.9632575757575759,0.5,0.6128718549279296,0.9632575757575759,0.48162878787878793,-3.279167723430949,-0.09927338360611238,0.11601267106933379,0.030039964051860747
mixed_groupcv_psnr_benefit_C3_token256_mlp_506,real_csig,0.5,5,,0.9958333333333333,0.5,0.5,0.9958333333333333,0.4979166666666667,-3.6410621543076624,-0.0808262391636769,-0.08277734010286317,-0.01769184346000354
mixed_groupcv_psnr_benefit_C3_token256_mlp_506,all,0.6,55,,0.975287356321839,0.7367424242424242,0.82117363671102,0.9791834602179429,0.7182765151515152,-3.3605582206059177,-0.10548229898981042,0.10776916891136942,0.02537552720887534
mixed_groupcv_psnr_benefit_C3_token256_mlp_506,real_csig,0.6,5,,0.9948275862068966,0.6041666666666666,0.6041666666666666,0.9948275862068966,0.6010416666666666,-3.8034425592923213,-0.08313253169943546,-0.08473546035298755,-0.02110212373322454
mixed_groupcv_psnr_benefit_C3_token256_mlp_506,all,0.7,55,,0.9749494949494949,0.7457386363636364,0.8301698488322321,0.9788455988455987,0.7269886363636363,-3.370313963019236,-0.10573471129944029,0.10731166718759722,0.025143754835481993
mixed_groupcv_psnr_benefit_C3_token256_mlp_506,real_csig,0.7,5,,0.9911111111111112,0.703125,0.703125,0.9911111111111112,0.696875,-3.910755725838821,-0.08590906710536392,-0.08976797931448177,-0.02365161984055131
mixed_groupcv_psnr_benefit_C3_token256_mlp_506,all,0.8,55,,0.9764462809917355,0.9820075757575758,0.9820075757575758,0.9790322569421974,0.9586174242424241,-3.48703244560269,-0.1156702891449579,0.10137661075034787,0.020612757771749843
mixed_groupcv_psnr_benefit_C3_token256_mlp_506,real_csig,0.8,5,,0.9909090909090909,0.8020833333333334,0.8020833333333334,0.9909090909090909,0.7947916666666667,-4.003397761996143,-0.08865556767234554,-0.09264260780235584,-0.024798340534234974
mixed_groupcv_psnr_benefit_C3_token256_mlp_506,all,0.9,55,,0.9764319495533368,0.9910037878787878,0.9910037878787878,0.9790179255037987,0.9675189393939394,-3.501906118563055,-0.11585415822624597,0.10109939473488817,0.02039958933623791
mixed_groupcv_psnr_benefit_C3_token256_mlp_506,real_csig,0.9,5,,0.9907514450867051,0.9010416666666666,0.9010416666666666,0.9907514450867051,0.8927083333333332,-4.167008164560155,-0.09067812756651399,-0.09569198397241233,-0.027143193324866317
mixed_groupcv_psnr_benefit_C3_token256_mlp_506,all,1.0,55,,0.9765151515151516,1.0,1.0,0.9791011274656135,0.9765151515151516,-3.5155357379310312,-0.11601127153685824,0.10091361861233246,0.02022715721166495
mixed_groupcv_psnr_benefit_C3_token256_mlp_506,real_csig,1.0,5,,0.9916666666666668,1.0,1.0,0.9916666666666668,0.9916666666666668,-4.3169339776078965,-0.09240637398324907,-0.09773552132052524,-0.029039946695168812
mixed_groupcv_psnr_benefit_C3_token256_mlp_506,synthetic_bsds,0.1,50,,0.98,0.25,0.35577049371441893,0.98,0.245,-3.261953271680457,-0.0979490864276886,0.13625461257994176,0.036353325843811034
mixed_groupcv_psnr_benefit_C3_token256_mlp_506,synthetic_bsds,0.2,50,,0.98,0.25,0.35577049371441893,0.98,0.245,-3.261953271680457,-0.0979490864276886,0.13625461257994176,0.036353325843811034
mixed_groupcv_psnr_benefit_C3_token256_mlp_506,synthetic_bsds,0.3,50,,0.96,0.5,0.6241590404207227,0.96,0.48,-3.2429782803432774,-0.10111809805035592,0.13589167218655349,0.03481314480304718
mixed_groupcv_psnr_benefit_C3_token256_mlp_506,synthetic_bsds,0.4,50,,0.96,0.5,0.6241590404207227,0.96,0.48,-3.2429782803432774,-0.10111809805035592,0.13589167218655349,0.03481314480304718
mixed_groupcv_psnr_benefit_C3_token256_mlp_506,synthetic_bsds,0.5,50,,0.96,0.5,0.6241590404207227,0.96,0.48,-3.2429782803432774,-0.10111809805035592,0.13589167218655349,0.03481314480304718
mixed_groupcv_psnr_benefit_C3_token256_mlp_506,synthetic_bsds,0.6,50,,0.9733333333333334,0.75,0.8428743337154552,0.9776190476190476,0.73,-3.3162697867372777,-0.10771727571884793,0.12701963183780512,0.030023292303085328
mixed_groupcv_psnr_benefit_C3_token256_mlp_506,synthetic_bsds,0.7,50,,0.9733333333333334,0.75,0.8428743337154552,0.9776190476190476,0.73,-3.3162697867372777,-0.10771727571884793,0.12701963183780512,0.030023292303085328
mixed_groupcv_psnr_benefit_C3_token256_mlp_506,synthetic_bsds,0.8,50,,0.975,1.0,1.0,0.9778445735455081,0.975,-3.4353959139633448,-0.11837176129221916,0.12077853260561824,0.025153867602348327
mixed_groupcv_psnr_benefit_C3_token256_mlp_506,synthetic_bsds,0.9,50,,0.975,1.0,1.0,0.9778445735455081,0.975,-3.4353959139633448,-0.11837176129221916,0.12077853260561824,0.025153867602348327
mixed_groupcv_psnr_benefit_C3_token256_mlp_506,synthetic_bsds,1.0,50,,0.975,1.0,1.0,0.9778445735455081,0.975,-3.4353959139633448,-0.11837176129221916,0.12077853260561824,0.025153867602348327
mixed_groupcv_psnr_benefit_C3_token256_mlp_507,all,0.1,55,,0.9818181818181818,0.23674242424242425,0.17807423379853288,0.9818181818181818,0.2321969696969697,-3.5477728320714617,-0.1375736566158858,0.09699120376005092,0.010491657907312567
mixed_groupcv_psnr_benefit_C3_token256_mlp_507,real_csig,0.1,5,,1.0,0.10416666666666667,0.10416666666666667,1.0,0.10416666666666667,-3.5232894360132447,-0.0813911159336567,-0.10785576737485827,-0.024764971733093267
mixed_groupcv_psnr_benefit_C3_token256_mlp_507,all,0.2,55,,0.9818181818181818,0.24573863636363635,0.187070445919745,0.9818181818181818,0.2411931818181818,-3.5699534603810257,-0.1377176440470702,0.09734672331348894,0.010224522855176237
mixed_groupcv_psnr_benefit_C3_token256_mlp_507,real_csig,0.2,5,,1.0,0.203125,0.203125,1.0,0.203125,-3.7672763474184463,-0.08297497767668505,-0.10394505228703985,-0.027703457306592894
mixed_groupcv_psnr_benefit_C3_token256_mlp_507,all,0.3,55,,0.9724137931034482,0.4820075757575757,0.3963078246372639,0.9774294670846394,0.46827651515151514,-3.523738644736785,-0.13321197275364288,0.0911012215345666,0.012533050999746052
mixed_groupcv_psnr_benefit_C3_token256_mlp_507,real_csig,0.3,5,,0.9965517241379309,0.3020833333333333,0.3020833333333333,0.9965517241379309,0.30104166666666665,-3.8603946732195467,-0.08411628439508635,-0.1040889088337406,-0.028520408786576364
mixed_groupcv_psnr_benefit_C3_token256_mlp_507,all,0.4,55,,0.972491145218418,0.4910037878787879,0.405304036758476,0.9775068191996091,0.4772727272727273,-3.5363478098551147,-0.13348366258910022,0.09123346497400399,0.012591055700601624
mixed_groupcv_psnr_benefit_C3_token256_mlp_507,real_csig,0.4,5,,0.9974025974025974,0.4010416666666667,0.4010416666666667,0.9974025974025974,0.4,-3.9990954895211694,-0.08710487258511704,-0.10263423099992916,-0.027882357077165083
mixed_groupcv_psnr_benefit_C3_token256_mlp_507,all,0.5,55,,0.9721590909090909,0.5,0.41430024887968814,0.9771747648902821,0.48607954545454546,-3.5363907433811215,-0.13344305373700052,0.09152588710262947,0.012717887668898609
mixed_groupcv_psnr_benefit_C3_token256_mlp_507,real_csig,0.5,5,,0.99375,0.5,0.5,0.99375,0.496875,-3.9995677583072426,-0.08665817521202067,-0.09941758758504875,-0.02648720542589824
mixed_groupcv_psnr_benefit_C3_token256_mlp_507,all,0.6,55,,0.9751306165099269,0.7367424242424242,0.6598807576611313,0.973603784597055,0.7181818181818181,-3.4962855249813054,-0.12381655723829689,0.09945289051858953,0.0183158308392159
mixed_groupcv_psnr_benefit_C3_token256_mlp_507,real_csig,0.6,5,,0.993103448275862,0.6041666666666666,0.6041666666666666,0.993103448275862,0.6,-4.126988858063638,-0.087914953239519,-0.10032117769507501,-0.029128645720153012
mixed_groupcv_psnr_benefit_C3_token256_mlp_507,all,0.7,55,,0.9752188552188553,0.7457386363636364,0.6688769697823436,0.9736920233059833,0.7271780303030303,-3.4983025581332616,-0.12386482770495141,0.09963343438689255,0.018374971661102087
mixed_groupcv_psnr_benefit_C3_token256_mlp_507,real_csig,0.7,5,,0.994074074074074,0.703125,0.703125,0.994074074074074,0.6989583333333333,-4.149176222735152,-0.08844592837271867,-0.09833519514374159,-0.02847809667940494
mixed_groupcv_psnr_benefit_C3_token256_mlp_507,all,0.8,55,,0.976564344746163,0.9820075757575758,0.9820075757575758,0.9791503206966249,0.9587121212121211,-3.505228456635446,-0.11576438404997941,0.1010196924386623,0.020370065201834778
mixed_groupcv_psnr_benefit_C3_token256_mlp_507,real_csig,0.8,5,,0.9922077922077921,0.8020833333333334,0.8020833333333334,0.9922077922077921,0.7958333333333334,-4.203553883356459,-0.08969061162758182,-0.0965687092308971,-0.02746795880330074
mixed_groupcv_psnr_benefit_C3_token256_mlp_507,all,0.9,55,,0.9766421439831845,0.9910037878787878,0.9910037878787878,0.9792281199336464,0.9677083333333333,-3.506913053488545,-0.1158252238827947,0.1010933058683849,0.020340800150657288
mixed_groupcv_psnr_benefit_C3_token256_mlp_507,real_csig,0.9,5,,0.9930635838150289,0.9010416666666666,0.9010416666666666,0.9930635838150289,0.8947916666666667,-4.22208444874055,-0.09035984978855001,-0.09575896150394843,-0.027789874366253093
mixed_groupcv_psnr_benefit_C3_token256_mlp_507,all,1.0,55,,0.9765151515151516,1.0,1.0,0.9791011274656135,0.9765151515151516,-3.5155357379310312,-0.11601127153685824,0.10091361861233246,0.02022715721166495
mixed_groupcv_psnr_benefit_C3_token256_mlp_507,real_csig,1.0,5,,0.9916666666666668,1.0,1.0,0.9916666666666668,0.9916666666666668,-4.316933977607897,-0.09240637398324907,-0.09773552132052524,-0.029039946695168812
mixed_groupcv_psnr_benefit_C3_token256_mlp_507,synthetic_bsds,0.1,50,,0.98,0.25,0.1854649905117195,0.98,0.245,-3.550221171677283,-0.14319191068410875,0.11747590087354183,0.01401732087135315
mixed_groupcv_psnr_benefit_C3_token256_mlp_507,synthetic_bsds,0.2,50,,0.98,0.25,0.1854649905117195,0.98,0.245,-3.550221171677283,-0.14319191068410875,0.11747590087354183,0.01401732087135315
mixed_groupcv_psnr_benefit_C3_token256_mlp_507,synthetic_bsds,0.3,50,,0.97,0.5,0.4057302737676569,0.9755172413793103,0.485,-3.4900730418885093,-0.13812154158949852,0.1106202345713973,0.016638396978378295
mixed_groupcv_psnr_benefit_C3_token256_mlp_507,synthetic_bsds,0.4,50,,0.97,0.5,0.4057302737676569,0.9755172413793103,0.485,-3.4900730418885093,-0.13812154158949852,0.1106202345713973,0.016638396978378295
mixed_groupcv_psnr_benefit_C3_token256_mlp_507,synthetic_bsds,0.5,50,,0.97,0.5,0.4057302737676569,0.9755172413793103,0.485,-3.4900730418885093,-0.13812154158949852,0.1106202345713973,0.016638396978378295
mixed_groupcv_psnr_benefit_C3_token256_mlp_507,synthetic_bsds,0.6,50,,0.9733333333333334,0.75,0.665452166760578,0.9716538182291743,0.73,-3.4332151916730727,-0.12740671763817468,0.11943029733995597,0.023060278495152794
mixed_groupcv_psnr_benefit_C3_token256_mlp_507,synthetic_bsds,0.7,50,,0.9733333333333334,0.75,0.665452166760578,0.9716538182291743,0.73,-3.4332151916730727,-0.12740671763817468,0.11943029733995597,0.023060278495152794
mixed_groupcv_psnr_benefit_C3_token256_mlp_507,synthetic_bsds,0.8,50,,0.975,1.0,1.0,0.9778445735455081,0.975,-3.4353959139633448,-0.11837176129221916,0.12077853260561824,0.025153867602348327
mixed_groupcv_psnr_benefit_C3_token256_mlp_507,synthetic_bsds,0.9,50,,0.975,1.0,1.0,0.9778445735455081,0.975,-3.4353959139633448,-0.11837176129221916,0.12077853260561824,0.025153867602348327
mixed_groupcv_psnr_benefit_C3_token256_mlp_507,synthetic_bsds,1.0,50,,0.975,1.0,1.0,0.9778445735455081,0.975,-3.4353959139633448,-0.11837176129221916,0.12077853260561824,0.025153867602348327
mixed_groupcv_psnr_benefit_C3_token512_logistic_505,all,0.1,55,,0.980909090909091,0.23674242424242425,0.23318763096800482,0.980909090909091,0.23210227272727274,-3.6507161843811233,-0.13273543822494419,0.08523339601741595,0.019380202997814528
mixed_groupcv_psnr_benefit_C3_token512_logistic_505,real_csig,0.1,5,,0.99,0.10416666666666667,0.10416666666666667,0.99,0.103125,-3.9194410627836844,-0.09894435986876489,-0.12705587450414896,-0.03364865958690643
mixed_groupcv_psnr_benefit_C3_token512_logistic_505,all,0.2,55,,0.9808857808857809,0.24573863636363635,0.24218384308921692,0.9808857808857809,0.2410037878787879,-3.6444494440201245,-0.13253462513287864,0.08624892705977659,0.019673211480076218
mixed_groupcv_psnr_benefit_C3_token512_logistic_505,real_csig,0.2,5,,0.9897435897435898,0.203125,0.203125,0.9897435897435898,0.20104166666666665,-3.850506918812697,-0.0967354158560435,-0.11588503303818214,-0.030425566282027812
mixed_groupcv_psnr_benefit_C3_token512_logistic_505,all,0.3,55,,0.990282131661442,0.4820075757575757,0.4924234291640834,0.9956913641734783,0.4772727272727273,-3.5800346290506324,-0.13048331234428948,0.0900933033610084,0.02019098761687084
mixed_groupcv_psnr_benefit_C3_token512_logistic_505,real_csig,0.3,5,,0.993103448275862,0.3020833333333333,0.3020833333333333,0.993103448275862,0.3,-3.869372855411895,-0.0971376476616695,-0.10736088129563322,-0.02680083122746698
mixed_groupcv_psnr_benefit_C3_token512_logistic_505,all,0.4,55,,0.9902007083825265,0.4910037878787879,0.5014196412852955,0.9956099408945628,0.48617424242424245,-3.572255275576534,-0.13045387508209086,0.09076596055797784,0.02045788826176802
mixed_groupcv_psnr_benefit_C3_token512_logistic_505,real_csig,0.4,5,,0.9922077922077921,0.4010416666666667,0.4010416666666667,0.9922077922077921,0.3979166666666667,-3.7837999671968157,-0.09681383777748455,-0.0999616521289693,-0.02386492413359803
mixed_groupcv_psnr_benefit_C3_token512_logistic_505,all,0.5,55,,0.9901515151515152,0.5,0.5104158534065075,0.9955607476635514,0.4950757575757576,-3.577562330185609,-0.13018612757494505,0.0912204045543948,0.020538160306486218
mixed_groupcv_psnr_benefit_C3_token512_logistic_505,real_csig,0.5,5,,0.9916666666666666,0.5,0.5,0.9916666666666666,0.4958333333333333,-3.84217756789664,-0.09386861519888043,-0.09496276816838267,-0.022981931641697883
mixed_groupcv_psnr_benefit_C3_token512_logistic_505,all,0.6,55,,0.9811912225705329,0.7367424242424242,0.7656576279239832,0.9898507706830012,0.7227272727272728,-3.5484058280425184,-0.12266311187339926,0.09829842903234781,0.02139427273251046
mixed_groupcv_psnr_benefit_C3_token512_logistic_505,real_csig,0.6,5,,0.993103448275862,0.6041666666666666,0.6041666666666666,0.993103448275862,0.6,-3.899039190074889,-0.09383994466785726,-0.09554842796722621,-0.022763652637087066
mixed_groupcv_psnr_benefit_C3_token512_logistic_505,all,0.7,55,,0.9812794612794612,0.7457386363636364,0.7746538400451952,0.9899390093919296,0.7317234848484848,-3.5625514460946675,-0.12263601042405525,0.09824484092205361,0.021164924664930862
mixed_groupcv_psnr_benefit_C3_token512_logistic_505,real_csig,0.7,5,,0.994074074074074,0.703125,0.703125,0.994074074074074,0.6989583333333333,-4.054640988648524,-0.09354182872507308,-0.09613789718046231,-0.025286481380462644
mixed_groupcv_psnr_benefit_C3_token512_logistic_505,all,0.8,55,,0.976564344746163,0.9820075757575758,0.9820075757575758,0.9791503206966249,0.9587121212121211,-3.4988272209037166,-0.11601766944811223,0.10109113939425335,0.02046467649894453
mixed_groupcv_psnr_benefit_C3_token512_logistic_505,real_csig,0.8,5,,0.9922077922077921,0.8020833333333334,0.8020833333333334,0.9922077922077921,0.7958333333333334,-4.133140290307437,-0.09247675100704292,-0.09578279271939552,-0.026427234535093436
mixed_groupcv_psnr_benefit_C3_token512_logistic_505,all,0.9,55,,0.9765370467682606,0.9910037878787878,0.9910037878787878,0.9791230227187225,0.9676136363636364,-3.50790211899549,-0.11603735142548462,0.10092185844015869,0.020352578416850398
mixed_groupcv_psnr_benefit_C3_token512_logistic_505,real_csig,0.9,5,,0.9919075144508671,0.9010416666666666,0.9010416666666666,0.9919075144508671,0.89375,-4.232964169316939,-0.09269325275813914,-0.09764488321443686,-0.027660313438128876
mixed_groupcv_psnr_benefit_C3_token512_logistic_505,all,1.0,55,,0.9765151515151516,1.0,1.0,0.9791011274656135,0.9765151515151516,-3.5155357379310312,-0.11601127153685824,0.10091361861233246,0.02022715721166495
mixed_groupcv_psnr_benefit_C3_token512_logistic_505,real_csig,1.0,5,,0.9916666666666668,1.0,1.0,0.9916666666666668,0.9916666666666668,-4.316933977607897,-0.09240637398324907,-0.09773552132052524,-0.029039946695168812
mixed_groupcv_psnr_benefit_C3_token512_logistic_505,synthetic_bsds,0.1,50,,0.98,0.25,0.2460897273981386,0.98,0.245,-3.6238436965408676,-0.13611454606056214,0.10646232306957244,0.024683089256286622
mixed_groupcv_psnr_benefit_C3_token512_logistic_505,synthetic_bsds,0.2,50,,0.98,0.25,0.2460897273981386,0.98,0.245,-3.6238436965408676,-0.13611454606056214,0.10646232306957244,0.024683089256286622
mixed_groupcv_psnr_benefit_C3_token512_logistic_505,synthetic_bsds,0.3,50,,0.99,0.5,0.5114574387471583,0.9959501557632399,0.495,-3.5511008064145066,-0.1338178788125515,0.10983872182667255,0.024890169501304626
mixed_groupcv_psnr_benefit_C3_token512_logistic_505,synthetic_bsds,0.4,50,,0.99,0.5,0.5114574387471583,0.9959501557632399,0.495,-3.5511008064145066,-0.1338178788125515,0.10983872182667255,0.024890169501304626
mixed_groupcv_psnr_benefit_C3_token512_logistic_505,synthetic_bsds,0.5,50,,0.99,0.5,0.5114574387471583,0.9959501557632399,0.495,-3.5511008064145066,-0.1338178788125515,0.10983872182667255,0.024890169501304626
mixed_groupcv_psnr_benefit_C3_token512_logistic_505,synthetic_bsds,0.6,50,,0.98,0.75,0.7818067240497146,0.9895255029237151,0.735,-3.5133424918392815,-0.12554542859395346,0.11768311473230522,0.025810065269470214
mixed_groupcv_psnr_benefit_C3_token512_logistic_505,synthetic_bsds,0.7,50,,0.98,0.75,0.7818067240497146,0.9895255029237151,0.735,-3.5133424918392815,-0.12554542859395346,0.11768311473230522,0.025810065269470214
mixed_groupcv_psnr_benefit_C3_token512_logistic_505,synthetic_bsds,0.8,50,,0.975,1.0,1.0,0.9778445735455081,0.975,-3.4353959139633448,-0.11837176129221916,0.12077853260561824,0.025153867602348327
mixed_groupcv_psnr_benefit_C3_token512_logistic_505,synthetic_bsds,0.9,50,,0.975,1.0,1.0,0.9778445735455081,0.975,-3.4353959139633448,-0.11837176129221916,0.12077853260561824,0.025153867602348327
mixed_groupcv_psnr_benefit_C3_token512_logistic_505,synthetic_bsds,1.0,50,,0.975,1.0,1.0,0.9778445735455081,0.975,-3.4353959139633448,-0.11837176129221916,0.12077853260561824,0.025153867602348327
mixed_groupcv_psnr_benefit_C3_token512_mlp_505,all,0.1,55,,0.9454545454545454,0.23674242424242425,0.23133319173038797,0.9454545454545454,0.2231060606060606,-3.1735208997969906,-0.11906642205335878,0.10955212454819543,0.02334261330691251
mixed_groupcv_psnr_benefit_C3_token512_mlp_505,real_csig,0.1,5,,1.0,0.10416666666666667,0.10416666666666667,1.0,0.10416666666666667,-3.7300134977513,-0.0866076822578907,-0.09922979251481592,-0.01932390213012695
mixed_groupcv_psnr_benefit_C3_token512_mlp_505,all,0.2,55,,0.944988344988345,0.24573863636363635,0.24032940385160012,0.944988344988345,0.23200757575757575,-3.165955776174326,-0.11918151293184374,0.10978309221192326,0.023368808217259833
mixed_groupcv_psnr_benefit_C3_token512_mlp_505,real_csig,0.2,5,,0.9948717948717949,0.203125,0.203125,0.9948717948717949,0.2020833333333333,-3.64679713790199,-0.08787368192122533,-0.09668914821380988,-0.019035758116306402
mixed_groupcv_psnr_benefit_C3_token512_mlp_505,all,0.3,55,,0.9721003134796238,0.4820075757575757,0.4587388851991656,0.9835046790895969,0.4681818181818182,-3.2753774162251186,-0.11042356485016293,0.11269575882101647,0.02272835388826352
mixed_groupcv_psnr_benefit_C3_token512_mlp_505,real_csig,0.3,5,,0.993103448275862,0.3020833333333333,0.3020833333333333,0.993103448275862,0.29999999999999993,-3.699844832241813,-0.09019821815449616,-0.09320217299371444,-0.018542460943090505
mixed_groupcv_psnr_benefit_C3_token512_mlp_505,all,0.4,55,,0.9717827626918536,0.4910037878787879,0.4677350973203777,0.9831871283018266,0.47698863636363636,-3.2896164051333154,-0.11057663993753819,0.11257209234410256,0.022471390634669606
mixed_groupcv_psnr_benefit_C3_token512_mlp_505,real_csig,0.4,5,,0.9896103896103895,0.4010416666666667,0.4010416666666667,0.9896103896103895,0.39687500000000003,-3.8564737102319833,-0.09188204411562387,-0.09456250423976742,-0.021369056732623612
mixed_groupcv_psnr_benefit_C3_token512_mlp_505,all,0.5,55,,0.971969696969697,0.5,0.4767313094415898,0.9833740625796701,0.4859848484848485,-3.3036002112638037,-0.11065395216767986,0.11224457619016794,0.022154962553670908
mixed_groupcv_psnr_benefit_C3_token512_mlp_505,real_csig,0.5,5,,0.9916666666666668,0.5,0.5,0.9916666666666668,0.4958333333333334,-4.010295577667351,-0.0927324786471824,-0.09816518193304849,-0.024849765623609223
mixed_groupcv_psnr_benefit_C3_token512_mlp_505,all,0.6,55,,0.9749738766980147,0.7367424242424242,0.717711165024249,0.9820919321111152,0.7180871212121213,-3.3788441012820325,-0.11087111068369827,0.10953060051551831,0.022108407575508644
mixed_groupcv_psnr_benefit_C3_token512_mlp_505,real_csig,0.6,5,,0.9913793103448276,0.6041666666666666,0.6041666666666666,0.9913793103448276,0.5989583333333333,-4.060501718473175,-0.09297741014381936,-0.09675697889660709,-0.02432683572686952
mixed_groupcv_psnr_benefit_C3_token512_mlp_505,all,0.7,55,,0.9748148148148148,0.7457386363636364,0.7267073771454613,0.9819328702279153,0.7268939393939394,-3.3833806547406295,-0.11089974023878373,0.10956408141550894,0.022008941350159825
mixed_groupcv_psnr_benefit_C3_token512_mlp_505,real_csig,0.7,5,,0.9896296296296295,0.703125,0.703125,0.9896296296296295,0.6958333333333334,-4.110403806517748,-0.09329233524975954,-0.09638868899671017,-0.02542096420570656
mixed_groupcv_psnr_benefit_C3_token512_mlp_505,all,0.8,55,,0.9764462809917355,0.9820075757575758,0.9820075757575758,0.9790322569421974,0.9586174242424241,-3.4986926035541335,-0.11603806148048978,0.10114630144749193,0.02053148437559675
mixed_groupcv_psnr_benefit_C3_token512_mlp_505,real_csig,0.8,5,,0.9909090909090909,0.8020833333333334,0.8020833333333334,0.9909090909090909,0.7947916666666667,-4.131659499462024,-0.09270106336319602,-0.09517601013377115,-0.025692347891919032
mixed_groupcv_psnr_benefit_C3_token512_mlp_505,all,0.9,55,,0.9765370467682606,0.9910037878787878,0.9910037878787878,0.9791230227187225,0.9676136363636364,-3.5106613655597214,-0.11604605116267237,0.10090737986734163,0.020323608442162192
mixed_groupcv_psnr_benefit_C3_token512_mlp_505,real_csig,0.9,5,,0.9919075144508671,0.9010416666666666,0.9010416666666666,0.9919075144508671,0.89375,-4.263315881523487,-0.09278894986720443,-0.0978041475154244,-0.02797898315969919
mixed_groupcv_psnr_benefit_C3_token512_mlp_505,all,1.0,55,,0.9765151515151516,1.0,1.0,0.9791011274656135,0.9765151515151516,-3.5155357379310312,-0.11601127153685824,0.10091361861233246,0.02022715721166495
mixed_groupcv_psnr_benefit_C3_token512_mlp_505,real_csig,1.0,5,,0.9916666666666668,1.0,1.0,0.9916666666666668,0.9916666666666668,-4.3169339776078965,-0.09240637398324907,-0.09773552132052524,-0.029039946695168812
mixed_groupcv_psnr_benefit_C3_token512_mlp_505,synthetic_bsds,0.1,50,,0.94,0.25,0.24404984423676013,0.94,0.235,-3.117871640001559,-0.12231229603290558,0.13043031625449658,0.027609264850616454
mixed_groupcv_psnr_benefit_C3_token512_mlp_505,synthetic_bsds,0.2,50,,0.94,0.25,0.24404984423676013,0.94,0.235,-3.117871640001559,-0.12231229603290558,0.13043031625449658,0.027609264850616454
mixed_groupcv_psnr_benefit_C3_token512_mlp_505,synthetic_bsds,0.3,50,,0.97,0.5,0.4744044403857488,0.9825448021709704,0.485,-3.2329306746234483,-0.11244609951972961,0.13328555200248957,0.026855435371398926
mixed_groupcv_psnr_benefit_C3_token512_mlp_505,synthetic_bsds,0.4,50,,0.97,0.5,0.4744044403857488,0.9825448021709704,0.485,-3.2329306746234483,-0.11244609951972961,0.13328555200248957,0.026855435371398926
mixed_groupcv_psnr_benefit_C3_token512_mlp_505,synthetic_bsds,0.5,50,,0.97,0.5,0.4744044403857488,0.9825448021709704,0.485,-3.2329306746234483,-0.11244609951972961,0.13328555200248957,0.026855435371398926
mixed_groupcv_psnr_benefit_C3_token512_mlp_505,synthetic_bsds,0.6,50,,0.9733333333333334,0.75,0.7290656148600074,0.981163194287744,0.73,-3.310678339562918,-0.11266048073768616,0.13015935845673085,0.02675193190574646
mixed_groupcv_psnr_benefit_C3_token512_mlp_505,synthetic_bsds,0.7,50,,0.9733333333333334,0.75,0.7290656148600074,0.981163194287744,0.73,-3.310678339562918,-0.11266048073768616,0.13015935845673085,0.02675193190574646
mixed_groupcv_psnr_benefit_C3_token512_mlp_505,synthetic_bsds,0.8,50,,0.975,1.0,1.0,0.9778445735455081,0.975,-3.4353959139633448,-0.11837176129221916,0.12077853260561824,0.025153867602348327
mixed_groupcv_psnr_benefit_C3_token512_mlp_505,synthetic_bsds,0.9,50,,0.975,1.0,1.0,0.9778445735455081,0.975,-3.4353959139633448,-0.11837176129221916,0.12077853260561824,0.025153867602348327
mixed_groupcv_psnr_benefit_C3_token512_mlp_505,synthetic_bsds,1.0,50,,0.975,1.0,1.0,0.9778445735455081,0.975,-3.4353959139633448,-0.11837176129221916,0.12077853260561824,0.025153867602348327
mixed_groupcv_psnr_benefit_C3_token512_mlp_506,all,0.1,55,,0.9818181818181818,0.23674242424242425,0.235473885590708,0.9818181818181818,0.2321969696969697,-3.3230305213180467,-0.12463980588045988,0.10512283780612051,0.020660373514348813
mixed_groupcv_psnr_benefit_C3_token512_mlp_506,real_csig,0.1,5,,1.0,0.10416666666666667,0.10416666666666667,1.0,0.10416666666666667,-3.2184083643221824,-0.07937565743923188,-0.0486777062434703,0.0016610527038574234
mixed_groupcv_psnr_benefit_C3_token512_mlp_506,all,0.2,55,,0.9808857808857809,0.24573863636363635,0.24447009771192013,0.9808857808857809,0.24100378787878785,-3.3344156217958707,-0.12482854762833158,0.10434090013926227,0.019875076684084805
mixed_groupcv_psnr_benefit_C3_token512_mlp_506,real_csig,0.2,5,,0.9897435897435898,0.203125,0.203125,0.9897435897435898,0.20104166666666665,-3.343644469578243,-0.08145181666582059,-0.05727902057891092,-0.006977212429046631
mixed_groupcv_psnr_benefit_C3_token512_mlp_506,all,0.3,55,,0.9808777429467085,0.4820075757575757,0.4790678868365784,0.991302649439936,0.4726325757575757,-3.3648626848879304,-0.12028923244405317,0.09775284305185687,0.018237964056876013
mixed_groupcv_psnr_benefit_C3_token512_mlp_506,real_csig,0.3,5,,0.9896551724137931,0.3020833333333333,0.3020833333333333,0.9896551724137931,0.2989583333333333,-3.544253196554969,-0.08510080647879634,-0.06950504631125208,-0.01210865460593125
mixed_groupcv_psnr_benefit_C3_token512_mlp_506,all,0.4,55,,0.9811097992916176,0.4910037878787879,0.48806409895779057,0.991534705784845,0.4816287878787879,-3.3740884447369486,-0.12040754269892098,0.09684799589698313,0.01796864827098644
mixed_groupcv_psnr_benefit_C3_token512_mlp_506,real_csig,0.4,5,,0.9922077922077921,0.4010416666666667,0.4010416666666667,0.9922077922077921,0.3979166666666667,-3.645736554894171,-0.08640221928234224,-0.0794583650148631,-0.01507112825071657
mixed_groupcv_psnr_benefit_C3_token512_mlp_506,all,0.5,55,,0.9808712121212121,0.5,0.4970603110790026,0.9912961186144396,0.49043560606060604,-3.3798776168274163,-0.12049292305794855,0.0968358988370958,0.017981492186134512
mixed_groupcv_psnr_benefit_C3_token512_mlp_506,real_csig,0.5,5,,0.9895833333333333,0.5,0.5,0.9895833333333333,0.49479166666666663,-3.70941744788932,-0.08734140323164562,-0.0795914326736238,-0.014929845184087756
mixed_groupcv_psnr_benefit_C3_token512_mlp_506,all,0.6,55,,0.9808777429467084,0.7367424242424242,0.7514395146404492,0.9904982261788497,0.7225378787878788,-3.439313341323362,-0.11565024866026707,0.09974469522898871,0.01961915773284099
mixed_groupcv_psnr_benefit_C3_token512_mlp_506,real_csig,0.6,5,,0.9896551724137931,0.6041666666666666,0.6041666666666666,0.9896551724137931,0.5979166666666667,-3.7585780351472513,-0.0883422756888743,-0.08226767174482089,-0.01820656554452304
mixed_groupcv_psnr_benefit_C3_token512_mlp_506,all,0.7,55,,0.9808754208754208,0.7457386363636364,0.7604357267616614,0.9904959041075622,0.7314393939393941,-3.44458284033069,-0.11564199881521539,0.0994178321408202,0.019415261946141925
mixed_groupcv_psnr_benefit_C3_token512_mlp_506,real_csig,0.7,5,,0.9896296296296295,0.703125,0.703125,0.9896296296296295,0.6958333333333334,-3.816542524227858,-0.08825152739330575,-0.08586316571467452,-0.020449419198212797
mixed_groupcv_psnr_benefit_C3_token512_mlp_506,all,0.8,55,,0.9764462809917355,0.9820075757575758,0.9820075757575758,0.9790322569421974,0.9586174242424241,-3.485064966636176,-0.11579940050242221,0.10156619373165783,0.020769366667712594
mixed_groupcv_psnr_benefit_C3_token512_mlp_506,real_csig,0.8,5,,0.9909090909090909,0.8020833333333334,0.8020833333333334,0.9909090909090909,0.7947916666666667,-3.9817554933644894,-0.0900757926044526,-0.0905571950079462,-0.02307564267864475
mixed_groupcv_psnr_benefit_C3_token512_mlp_506,all,0.9,55,,0.9765370467682606,0.9910037878787878,0.9910037878787878,0.9791230227187225,0.9676136363636364,-3.4981481163331765,-0.1158477149343904,0.10130689366702508,0.020532298811598317
mixed_groupcv_psnr_benefit_C3_token512_mlp_506,real_csig,0.9,5,,0.9919075144508671,0.9010416666666666,0.9010416666666666,0.9919075144508671,0.89375,-4.1256701400314935,-0.09060725135610284,-0.09340949571890637,-0.025683389095901753
mixed_groupcv_psnr_benefit_C3_token512_mlp_506,all,1.0,55,,0.9765151515151516,1.0,1.0,0.9791011274656135,0.9765151515151516,-3.5155357379310312,-0.11601127153685824,0.10091361861233246,0.02022715721166495
mixed_groupcv_psnr_benefit_C3_token512_mlp_506,real_csig,1.0,5,,0.9916666666666668,1.0,1.0,0.9916666666666668,0.9916666666666668,-4.316933977607896,-0.09240637398324907,-0.09773552132052524,-0.029039946695168812
mixed_groupcv_psnr_benefit_C3_token512_mlp_506,synthetic_bsds,0.1,50,,0.98,0.25,0.2486046074831122,0.98,0.245,-3.3334927370176333,-0.12916622072458267,0.1205028922110796,0.02256030559539795
mixed_groupcv_psnr_benefit_C3_token512_mlp_506,synthetic_bsds,0.2,50,,0.98,0.25,0.2486046074831122,0.98,0.245,-3.3334927370176333,-0.12916622072458267,0.1205028922110796,0.02256030559539795
mixed_groupcv_psnr_benefit_C3_token512_mlp_506,synthetic_bsds,0.3,50,,0.98,0.5,0.49676634218690296,0.9914673971425502,0.49,-3.3469236337212265,-0.12380807504057884,0.11447863198816777,0.02127262592315674
mixed_groupcv_psnr_benefit_C3_token512_mlp_506,synthetic_bsds,0.4,50,,0.98,0.5,0.49676634218690296,0.9914673971425502,0.49,-3.3469236337212265,-0.12380807504057884,0.11447863198816777,0.02127262592315674
mixed_groupcv_psnr_benefit_C3_token512_mlp_506,synthetic_bsds,0.5,50,,0.98,0.5,0.49676634218690296,0.9914673971425502,0.49,-3.3469236337212265,-0.12380807504057884,0.11447863198816777,0.02127262592315674
mixed_groupcv_psnr_benefit_C3_token512_mlp_506,synthetic_bsds,0.6,50,,0.98,0.75,0.7661667994378276,0.9905825315553554,0.735,-3.407386871940973,-0.11838104595740637,0.11794593192636967,0.023401730060577396
mixed_groupcv_psnr_benefit_C3_token512_mlp_506,synthetic_bsds,0.7,50,,0.98,0.75,0.7661667994378276,0.9905825315553554,0.735,-3.407386871940973,-0.11838104595740637,0.11794593192636967,0.023401730060577396
mixed_groupcv_psnr_benefit_C3_token512_mlp_506,synthetic_bsds,0.8,50,,0.975,1.0,1.0,0.9778445735455081,0.975,-3.4353959139633448,-0.11837176129221916,0.12077853260561824,0.025153867602348327
mixed_groupcv_psnr_benefit_C3_token512_mlp_506,synthetic_bsds,0.9,50,,0.975,1.0,1.0,0.9778445735455081,0.975,-3.4353959139633448,-0.11837176129221916,0.12077853260561824,0.025153867602348327
mixed_groupcv_psnr_benefit_C3_token512_mlp_506,synthetic_bsds,1.0,50,,0.975,1.0,1.0,0.9778445735455081,0.975,-3.4353959139633448,-0.11837176129221916,0.12077853260561824,0.025153867602348327
mixed_groupcv_psnr_benefit_C3_token512_mlp_507,all,0.1,55,,0.9636363636363636,0.23674242424242425,0.22027744609520308,0.9636363636363636,0.22765151515151516,-3.3144064025225557,-0.12054000602527097,0.10419992525299843,0.021376583792946557
mixed_groupcv_psnr_benefit_C3_token512_mlp_507,real_csig,0.1,5,,1.0,0.10416666666666667,0.10416666666666667,1.0,0.10416666666666667,-3.706478222783081,-0.08153796762228013,-0.0878964857943356,-0.0195568323135376
mixed_groupcv_psnr_benefit_C3_token512_mlp_507,all,0.2,55,,0.9636363636363636,0.24573863636363635,0.22927365821641524,0.9636363636363636,0.23664772727272726,-3.3306638057015787,-0.1207298023300571,0.10349304996700068,0.021294753423659673
mixed_groupcv_psnr_benefit_C3_token512_mlp_507,real_csig,0.2,5,,1.0,0.203125,0.203125,1.0,0.203125,-3.885309657752326,-0.08362572697492746,-0.09567211394031078,-0.020456966375693296
mixed_groupcv_psnr_benefit_C3_token512_mlp_507,all,0.3,55,,0.9636363636363636,0.4820075757575757,0.4269807300765245,0.9636363636363636,0.46382575757575756,-3.3532237551531465,-0.11225412181085181,0.1128196501219791,0.020397581052630672
mixed_groupcv_psnr_benefit_C3_token512_mlp_507,real_csig,0.3,5,,1.0,0.3020833333333333,0.3020833333333333,1.0,0.3020833333333333,-3.9781956798166282,-0.08679802171115218,-0.09391360063555426,-0.02381211786434568
mixed_groupcv_psnr_benefit_C3_token512_mlp_507,all,0.4,55,,0.9636363636363636,0.4910037878787879,0.4359769421977366,0.9636363636363636,0.4728219696969697,-3.3665363449477215,-0.11251423402723484,0.11269653283033207,0.020264325351613755
mixed_groupcv_psnr_benefit_C3_token512_mlp_507,real_csig,0.4,5,,1.0,0.4010416666666667,0.4010416666666667,1.0,0.4010416666666667,-4.124634167556952,-0.08965925609136556,-0.09526789084367163,-0.0252779305755318
mixed_groupcv_psnr_benefit_C3_token512_mlp_507,all,0.5,55,,0.9634469696969697,0.5,0.44497315431894874,0.9634469696969697,0.4817234848484849,-3.3766833874987956,-0.11263069074713823,0.11225284418253455,0.020065016660726433
mixed_groupcv_psnr_benefit_C3_token512_mlp_507,real_csig,0.5,5,,0.9979166666666666,0.5,0.5,0.9979166666666666,0.4989583333333333,-4.236251635618769,-0.09094028001030287,-0.10014846596944456,-0.027470326175292333
mixed_groupcv_psnr_benefit_C3_token512_mlp_507,all,0.6,55,,0.9749738766980147,0.7367424242424242,0.6985539645586374,0.9820919321111152,0.7180871212121213,-3.450615098163273,-0.11905962184671014,0.10603070768338892,0.019437645417769506
mixed_groupcv_psnr_benefit_C3_token512_mlp_507,real_csig,0.6,5,,0.9913793103448276,0.6041666666666666,0.6041666666666666,0.9913793103448276,0.5989583333333333,-4.20882672461652,-0.09130458247301908,-0.09846480723374107,-0.026703743174158294
mixed_groupcv_psnr_benefit_C3_token512_mlp_507,all,0.7,55,,0.975084175084175,0.7457386363636364,0.7075501766798494,0.9822022304972758,0.7270833333333332,-3.457529364662003,-0.11915091515590848,0.10593358720210615,0.019331388120298037
mixed_groupcv_psnr_benefit_C3_token512_mlp_507,real_csig,0.7,5,,0.9925925925925926,0.703125,0.703125,0.9925925925925926,0.6979166666666666,-4.284883656102541,-0.09230880887420088,-0.09953313252785141,-0.027872573446344452
mixed_groupcv_psnr_benefit_C3_token512_mlp_507,all,0.8,55,,0.9766824085005903,0.9820075757575758,0.9820075757575758,0.9792683844510521,0.9588068181818182,-3.516331624112741,-0.11601282884548238,0.10081470803029993,0.020306357421165655
mixed_groupcv_psnr_benefit_C3_token512_mlp_507,real_csig,0.8,5,,0.9935064935064934,0.8020833333333334,0.8020833333333334,0.9935064935064934,0.7968750000000001,-4.3256887256067005,-0.09242350437811443,-0.0988235377228831,-0.02816874439066106
mixed_groupcv_psnr_benefit_C3_token512_mlp_507,all,0.9,55,,0.9765370467682606,0.9910037878787878,0.9910037878787878,0.9791230227187225,0.9676136363636364,-3.517659886652177,-0.1160952009538632,0.10090787746668003,0.020311575664449105
mixed_groupcv_psnr_benefit_C3_token512_mlp_507,real_csig,0.9,5,,0.9919075144508671,0.9010416666666666,0.9010416666666666,0.9919075144508671,0.89375,-4.340299613540499,-0.09332959757030354,-0.09779867392270208,-0.028111343714543158
mixed_groupcv_psnr_benefit_C3_token512_mlp_507,all,1.0,55,,0.9765151515151516,1.0,1.0,0.9791011274656135,0.9765151515151516,-3.5155357379310312,-0.11601127153685824,0.10091361861233246,0.02022715721166495
mixed_groupcv_psnr_benefit_C3_token512_mlp_507,real_csig,1.0,5,,0.9916666666666668,1.0,1.0,0.9916666666666668,0.9916666666666668,-4.3169339776078965,-0.09240637398324907,-0.09773552132052524,-0.029039946695168812
mixed_groupcv_psnr_benefit_C3_token512_mlp_507,synthetic_bsds,0.1,50,,0.96,0.25,0.23188852403805676,0.96,0.24,-3.2751992204965035,-0.12444020986557007,0.12340956635773181,0.02546992540359497
mixed_groupcv_psnr_benefit_C3_token512_mlp_507,synthetic_bsds,0.2,50,,0.96,0.25,0.23188852403805676,0.96,0.24,-3.2751992204965035,-0.12444020986557007,0.12340956635773181,0.02546992540359497
mixed_groupcv_psnr_benefit_C3_token512_mlp_507,synthetic_bsds,0.3,50,,0.96,0.5,0.43947046975084364,0.96,0.48,-3.290726562686798,-0.11479973182082176,0.13349297519773246,0.024818550944328308
mixed_groupcv_psnr_benefit_C3_token512_mlp_507,synthetic_bsds,0.4,50,,0.96,0.5,0.43947046975084364,0.96,0.48,-3.290726562686798,-0.11479973182082176,0.13349297519773246,0.024818550944328308
mixed_groupcv_psnr_benefit_C3_token512_mlp_507,synthetic_bsds,0.5,50,,0.96,0.5,0.43947046975084364,0.96,0.48,-3.290726562686798,-0.11479973182082176,0.13349297519773246,0.024818550944328308
mixed_groupcv_psnr_benefit_C3_token512_mlp_507,synthetic_bsds,0.6,50,,0.9733333333333334,0.75,0.7079926943478344,0.981163194287744,0.73,-3.374793935517949,-0.12183512578407923,0.12648025917510192,0.02405178427696228
mixed_groupcv_psnr_benefit_C3_token512_mlp_507,synthetic_bsds,0.7,50,,0.9733333333333334,0.75,0.7079926943478344,0.981163194287744,0.73,-3.374793935517949,-0.12183512578407923,0.12648025917510192,0.02405178427696228
mixed_groupcv_psnr_benefit_C3_token512_mlp_507,synthetic_bsds,0.8,50,,0.975,1.0,1.0,0.9778445735455081,0.975,-3.4353959139633448,-0.11837176129221916,0.12077853260561824,0.025153867602348327
mixed_groupcv_psnr_benefit_C3_token512_mlp_507,synthetic_bsds,0.9,50,,0.975,1.0,1.0,0.9778445735455081,0.975,-3.4353959139633448,-0.11837176129221916,0.12077853260561824,0.025153867602348327
mixed_groupcv_psnr_benefit_C3_token512_mlp_507,synthetic_bsds,1.0,50,,0.975,1.0,1.0,0.9778445735455081,0.975,-3.4353959139633448,-0.11837176129221916,0.12077853260561824,0.025153867602348327
mixed_groupcv_psnr_benefit_C5_pair_stability_logistic_505,all,0.1,55,,0.9818181818181818,0.23674242424242425,0.22472737017129538,0.9818181818181818,0.2321969696969697,-3.7828796933670548,-0.12118040443144061,0.08311833326620133,0.02214072205803611
mixed_groupcv_psnr_benefit_C5_pair_stability_logistic_505,real_csig,0.1,5,,1.0,0.10416666666666667,0.10416666666666667,1.0,0.10416666666666667,-3.4598614758238653,-0.07542599864304066,-0.10115853169932962,-0.02207742691040039
mixed_groupcv_psnr_benefit_C5_pair_stability_logistic_505,all,0.2,55,,0.9808857808857809,0.24573863636363635,0.23372358229250753,0.9808857808857809,0.24100378787878785,-3.8062246892038316,-0.12145939312684229,0.08377605386052306,0.0220214308280767
mixed_groupcv_psnr_benefit_C5_pair_stability_logistic_505,real_csig,0.2,5,,0.9897435897435898,0.203125,0.203125,0.9897435897435898,0.20104166666666665,-3.716656430028416,-0.07849487429245923,-0.09392360516179069,-0.02338963043995392
mixed_groupcv_psnr_benefit_C5_pair_stability_logistic_505,all,0.3,55,,0.9717868338557994,0.4820075757575757,0.47236091190530444,0.966771159874608,0.46808712121212126,-3.560639624150516,-0.1062181517948925,0.09906433198855004,0.02383877862957204
mixed_groupcv_psnr_benefit_C5_pair_stability_logistic_505,real_csig,0.3,5,,0.9896551724137931,0.3020833333333333,0.3020833333333333,0.9896551724137931,0.2989583333333333,-3.9369772548480313,-0.08099215976123153,-0.09238193021155894,-0.025231002528091954
mixed_groupcv_psnr_benefit_C5_pair_stability_logistic_505,all,0.4,55,,0.9715466351829987,0.4910037878787879,0.48135712402651654,0.9665309612018076,0.4768939393939394,-3.5783152142184975,-0.10666046980174683,0.0988895193232749,0.02364506910795867
mixed_groupcv_psnr_benefit_C5_pair_stability_logistic_505,real_csig,0.4,5,,0.9870129870129869,0.4010416666666667,0.4010416666666667,0.9870129870129869,0.39583333333333337,-4.131408745595828,-0.0858576578366292,-0.09430486952958556,-0.027361807265839012
mixed_groupcv_psnr_benefit_C5_pair_stability_logistic_505,all,0.5,55,,0.9715909090909091,0.5,0.4903533361477287,0.9665752351097179,0.48579545454545453,-3.588569393548679,-0.10697639846722735,0.09827471994186371,0.023406067964705554
mixed_groupcv_psnr_benefit_C5_pair_stability_logistic_505,real_csig,0.5,5,,0.9875,0.5,0.5,0.9875,0.49375,-4.244204718227824,-0.0893328731569151,-0.10106766272510866,-0.029990819841623294
mixed_groupcv_psnr_benefit_C5_pair_stability_logistic_505,all,0.6,55,,0.9746603970741902,0.7367424242424242,0.7332022328517656,0.9816089297021241,0.7178977272727273,-3.524080956905016,-0.10766808851276571,0.10132971656958346,0.021973153877158643
mixed_groupcv_psnr_benefit_C5_pair_stability_logistic_505,real_csig,0.6,5,,0.9879310344827588,0.6041666666666666,0.6041666666666666,0.9879310344827588,0.5968749999999999,-4.352363170843193,-0.09091822903217942,-0.1036906726256912,-0.031264501604540584
mixed_groupcv_psnr_benefit_C5_pair_stability_logistic_505,all,0.7,55,,0.9748148148148148,0.7457386363636364,0.7421984449729777,0.9817633474427487,0.7268939393939394,-3.526727775411778,-0.10771959018024932,0.10138737726931517,0.02192652439830279
mixed_groupcv_psnr_benefit_C5_pair_stability_logistic_505,real_csig,0.7,5,,0.9896296296296295,0.703125,0.703125,0.9896296296296295,0.6958333333333334,-4.381478174417572,-0.0914847473744993,-0.10305640492864229,-0.03177742587195502
mixed_groupcv_psnr_benefit_C5_pair_stability_logistic_505,all,0.8,55,,0.9764462809917355,0.9820075757575758,0.9820075757575758,0.9790322569421974,0.9586174242424241,-3.5165525911288418,-0.11588831512607115,0.10065917299638164,0.020077899404512246
mixed_groupcv_psnr_benefit_C5_pair_stability_logistic_505,real_csig,0.8,5,,0.9909090909090909,0.8020833333333334,0.8020833333333334,0.9909090909090909,0.7947916666666667,-4.328119362783815,-0.09105385346459105,-0.10053442309598451,-0.03068178257384858
mixed_groupcv_psnr_benefit_C5_pair_stability_logistic_505,all,0.9,55,,0.9764319495533368,0.9910037878787878,0.9910037878787878,0.9790179255037987,0.9675189393939394,-3.517094189407501,-0.11601073246016605,0.10078193402241796,0.020168454676506336
mixed_groupcv_psnr_benefit_C5_pair_stability_logistic_505,real_csig,0.9,5,,0.9907514450867051,0.9010416666666666,0.9010416666666666,0.9907514450867051,0.8927083333333332,-4.3340769438490625,-0.09240044413963494,-0.09918405180958481,-0.02968567458191359
mixed_groupcv_psnr_benefit_C5_pair_stability_logistic_505,all,1.0,55,,0.9765151515151516,1.0,1.0,0.9791011274656135,0.9765151515151516,-3.5155357379310312,-0.11601127153685824,0.10091361861233246,0.02022715721166495
mixed_groupcv_psnr_benefit_C5_pair_stability_logistic_505,real_csig,1.0,5,,0.9916666666666668,1.0,1.0,0.9916666666666668,0.9916666666666668,-4.316933977607897,-0.09240637398324907,-0.09773552132052524,-0.029039946695168812
mixed_groupcv_psnr_benefit_C5_pair_stability_logistic_505,synthetic_bsds,0.1,50,,0.98,0.25,0.23678344052175831,0.98,0.245,-3.815181515121373,-0.12575584501028061,0.10154601976275444,0.02656253695487976
mixed_groupcv_psnr_benefit_C5_pair_stability_logistic_505,synthetic_bsds,0.2,50,,0.98,0.25,0.23678344052175831,0.98,0.245,-3.815181515121373,-0.12575584501028061,0.10154601976275444,0.02656253695487976
mixed_groupcv_psnr_benefit_C5_pair_stability_logistic_505,synthetic_bsds,0.3,50,,0.97,0.5,0.4893886697625016,0.9644827586206897,0.485,-3.5230058610807644,-0.10874075099825858,0.11820895820856095,0.02874575674533844
mixed_groupcv_psnr_benefit_C5_pair_stability_logistic_505,synthetic_bsds,0.4,50,,0.97,0.5,0.4893886697625016,0.9644827586206897,0.485,-3.5230058610807644,-0.10874075099825858,0.11820895820856095,0.02874575674533844
mixed_groupcv_psnr_benefit_C5_pair_stability_logistic_505,synthetic_bsds,0.5,50,,0.97,0.5,0.4893886697625016,0.9644827586206897,0.485,-3.5230058610807644,-0.10874075099825858,0.11820895820856095,0.02874575674533844
mixed_groupcv_psnr_benefit_C5_pair_stability_logistic_505,synthetic_bsds,0.6,50,,0.9733333333333334,0.75,0.7461057894702755,0.9809767192240608,0.73,-3.4412527355111977,-0.10934307446082434,0.12183175548911093,0.02729691942532857
mixed_groupcv_psnr_benefit_C5_pair_stability_logistic_505,synthetic_bsds,0.7,50,,0.9733333333333334,0.75,0.7461057894702755,0.9809767192240608,0.73,-3.4412527355111977,-0.10934307446082434,0.12183175548911093,0.02729691942532857
mixed_groupcv_psnr_benefit_C5_pair_stability_logistic_505,synthetic_bsds,0.8,50,,0.975,1.0,1.0,0.9778445735455081,0.975,-3.4353959139633448,-0.11837176129221916,0.12077853260561824,0.025153867602348327
mixed_groupcv_psnr_benefit_C5_pair_stability_logistic_505,synthetic_bsds,0.9,50,,0.975,1.0,1.0,0.9778445735455081,0.975,-3.4353959139633448,-0.11837176129221916,0.12077853260561824,0.025153867602348327
mixed_groupcv_psnr_benefit_C5_pair_stability_logistic_505,synthetic_bsds,1.0,50,,0.975,1.0,1.0,0.9778445735455081,0.975,-3.4353959139633448,-0.11837176129221916,0.12077853260561824,0.025153867602348327
mixed_groupcv_psnr_benefit_C5_pair_stability_mlp_505,all,0.1,55,,0.98,0.23674242424242425,0.21132802219250818,0.98,0.23200757575757577,-3.80978212960556,-0.13503738546913321,0.09684117897879331,0.017755165967074306
mixed_groupcv_psnr_benefit_C5_pair_stability_mlp_505,real_csig,0.1,5,,0.9800000000000001,0.10416666666666667,0.10416666666666667,0.9800000000000001,0.10208333333333335,-4.184489824584842,-0.09532074183225632,-0.08934420411940665,-0.02747735977172851
mixed_groupcv_psnr_benefit_C5_pair_stability_mlp_505,all,0.2,55,,0.9799533799533799,0.24573863636363635,0.2203242343137203,0.9799533799533799,0.24081439393939397,-3.7932849352378613,-0.13496324623520278,0.09688888921365489,0.017804553819980935
mixed_groupcv_psnr_benefit_C5_pair_stability_mlp_505,real_csig,0.2,5,,0.9794871794871796,0.203125,0.203125,0.9794871794871796,0.19895833333333335,-4.003020686540161,-0.09450521025902185,-0.08881939153592938,-0.026934093389755647
mixed_groupcv_psnr_benefit_C5_pair_stability_mlp_505,all,0.3,55,,0.9893416927899685,0.4820075757575757,0.41111625439896465,0.9947509253020048,0.47698863636363636,-3.795913184606009,-0.1411908534346703,0.09359208509474877,0.015679197419773448
mixed_groupcv_psnr_benefit_C5_pair_stability_mlp_505,real_csig,0.3,5,,0.9827586206896551,0.3020833333333333,0.3020833333333333,0.9827586206896551,0.29687499999999994,-3.9358428255810196,-0.0915444715783514,-0.08258336058111283,-0.023890614509582523
mixed_groupcv_psnr_benefit_C5_pair_stability_mlp_505,all,0.4,55,,0.9897284533648169,0.4910037878787879,0.42011246652017675,0.9951376858768531,0.4859848484848485,-3.805274422449024,-0.14100671038471402,0.09329100167246837,0.015534079152268248
mixed_groupcv_psnr_benefit_C5_pair_stability_mlp_505,real_csig,0.4,5,,0.9870129870129869,0.4010416666666667,0.4010416666666667,0.9870129870129869,0.39583333333333337,-4.0388164418541805,-0.08951889802883198,-0.08589527822619716,-0.025486915452139713
mixed_groupcv_psnr_benefit_C5_pair_stability_mlp_505,all,0.5,55,,0.9897727272727272,0.5,0.42910867864138885,0.9951819597847635,0.4948863636363636,-3.801988088217559,-0.14100573359508858,0.0930443420118977,0.015546136902588785
mixed_groupcv_psnr_benefit_C5_pair_stability_mlp_505,real_csig,0.5,5,,0.9875,0.5,0.5,0.9875,0.49375,-4.002666765308069,-0.08950815334295234,-0.08860853449247466,-0.025354280198613806
mixed_groupcv_psnr_benefit_C5_pair_stability_mlp_505,all,0.6,55,,0.9807210031347963,0.7367424242424242,0.6977205973701301,0.9807210031347963,0.7224431818181818,-3.5590638665536933,-0.12179154856568405,0.10064748011543072,0.019329419439364625
mixed_groupcv_psnr_benefit_C5_pair_stability_mlp_505,real_csig,0.6,5,,0.9879310344827588,0.6041666666666666,0.6041666666666666,0.9879310344827588,0.5968749999999999,-4.102171598659618,-0.08808247088615237,-0.08896126863707242,-0.026907346885779802
mixed_groupcv_psnr_benefit_C5_pair_stability_mlp_505,all,0.7,55,,0.9807407407407407,0.7457386363636364,0.7067168094913423,0.9807407407407407,0.7313446969696971,-3.564778307410392,-0.1218679806630218,0.10040925315797632,0.019151915251606644
mixed_groupcv_psnr_benefit_C5_pair_stability_mlp_505,real_csig,0.7,5,,0.9881481481481481,0.703125,0.703125,0.9881481481481481,0.6947916666666667,-4.1650304480833,-0.0889232239568675,-0.09158176516907081,-0.02885989295111762
mixed_groupcv_psnr_benefit_C5_pair_stability_mlp_505,all,0.8,55,,0.9763282172373081,0.9820075757575758,0.9820075757575758,0.9789141931877701,0.9585227272727272,-3.5035635255160673,-0.1158299827915226,0.10133531818566613,0.020269109113438776
mixed_groupcv_psnr_benefit_C5_pair_stability_mlp_505,real_csig,0.8,5,,0.9896103896103895,0.8020833333333334,0.8020833333333334,0.9896103896103895,0.7937500000000001,-4.185239641043294,-0.09041219778455696,-0.09309682601385497,-0.028578475775656764
mixed_groupcv_psnr_benefit_C5_pair_stability_mlp_505,all,0.9,55,,0.9764319495533368,0.9910037878787878,0.9910037878787878,0.9790179255037987,0.9675189393939394,-3.5097912105270908,-0.11598852968300509,0.10103412183560528,0.020241524195332813
mixed_groupcv_psnr_benefit_C5_pair_stability_mlp_505,real_csig,0.9,5,,0.9907514450867051,0.9010416666666666,0.9010416666666666,0.9907514450867051,0.8927083333333332,-4.253744176164552,-0.0921562135908645,-0.0964099858645242,-0.028881909874822358
mixed_groupcv_psnr_benefit_C5_pair_stability_mlp_505,all,1.0,55,,0.9765151515151516,1.0,1.0,0.9791011274656135,0.9765151515151516,-3.5155357379310312,-0.11601127153685824,0.10091361861233246,0.02022715721166495
mixed_groupcv_psnr_benefit_C5_pair_stability_mlp_505,real_csig,1.0,5,,0.9916666666666668,1.0,1.0,0.9916666666666668,0.9916666666666668,-4.3169339776078965,-0.09240637398324907,-0.09773552132052524,-0.029039946695168812
mixed_groupcv_psnr_benefit_C5_pair_stability_mlp_505,synthetic_bsds,0.1,50,,0.98,0.25,0.22204415774509234,0.98,0.245,-3.772311360107632,-0.1390090498328209,0.11545971728861332,0.02227841854095459
mixed_groupcv_psnr_benefit_C5_pair_stability_mlp_505,synthetic_bsds,0.2,50,,0.98,0.25,0.22204415774509234,0.98,0.245,-3.772311360107632,-0.1390090498328209,0.11545971728861332,0.02227841854095459
mixed_groupcv_psnr_benefit_C5_pair_stability_mlp_505,synthetic_bsds,0.3,50,,0.99,0.5,0.4220195465055278,0.9959501557632399,0.495,-3.7819202205085083,-0.1461554916203022,0.11120962966233491,0.019636178612709044
mixed_groupcv_psnr_benefit_C5_pair_stability_mlp_505,synthetic_bsds,0.4,50,,0.99,0.5,0.4220195465055278,0.9959501557632399,0.495,-3.7819202205085083,-0.1461554916203022,0.11120962966233491,0.019636178612709044
mixed_groupcv_psnr_benefit_C5_pair_stability_mlp_505,synthetic_bsds,0.5,50,,0.99,0.5,0.4220195465055278,0.9959501557632399,0.495,-3.7819202205085083,-0.1461554916203022,0.11120962966233491,0.019636178612709044
mixed_groupcv_psnr_benefit_C5_pair_stability_mlp_505,synthetic_bsds,0.6,50,,0.98,0.75,0.7070759904404764,0.98,0.735,-3.5047530933431004,-0.12516245633363723,0.11960835499068102,0.02395309607187907
mixed_groupcv_psnr_benefit_C5_pair_stability_mlp_505,synthetic_bsds,0.7,50,,0.98,0.75,0.7070759904404764,0.98,0.735,-3.5047530933431004,-0.12516245633363723,0.11960835499068102,0.02395309607187907
mixed_groupcv_psnr_benefit_C5_pair_stability_mlp_505,synthetic_bsds,0.8,50,,0.975,1.0,1.0,0.9778445735455081,0.975,-3.4353959139633448,-0.11837176129221916,0.12077853260561824,0.025153867602348327
mixed_groupcv_psnr_benefit_C5_pair_stability_mlp_505,synthetic_bsds,0.9,50,,0.975,1.0,1.0,0.9778445735455081,0.975,-3.4353959139633448,-0.11837176129221916,0.12077853260561824,0.025153867602348327
mixed_groupcv_psnr_benefit_C5_pair_stability_mlp_505,synthetic_bsds,1.0,50,,0.975,1.0,1.0,0.9778445735455081,0.975,-3.4353959139633448,-0.11837176129221916,0.12077853260561824,0.025153867602348327
mixed_groupcv_psnr_benefit_C5_pair_stability_mlp_506,all,0.1,55,,0.9990909090909091,0.23674242424242425,0.22098928792854025,0.9990909090909091,0.23664772727272726,-3.6831059513037614,-0.1266636580635201,0.10233597871932117,0.01931984305381775
mixed_groupcv_psnr_benefit_C5_pair_stability_mlp_506,real_csig,0.1,5,,0.99,0.10416666666666667,0.10416666666666667,0.99,0.103125,-3.0502030866616288,-0.08261069104075432,-0.08109271883964539,-0.009817267656326298
mixed_groupcv_psnr_benefit_C5_pair_stability_mlp_506,all,0.2,55,,0.9986013986013985,0.24573863636363635,0.22998550004975238,0.9986013986013985,0.24545454545454545,-3.698630800946815,-0.127449721209097,0.10231154909887133,0.0194299542820537
mixed_groupcv_psnr_benefit_C5_pair_stability_mlp_506,real_csig,0.2,5,,0.9846153846153847,0.203125,0.203125,0.9846153846153847,0.2,-3.2209764327352204,-0.09125738564210059,-0.08136144466459369,-0.008606044145730832
mixed_groupcv_psnr_benefit_C5_pair_stability_mlp_506,all,0.3,55,,0.9805642633228839,0.4820075757575757,0.43485950617959956,0.9805642633228839,0.47253787878787884,-3.6758161182329014,-0.12798818384405214,0.10191524081154023,0.016775050637864018
mixed_groupcv_psnr_benefit_C5_pair_stability_mlp_506,real_csig,0.3,5,,0.9862068965517242,0.3020833333333333,0.3020833333333333,0.9862068965517242,0.29791666666666666,-3.4603422427634234,-0.09209757082421205,-0.08151594830098852,-0.013650105739461963
mixed_groupcv_psnr_benefit_C5_pair_stability_mlp_506,all,0.4,55,,0.9806375442739078,0.4910037878787879,0.44385571830081166,0.9806375442739079,0.48143939393939394,-3.705718082954876,-0.1280357000133223,0.1010095411144118,0.016179772145351243
mixed_groupcv_psnr_benefit_C5_pair_stability_mlp_506,real_csig,0.4,5,,0.9870129870129869,0.4010416666666667,0.4010416666666667,0.9870129870129869,0.39583333333333337,-3.789263854705139,-0.09262024868618358,-0.09147864496940142,-0.020198169157102507
mixed_groupcv_psnr_benefit_C5_pair_stability_mlp_506,all,0.5,55,,0.9806818181818182,0.5,0.4528519304220239,0.9806818181818182,0.4903409090909091,-3.716702723842339,-0.12799792646458655,0.1010614805263961,0.015968648897427502
mixed_groupcv_psnr_benefit_C5_pair_stability_mlp_506,real_csig,0.5,5,,0.9875,0.5,0.5,0.9875,0.49375,-3.9100949044672335,-0.09220473965009054,-0.09090731143757391,-0.022520524884263673
mixed_groupcv_psnr_benefit_C5_pair_stability_mlp_506,all,0.6,55,,0.9748171368861024,0.7367424242424242,0.6926599848328822,0.9787132407822063,0.7179924242424243,-3.5524875090063777,-0.12179204552719523,0.09905689047321548,0.01831250292255836
mixed_groupcv_psnr_benefit_C5_pair_stability_mlp_506,real_csig,0.6,5,,0.9896551724137931,0.6041666666666666,0.6041666666666666,0.9896551724137931,0.5979166666666667,-3.9756923186612645,-0.09040518823111879,-0.09338301095372903,-0.02461110826196342
mixed_groupcv_psnr_benefit_C5_pair_stability_mlp_506,all,0.7,55,,0.9748148148148148,0.7457386363636364,0.7016561969540942,0.9787109187109188,0.7268939393939394,-3.5681357636512123,-0.12184808576247508,0.09890044578147258,0.01810526302767924
mixed_groupcv_psnr_benefit_C5_pair_stability_mlp_506,real_csig,0.7,5,,0.9896296296296295,0.703125,0.703125,0.9896296296296295,0.6958333333333334,-4.147823119754445,-0.09102163081919705,-0.09510390256290083,-0.026890747105633772
mixed_groupcv_psnr_benefit_C5_pair_stability_mlp_506,all,0.8,55,,0.9764462809917355,0.9820075757575758,0.9820075757575758,0.9790322569421974,0.9586174242424241,-3.5072162788276238,-0.11589619154473405,0.10112554276793086,0.020279828210085313
mixed_groupcv_psnr_benefit_C5_pair_stability_mlp_506,real_csig,0.8,5,,0.9909090909090909,0.8020833333333334,0.8020833333333334,0.9909090909090909,0.7947916666666667,-4.225419927470412,-0.09114049406988281,-0.09540435560894282,-0.02846056571254483
mixed_groupcv_psnr_benefit_C5_pair_stability_mlp_506,all,0.9,55,,0.9764319495533368,0.9910037878787878,0.9910037878787878,0.9790179255037987,0.9675189393939394,-3.50832543715244,-0.11594460126261177,0.10103720909564967,0.020252797923712
mixed_groupcv_psnr_benefit_C5_pair_stability_mlp_506,real_csig,0.9,5,,0.9907514450867051,0.9010416666666666,0.9010416666666666,0.9907514450867051,0.8927083333333332,-4.237620669043396,-0.09167300096653788,-0.09637602600403603,-0.028757898862651322
mixed_groupcv_psnr_benefit_C5_pair_stability_mlp_506,all,1.0,55,,0.9765151515151516,1.0,1.0,0.9791011274656135,0.9765151515151516,-3.5155357379310312,-0.11601127153685824,0.10091361861233246,0.02022715721166495
mixed_groupcv_psnr_benefit_C5_pair_stability_mlp_506,real_csig,1.0,5,,0.9916666666666668,1.0,1.0,0.9916666666666668,0.9916666666666668,-4.3169339776078965,-0.09240637398324907,-0.09773552132052524,-0.029039946695168812
mixed_groupcv_psnr_benefit_C5_pair_stability_mlp_506,synthetic_bsds,0.1,50,,1.0,0.25,0.23267155005472762,1.0,0.25,-3.7463962377679745,-0.13106895476579666,0.12067884847521781,0.022233554124832154
mixed_groupcv_psnr_benefit_C5_pair_stability_mlp_506,synthetic_bsds,0.2,50,,1.0,0.25,0.23267155005472762,1.0,0.25,-3.7463962377679745,-0.13106895476579666,0.12067884847521781,0.022233554124832154
mixed_groupcv_psnr_benefit_C5_pair_stability_mlp_506,synthetic_bsds,0.3,50,,0.98,0.5,0.44813712346422624,0.98,0.49,-3.69736350577985,-0.13157724514603614,0.1202583597227931,0.01981756627559662
mixed_groupcv_psnr_benefit_C5_pair_stability_mlp_506,synthetic_bsds,0.4,50,,0.98,0.5,0.44813712346422624,0.98,0.49,-3.69736350577985,-0.13157724514603614,0.1202583597227931,0.01981756627559662
mixed_groupcv_psnr_benefit_C5_pair_stability_mlp_506,synthetic_bsds,0.5,50,,0.98,0.5,0.44813712346422624,0.98,0.49,-3.69736350577985,-0.13157724514603614,0.1202583597227931,0.01981756627559662
mixed_groupcv_psnr_benefit_C5_pair_stability_mlp_506,synthetic_bsds,0.6,50,,0.9733333333333334,0.75,0.7015093166495034,0.9776190476190476,0.73,-3.5101670280408883,-0.12493073125680289,0.1183008806159099,0.022604864041010538
mixed_groupcv_psnr_benefit_C5_pair_stability_mlp_506,synthetic_bsds,0.7,50,,0.9733333333333334,0.75,0.7015093166495034,0.9776190476190476,0.73,-3.5101670280408883,-0.12493073125680289,0.1183008806159099,0.022604864041010538
mixed_groupcv_psnr_benefit_C5_pair_stability_mlp_506,synthetic_bsds,0.8,50,,0.975,1.0,1.0,0.9778445735455081,0.975,-3.4353959139633448,-0.11837176129221916,0.12077853260561824,0.025153867602348327
mixed_groupcv_psnr_benefit_C5_pair_stability_mlp_506,synthetic_bsds,0.9,50,,0.975,1.0,1.0,0.9778445735455081,0.975,-3.4353959139633448,-0.11837176129221916,0.12077853260561824,0.025153867602348327
mixed_groupcv_psnr_benefit_C5_pair_stability_mlp_506,synthetic_bsds,1.0,50,,0.975,1.0,1.0,0.9778445735455081,0.975,-3.4353959139633448,-0.11837176129221916,0.12077853260561824,0.025153867602348327
mixed_groupcv_psnr_benefit_C5_pair_stability_mlp_507,all,0.1,55,,1.0,0.23674242424242425,0.22346901751107356,1.0,0.23674242424242425,-3.6844454524725285,-0.12266879088499329,0.09478524012702771,0.01786949856714769
mixed_groupcv_psnr_benefit_C5_pair_stability_mlp_507,real_csig,0.1,5,,1.0,0.10416666666666667,0.10416666666666667,1.0,0.10416666666666667,-3.890161890868525,-0.09305800870060921,-0.08887479487340896,-0.02122484385967254
mixed_groupcv_psnr_benefit_C5_pair_stability_mlp_507,all,0.2,55,,0.9995337995337996,0.24573863636363635,0.23246522963228572,0.9995337995337996,0.2456439393939394,-3.691004686974985,-0.12283873362141054,0.09471085235532939,0.017685568110370413
mixed_groupcv_psnr_benefit_C5_pair_stability_mlp_507,real_csig,0.2,5,,0.9948717948717949,0.203125,0.203125,0.9948717948717949,0.20208333333333334,-3.9623134703955443,-0.0949273788011991,-0.08969306036209065,-0.023248078884222572
mixed_groupcv_psnr_benefit_C5_pair_stability_mlp_507,all,0.3,55,,0.9811912225705329,0.4820075757575757,0.40559568252325257,0.981191222570533,0.4727272727272727,-3.7373295305503365,-0.12877998798151374,0.09380094339139759,0.014014527005461689
mixed_groupcv_psnr_benefit_C5_pair_stability_mlp_507,real_csig,0.3,5,,0.993103448275862,0.3020833333333333,0.3020833333333333,0.993103448275862,0.3,-3.960654792758865,-0.09293515522932186,-0.08446704731322825,-0.023000096452647244
mixed_groupcv_psnr_benefit_C5_pair_stability_mlp_507,all,0.4,55,,0.9808736717827626,0.4910037878787879,0.4145918946444647,0.9808736717827629,0.4815340909090909,-3.7351617184447505,-0.12855725337299292,0.09371177617574843,0.013885373489352862
mixed_groupcv_psnr_benefit_C5_pair_stability_mlp_507,real_csig,0.4,5,,0.9896103896103895,0.4010416666666667,0.4010416666666667,0.9896103896103895,0.39687500000000003,-3.9368088595974244,-0.09048507453559282,-0.08544788668536908,-0.02442078512984437
mixed_groupcv_psnr_benefit_C5_pair_stability_mlp_507,all,0.5,55,,0.9806818181818182,0.5,0.4235881067656768,0.9806818181818182,0.4903409090909091,-3.7415481938671733,-0.128484108210118,0.09332921169486574,0.013801478142991212
mixed_groupcv_psnr_benefit_C5_pair_stability_mlp_507,real_csig,0.5,5,,0.9875,0.5,0.5,0.9875,0.49375,-4.007060089244068,-0.08968047774396837,-0.08965609597507865,-0.02534363393982252
mixed_groupcv_psnr_benefit_C5_pair_stability_mlp_507,all,0.6,55,,0.9808777429467085,0.7367424242424242,0.7200547673678515,0.9851702208508445,0.7225378787878788,-3.505797148268397,-0.11557977073237129,0.10202393810573263,0.020132309083156327
mixed_groupcv_psnr_benefit_C5_pair_stability_mlp_507,real_csig,0.6,5,,0.9896551724137931,0.6041666666666666,0.6041666666666666,0.9896551724137931,0.5979166666666667,-4.127054032480354,-0.09014496506545051,-0.09356782325254431,-0.02782891916817632
mixed_groupcv_psnr_benefit_C5_pair_stability_mlp_507,all,0.7,55,,0.981010101010101,0.7457386363636364,0.7290509794890636,0.9853025789142371,0.7315340909090909,-3.5090594772652826,-0.11561329474653861,0.1020178711872159,0.020082086994993167
mixed_groupcv_psnr_benefit_C5_pair_stability_mlp_507,real_csig,0.7,5,,0.9911111111111112,0.703125,0.703125,0.9911111111111112,0.696875,-4.1629396514461,-0.09051372922129101,-0.09363455935622807,-0.0283813621379711
mixed_groupcv_psnr_benefit_C5_pair_stability_mlp_507,all,0.8,55,,0.976564344746163,0.9820075757575758,0.9820075757575758,0.9791503206966249,0.9587121212121213,-3.51057889984347,-0.1159582593523344,0.10098891497425813,0.020193352616241438
mixed_groupcv_psnr_benefit_C5_pair_stability_mlp_507,real_csig,0.8,5,,0.9922077922077921,0.8020833333333334,0.8020833333333334,0.9922077922077921,0.7958333333333334,-4.26240875864473,-0.09182323995348696,-0.09690726133934283,-0.02941179724482747
mixed_groupcv_psnr_benefit_C5_pair_stability_mlp_507,all,0.9,55,,0.9765370467682606,0.9910037878787878,0.9910037878787878,0.9791230227187225,0.9676136363636364,-3.5126092468996104,-0.11599189387972081,0.10096431010663587,0.02019558627857262
mixed_groupcv_psnr_benefit_C5_pair_stability_mlp_507,real_csig,0.9,5,,0.9919075144508671,0.9010416666666666,0.9010416666666666,0.9919075144508671,0.89375,-4.2847425762622615,-0.09219321975473724,-0.09717791488318774,-0.029387226959184415
mixed_groupcv_psnr_benefit_C5_pair_stability_mlp_507,all,1.0,55,,0.9765151515151516,1.0,1.0,0.9791011274656135,0.9765151515151516,-3.5155357379310312,-0.11601127153685824,0.10091361861233246,0.02022715721166495
mixed_groupcv_psnr_benefit_C5_pair_stability_mlp_507,real_csig,1.0,5,,0.9916666666666668,1.0,1.0,0.9916666666666668,0.9916666666666668,-4.3169339776078965,-0.09240637398324907,-0.09773552132052524,-0.029039946695168812
mixed_groupcv_psnr_benefit_C5_pair_stability_mlp_507,synthetic_bsds,0.1,50,,1.0,0.25,0.2353992525955143,1.0,0.25,-3.6638738086329283,-0.1256298691034317,0.11315124362707138,0.02177893280982971
mixed_groupcv_psnr_benefit_C5_pair_stability_mlp_507,synthetic_bsds,0.2,50,,1.0,0.25,0.2353992525955143,1.0,0.25,-3.6638738086329283,-0.1256298691034317,0.11315124362707138,0.02177893280982971
mixed_groupcv_psnr_benefit_C5_pair_stability_mlp_507,synthetic_bsds,0.3,50,,0.98,0.5,0.41594691744224455,0.98,0.49,-3.714997004329484,-0.13236447125673295,0.11162774246186018,0.017715989351272582
mixed_groupcv_psnr_benefit_C5_pair_stability_mlp_507,synthetic_bsds,0.4,50,,0.98,0.5,0.41594691744224455,0.98,0.49,-3.714997004329484,-0.13236447125673295,0.11162774246186018,0.017715989351272582
mixed_groupcv_psnr_benefit_C5_pair_stability_mlp_507,synthetic_bsds,0.5,50,,0.98,0.5,0.41594691744224455,0.98,0.49,-3.714997004329484,-0.13236447125673295,0.11162774246186018,0.017715989351272582
mixed_groupcv_psnr_benefit_C5_pair_stability_mlp_507,synthetic_bsds,0.6,50,,0.98,0.75,0.7316435774379699,0.9847217256945495,0.735,-3.443671459847201,-0.11812325129906337,0.12158311424156032,0.024928431908289594
mixed_groupcv_psnr_benefit_C5_pair_stability_mlp_507,synthetic_bsds,0.7,50,,0.98,0.75,0.7316435774379699,0.9847217256945495,0.735,-3.443671459847201,-0.11812325129906337,0.12158311424156032,0.024928431908289594
mixed_groupcv_psnr_benefit_C5_pair_stability_mlp_507,synthetic_bsds,0.8,50,,0.975,1.0,1.0,0.9778445735455081,0.975,-3.4353959139633448,-0.11837176129221916,0.12077853260561824,0.025153867602348327
mixed_groupcv_psnr_benefit_C5_pair_stability_mlp_507,synthetic_bsds,0.9,50,,0.975,1.0,1.0,0.9778445735455081,0.975,-3.4353959139633448,-0.11837176129221916,0.12077853260561824,0.025153867602348327
mixed_groupcv_psnr_benefit_C5_pair_stability_mlp_507,synthetic_bsds,1.0,50,,0.975,1.0,1.0,0.9778445735455081,0.975,-3.4353959139633448,-0.11837176129221916,0.12077853260561824,0.025153867602348327
mixed_groupcv_four_metric_majority_V7_logistic_505,all,0.1,55,,0.9981818181818182,0.23674242424242425,0.25920253548758215,0.9981818181818182,0.23655303030303032,-3.7082782277358426,-0.10791134415702384,0.1027009035164321,0.02339331610636278
mixed_groupcv_four_metric_majority_V7_logistic_505,real_csig,0.1,5,,0.9800000000000001,0.10416666666666667,0.10416666666666667,0.9800000000000001,0.10208333333333335,-3.485807043820035,-0.0803402917087078,-0.06920740180648863,-0.014721340537071229
mixed_groupcv_four_metric_majority_V7_logistic_505,all,0.2,55,,0.9990675990675991,0.24573863636363635,0.2681987476087943,0.9990675990675991,0.24554924242424245,-3.7019351954563646,-0.10773915914527742,0.10241944449790917,0.023574461247815398
mixed_groupcv_four_metric_majority_V7_logistic_505,real_csig,0.2,5,,0.9897435897435898,0.203125,0.203125,0.9897435897435898,0.2010416666666667,-3.416033688745774,-0.07844625657949693,-0.07230345101024097,-0.012728743981092402
mixed_groupcv_four_metric_majority_V7_logistic_505,all,0.3,55,,0.990282131661442,0.4820075757575757,0.4955576528590547,0.9956913641734783,0.4772727272727273,-3.6032562922099474,-0.11514161929815168,0.09186953905149477,0.0213631332481169
mixed_groupcv_four_metric_majority_V7_logistic_505,real_csig,0.3,5,,0.993103448275862,0.3020833333333333,0.3020833333333333,0.993103448275862,0.29999999999999993,-3.5043019366375843,-0.08060752857348015,-0.07544646566444686,-0.013477801660011552
mixed_groupcv_four_metric_majority_V7_logistic_505,all,0.4,55,,0.9902007083825266,0.4910037878787879,0.5045538649802668,0.9956099408945629,0.4861742424242424,-3.6173840986802377,-0.11521245301860562,0.09147682763501967,0.02108450185731845
mixed_groupcv_four_metric_majority_V7_logistic_505,real_csig,0.4,5,,0.9922077922077921,0.4010416666666667,0.4010416666666667,0.9922077922077921,0.3979166666666667,-3.6597078078107863,-0.08138669949847382,-0.079766291245673,-0.01654274695879454
mixed_groupcv_four_metric_majority_V7_logistic_505,all,0.5,55,,0.9901515151515151,0.5,0.5135500771014789,0.9955607476635513,0.49507575757575756,-3.6311178564276116,-0.1155839239303587,0.0909526076582331,0.0208085625347766
mixed_groupcv_four_metric_majority_V7_logistic_505,real_csig,0.5,5,,0.9916666666666666,0.5,0.5,0.9916666666666666,0.4958333333333333,-3.8107791430318985,-0.08547287952775756,-0.08553271099032522,-0.019578079506754876
mixed_groupcv_four_metric_majority_V7_logistic_505,all,0.6,55,,0.9751306165099269,0.7367424242424242,0.78848096102769,0.9778962625011909,0.7181818181818181,-3.46852714913966,-0.10954034532125469,0.10121806770411798,0.02310427434765806
mixed_groupcv_four_metric_majority_V7_logistic_505,real_csig,0.6,5,,0.993103448275862,0.6041666666666666,0.6041666666666666,0.993103448275862,0.5999999999999999,-3.9407975633921666,-0.08656114493978434,-0.0890076845057373,-0.022221051824503936
mixed_groupcv_four_metric_majority_V7_logistic_505,all,0.7,55,,0.975084175084175,0.7457386363636364,0.7974771731489022,0.9778498210754393,0.7270833333333334,-3.4804579012439936,-0.10969821161493307,0.10089723051008251,0.02287958129086478
mixed_groupcv_four_metric_majority_V7_logistic_505,real_csig,0.7,5,,0.9925925925925926,0.703125,0.703125,0.9925925925925926,0.6979166666666667,-4.07203583653983,-0.08829767417024684,-0.09253689364012745,-0.024692675449230046
mixed_groupcv_four_metric_majority_V7_logistic_505,all,0.8,55,,0.976564344746163,0.9820075757575758,0.9820075757575758,0.9791503206966249,0.9587121212121213,-3.5021829174854315,-0.11574954363256869,0.1011942083117197,0.02047573568688655
mixed_groupcv_four_metric_majority_V7_logistic_505,real_csig,0.8,5,,0.9922077922077921,0.8020833333333334,0.8020833333333334,0.9922077922077921,0.7958333333333334,-4.170052952706297,-0.08952736703606394,-0.09464903462726575,-0.02630558346773122
mixed_groupcv_four_metric_majority_V7_logistic_505,all,0.9,55,,0.9765370467682606,0.9910037878787878,0.9910037878787878,0.9791230227187225,0.9676136363636364,-3.506680847161397,-0.11583722490921061,0.10111499153473036,0.020352922952369335
mixed_groupcv_four_metric_majority_V7_logistic_505,real_csig,0.9,5,,0.9919075144508671,0.9010416666666666,0.9010416666666666,0.9919075144508671,0.89375,-4.219530179141919,-0.09049186107912505,-0.09552041917414852,-0.027656523547420608
mixed_groupcv_four_metric_majority_V7_logistic_505,all,1.0,55,,0.9765151515151516,1.0,1.0,0.9791011274656135,0.9765151515151516,-3.5155357379310312,-0.11601127153685824,0.10091361861233246,0.02022715721166495
mixed_groupcv_four_metric_majority_V7_logistic_505,real_csig,1.0,5,,0.9916666666666668,1.0,1.0,0.9916666666666668,0.9916666666666668,-4.3169339776078965,-0.09240637398324907,-0.09773552132052524,-0.029039946695168812
mixed_groupcv_four_metric_majority_V7_logistic_505,synthetic_bsds,0.1,50,,1.0,0.25,0.2747061223696738,1.0,0.25,-3.7305253461274237,-0.11066844940185547,0.11989173404872418,0.027204781770706177
mixed_groupcv_four_metric_majority_V7_logistic_505,synthetic_bsds,0.2,50,,1.0,0.25,0.2747061223696738,1.0,0.25,-3.7305253461274237,-0.11066844940185547,0.11989173404872418,0.027204781770706177
mixed_groupcv_four_metric_majority_V7_logistic_505,synthetic_bsds,0.3,50,,0.99,0.5,0.5149050848116269,0.9959501557632399,0.495,-3.613151727767183,-0.11859502837061882,0.10860113952308893,0.024847226738929747
mixed_groupcv_four_metric_majority_V7_logistic_505,synthetic_bsds,0.4,50,,0.99,0.5,0.5149050848116269,0.9959501557632399,0.495,-3.613151727767183,-0.11859502837061882,0.10860113952308893,0.024847226738929747
mixed_groupcv_four_metric_majority_V7_logistic_505,synthetic_bsds,0.5,50,,0.99,0.5,0.5149050848116269,0.9959501557632399,0.495,-3.613151727767183,-0.11859502837061882,0.10860113952308893,0.024847226738929747
mixed_groupcv_four_metric_majority_V7_logistic_505,synthetic_bsds,0.6,50,,0.9733333333333334,0.75,0.8069123904637923,0.9763755439237238,0.73,-3.4213001077144094,-0.11183826535940171,0.12024064292510349,0.027636806964874267
mixed_groupcv_four_metric_majority_V7_logistic_505,synthetic_bsds,0.7,50,,0.9733333333333334,0.75,0.8069123904637923,0.9763755439237238,0.73,-3.4213001077144094,-0.11183826535940171,0.12024064292510349,0.027636806964874267
mixed_groupcv_four_metric_majority_V7_logistic_505,synthetic_bsds,0.8,50,,0.975,1.0,1.0,0.9778445735455081,0.975,-3.4353959139633448,-0.11837176129221916,0.12077853260561824,0.025153867602348327
mixed_groupcv_four_metric_majority_V7_logistic_505,synthetic_bsds,0.9,50,,0.975,1.0,1.0,0.9778445735455081,0.975,-3.4353959139633448,-0.11837176129221916,0.12077853260561824,0.025153867602348327
mixed_groupcv_four_metric_majority_V7_logistic_505,synthetic_bsds,1.0,50,,0.975,1.0,1.0,0.9778445735455081,0.975,-3.4353959139633448,-0.11837176129221916,0.12077853260561824,0.025153867602348327
mixed_groupcv_four_metric_majority_V7_mlp_505,all,0.1,55,,0.98,0.23674242424242425,0.2368683654898608,0.98,0.23200757575757577,-3.4605291785106567,-0.1098163135891611,0.10526560846377503,0.02613262019374154
mixed_groupcv_four_metric_majority_V7_mlp_505,real_csig,0.1,5,,0.9800000000000001,0.10416666666666667,0.10416666666666667,0.9800000000000001,0.10208333333333335,-2.948895932476808,-0.08528266534209251,-0.0618864294141531,-0.004755237698554988
mixed_groupcv_four_metric_majority_V7_mlp_505,all,0.2,55,,0.9799533799533799,0.24573863636363635,0.24586457761107292,0.9799533799533799,0.24081439393939397,-3.456676734342516,-0.10980088999082437,0.10562360499418907,0.026360761980354648
mixed_groupcv_four_metric_majority_V7_mlp_505,real_csig,0.2,5,,0.9794871794871796,0.203125,0.203125,0.9794871794871796,0.19895833333333335,-2.9065190466272632,-0.0851130057603885,-0.05794846757959861,-0.0022456780458107945
mixed_groupcv_four_metric_majority_V7_mlp_505,all,0.3,55,,0.9805642633228839,0.4820075757575757,0.44746046083662905,0.980957821853729,0.47253787878787884,-3.5126961658306692,-0.11846393192636555,0.10376768119072653,0.020952156344924974
mixed_groupcv_four_metric_majority_V7_mlp_505,real_csig,0.3,5,,0.9862068965517242,0.3020833333333333,0.3020833333333333,0.9862068965517242,0.29791666666666666,-3.122314092087696,-0.08757007065518149,-0.06869828774240509,-0.006633819382766198
mixed_groupcv_four_metric_majority_V7_mlp_505,all,0.4,55,,0.9808736717827626,0.4910037878787879,0.45645667295784115,0.9812672303136077,0.4815340909090909,-3.545900816703149,-0.11852967061955645,0.10283113781543098,0.02036313467352281
mixed_groupcv_four_metric_majority_V7_mlp_505,real_csig,0.4,5,,0.9896103896103895,0.4010416666666667,0.4010416666666667,0.9896103896103895,0.39687500000000003,-3.487565251684974,-0.08829319628028127,-0.07900026487065599,-0.013113057768190068
mixed_groupcv_four_metric_majority_V7_mlp_505,all,0.5,55,,0.9808712121212121,0.5,0.46545288507905336,0.9812647706520571,0.49043560606060604,-3.5645728274504336,-0.11864721138086734,0.10255072392976602,0.020045713504607026
mixed_groupcv_four_metric_majority_V7_mlp_505,real_csig,0.5,5,,0.9895833333333333,0.5,0.5,0.9895833333333333,0.49479166666666663,-3.6929573699051046,-0.08958614465470116,-0.08208481761297057,-0.016604690626263623
mixed_groupcv_four_metric_majority_V7_mlp_505,all,0.6,55,,0.9808777429467085,0.7367424242424242,0.746989590564357,0.9809873342141746,0.7225378787878788,-3.5530367882239196,-0.11786212283833773,0.10071484351921399,0.02101255564667214
mixed_groupcv_four_metric_majority_V7_mlp_505,real_csig,0.6,5,,0.9896551724137931,0.6041666666666666,0.6041666666666666,0.9896551724137931,0.5979166666666667,-3.9339677831073088,-0.09109826031430013,-0.08910201586831104,-0.020653222038828092
mixed_groupcv_four_metric_majority_V7_mlp_505,all,0.7,55,,0.9808754208754209,0.7457386363636364,0.7559858026855691,0.980985012142887,0.7314393939393941,-3.5614476491963525,-0.11795198097172813,0.10038560853455757,0.02071844245448257
mixed_groupcv_four_metric_majority_V7_mlp_505,real_csig,0.7,5,,0.9896296296296295,0.703125,0.703125,0.9896296296296295,0.6958333333333334,-4.0264872538040715,-0.09208669978159445,-0.09272360069953181,-0.023888467152913408
mixed_groupcv_four_metric_majority_V7_mlp_505,all,0.8,55,,0.9764462809917355,0.9820075757575758,0.9820075757575758,0.9790322569421974,0.9586174242424241,-3.4992882809228134,-0.11591954993561279,0.10116681821903802,0.020378238103465743
mixed_groupcv_four_metric_majority_V7_mlp_505,real_csig,0.8,5,,0.9909090909090909,0.8020833333333334,0.8020833333333334,0.9909090909090909,0.7947916666666667,-4.1382119505174995,-0.09139743636954914,-0.09495032564676427,-0.02737805688536012
mixed_groupcv_four_metric_majority_V7_mlp_505,all,0.9,55,,0.9765370467682606,0.9910037878787878,0.9910037878787878,0.9791230227187225,0.9676136363636364,-3.508517439390179,-0.11592857938845158,0.10116629446785716,0.020311457720544546
mixed_groupcv_four_metric_majority_V7_mlp_505,real_csig,0.9,5,,0.9919075144508671,0.9010416666666666,0.9010416666666666,0.9919075144508671,0.89375,-4.239732693658519,-0.09149676035077585,-0.09495608690975374,-0.028112641097493264
mixed_groupcv_four_metric_majority_V7_mlp_505,all,1.0,55,,0.9765151515151516,1.0,1.0,0.9791011274656135,0.9765151515151516,-3.5155357379310312,-0.11601127153685824,0.10091361861233246,0.02022715721166495
mixed_groupcv_four_metric_majority_V7_mlp_505,real_csig,1.0,5,,0.9916666666666668,1.0,1.0,0.9916666666666668,0.9916666666666668,-4.3169339776078965,-0.09240637398324907,-0.09773552132052524,-0.029039946695168812
mixed_groupcv_four_metric_majority_V7_mlp_505,synthetic_bsds,0.1,50,,0.98,0.25,0.2501385353721802,0.98,0.245,-3.5116925031140407,-0.11226967841386795,0.12198081225156784,0.029221405982971193
mixed_groupcv_four_metric_majority_V7_mlp_505,synthetic_bsds,0.2,50,,0.98,0.25,0.2501385353721802,0.98,0.245,-3.5116925031140407,-0.11226967841386795,0.12198081225156784,0.029221405982971193
mixed_groupcv_four_metric_majority_V7_mlp_505,synthetic_bsds,0.3,50,,0.98,0.5,0.4619981735869586,0.9804329143839295,0.49,-3.5517343732049667,-0.12155331805348396,0.1210142780840397,0.023710753917694092
mixed_groupcv_four_metric_majority_V7_mlp_505,synthetic_bsds,0.4,50,,0.98,0.5,0.4619981735869586,0.9804329143839295,0.49,-3.5517343732049667,-0.12155331805348396,0.1210142780840397,0.023710753917694092
mixed_groupcv_four_metric_majority_V7_mlp_505,synthetic_bsds,0.5,50,,0.98,0.5,0.4619981735869586,0.9804329143839295,0.49,-3.5517343732049667,-0.12155331805348396,0.1210142780840397,0.023710753917694092
mixed_groupcv_four_metric_majority_V7_mlp_505,synthetic_bsds,0.6,50,,0.98,0.75,0.761271882954126,0.9801205503942128,0.735,-3.5149436887355807,-0.12053850909074149,0.1196965294579665,0.025179133415222172
mixed_groupcv_four_metric_majority_V7_mlp_505,synthetic_bsds,0.7,50,,0.98,0.75,0.761271882954126,0.9801205503942128,0.735,-3.5149436887355807,-0.12053850909074149,0.1196965294579665,0.025179133415222172
mixed_groupcv_four_metric_majority_V7_mlp_505,synthetic_bsds,0.8,50,,0.975,1.0,1.0,0.9778445735455081,0.975,-3.4353959139633448,-0.11837176129221916,0.12077853260561824,0.025153867602348327
mixed_groupcv_four_metric_majority_V7_mlp_505,synthetic_bsds,0.9,50,,0.975,1.0,1.0,0.9778445735455081,0.975,-3.4353959139633448,-0.11837176129221916,0.12077853260561824,0.025153867602348327
mixed_groupcv_four_metric_majority_V7_mlp_505,synthetic_bsds,1.0,50,,0.975,1.0,1.0,0.9778445735455081,0.975,-3.4353959139633448,-0.11837176129221916,0.12077853260561824,0.025153867602348327
mixed_groupcv_four_metric_majority_V7_mlp_506,all,0.1,55,,0.9972727272727272,0.23674242424242425,0.20876174112155418,0.9972727272727272,0.2364583333333333,-3.7068955258638776,-0.1214300158890811,0.10497608409136196,0.021537655646150764
mixed_groupcv_four_metric_majority_V7_mlp_506,real_csig,0.1,5,,0.97,0.10416666666666667,0.10416666666666667,0.97,0.10104166666666667,-3.9051057643754064,-0.09203758597373964,-0.09060354000423106,-0.02488453924655914
mixed_groupcv_four_metric_majority_V7_mlp_506,all,0.2,55,,0.9986013986013985,0.24573863636363635,0.21775795324276634,0.9986013986013985,0.24545454545454545,-3.7097175452470794,-0.12137499839275867,0.1050713132726059,0.021500898602403406
mixed_groupcv_four_metric_majority_V7_mlp_506,real_csig,0.2,5,,0.9846153846153847,0.203125,0.203125,0.9846153846153847,0.2,-3.93614797759063,-0.09143239351419302,-0.08955601901054763,-0.02528886672778007
mixed_groupcv_four_metric_majority_V7_mlp_506,all,0.3,55,,0.9805642633228839,0.4820075757575757,0.43594475586298015,0.9865593964208208,0.47253787878787884,-3.762422247812071,-0.1308565447696698,0.10016127916718584,0.016812877501813598
mixed_groupcv_four_metric_majority_V7_mlp_506,real_csig,0.3,5,,0.9862068965517242,0.3020833333333333,0.3020833333333333,0.9862068965517242,0.29791666666666666,-4.0473697671657956,-0.09248400078765277,-0.09308038795495342,-0.026001712577096346
mixed_groupcv_four_metric_majority_V7_mlp_506,all,0.4,55,,0.9808736717827626,0.4910037878787879,0.4449409679841922,0.9868688048806995,0.4815340909090909,-3.755139165074497,-0.13064613445907164,0.10057481748316933,0.017055004419937046
mixed_groupcv_four_metric_majority_V7_mlp_506,real_csig,0.4,5,,0.9896103896103895,0.4010416666666667,0.4010416666666667,0.9896103896103895,0.39687500000000003,-3.9672558570524763,-0.09016948737107314,-0.08853146647913503,-0.02333831647773842
mixed_groupcv_four_metric_majority_V7_mlp_506,all,0.5,55,,0.9808712121212121,0.5,0.4539371801054044,0.986866345219149,0.49043560606060604,-3.7553222167653653,-0.13059495482311556,0.10079874062847177,0.017095970576911264
mixed_groupcv_four_metric_majority_V7_mlp_506,real_csig,0.5,5,,0.9895833333333333,0.5,0.5,0.9895833333333333,0.49479166666666663,-3.969269425652029,-0.08960651137555639,-0.08606831188080832,-0.02288768875102202
mixed_groupcv_four_metric_majority_V7_mlp_506,all,0.6,55,,0.9807210031347963,0.7367424242424242,0.7318223548363737,0.9808305944022624,0.7224431818181818,-3.601292922860503,-0.12087724367341529,0.09792603337825856,0.0192163193767721
mixed_groupcv_four_metric_majority_V7_mlp_506,real_csig,0.6,5,,0.9879310344827588,0.6041666666666666,0.6041666666666666,0.9879310344827588,0.5968749999999999,-4.017400863304089,-0.08971697246206219,-0.08777007907950159,-0.023971119523048402
mixed_groupcv_four_metric_majority_V7_mlp_506,all,0.7,55,,0.9808754208754209,0.7457386363636364,0.7408185669575857,0.980985012142887,0.7314393939393941,-3.611105497033049,-0.1209755231856497,0.09767207868936588,0.019055028812652485
mixed_groupcv_four_metric_majority_V7_mlp_506,real_csig,0.7,5,,0.9896296296296295,0.703125,0.703125,0.9896296296296295,0.6958333333333334,-4.125339179202099,-0.09079804709664098,-0.09056358065732098,-0.025745315728364172
mixed_groupcv_four_metric_majority_V7_mlp_506,all,0.8,55,,0.9764462809917355,0.9820075757575758,0.9820075757575758,0.9790322569421974,0.9586174242424241,-3.507444090789534,-0.11592175753296759,0.10122884839021082,0.020300626508460557
mixed_groupcv_four_metric_majority_V7_mlp_506,real_csig,0.8,5,,0.9909090909090909,0.8020833333333334,0.8020833333333334,0.9909090909090909,0.7947916666666667,-4.227925859051426,-0.09142171994045181,-0.09426799376386327,-0.02823178443041715
mixed_groupcv_four_metric_majority_V7_mlp_506,all,0.9,55,,0.9765370467682606,0.9910037878787878,0.9910037878787878,0.9791230227187225,0.9676136363636364,-3.510850611011805,-0.11597510583687005,0.1011768417097178,0.02031365202967894
mixed_groupcv_four_metric_majority_V7_mlp_506,real_csig,0.9,5,,0.9919075144508671,0.9010416666666666,0.9010416666666666,0.9919075144508671,0.89375,-4.26539758149641,-0.09200855128337883,-0.0948400672492867,-0.02808850369701496
mixed_groupcv_four_metric_majority_V7_mlp_506,all,1.0,55,,0.9765151515151516,1.0,1.0,0.9791011274656135,0.9765151515151516,-3.5155357379310312,-0.11601127153685824,0.10091361861233246,0.02022715721166495
mixed_groupcv_four_metric_majority_V7_mlp_506,real_csig,1.0,5,,0.9916666666666668,1.0,1.0,0.9916666666666668,0.9916666666666668,-4.3169339776078965,-0.09240637398324907,-0.09773552132052524,-0.029039946695168812
mixed_groupcv_four_metric_majority_V7_mlp_506,synthetic_bsds,0.1,50,,1.0,0.25,0.21922124856704298,1.0,0.25,-3.6870745020127247,-0.12436925888061523,0.12453404650092124,0.026179875135421752
mixed_groupcv_four_metric_majority_V7_mlp_506,synthetic_bsds,0.2,50,,1.0,0.25,0.21922124856704298,1.0,0.25,-3.6870745020127247,-0.12436925888061523,0.12453404650092124,0.026179875135421752
mixed_groupcv_four_metric_majority_V7_mlp_506,synthetic_bsds,0.3,50,,0.98,0.5,0.44933089811594484,0.9865946464077305,0.49,-3.733927495876699,-0.13469379916787147,0.11948544587939977,0.02109433650970459
mixed_groupcv_four_metric_majority_V7_mlp_506,synthetic_bsds,0.4,50,,0.98,0.5,0.44933089811594484,0.9865946464077305,0.49,-3.733927495876699,-0.13469379916787147,0.11948544587939977,0.02109433650970459
mixed_groupcv_four_metric_majority_V7_mlp_506,synthetic_bsds,0.5,50,,0.98,0.5,0.44933089811594484,0.9865946464077305,0.49,-3.733927495876699,-0.13469379916787147,0.11948544587939977,0.02109433650970459
mixed_groupcv_four_metric_majority_V7_mlp_506,synthetic_bsds,0.6,50,,0.98,0.75,0.7445879236533444,0.9801205503942128,0.735,-3.5596821288161435,-0.12399327079455057,0.11649564462403457,0.023535063266754152
mixed_groupcv_four_metric_majority_V7_mlp_506,synthetic_bsds,0.7,50,,0.98,0.75,0.7445879236533444,0.9801205503942128,0.735,-3.5596821288161435,-0.12399327079455057,0.11649564462403457,0.023535063266754152
mixed_groupcv_four_metric_majority_V7_mlp_506,synthetic_bsds,0.8,50,,0.975,1.0,1.0,0.9778445735455081,0.975,-3.4353959139633448,-0.11837176129221916,0.12077853260561824,0.025153867602348327
mixed_groupcv_four_metric_majority_V7_mlp_506,synthetic_bsds,0.9,50,,0.975,1.0,1.0,0.9778445735455081,0.975,-3.4353959139633448,-0.11837176129221916,0.12077853260561824,0.025153867602348327
mixed_groupcv_four_metric_majority_V7_mlp_506,synthetic_bsds,1.0,50,,0.975,1.0,1.0,0.9778445735455081,0.975,-3.4353959139633448,-0.11837176129221916,0.12077853260561824,0.025153867602348327
mixed_groupcv_four_metric_majority_V7_mlp_507,all,0.1,55,,0.9972727272727272,0.23674242424242425,0.2469749886805961,0.9972727272727272,0.2364583333333333,-3.3433846032369727,-0.09195934183218263,0.12329727766188708,0.03134708919308402
mixed_groupcv_four_metric_majority_V7_mlp_507,real_csig,0.1,5,,0.97,0.10416666666666667,0.10416666666666667,0.97,0.10104166666666667,-2.9267909846026745,-0.08598648324608801,-0.0362101000547409,0.0023618668317794767
mixed_groupcv_four_metric_majority_V7_mlp_507,all,0.2,55,,0.9986013986013985,0.24573863636363635,0.25597120080180824,0.9986013986013985,0.24545454545454545,-3.3544983025604784,-0.09204571890386391,0.1226353092540255,0.031360164889088875
mixed_groupcv_four_metric_majority_V7_mlp_507,real_csig,0.2,5,,0.9846153846153847,0.203125,0.203125,0.9846153846153847,0.2,-3.0490416771612363,-0.08693663103458209,-0.043491752541218044,0.0025056994878328784
mixed_groupcv_four_metric_majority_V7_mlp_507,all,0.3,55,,0.9808777429467085,0.4820075757575757,0.45252107337387704,0.9868728760446454,0.4726325757575757,-3.5762121050375235,-0.10622292191817843,0.10560490804867452,0.021774555298975644
mixed_groupcv_four_metric_majority_V7_mlp_507,real_csig,0.3,5,,0.9896551724137931,0.3020833333333333,0.3020833333333333,0.9896551724137931,0.2989583333333333,-3.281570566272026,-0.08511095833161782,-0.0574576667445744,-0.004091567212137684
mixed_groupcv_four_metric_majority_V7_mlp_507,all,0.4,55,,0.9811097992916176,0.4910037878787879,0.46151728549508925,0.9871049323895544,0.4816287878787879,-3.6081708688007925,-0.10654557304195135,0.10415197418081225,0.02103116531298884
mixed_groupcv_four_metric_majority_V7_mlp_507,real_csig,0.4,5,,0.9922077922077921,0.4010416666666667,0.4010416666666667,0.9922077922077921,0.3979166666666667,-3.633116967667982,-0.0886601206931201,-0.07343993929105919,-0.012268857057992516
mixed_groupcv_four_metric_majority_V7_mlp_507,all,0.5,55,,0.981060606060606,0.5,0.4705134976163013,0.9870557391585428,0.490530303030303,-3.628664636707312,-0.10673549086645696,0.10375609998317843,0.020698683979836378
mixed_groupcv_four_metric_majority_V7_mlp_507,real_csig,0.5,5,,0.9916666666666666,0.5,0.5,0.9916666666666666,0.4958333333333333,-3.8585484146396967,-0.0907492167626818,-0.07779455546503111,-0.015926151722669597
mixed_groupcv_four_metric_majority_V7_mlp_507,all,0.6,55,,0.9808777429467085,0.7367424242424242,0.7338421250804429,0.9851702208508445,0.7225378787878788,-3.576441146992886,-0.11378563548610503,0.10154493900664077,0.02093802311203697
mixed_groupcv_four_metric_majority_V7_mlp_507,real_csig,0.6,5,,0.9896551724137931,0.6041666666666666,0.6041666666666666,0.9896551724137931,0.5979166666666667,-3.9426601493198277,-0.09195096056009161,-0.08358329357900497,-0.019397038221359245
mixed_groupcv_four_metric_majority_V7_mlp_507,all,0.7,55,,0.9808754208754209,0.7457386363636364,0.7428383372016549,0.9851678987795569,0.7314393939393941,-3.5868077957171867,-0.11380427003508867,0.1011378263609377,0.020629331013971703
mixed_groupcv_four_metric_majority_V7_mlp_507,real_csig,0.7,5,,0.9896296296296295,0.703125,0.703125,0.9896296296296295,0.6958333333333334,-4.056693285287142,-0.0921559405989117,-0.08806153268173889,-0.02279265130007709
mixed_groupcv_four_metric_majority_V7_mlp_507,all,0.8,55,,0.9764462809917355,0.9820075757575758,0.9820075757575758,0.9790322569421974,0.9586174242424241,-3.501090021686283,-0.1160229135010009,0.10134892372673963,0.020441748843986845
mixed_groupcv_four_metric_majority_V7_mlp_507,real_csig,0.8,5,,0.9909090909090909,0.8020833333333334,0.8020833333333334,0.9909090909090909,0.7947916666666667,-4.1580310989156635,-0.09253443558881809,-0.09294716506204628,-0.02667943873962798
mixed_groupcv_four_metric_majority_V7_mlp_507,all,0.9,55,,0.9765370467682606,0.9910037878787878,0.9910037878787878,0.9791230227187225,0.9676136363636364,-3.508764275753057,-0.11595985805101916,0.10121617425062815,0.02031687210248886
mixed_groupcv_four_metric_majority_V7_mlp_507,real_csig,0.9,5,,0.9919075144508671,0.9010416666666666,0.9010416666666666,0.9919075144508671,0.89375,-4.24244789365018,-0.09184082563901912,-0.09440740929927267,-0.02805308289610583
mixed_groupcv_four_metric_majority_V7_mlp_507,all,1.0,55,,0.9765151515151516,1.0,1.0,0.9791011274656135,0.9765151515151516,-3.5155357379310312,-0.11601127153685824,0.10091361861233246,0.02022715721166495
mixed_groupcv_four_metric_majority_V7_mlp_507,real_csig,1.0,5,,0.9916666666666668,1.0,1.0,0.9916666666666668,0.9916666666666668,-4.3169339776078965,-0.09240637398324907,-0.09773552132052524,-0.029039946695168812
mixed_groupcv_four_metric_majority_V7_mlp_507,synthetic_bsds,0.1,50,,1.0,0.25,0.2612558208819891,1.0,0.25,-3.3850439651004027,-0.09255662769079208,0.1392480154335499,0.03424561142921448
mixed_groupcv_four_metric_majority_V7_mlp_507,synthetic_bsds,0.2,50,,1.0,0.25,0.2612558208819891,1.0,0.25,-3.3850439651004027,-0.09255662769079208,0.1392480154335499,0.03424561142921448
mixed_groupcv_four_metric_majority_V7_mlp_507,synthetic_bsds,0.3,50,,0.98,0.5,0.4675648473779315,0.9865946464077305,0.49,-3.605676258914073,-0.10833411827683449,0.1219111655279994,0.024361167550086976
mixed_groupcv_four_metric_majority_V7_mlp_507,synthetic_bsds,0.4,50,,0.98,0.5,0.4675648473779315,0.9865946464077305,0.49,-3.605676258914073,-0.10833411827683449,0.1219111655279994,0.024361167550086976
mixed_groupcv_four_metric_majority_V7_mlp_507,synthetic_bsds,0.5,50,,0.98,0.5,0.4675648473779315,0.9865946464077305,0.49,-3.605676258914073,-0.10833411827683449,0.1219111655279994,0.024361167550086976
mixed_groupcv_four_metric_majority_V7_mlp_507,synthetic_bsds,0.6,50,,0.98,0.75,0.7468096709218206,0.9847217256945495,0.735,-3.5398192467601914,-0.11596910297870638,0.12005776226520537,0.024971529245376586
mixed_groupcv_four_metric_majority_V7_mlp_507,synthetic_bsds,0.7,50,,0.98,0.75,0.7468096709218206,0.9847217256945495,0.735,-3.5398192467601914,-0.11596910297870638,0.12005776226520537,0.024971529245376586
mixed_groupcv_four_metric_majority_V7_mlp_507,synthetic_bsds,0.8,50,,0.975,1.0,1.0,0.9778445735455081,0.975,-3.4353959139633448,-0.11837176129221916,0.12077853260561824,0.025153867602348327
mixed_groupcv_four_metric_majority_V7_mlp_507,synthetic_bsds,0.9,50,,0.975,1.0,1.0,0.9778445735455081,0.975,-3.4353959139633448,-0.11837176129221916,0.12077853260561824,0.025153867602348327
mixed_groupcv_four_metric_majority_V7_mlp_507,synthetic_bsds,1.0,50,,0.975,1.0,1.0,0.9778445735455081,0.975,-3.4353959139633448,-0.11837176129221916,0.12077853260561824,0.025153867602348327
synthetic_only_psnr_benefit_V1_logistic_505,all,0.1,50,,0.98,0.25,0.2291608214972701,0.98,0.245,-3.6828972413574483,-0.11460565984249114,0.10424594700336456,0.022373881340026856
synthetic_only_psnr_benefit_V1_logistic_505,synthetic_bsds,0.1,50,,0.98,0.25,0.2291608214972701,0.98,0.245,-3.6828972413574483,-0.11460565984249114,0.10424594700336456,0.022373881340026856
synthetic_only_psnr_benefit_V1_logistic_505,all,0.2,50,,0.98,0.25,0.2291608214972701,0.98,0.245,-3.6828972413574483,-0.11460565984249114,0.10424594700336456,0.022373881340026856
synthetic_only_psnr_benefit_V1_logistic_505,synthetic_bsds,0.2,50,,0.98,0.25,0.2291608214972701,0.98,0.245,-3.6828972413574483,-0.11460565984249114,0.10424594700336456,0.022373881340026856
synthetic_only_psnr_benefit_V1_logistic_505,all,0.3,50,,0.97,0.5,0.448382070064313,0.9693555093555094,0.485,-3.48515786862335,-0.10427073359489442,0.1222569366544485,0.026649450659751894
synthetic_only_psnr_benefit_V1_logistic_505,synthetic_bsds,0.3,50,,0.97,0.5,0.448382070064313,0.9693555093555094,0.485,-3.48515786862335,-0.10427073359489442,0.1222569366544485,0.026649450659751894
synthetic_only_psnr_benefit_V1_logistic_505,all,0.4,50,,0.97,0.5,0.448382070064313,0.9693555093555094,0.485,-3.48515786862335,-0.10427073359489442,0.1222569366544485,0.026649450659751894
synthetic_only_psnr_benefit_V1_logistic_505,synthetic_bsds,0.4,50,,0.97,0.5,0.448382070064313,0.9693555093555094,0.485,-3.48515786862335,-0.10427073359489442,0.1222569366544485,0.026649450659751894
synthetic_only_psnr_benefit_V1_logistic_505,all,0.5,50,,0.97,0.5,0.448382070064313,0.9693555093555094,0.485,-3.48515786862335,-0.10427073359489442,0.1222569366544485,0.026649450659751894
synthetic_only_psnr_benefit_V1_logistic_505,synthetic_bsds,0.5,50,,0.97,0.5,0.448382070064313,0.9693555093555094,0.485,-3.48515786862335,-0.10427073359489442,0.1222569366544485,0.026649450659751894
synthetic_only_psnr_benefit_V1_logistic_505,all,0.6,50,,0.98,0.75,0.7258158949747735,0.989218477465819,0.735,-3.5055935584596307,-0.11403120597203573,0.11876960203051568,0.02526969750722249
synthetic_only_psnr_benefit_V1_logistic_505,synthetic_bsds,0.6,50,,0.98,0.75,0.7258158949747735,0.989218477465819,0.735,-3.5055935584596307,-0.11403120597203573,0.11876960203051568,0.02526969750722249
synthetic_only_psnr_benefit_V1_logistic_505,all,0.7,50,,0.98,0.75,0.7258158949747735,0.989218477465819,0.735,-3.5055935584596307,-0.11403120597203573,0.11876960203051568,0.02526969750722249
synthetic_only_psnr_benefit_V1_logistic_505,synthetic_bsds,0.7,50,,0.98,0.75,0.7258158949747735,0.989218477465819,0.735,-3.5055935584596307,-0.11403120597203573,0.11876960203051568,0.02526969750722249
synthetic_only_psnr_benefit_V1_logistic_505,all,0.8,50,,0.975,1.0,1.0,0.9778445735455081,0.975,-3.4353959139633448,-0.11837176129221916,0.12077853260561824,0.025153867602348327
synthetic_only_psnr_benefit_V1_logistic_505,synthetic_bsds,0.8,50,,0.975,1.0,1.0,0.9778445735455081,0.975,-3.4353959139633448,-0.11837176129221916,0.12077853260561824,0.025153867602348327
synthetic_only_psnr_benefit_V1_logistic_505,all,0.9,50,,0.975,1.0,1.0,0.9778445735455081,0.975,-3.4353959139633448,-0.11837176129221916,0.12077853260561824,0.025153867602348327
synthetic_only_psnr_benefit_V1_logistic_505,synthetic_bsds,0.9,50,,0.975,1.0,1.0,0.9778445735455081,0.975,-3.4353959139633448,-0.11837176129221916,0.12077853260561824,0.025153867602348327
synthetic_only_psnr_benefit_V1_logistic_505,all,1.0,50,,0.975,1.0,1.0,0.9778445735455081,0.975,-3.4353959139633448,-0.11837176129221916,0.12077853260561824,0.025153867602348327
synthetic_only_psnr_benefit_V1_logistic_505,synthetic_bsds,1.0,50,,0.975,1.0,1.0,0.9778445735455081,0.975,-3.4353959139633448,-0.11837176129221916,0.12077853260561824,0.025153867602348327
synthetic_only_psnr_benefit_V7_logistic_505,all,0.1,50,,0.98,0.25,0.23977215173476857,0.98,0.245,-3.7817229269815824,-0.13334602534770965,0.10327016904950143,0.020060230493545533
synthetic_only_psnr_benefit_V7_logistic_505,synthetic_bsds,0.1,50,,0.98,0.25,0.23977215173476857,0.98,0.245,-3.7817229269815824,-0.13334602534770965,0.10327016904950143,0.020060230493545533
synthetic_only_psnr_benefit_V7_logistic_505,all,0.2,50,,0.98,0.25,0.23977215173476857,0.98,0.245,-3.7817229269815824,-0.13334602534770965,0.10327016904950143,0.020060230493545533
synthetic_only_psnr_benefit_V7_logistic_505,synthetic_bsds,0.2,50,,0.98,0.25,0.23977215173476857,0.98,0.245,-3.7817229269815824,-0.13334602534770965,0.10327016904950143,0.020060230493545533
synthetic_only_psnr_benefit_V7_logistic_505,all,0.3,50,,0.99,0.5,0.4946782728091139,0.9959501557632399,0.495,-3.7095721440710077,-0.1268046434223652,0.1062124539911747,0.020816100239753724
synthetic_only_psnr_benefit_V7_logistic_505,synthetic_bsds,0.3,50,,0.99,0.5,0.4946782728091139,0.9959501557632399,0.495,-3.7095721440710077,-0.1268046434223652,0.1062124539911747,0.020816100239753724
synthetic_only_psnr_benefit_V7_logistic_505,all,0.4,50,,0.99,0.5,0.4946782728091139,0.9959501557632399,0.495,-3.7095721440710077,-0.1268046434223652,0.1062124539911747,0.020816100239753724
synthetic_only_psnr_benefit_V7_logistic_505,synthetic_bsds,0.4,50,,0.99,0.5,0.4946782728091139,0.9959501557632399,0.495,-3.7095721440710077,-0.1268046434223652,0.1062124539911747,0.020816100239753724
synthetic_only_psnr_benefit_V7_logistic_505,all,0.5,50,,0.99,0.5,0.4946782728091139,0.9959501557632399,0.495,-3.7095721440710077,-0.1268046434223652,0.1062124539911747,0.020816100239753724
synthetic_only_psnr_benefit_V7_logistic_505,synthetic_bsds,0.5,50,,0.99,0.5,0.4946782728091139,0.9959501557632399,0.495,-3.7095721440710077,-0.1268046434223652,0.1062124539911747,0.020816100239753724
synthetic_only_psnr_benefit_V7_logistic_505,all,0.6,50,,0.98,0.75,0.7309557580585618,0.989218477465819,0.735,-3.5574330059225754,-0.12009596705436706,0.11631825486818949,0.023848957618077593
synthetic_only_psnr_benefit_V7_logistic_505,synthetic_bsds,0.6,50,,0.98,0.75,0.7309557580585618,0.989218477465819,0.735,-3.5574330059225754,-0.12009596705436706,0.11631825486818949,0.023848957618077593
synthetic_only_psnr_benefit_V7_logistic_505,all,0.7,50,,0.98,0.75,0.7309557580585618,0.989218477465819,0.735,-3.5574330059225754,-0.12009596705436706,0.11631825486818949,0.023848957618077593
synthetic_only_psnr_benefit_V7_logistic_505,synthetic_bsds,0.7,50,,0.98,0.75,0.7309557580585618,0.989218477465819,0.735,-3.5574330059225754,-0.12009596705436706,0.11631825486818949,0.023848957618077593
synthetic_only_psnr_benefit_V7_logistic_505,all,0.8,50,,0.975,1.0,1.0,0.9778445735455081,0.975,-3.4353959139633448,-0.11837176129221916,0.12077853260561824,0.025153867602348327
synthetic_only_psnr_benefit_V7_logistic_505,synthetic_bsds,0.8,50,,0.975,1.0,1.0,0.9778445735455081,0.975,-3.4353959139633448,-0.11837176129221916,0.12077853260561824,0.025153867602348327
synthetic_only_psnr_benefit_V7_logistic_505,all,0.9,50,,0.975,1.0,1.0,0.9778445735455081,0.975,-3.4353959139633448,-0.11837176129221916,0.12077853260561824,0.025153867602348327
synthetic_only_psnr_benefit_V7_logistic_505,synthetic_bsds,0.9,50,,0.975,1.0,1.0,0.9778445735455081,0.975,-3.4353959139633448,-0.11837176129221916,0.12077853260561824,0.025153867602348327
synthetic_only_psnr_benefit_V7_logistic_505,all,1.0,50,,0.975,1.0,1.0,0.9778445735455081,0.975,-3.4353959139633448,-0.11837176129221916,0.12077853260561824,0.025153867602348327
synthetic_only_psnr_benefit_V7_logistic_505,synthetic_bsds,1.0,50,,0.975,1.0,1.0,0.9778445735455081,0.975,-3.4353959139633448,-0.11837176129221916,0.12077853260561824,0.025153867602348327
synthetic_only_psnr_benefit_V8_logistic_505,all,0.1,50,,0.98,0.25,0.23422154001593254,0.98,0.245,-3.6696376130061883,-0.11818165272474289,0.1142051237821579,0.02296073317527771
synthetic_only_psnr_benefit_V8_logistic_505,synthetic_bsds,0.1,50,,0.98,0.25,0.23422154001593254,0.98,0.245,-3.6696376130061883,-0.11818165272474289,0.1142051237821579,0.02296073317527771
synthetic_only_psnr_benefit_V8_logistic_505,all,0.2,50,,0.98,0.25,0.23422154001593254,0.98,0.245,-3.6696376130061883,-0.11818165272474289,0.1142051237821579,0.02296073317527771
synthetic_only_psnr_benefit_V8_logistic_505,synthetic_bsds,0.2,50,,0.98,0.25,0.23422154001593254,0.98,0.245,-3.6696376130061883,-0.11818165272474289,0.1142051237821579,0.02296073317527771
synthetic_only_psnr_benefit_V8_logistic_505,all,0.3,50,,0.97,0.5,0.4605433902630165,0.9755172413793103,0.485,-3.639946461616156,-0.12061914712190629,0.10641243413090706,0.022403309941291808
synthetic_only_psnr_benefit_V8_logistic_505,synthetic_bsds,0.3,50,,0.97,0.5,0.4605433902630165,0.9755172413793103,0.485,-3.639946461616156,-0.12061914712190629,0.10641243413090706,0.022403309941291808
synthetic_only_psnr_benefit_V8_logistic_505,all,0.4,50,,0.97,0.5,0.4605433902630165,0.9755172413793103,0.485,-3.639946461616156,-0.12061914712190629,0.10641243413090706,0.022403309941291808
synthetic_only_psnr_benefit_V8_logistic_505,synthetic_bsds,0.4,50,,0.97,0.5,0.4605433902630165,0.9755172413793103,0.485,-3.639946461616156,-0.12061914712190629,0.10641243413090706,0.022403309941291808
synthetic_only_psnr_benefit_V8_logistic_505,all,0.5,50,,0.97,0.5,0.4605433902630165,0.9755172413793103,0.485,-3.639946461616156,-0.12061914712190629,0.10641243413090706,0.022403309941291808
synthetic_only_psnr_benefit_V8_logistic_505,synthetic_bsds,0.5,50,,0.97,0.5,0.4605433902630165,0.9755172413793103,0.485,-3.639946461616156,-0.12061914712190629,0.10641243413090706,0.022403309941291808
synthetic_only_psnr_benefit_V8_logistic_505,all,0.6,50,,0.98,0.75,0.7547563811115213,0.989218477465819,0.735,-3.5253177378193823,-0.11678599784771601,0.11598963017265002,0.025350961685180667
synthetic_only_psnr_benefit_V8_logistic_505,synthetic_bsds,0.6,50,,0.98,0.75,0.7547563811115213,0.989218477465819,0.735,-3.5253177378193823,-0.11678599784771601,0.11598963017265002,0.025350961685180667
synthetic_only_psnr_benefit_V8_logistic_505,all,0.7,50,,0.98,0.75,0.7547563811115213,0.989218477465819,0.735,-3.5253177378193823,-0.11678599784771601,0.11598963017265002,0.025350961685180667
synthetic_only_psnr_benefit_V8_logistic_505,synthetic_bsds,0.7,50,,0.98,0.75,0.7547563811115213,0.989218477465819,0.735,-3.5253177378193823,-0.11678599784771601,0.11598963017265002,0.025350961685180667
synthetic_only_psnr_benefit_V8_logistic_505,all,0.8,50,,0.975,1.0,1.0,0.9778445735455081,0.975,-3.4353959139633448,-0.11837176129221916,0.12077853260561824,0.025153867602348327
synthetic_only_psnr_benefit_V8_logistic_505,synthetic_bsds,0.8,50,,0.975,1.0,1.0,0.9778445735455081,0.975,-3.4353959139633448,-0.11837176129221916,0.12077853260561824,0.025153867602348327
synthetic_only_psnr_benefit_V8_logistic_505,all,0.9,50,,0.975,1.0,1.0,0.9778445735455081,0.975,-3.4353959139633448,-0.11837176129221916,0.12077853260561824,0.025153867602348327
synthetic_only_psnr_benefit_V8_logistic_505,synthetic_bsds,0.9,50,,0.975,1.0,1.0,0.9778445735455081,0.975,-3.4353959139633448,-0.11837176129221916,0.12077853260561824,0.025153867602348327
synthetic_only_psnr_benefit_V8_logistic_505,all,1.0,50,,0.975,1.0,1.0,0.9778445735455081,0.975,-3.4353959139633448,-0.11837176129221916,0.12077853260561824,0.025153867602348327
synthetic_only_psnr_benefit_V8_logistic_505,synthetic_bsds,1.0,50,,0.975,1.0,1.0,0.9778445735455081,0.975,-3.4353959139633448,-0.11837176129221916,0.12077853260561824,0.025153867602348327
synthetic_only_psnr_benefit_C1_lq_logistic_505,all,0.1,50,,0.98,0.25,0.22152214040064508,0.98,0.245,-3.595089441947717,-0.10542037963867187,0.11675387367606163,0.023581793308258058
synthetic_only_psnr_benefit_C1_lq_logistic_505,synthetic_bsds,0.1,50,,0.98,0.25,0.22152214040064508,0.98,0.245,-3.595089441947717,-0.10542037963867187,0.11675387367606163,0.023581793308258058
synthetic_only_psnr_benefit_C1_lq_logistic_505,all,0.2,50,,0.98,0.25,0.22152214040064508,0.98,0.245,-3.595089441947717,-0.10542037963867187,0.11675387367606163,0.023581793308258058
synthetic_only_psnr_benefit_C1_lq_logistic_505,synthetic_bsds,0.2,50,,0.98,0.25,0.22152214040064508,0.98,0.245,-3.595089441947717,-0.10542037963867187,0.11675387367606163,0.023581793308258058
synthetic_only_psnr_benefit_C1_lq_logistic_505,all,0.3,50,,0.96,0.5,0.45693745506829614,0.9538382679761991,0.48,-3.432411579073778,-0.10413441464304923,0.12475775271654128,0.027297515869140625
synthetic_only_psnr_benefit_C1_lq_logistic_505,synthetic_bsds,0.3,50,,0.96,0.5,0.45693745506829614,0.9538382679761991,0.48,-3.432411579073778,-0.10413441464304923,0.12475775271654128,0.027297515869140625
synthetic_only_psnr_benefit_C1_lq_logistic_505,all,0.4,50,,0.96,0.5,0.45693745506829614,0.9538382679761991,0.48,-3.432411579073778,-0.10413441464304923,0.12475775271654128,0.027297515869140625
synthetic_only_psnr_benefit_C1_lq_logistic_505,synthetic_bsds,0.4,50,,0.96,0.5,0.45693745506829614,0.9538382679761991,0.48,-3.432411579073778,-0.10413441464304923,0.12475775271654128,0.027297515869140625
synthetic_only_psnr_benefit_C1_lq_logistic_505,all,0.5,50,,0.96,0.5,0.45693745506829614,0.9538382679761991,0.48,-3.432411579073778,-0.10413441464304923,0.12475775271654128,0.027297515869140625
synthetic_only_psnr_benefit_C1_lq_logistic_505,synthetic_bsds,0.5,50,,0.96,0.5,0.45693745506829614,0.9538382679761991,0.48,-3.432411579073778,-0.10413441464304923,0.12475775271654128,0.027297515869140625
synthetic_only_psnr_benefit_C1_lq_logistic_505,all,0.6,50,,0.9733333333333334,0.75,0.7271048762637549,0.9762549935295111,0.73,-3.4831096510584647,-0.11621767888466518,0.1156115003923575,0.025232206980387365
synthetic_only_psnr_benefit_C1_lq_logistic_505,synthetic_bsds,0.6,50,,0.9733333333333334,0.75,0.7271048762637549,0.9762549935295111,0.73,-3.4831096510584647,-0.11621767888466518,0.1156115003923575,0.025232206980387365
synthetic_only_psnr_benefit_C1_lq_logistic_505,all,0.7,50,,0.9733333333333334,0.75,0.7271048762637549,0.9762549935295111,0.73,-3.4831096510584647,-0.11621767888466518,0.1156115003923575,0.025232206980387365
synthetic_only_psnr_benefit_C1_lq_logistic_505,synthetic_bsds,0.7,50,,0.9733333333333334,0.75,0.7271048762637549,0.9762549935295111,0.73,-3.4831096510584647,-0.11621767888466518,0.1156115003923575,0.025232206980387365
synthetic_only_psnr_benefit_C1_lq_logistic_505,all,0.8,50,,0.975,1.0,1.0,0.9778445735455081,0.975,-3.4353959139633448,-0.11837176129221916,0.12077853260561824,0.025153867602348327
synthetic_only_psnr_benefit_C1_lq_logistic_505,synthetic_bsds,0.8,50,,0.975,1.0,1.0,0.9778445735455081,0.975,-3.4353959139633448,-0.11837176129221916,0.12077853260561824,0.025153867602348327
synthetic_only_psnr_benefit_C1_lq_logistic_505,all,0.9,50,,0.975,1.0,1.0,0.9778445735455081,0.975,-3.4353959139633448,-0.11837176129221916,0.12077853260561824,0.025153867602348327
synthetic_only_psnr_benefit_C1_lq_logistic_505,synthetic_bsds,0.9,50,,0.975,1.0,1.0,0.9778445735455081,0.975,-3.4353959139633448,-0.11837176129221916,0.12077853260561824,0.025153867602348327
synthetic_only_psnr_benefit_C1_lq_logistic_505,all,1.0,50,,0.975,1.0,1.0,0.9778445735455081,0.975,-3.4353959139633448,-0.11837176129221916,0.12077853260561824,0.025153867602348327
synthetic_only_psnr_benefit_C1_lq_logistic_505,synthetic_bsds,1.0,50,,0.975,1.0,1.0,0.9778445735455081,0.975,-3.4353959139633448,-0.11837176129221916,0.12077853260561824,0.025153867602348327
synthetic_to_real_psnr_benefit_V1_logistic_505,all,0.1,5,,0.9800000000000001,0.10416666666666667,0.10416666666666667,0.9800000000000001,0.10208333333333335,-4.478763972658017,-0.0790266877412796,-0.07582581005990506,-0.033020718097686766
synthetic_to_real_psnr_benefit_V1_logistic_505,real_csig,0.1,5,,0.9800000000000001,0.10416666666666667,0.10416666666666667,0.9800000000000001,0.10208333333333335,-4.478763972658017,-0.0790266877412796,-0.07582581005990506,-0.033020718097686766
synthetic_to_real_psnr_benefit_V1_logistic_505,all,0.2,5,,0.9846153846153847,0.203125,0.203125,0.9846153846153847,0.2,-4.560191289286818,-0.08519476377047025,-0.08621951539833576,-0.0326758494743934
synthetic_to_real_psnr_benefit_V1_logistic_505,real_csig,0.2,5,,0.9846153846153847,0.203125,0.203125,0.9846153846153847,0.2,-4.560191289286818,-0.08519476377047025,-0.08621951539833576,-0.0326758494743934
synthetic_to_real_psnr_benefit_V1_logistic_505,all,0.3,5,,0.9896551724137931,0.3020833333333333,0.3020833333333333,0.9896551724137931,0.2989583333333333,-4.497066866101543,-0.08493096165615936,-0.09570557897557215,-0.03284170607040668
synthetic_to_real_psnr_benefit_V1_logistic_505,real_csig,0.3,5,,0.9896551724137931,0.3020833333333333,0.3020833333333333,0.9896551724137931,0.2989583333333333,-4.497066866101543,-0.08493096165615936,-0.09570557897557215,-0.03284170607040668
synthetic_to_real_psnr_benefit_V1_logistic_505,all,0.4,5,,0.9922077922077921,0.4010416666666667,0.4010416666666667,0.9922077922077921,0.3979166666666667,-4.421392845410047,-0.08535589057129699,-0.09451803242328105,-0.031113838065754285
synthetic_to_real_psnr_benefit_V1_logistic_505,real_csig,0.4,5,,0.9922077922077921,0.4010416666666667,0.4010416666666667,0.9922077922077921,0.3979166666666667,-4.421392845410047,-0.08535589057129699,-0.09451803242328105,-0.031113838065754285
synthetic_to_real_psnr_benefit_V1_logistic_505,all,0.5,5,,0.99375,0.5,0.5,0.99375,0.496875,-4.450076502151111,-0.08836573213338852,-0.09573929944017434,-0.030926160762707395
synthetic_to_real_psnr_benefit_V1_logistic_505,real_csig,0.5,5,,0.99375,0.5,0.5,0.99375,0.496875,-4.450076502151111,-0.08836573213338852,-0.09573929944017434,-0.030926160762707395
synthetic_to_real_psnr_benefit_V1_logistic_505,all,0.6,5,,0.9913793103448276,0.6041666666666666,0.6041666666666666,0.9913793103448276,0.5989583333333333,-4.489533424405455,-0.09045642097962314,-0.09965802699584386,-0.032544529026952276
synthetic_to_real_psnr_benefit_V1_logistic_505,real_csig,0.6,5,,0.9913793103448276,0.6041666666666666,0.6041666666666666,0.9913793103448276,0.5989583333333333,-4.489533424405455,-0.09045642097962314,-0.09965802699584386,-0.032544529026952276
synthetic_to_real_psnr_benefit_V1_logistic_505,all,0.7,5,,0.9925925925925926,0.703125,0.703125,0.9925925925925926,0.6979166666666667,-4.4238296812945626,-0.09200368457370334,-0.09768633772653561,-0.03125775875868621
synthetic_to_real_psnr_benefit_V1_logistic_505,real_csig,0.7,5,,0.9925925925925926,0.703125,0.703125,0.9925925925925926,0.6979166666666667,-4.4238296812945626,-0.09200368457370334,-0.09768633772653561,-0.03125775875868621
synthetic_to_real_psnr_benefit_V1_logistic_505,all,0.8,5,,0.9909090909090909,0.8020833333333334,0.8020833333333334,0.9909090909090909,0.7947916666666667,-4.397759899324176,-0.09259753095639216,-0.09920625009682851,-0.03068762553202641
synthetic_to_real_psnr_benefit_V1_logistic_505,real_csig,0.8,5,,0.9909090909090909,0.8020833333333334,0.8020833333333334,0.9909090909090909,0.7947916666666667,-4.397759899324176,-0.09259753095639216,-0.09920625009682851,-0.03068762553202641
synthetic_to_real_psnr_benefit_V1_logistic_505,all,0.9,5,,0.9919075144508671,0.9010416666666666,0.9010416666666666,0.9919075144508671,0.89375,-4.341629099689777,-0.09234289452864257,-0.09870305652541748,-0.030252366603454418
synthetic_to_real_psnr_benefit_V1_logistic_505,real_csig,0.9,5,,0.9919075144508671,0.9010416666666666,0.9010416666666666,0.9919075144508671,0.89375,-4.341629099689777,-0.09234289452864257,-0.09870305652541748,-0.030252366603454418
synthetic_to_real_psnr_benefit_V1_logistic_505,all,1.0,5,,0.9916666666666668,1.0,1.0,0.9916666666666668,0.9916666666666668,-4.3169339776078965,-0.09240637398324907,-0.09773552132052524,-0.029039946695168812
synthetic_to_real_psnr_benefit_V1_logistic_505,real_csig,1.0,5,,0.9916666666666668,1.0,1.0,0.9916666666666668,0.9916666666666668,-4.3169339776078965,-0.09240637398324907,-0.09773552132052524,-0.029039946695168812
synthetic_to_real_psnr_benefit_V7_logistic_505,all,0.1,5,,0.99,0.10416666666666667,0.10416666666666667,0.99,0.103125,-3.33111345041907,-0.0722955022007227,-0.04911700869444758,-0.007855464220047004
synthetic_to_real_psnr_benefit_V7_logistic_505,real_csig,0.1,5,,0.99,0.10416666666666667,0.10416666666666667,0.99,0.103125,-3.33111345041907,-0.0722955022007227,-0.04911700869444758,-0.007855464220047004
synthetic_to_real_psnr_benefit_V7_logistic_505,all,0.2,5,,0.9948717948717949,0.203125,0.203125,0.9948717948717949,0.20208333333333334,-3.764391482439593,-0.08118959833414127,-0.07149242982268332,-0.01585050515639476
synthetic_to_real_psnr_benefit_V7_logistic_505,real_csig,0.2,5,,0.9948717948717949,0.203125,0.203125,0.9948717948717949,0.20208333333333334,-3.764391482439593,-0.08118959833414127,-0.07149242982268332,-0.01585050515639476
synthetic_to_real_psnr_benefit_V7_logistic_505,all,0.3,5,,0.9965517241379309,0.3020833333333333,0.3020833333333333,0.9965517241379309,0.30104166666666665,-3.927004488319959,-0.08532990998235242,-0.07843102684951035,-0.019818655992376394
synthetic_to_real_psnr_benefit_V7_logistic_505,real_csig,0.3,5,,0.9965517241379309,0.3020833333333333,0.3020833333333333,0.9965517241379309,0.30104166666666665,-3.927004488319959,-0.08532990998235242,-0.07843102684951035,-0.019818655992376394
synthetic_to_real_psnr_benefit_V7_logistic_505,all,0.4,5,,0.9948051948051948,0.4010416666666667,0.4010416666666667,0.9948051948051948,0.39895833333333336,-4.009411666149118,-0.08549617474729365,-0.07973327996789828,-0.023450103053798924
synthetic_to_real_psnr_benefit_V7_logistic_505,real_csig,0.4,5,,0.9948051948051948,0.4010416666666667,0.4010416666666667,0.9948051948051948,0.39895833333333336,-4.009411666149118,-0.08549617474729365,-0.07973327996789828,-0.023450103053798924
synthetic_to_real_psnr_benefit_V7_logistic_505,all,0.5,5,,0.99375,0.5,0.5,0.99375,0.496875,-4.110064419307696,-0.08689751013492544,-0.08630746653167684,-0.02541285753250121
synthetic_to_real_psnr_benefit_V7_logistic_505,real_csig,0.5,5,,0.99375,0.5,0.5,0.99375,0.496875,-4.110064419307696,-0.08689751013492544,-0.08630746653167684,-0.02541285753250121
synthetic_to_real_psnr_benefit_V7_logistic_505,all,0.6,5,,0.9948275862068966,0.6041666666666666,0.6041666666666666,0.9948275862068966,0.6010416666666666,-4.181035670761552,-0.08740156092520417,-0.08913407050362178,-0.026857220921023144
synthetic_to_real_psnr_benefit_V7_logistic_505,real_csig,0.6,5,,0.9948275862068966,0.6041666666666666,0.6041666666666666,0.9948275862068966,0.6010416666666666,-4.181035670761552,-0.08740156092520417,-0.08913407050362178,-0.026857220921023144
synthetic_to_real_psnr_benefit_V7_logistic_505,all,0.7,5,,0.9925925925925926,0.703125,0.703125,0.9925925925925926,0.6979166666666667,-4.235464595941216,-0.08989828337121894,-0.09257907607627137,-0.0273765241658246
synthetic_to_real_psnr_benefit_V7_logistic_505,real_csig,0.7,5,,0.9925925925925926,0.703125,0.703125,0.9925925925925926,0.6979166666666667,-4.235464595941216,-0.08989828337121894,-0.09257907607627137,-0.0273765241658246
synthetic_to_real_psnr_benefit_V7_logistic_505,all,0.8,5,,0.9935064935064934,0.8020833333333334,0.8020833333333334,0.9935064935064934,0.7968750000000001,-4.265664653164983,-0.0908279238389684,-0.09349425329959818,-0.028523148731751873
synthetic_to_real_psnr_benefit_V7_logistic_505,real_csig,0.8,5,,0.9935064935064934,0.8020833333333334,0.8020833333333334,0.9935064935064934,0.7968750000000001,-4.265664653164983,-0.0908279238389684,-0.09349425329959818,-0.028523148731751873
synthetic_to_real_psnr_benefit_V7_logistic_505,all,0.9,5,,0.9919075144508671,0.9010416666666666,0.9010416666666666,0.9919075144508671,0.89375,-4.275707326176875,-0.09197546588203122,-0.09538591743872174,-0.02798143887106394
synthetic_to_real_psnr_benefit_V7_logistic_505,real_csig,0.9,5,,0.9919075144508671,0.9010416666666666,0.9010416666666666,0.9919075144508671,0.89375,-4.275707326176875,-0.09197546588203122,-0.09538591743872174,-0.02798143887106394
synthetic_to_real_psnr_benefit_V7_logistic_505,all,1.0,5,,0.9916666666666668,1.0,1.0,0.9916666666666668,0.9916666666666668,-4.3169339776078965,-0.09240637398324907,-0.09773552132052524,-0.029039946695168812
synthetic_to_real_psnr_benefit_V7_logistic_505,real_csig,1.0,5,,0.9916666666666668,1.0,1.0,0.9916666666666668,0.9916666666666668,-4.3169339776078965,-0.09240637398324907,-0.09773552132052524,-0.029039946695168812
synthetic_to_real_psnr_benefit_V8_logistic_505,all,0.1,5,,0.99,0.10416666666666667,0.10416666666666667,0.99,0.103125,-4.8580653415953545,-0.08667539872229099,-0.11065463805571199,-0.050338764190673825
synthetic_to_real_psnr_benefit_V8_logistic_505,real_csig,0.1,5,,0.99,0.10416666666666667,0.10416666666666667,0.99,0.103125,-4.8580653415953545,-0.08667539872229099,-0.11065463805571199,-0.050338764190673825
synthetic_to_real_psnr_benefit_V8_logistic_505,all,0.2,5,,0.9897435897435898,0.203125,0.203125,0.9897435897435898,0.2010416666666667,-4.557414311395122,-0.08740404378145168,-0.10584407495095942,-0.04306428799262414
synthetic_to_real_psnr_benefit_V8_logistic_505,real_csig,0.2,5,,0.9897435897435898,0.203125,0.203125,0.9897435897435898,0.2010416666666667,-4.557414311395122,-0.08740404378145168,-0.10584407495095942,-0.04306428799262414
synthetic_to_real_psnr_benefit_V8_logistic_505,all,0.3,5,,0.9896551724137931,0.3020833333333333,0.3020833333333333,0.9896551724137931,0.2989583333333333,-4.617467182569267,-0.08842831146100472,-0.10899195436805745,-0.04149302408613008
synthetic_to_real_psnr_benefit_V8_logistic_505,real_csig,0.3,5,,0.9896551724137931,0.3020833333333333,0.3020833333333333,0.9896551724137931,0.2989583333333333,-4.617467182569267,-0.08842831146100472,-0.10899195436805745,-0.04149302408613008
synthetic_to_real_psnr_benefit_V8_logistic_505,all,0.4,5,,0.9922077922077921,0.4010416666666667,0.4010416666666667,0.9922077922077921,0.3979166666666667,-4.667035664386555,-0.0898830781896393,-0.1079411006242327,-0.04060037074150977
synthetic_to_real_psnr_benefit_V8_logistic_505,real_csig,0.4,5,,0.9922077922077921,0.4010416666666667,0.4010416666666667,0.9922077922077921,0.3979166666666667,-4.667035664386555,-0.0898830781896393,-0.1079411006242327,-0.04060037074150977
synthetic_to_real_psnr_benefit_V8_logistic_505,all,0.5,5,,0.9895833333333333,0.5,0.5,0.9895833333333333,0.49479166666666663,-4.692386286118145,-0.09099647471060354,-0.10952486754686105,-0.04179863731066386
synthetic_to_real_psnr_benefit_V8_logistic_505,real_csig,0.5,5,,0.9895833333333333,0.5,0.5,0.9895833333333333,0.49479166666666663,-4.692386286118145,-0.09099647471060354,-0.10952486754686105,-0.04179863731066386
synthetic_to_real_psnr_benefit_V8_logistic_505,all,0.6,5,,0.9913793103448276,0.6041666666666666,0.6041666666666666,0.9913793103448276,0.5989583333333333,-4.566845436522109,-0.09190205081269659,-0.10535458848683228,-0.037889540400998345
synthetic_to_real_psnr_benefit_V8_logistic_505,real_csig,0.6,5,,0.9913793103448276,0.6041666666666666,0.6041666666666666,0.9913793103448276,0.5989583333333333,-4.566845436522109,-0.09190205081269659,-0.10535458848683228,-0.037889540400998345
synthetic_to_real_psnr_benefit_V8_logistic_505,all,0.7,5,,0.9896296296296295,0.703125,0.703125,0.9896296296296295,0.6958333333333334,-4.504495642076032,-0.09165090605064674,-0.10380395120354713,-0.035429020987616654
synthetic_to_real_psnr_benefit_V8_logistic_505,real_csig,0.7,5,,0.9896296296296295,0.703125,0.703125,0.9896296296296295,0.6958333333333334,-4.504495642076032,-0.09165090605064674,-0.10380395120354713,-0.035429020987616654
synthetic_to_real_psnr_benefit_V8_logistic_505,all,0.8,5,,0.9909090909090909,0.8020833333333334,0.8020833333333334,0.9909090909090909,0.7947916666666667,-4.43409594607289,-0.09217725837385499,-0.10338677708664304,-0.033193297587431864
synthetic_to_real_psnr_benefit_V8_logistic_505,real_csig,0.8,5,,0.9909090909090909,0.8020833333333334,0.8020833333333334,0.9909090909090909,0.7947916666666667,-4.43409594607289,-0.09217725837385499,-0.10338677708664304,-0.033193297587431864
synthetic_to_real_psnr_benefit_V8_logistic_505,all,0.9,5,,0.9919075144508671,0.9010416666666666,0.9010416666666666,0.9919075144508671,0.89375,-4.365789043680576,-0.09206815267229355,-0.10017501533440601,-0.031157211003275963
synthetic_to_real_psnr_benefit_V8_logistic_505,real_csig,0.9,5,,0.9919075144508671,0.9010416666666666,0.9010416666666666,0.9919075144508671,0.89375,-4.365789043680576,-0.09206815267229355,-0.10017501533440601,-0.031157211003275963
synthetic_to_real_psnr_benefit_V8_logistic_505,all,1.0,5,,0.9916666666666668,1.0,1.0,0.9916666666666668,0.9916666666666668,-4.3169339776078965,-0.09240637398324907,-0.09773552132052524,-0.029039946695168812
synthetic_to_real_psnr_benefit_V8_logistic_505,real_csig,1.0,5,,0.9916666666666668,1.0,1.0,0.9916666666666668,0.9916666666666668,-4.3169339776078965,-0.09240637398324907,-0.09773552132052524,-0.029039946695168812
synthetic_to_real_psnr_benefit_C1_lq_logistic_505,all,0.1,5,,0.99,0.10416666666666667,0.10416666666666667,0.99,0.103125,-4.524205602154876,-0.08812548898160458,-0.12568046026863158,-0.04785040080547333
synthetic_to_real_psnr_benefit_C1_lq_logistic_505,real_csig,0.1,5,,0.99,0.10416666666666667,0.10416666666666667,0.99,0.103125,-4.524205602154876,-0.08812548898160458,-0.12568046026863158,-0.04785040080547333
synthetic_to_real_psnr_benefit_C1_lq_logistic_505,all,0.2,5,,0.9794871794871796,0.203125,0.203125,0.9794871794871796,0.19895833333333335,-4.671793924542976,-0.08728911788799823,-0.12815648867056156,-0.04724159852052347
synthetic_to_real_psnr_benefit_C1_lq_logistic_505,real_csig,0.2,5,,0.9794871794871796,0.203125,0.203125,0.9794871794871796,0.19895833333333335,-4.671793924542976,-0.08728911788799823,-0.12815648867056156,-0.04724159852052347
synthetic_to_real_psnr_benefit_C1_lq_logistic_505,all,0.3,5,,0.9862068965517242,0.3020833333333333,0.3020833333333333,0.9862068965517242,0.29791666666666666,-4.756539429321338,-0.08901638871636883,-0.12716176513068636,-0.04438365903393976
synthetic_to_real_psnr_benefit_C1_lq_logistic_505,real_csig,0.3,5,,0.9862068965517242,0.3020833333333333,0.3020833333333333,0.9862068965517242,0.29791666666666666,-4.756539429321338,-0.08901638871636883,-0.12716176513068636,-0.04438365903393976
synthetic_to_real_psnr_benefit_C1_lq_logistic_505,all,0.4,5,,0.9896103896103895,0.4010416666666667,0.4010416666666667,0.9896103896103895,0.39687500000000003,-4.792916142463906,-0.09082898102797472,-0.1257484657556883,-0.04634405080374185
synthetic_to_real_psnr_benefit_C1_lq_logistic_505,real_csig,0.4,5,,0.9896103896103895,0.4010416666666667,0.4010416666666667,0.9896103896103895,0.39687500000000003,-4.792916142463906,-0.09082898102797472,-0.1257484657556883,-0.04634405080374185
synthetic_to_real_psnr_benefit_C1_lq_logistic_505,all,0.5,5,,0.9916666666666666,0.5,0.5,0.9916666666666666,0.4958333333333333,-4.875420372092516,-0.0944248668849468,-0.12578953075668928,-0.04743378708759943
synthetic_to_real_psnr_benefit_C1_lq_logistic_505,real_csig,0.5,5,,0.9916666666666666,0.5,0.5,0.9916666666666666,0.4958333333333333,-4.875420372092516,-0.0944248668849468,-0.12578953075668928,-0.04743378708759943
synthetic_to_real_psnr_benefit_C1_lq_logistic_505,all,0.6,5,,0.9913793103448276,0.6041666666666666,0.6041666666666666,0.9913793103448276,0.5989583333333333,-4.782858876289472,-0.09480647426740876,-0.12245006447433142,-0.04546011984348297
synthetic_to_real_psnr_benefit_C1_lq_logistic_505,real_csig,0.6,5,,0.9913793103448276,0.6041666666666666,0.6041666666666666,0.9913793103448276,0.5989583333333333,-4.782858876289472,-0.09480647426740876,-0.12245006447433142,-0.04546011984348297
synthetic_to_real_psnr_benefit_C1_lq_logistic_505,all,0.7,5,,0.9911111111111112,0.703125,0.703125,0.9911111111111112,0.696875,-4.665583625924346,-0.09424561741175476,-0.11792972933225057,-0.04130498850787128
synthetic_to_real_psnr_benefit_C1_lq_logistic_505,real_csig,0.7,5,,0.9911111111111112,0.703125,0.703125,0.9911111111111112,0.696875,-4.665583625924346,-0.09424561741175476,-0.11792972933225057,-0.04130498850787128
synthetic_to_real_psnr_benefit_C1_lq_logistic_505,all,0.8,5,,0.9922077922077921,0.8020833333333334,0.8020833333333334,0.9922077922077921,0.7958333333333334,-4.52887702348836,-0.09289867897312362,-0.11037995990293174,-0.03700308466886545
synthetic_to_real_psnr_benefit_C1_lq_logistic_505,real_csig,0.8,5,,0.9922077922077921,0.8020833333333334,0.8020833333333334,0.9922077922077921,0.7958333333333334,-4.52887702348836,-0.09289867897312362,-0.11037995990293174,-0.03700308466886545
synthetic_to_real_psnr_benefit_C1_lq_logistic_505,all,0.9,5,,0.9919075144508671,0.9010416666666666,0.9010416666666666,0.9919075144508671,0.89375,-4.437406725711041,-0.09295239160860205,-0.10477960818484858,-0.033593311406284396
synthetic_to_real_psnr_benefit_C1_lq_logistic_505,real_csig,0.9,5,,0.9919075144508671,0.9010416666666666,0.9010416666666666,0.9919075144508671,0.89375,-4.437406725711041,-0.09295239160860205,-0.10477960818484858,-0.033593311406284396
synthetic_to_real_psnr_benefit_C1_lq_logistic_505,all,1.0,5,,0.9916666666666668,1.0,1.0,0.9916666666666668,0.9916666666666668,-4.3169339776078965,-0.09240637398324907,-0.09773552132052524,-0.029039946695168812
synthetic_to_real_psnr_benefit_C1_lq_logistic_505,real_csig,1.0,5,,0.9916666666666668,1.0,1.0,0.9916666666666668,0.9916666666666668,-4.3169339776078965,-0.09240637398324907,-0.09773552132052524,-0.029039946695168812
random,all,0.1,55,,0.9818181818181818,0.23674242424242425,0.24449525909806288,0.9818181818181818,0.2321969696969697,-3.6802820144801243,-0.1225045874172991,0.09828230837656356,0.0202975364706733
random,real_csig,0.1,5,,1.0,0.10416666666666667,0.10416666666666667,1.0,0.10416666666666667,-4.267667938439686,-0.09687589794397353,-0.10999278901610525,-0.03758706510066986
random,all,0.2,55,,0.9813519813519814,0.24573863636363635,0.253491471219275,0.9813519813519814,0.24109848484848484,-3.67956129492618,-0.12225909529032407,0.09894440667573492,0.020713722650265637
random,real_csig,0.2,5,,0.9948717948717949,0.203125,0.203125,0.9948717948717949,0.20208333333333334,-4.2597400233462945,-0.09417548454724825,-0.10270970772522,-0.03300901712515415
random,all,0.3,55,,0.9811912225705329,0.4820075757575757,0.4918769183371987,0.9811912225705329,0.4727272727272727,-3.570190936194618,-0.12314758286066937,0.09460653088662807,0.018369595795215857
random,real_csig,0.3,5,,0.993103448275862,0.3020833333333333,0.3020833333333333,0.993103448275862,0.3,-4.275452387811415,-0.09524571733741924,-0.10258749704647423,-0.03301002136592208
random,all,0.4,55,,0.9811097992916176,0.4910037878787879,0.500873130458411,0.9811097992916176,0.48162878787878793,-3.5636456902403055,-0.12313413748247143,0.09512572240979447,0.018773822217229688
random,real_csig,0.4,5,,0.9922077922077921,0.4010416666666667,0.4010416666666667,0.9922077922077921,0.3979166666666667,-4.203454682313979,-0.09509781817724178,-0.096876390291644,-0.028563530723769947
random,all,0.5,55,,0.9810606060606061,0.5,0.509869342579623,0.9810606060606061,0.49053030303030304,-3.5666474237336807,-0.12302271542421571,0.09494105420122981,0.01862117497984207
random,real_csig,0.5,5,,0.9916666666666668,0.5,0.5,0.9916666666666668,0.4958333333333334,-4.236473750741103,-0.09387217553642889,-0.0989077405858552,-0.03024265033503374
random,all,0.6,55,,0.9748171368861024,0.7367424242424242,0.7405052943604344,0.9735694190258632,0.7179924242424242,-3.521754286289858,-0.11568899432639033,0.10055329169264957,0.018905613969236835
random,real_csig,0.6,5,,0.9896551724137931,0.6041666666666666,0.6041666666666666,0.9896551724137931,0.5979166666666667,-4.303950520327379,-0.09348089971162123,-0.09851286043974988,-0.029978971029150082
random,all,0.7,55,,0.974949494949495,0.7457386363636364,0.7495015064816467,0.9737017770892559,0.7269886363636363,-3.5231737925340427,-0.11565502614184262,0.10070975368403474,0.01895459213642159
random,real_csig,0.7,5,,0.9911111111111112,0.703125,0.703125,0.9911111111111112,0.696875,-4.319565089013413,-0.09310724968159641,-0.09679177853451283,-0.029440211190117728
random,all,0.8,55,,0.9764462809917355,0.9820075757575758,0.9820075757575758,0.9790322569421974,0.9586174242424242,-3.5167956719136586,-0.116071879952583,0.1008301479899717,0.020163701050678422
random,real_csig,0.8,5,,0.9909090909090909,0.8020833333333334,0.8020833333333334,0.9909090909090909,0.7947916666666668,-4.330793251416798,-0.09307306655622147,-0.09865369816649366,-0.02973796446602066
random,all,0.9,55,,0.9764319495533368,0.9910037878787878,0.9910037878787878,0.9790179255037987,0.9675189393939394,-3.517564430765842,-0.11603221511815763,0.10080174612868979,0.020161807176882634
random,real_csig,0.9,5,,0.9907514450867051,0.9010416666666666,0.9010416666666666,0.9907514450867051,0.8927083333333332,-4.339249598790817,-0.09263675337754233,-0.09896611864059475,-0.02975879707777431
random,all,1.0,55,,0.9765151515151516,1.0,1.0,0.9791011274656135,0.9765151515151516,-3.5155357379310312,-0.11601127153685824,0.10091361861233246,0.02022715721166495
random,real_csig,1.0,5,,0.9916666666666668,1.0,1.0,0.9916666666666668,0.9916666666666668,-4.3169339776078965,-0.09240637398324907,-0.09773552132052524,-0.029039946695168812
oracle_rank_psnr,all,0.1,55,,0.9381818181818181,0.23674242424242425,0.2621568262923403,0.9381818181818181,0.22234848484848488,-2.2006164577609404,-0.06377663823691282,0.14295352156020025,0.0358655647798018
oracle_rank_psnr,real_csig,0.1,5,,0.9199999999999999,0.10416666666666667,0.10416666666666667,0.9199999999999999,0.09583333333333335,-0.9295780865902963,-0.05434913575649262,-0.03699709320440888,0.009963548183441159
oracle_rank_psnr,all,0.2,55,,0.9417249417249417,0.24573863636363635,0.2711530384135524,0.9417249417249417,0.23134469696969698,-2.2417236386259334,-0.06435057032497335,0.14334833038870967,0.036166125105255416
oracle_rank_psnr,real_csig,0.2,5,,0.9589743589743589,0.203125,0.203125,0.9589743589743589,0.19479166666666667,-1.3817570761052245,-0.0606623887251585,-0.032654196090805235,0.013269711763430867
oracle_rank_psnr,all,0.3,55,,0.961128526645768,0.4820075757575757,0.5418577533647627,0.961128526645768,0.4630681818181818,-2.565024118107457,-0.0727519674804704,0.13206705132084767,0.03482335512540931
oracle_rank_psnr,real_csig,0.3,5,,0.9724137931034484,0.3020833333333333,0.3020833333333333,0.9724137931034484,0.29374999999999996,-1.758549556273378,-0.06847186543304344,-0.03947053409085191,0.0084978973043376
oracle_rank_psnr,all,0.4,55,,0.9617473435655254,0.4910037878787879,0.5508539654859749,0.9617473435655254,0.472064393939394,-2.5929493061846394,-0.0728523102849546,0.1312158386996005,0.03430218795114312
oracle_rank_psnr,real_csig,0.4,5,,0.9792207792207792,0.4010416666666667,0.4010416666666667,0.9792207792207792,0.3927083333333334,-2.065726625122383,-0.0695756362823697,-0.04883387292457091,0.0027650583874095575
oracle_rank_psnr,all,0.5,55,,0.962121212121212,0.5,0.5598501776071869,0.962121212121212,0.481060606060606,-2.6186400754493313,-0.07309403777771602,0.13049819265513427,0.03388238885637486
oracle_rank_psnr,real_csig,0.5,5,,0.9833333333333332,0.5,0.5,0.9833333333333332,0.4916666666666666,-2.3483250870339973,-0.07223463870274524,-0.05672797941369936,-0.001852731655041373
oracle_rank_psnr,all,0.6,55,,0.968443051201672,0.7367424242424242,0.7844909962900618,0.9698367272787349,0.7132575757575758,-2.9839263222760675,-0.09376853938986207,0.11945507384232336,0.028404589973647015
oracle_rank_psnr,real_csig,0.6,5,,0.9862068965517242,0.6041666666666666,0.6041666666666666,0.9862068965517242,0.5958333333333332,-2.6560663641228603,-0.07442503667854031,-0.06243028788955818,-0.006150951673244609
oracle_rank_psnr,all,0.7,55,,0.9686195286195286,0.7457386363636364,0.7934872084112738,0.9700132046965918,0.7222537878787879,-3.012741706018819,-0.0940043034828472,0.11879991277776383,0.027884459294855387
oracle_rank_psnr,real_csig,0.7,5,,0.9881481481481481,0.703125,0.703125,0.9881481481481481,0.6947916666666667,-2.973035585293131,-0.07701844170137688,-0.06963705959971306,-0.011872389139952484
oracle_rank_psnr,all,0.8,55,,0.9763282172373081,0.9820075757575758,0.9820075757575758,0.9789141931877701,0.9585227272727272,-3.426036801050953,-0.11497094018259466,0.10270317605072073,0.021342255957996405
oracle_rank_psnr,real_csig,0.8,5,,0.9896103896103895,0.8020833333333334,0.8020833333333334,0.9896103896103895,0.7937500000000001,-3.3324456719270352,-0.08096272908634954,-0.0780503894982545,-0.016773860485522783
oracle_rank_psnr,all,0.9,55,,0.9764319495533368,0.9910037878787878,0.9910037878787878,0.9790179255037987,0.9675189393939394,-3.464963014678908,-0.11543569227566045,0.10189670301025366,0.020846550272316664
oracle_rank_psnr,real_csig,0.9,5,,0.9907514450867051,0.9010416666666666,0.9010416666666666,0.9907514450867051,0.8927083333333332,-3.7606340218345373,-0.08607500211007332,-0.08692159294339188,-0.02222662302799996
oracle_rank_psnr,all,1.0,55,,0.9765151515151516,1.0,1.0,0.9791011274656135,0.9765151515151516,-3.5155357379310312,-0.11601127153685824,0.10091361861233246,0.02022715721166495
oracle_rank_psnr,real_csig,1.0,5,,0.9916666666666668,1.0,1.0,0.9916666666666668,0.9916666666666668,-4.3169339776078965,-0.09240637398324907,-0.09773552132052524,-0.029039946695168812
random,synthetic_bsds,0.1,50,,0.98,0.25,0.2585281183412025,0.98,0.245,-3.6215434220841676,-0.12506745636463165,0.11910981811583042,0.02608599662780762
random,synthetic_bsds,0.2,50,,0.98,0.25,0.2585281183412025,0.98,0.245,-3.6215434220841676,-0.12506745636463165,0.11910981811583042,0.02608599662780762
random,synthetic_bsds,0.3,50,,0.98,0.5,0.5108562768375853,0.98,0.49,-3.499664791032938,-0.1259377694129944,0.11432593367993832,0.02350755751132965
random,synthetic_bsds,0.4,50,,0.98,0.5,0.5108562768375853,0.98,0.49,-3.499664791032938,-0.1259377694129944,0.11432593367993832,0.02350755751132965
random,synthetic_bsds,0.5,50,,0.98,0.5,0.5108562768375853,0.98,0.49,-3.499664791032938,-0.1259377694129944,0.11432593367993832,0.02350755751132965
random,synthetic_bsds,0.6,50,,0.9733333333333334,0.75,0.7541391571298114,0.9719608436870704,0.73,-3.443534662886106,-0.11790980378786722,0.12045990690588951,0.02379407246907552
random,synthetic_bsds,0.7,50,,0.9733333333333334,0.75,0.7541391571298114,0.9719608436870704,0.73,-3.443534662886106,-0.11790980378786722,0.12045990690588951,0.02379407246907552
random,synthetic_bsds,0.8,50,,0.975,1.0,1.0,0.9778445735455081,0.975,-3.4353959139633448,-0.11837176129221916,0.12077853260561824,0.025153867602348327
random,synthetic_bsds,0.9,50,,0.975,1.0,1.0,0.9778445735455081,0.975,-3.4353959139633448,-0.11837176129221916,0.12077853260561824,0.025153867602348327
random,synthetic_bsds,1.0,50,,0.975,1.0,1.0,0.9778445735455081,0.975,-3.4353959139633448,-0.11837176129221916,0.12077853260561824,0.025153867602348327
oracle_rank_psnr,synthetic_bsds,0.1,50,,0.94,0.25,0.2779558422549077,0.94,0.235,-2.3277202948780045,-0.06471938848495483,0.16094858303666115,0.03845576643943786
oracle_rank_psnr,synthetic_bsds,0.2,50,,0.94,0.25,0.2779558422549077,0.94,0.235,-2.3277202948780045,-0.06471938848495483,0.16094858303666115,0.03845576643943786
oracle_rank_psnr,synthetic_bsds,0.3,50,,0.96,0.5,0.5658351953679057,0.96,0.48,-2.6456715742908647,-0.07317997768521309,0.14922080986201763,0.03745590090751648
oracle_rank_psnr,synthetic_bsds,0.4,50,,0.96,0.5,0.5658351953679057,0.96,0.48,-2.6456715742908647,-0.07317997768521309,0.14922080986201763,0.03745590090751648
oracle_rank_psnr,synthetic_bsds,0.5,50,,0.96,0.5,0.5658351953679057,0.96,0.48,-2.6456715742908647,-0.07317997768521309,0.14922080986201763,0.03745590090751648
oracle_rank_psnr,synthetic_bsds,0.6,50,,0.9666666666666667,0.75,0.8025234292524013,0.9681997103514363,0.725,-3.0167123180913875,-0.09570288966099422,0.1376436100155115,0.03186014413833618
oracle_rank_psnr,synthetic_bsds,0.7,50,,0.9666666666666667,0.75,0.8025234292524013,0.9681997103514363,0.725,-3.0167123180913875,-0.09570288966099422,0.1376436100155115,0.03186014413833618
oracle_rank_psnr,synthetic_bsds,0.8,50,,0.975,1.0,1.0,0.9778445735455081,0.975,-3.4353959139633448,-0.11837176129221916,0.12077853260561824,0.025153867602348327
oracle_rank_psnr,synthetic_bsds,0.9,50,,0.975,1.0,1.0,0.9778445735455081,0.975,-3.4353959139633448,-0.11837176129221916,0.12077853260561824,0.025153867602348327
oracle_rank_psnr,synthetic_bsds,1.0,50,,0.975,1.0,1.0,0.9778445735455081,0.975,-3.4353959139633448,-0.11837176129221916,0.12077853260561824,0.025153867602348327
