model_id,scope,target,variant,family,seed,image_id,domain,roc_auc,pr_auc,balanced_accuracy,precision,recall,f1,accuracy,brier,ece,positive_count,region_count
mixed_groupcv_psnr_benefit_V1_logistic_505,mixed_groupcv,psnr_benefit,V1,logistic,505,case1,real_csig,,,,0.0,0.0,0.0,1.0,3.60152230892151e-05,0.005016030327572665,0,192
mixed_groupcv_psnr_benefit_V1_logistic_505,mixed_groupcv,psnr_benefit,V1,logistic,505,case2,real_csig,0.9184210526315789,0.09555555555555556,0.5,0.0,0.0,0.0,0.9895833333333334,0.01027831656323188,0.006906474011516612,2,192
mixed_groupcv_psnr_benefit_V1_logistic_505,mixed_groupcv,psnr_benefit,V1,logistic,505,case3,real_csig,,,,0.0,0.0,0.0,1.0,3.219456141095887e-06,0.0013729735885257232,0,192
mixed_groupcv_psnr_benefit_V1_logistic_505,mixed_groupcv,psnr_benefit,V1,logistic,505,case4,real_csig,,,,0.0,0.0,0.0,1.0,1.9443039254862836e-06,0.001081080620222965,0,192
mixed_groupcv_psnr_benefit_V1_logistic_505,mixed_groupcv,psnr_benefit,V1,logistic,505,case5,real_csig,0.4650537634408602,0.035585833121467056,0.5,0.0,0.0,0.0,0.96875,0.031081120465327364,0.02763825014672745,6,192
mixed_groupcv_psnr_benefit_V1_logistic_505,mixed_groupcv,psnr_benefit,V1,logistic,505,bsds_100098,synthetic_bsds,,,,0.0,0.0,0.0,1.0,6.677250358858394e-05,0.004518177509092451,0,4
mixed_groupcv_psnr_benefit_V1_logistic_505,mixed_groupcv,psnr_benefit,V1,logistic,505,bsds_106025,synthetic_bsds,,,,0.0,0.0,0.0,1.0,0.00015413944835847057,0.007720553947692823,0,4
mixed_groupcv_psnr_benefit_V1_logistic_505,mixed_groupcv,psnr_benefit,V1,logistic,505,bsds_112082,synthetic_bsds,,,,0.0,0.0,0.0,1.0,7.523251428895305e-08,0.0002444665749657604,0,4
mixed_groupcv_psnr_benefit_V1_logistic_505,mixed_groupcv,psnr_benefit,V1,logistic,505,bsds_138078,synthetic_bsds,,,,0.0,0.0,0.0,1.0,2.0282169239365625e-05,0.003020082967065193,0,4
mixed_groupcv_psnr_benefit_V1_logistic_505,mixed_groupcv,psnr_benefit,V1,logistic,505,bsds_140055,synthetic_bsds,,,,0.0,0.0,0.0,1.0,2.6647022882612977e-07,0.0004602969758803875,0,4
mixed_groupcv_psnr_benefit_V1_logistic_505,mixed_groupcv,psnr_benefit,V1,logistic,505,bsds_147021,synthetic_bsds,,,,0.0,0.0,0.0,1.0,1.0797633205024552e-05,0.0018931639890449046,0,4
mixed_groupcv_psnr_benefit_V1_logistic_505,mixed_groupcv,psnr_benefit,V1,logistic,505,bsds_153077,synthetic_bsds,,,,0.0,0.0,0.0,1.0,4.7738639843606264e-08,0.00021460485967879969,0,4
mixed_groupcv_psnr_benefit_V1_logistic_505,mixed_groupcv,psnr_benefit,V1,logistic,505,bsds_159029,synthetic_bsds,,,,0.0,0.0,0.0,1.0,3.8559048076345424e-07,0.0005523794841679526,0,4
mixed_groupcv_psnr_benefit_V1_logistic_505,mixed_groupcv,psnr_benefit,V1,logistic,505,bsds_159045,synthetic_bsds,,,,0.0,0.0,0.0,1.0,6.150704577679374e-07,0.0007128019955966365,0,4
mixed_groupcv_psnr_benefit_V1_logistic_505,mixed_groupcv,psnr_benefit,V1,logistic,505,bsds_159091,synthetic_bsds,,,,0.0,0.0,0.0,1.0,2.6984595398184037e-08,0.00013772617586470929,0,4
mixed_groupcv_psnr_benefit_V1_logistic_505,mixed_groupcv,psnr_benefit,V1,logistic,505,bsds_164074,synthetic_bsds,,,,0.0,0.0,0.0,1.0,1.2123904749410269e-05,0.0029149087684984523,0,4
mixed_groupcv_psnr_benefit_V1_logistic_505,mixed_groupcv,psnr_benefit,V1,logistic,505,bsds_166081,synthetic_bsds,,,,0.0,0.0,0.0,1.0,4.426032063918743e-08,0.00020005228630845865,0,4
mixed_groupcv_psnr_benefit_V1_logistic_505,mixed_groupcv,psnr_benefit,V1,logistic,505,bsds_176039,synthetic_bsds,,,,0.0,0.0,0.0,1.0,8.347696849886777e-05,0.0060776987537339705,0,4
mixed_groupcv_psnr_benefit_V1_logistic_505,mixed_groupcv,psnr_benefit,V1,logistic,505,bsds_183055,synthetic_bsds,,,,0.0,0.0,0.0,1.0,1.949344384424434e-07,0.0003529449252967029,0,4
mixed_groupcv_psnr_benefit_V1_logistic_505,mixed_groupcv,psnr_benefit,V1,logistic,505,bsds_187029,synthetic_bsds,,,,0.0,0.0,0.0,1.0,2.640566177679464e-06,0.0012500653770998922,0,4
mixed_groupcv_psnr_benefit_V1_logistic_505,mixed_groupcv,psnr_benefit,V1,logistic,505,bsds_188063,synthetic_bsds,,,,0.0,0.0,0.0,1.0,4.6998788417009826e-08,0.00020553440877454126,0,4
mixed_groupcv_psnr_benefit_V1_logistic_505,mixed_groupcv,psnr_benefit,V1,logistic,505,bsds_198023,synthetic_bsds,0.6666666666666666,0.9166666666666665,0.5,0.0,0.0,0.0,0.25,0.7492697774940069,0.7495886950098709,3,4
mixed_groupcv_psnr_benefit_V1_logistic_505,mixed_groupcv,psnr_benefit,V1,logistic,505,bsds_198054,synthetic_bsds,,,,0.0,0.0,0.0,1.0,6.894103278025211e-05,0.007453550590589066,0,4
mixed_groupcv_psnr_benefit_V1_logistic_505,mixed_groupcv,psnr_benefit,V1,logistic,505,bsds_20008,synthetic_bsds,,,,0.0,0.0,0.0,1.0,0.000159045484056267,0.00816203667899539,0,4
mixed_groupcv_psnr_benefit_V1_logistic_505,mixed_groupcv,psnr_benefit,V1,logistic,505,bsds_216041,synthetic_bsds,,,,0.0,0.0,0.0,1.0,3.354169533872794e-07,0.00044365589091867785,0,4
mixed_groupcv_psnr_benefit_V1_logistic_505,mixed_groupcv,psnr_benefit,V1,logistic,505,bsds_225017,synthetic_bsds,,,,0.0,0.0,0.0,1.0,6.049097208450325e-06,0.0014860205572923377,0,4
mixed_groupcv_psnr_benefit_V1_logistic_505,mixed_groupcv,psnr_benefit,V1,logistic,505,bsds_23025,synthetic_bsds,,,,0.0,0.0,0.0,1.0,4.5394857440545755e-07,0.0005535535576619199,0,4
mixed_groupcv_psnr_benefit_V1_logistic_505,mixed_groupcv,psnr_benefit,V1,logistic,505,bsds_23080,synthetic_bsds,,,,0.0,0.0,0.0,1.0,4.033703053170232e-05,0.004376733213633108,0,4
mixed_groupcv_psnr_benefit_V1_logistic_505,mixed_groupcv,psnr_benefit,V1,logistic,505,bsds_231015,synthetic_bsds,,,,0.0,0.0,0.0,1.0,8.427166018696341e-08,0.0002611086429160218,0,4
mixed_groupcv_psnr_benefit_V1_logistic_505,mixed_groupcv,psnr_benefit,V1,logistic,505,bsds_236017,synthetic_bsds,,,,0.0,0.0,0.0,1.0,0.0002967623342621676,0.009125023371451494,0,4
mixed_groupcv_psnr_benefit_V1_logistic_505,mixed_groupcv,psnr_benefit,V1,logistic,505,bsds_245051,synthetic_bsds,,,,0.0,0.0,0.0,1.0,1.486152256767898e-07,0.0002627353551069346,0,4
mixed_groupcv_psnr_benefit_V1_logistic_505,mixed_groupcv,psnr_benefit,V1,logistic,505,bsds_246016,synthetic_bsds,,,,0.0,0.0,0.0,1.0,0.00010335065492038464,0.0062298366331063615,0,4
mixed_groupcv_psnr_benefit_V1_logistic_505,mixed_groupcv,psnr_benefit,V1,logistic,505,bsds_249061,synthetic_bsds,,,,0.0,0.0,0.0,1.0,3.9249274583575094e-07,0.0005187715042138336,0,4
mixed_groupcv_psnr_benefit_V1_logistic_505,mixed_groupcv,psnr_benefit,V1,logistic,505,bsds_25098,synthetic_bsds,,,,0.0,0.0,0.0,1.0,6.324223219276068e-07,0.0005165228079701383,0,4
mixed_groupcv_psnr_benefit_V1_logistic_505,mixed_groupcv,psnr_benefit,V1,logistic,505,bsds_253036,synthetic_bsds,,,,0.0,0.0,0.0,1.0,9.107336671584372e-06,0.0028741999635887644,0,4
mixed_groupcv_psnr_benefit_V1_logistic_505,mixed_groupcv,psnr_benefit,V1,logistic,505,bsds_254054,synthetic_bsds,,,,0.0,0.0,0.0,1.0,5.377078356026762e-08,0.0001983480739299315,0,4
mixed_groupcv_psnr_benefit_V1_logistic_505,mixed_groupcv,psnr_benefit,V1,logistic,505,bsds_27059,synthetic_bsds,,,,0.0,0.0,0.0,1.0,9.079232846374815e-07,0.0008238684852449075,0,4
mixed_groupcv_psnr_benefit_V1_logistic_505,mixed_groupcv,psnr_benefit,V1,logistic,505,bsds_271008,synthetic_bsds,,,,0.0,0.0,0.0,1.0,3.0247726415959193e-10,1.4370966054226608e-05,0,4
mixed_groupcv_psnr_benefit_V1_logistic_505,mixed_groupcv,psnr_benefit,V1,logistic,505,bsds_274007,synthetic_bsds,,,,0.0,0.0,0.0,1.0,5.340589520524412e-06,0.0020093014445777737,0,4
mixed_groupcv_psnr_benefit_V1_logistic_505,mixed_groupcv,psnr_benefit,V1,logistic,505,bsds_286092,synthetic_bsds,,,,0.0,0.0,0.0,1.0,6.001331370606014e-07,0.0007543041825791812,0,4
mixed_groupcv_psnr_benefit_V1_logistic_505,mixed_groupcv,psnr_benefit,V1,logistic,505,bsds_309004,synthetic_bsds,,,,0.0,0.0,0.0,1.0,3.6306785626353036e-05,0.004873104971122372,0,4
mixed_groupcv_psnr_benefit_V1_logistic_505,mixed_groupcv,psnr_benefit,V1,logistic,505,bsds_311081,synthetic_bsds,,,,0.0,0.0,0.0,1.0,9.097051884314136e-06,0.0026704651589639613,0,4
mixed_groupcv_psnr_benefit_V1_logistic_505,mixed_groupcv,psnr_benefit,V1,logistic,505,bsds_314016,synthetic_bsds,,,,0.0,0.0,0.0,1.0,3.1272480966681016e-07,0.0005344896197339785,0,4
mixed_groupcv_psnr_benefit_V1_logistic_505,mixed_groupcv,psnr_benefit,V1,logistic,505,bsds_323016,synthetic_bsds,,,,0.0,0.0,0.0,1.0,4.143814422497114e-06,0.0017316656105254204,0,4
mixed_groupcv_psnr_benefit_V1_logistic_505,mixed_groupcv,psnr_benefit,V1,logistic,505,bsds_368078,synthetic_bsds,,,,0.0,0.0,0.0,1.0,3.4279697050530824e-07,0.0004840195646034728,0,4
mixed_groupcv_psnr_benefit_V1_logistic_505,mixed_groupcv,psnr_benefit,V1,logistic,505,bsds_374020,synthetic_bsds,,,,0.0,0.0,0.0,1.0,4.775802814507202e-09,6.17296581794228e-05,0,4
mixed_groupcv_psnr_benefit_V1_logistic_505,mixed_groupcv,psnr_benefit,V1,logistic,505,bsds_385028,synthetic_bsds,,,,0.0,0.0,0.0,1.0,3.327700524697358e-08,0.00016676766712204566,0,4
mixed_groupcv_psnr_benefit_V1_logistic_505,mixed_groupcv,psnr_benefit,V1,logistic,505,bsds_41004,synthetic_bsds,0.33333333333333337,0.3333333333333333,0.5,0.0,0.0,0.0,0.75,0.24997208121470457,0.24974948450441356,1,4
mixed_groupcv_psnr_benefit_V1_logistic_505,mixed_groupcv,psnr_benefit,V1,logistic,505,bsds_45077,synthetic_bsds,,,,0.0,0.0,0.0,1.0,1.9987627350656302e-07,0.0003856475606577977,0,4
mixed_groupcv_psnr_benefit_V1_logistic_505,mixed_groupcv,psnr_benefit,V1,logistic,505,bsds_46076,synthetic_bsds,0.33333333333333337,0.3333333333333333,0.5,0.0,0.0,0.0,0.75,0.24977516003981023,0.24931332177722293,1,4
mixed_groupcv_psnr_benefit_V1_logistic_505,mixed_groupcv,psnr_benefit,V1,logistic,505,bsds_59078,synthetic_bsds,,,,0.0,0.0,0.0,1.0,1.3422186430477532e-06,0.0010447622840043715,0,4
mixed_groupcv_psnr_benefit_V1_logistic_505,mixed_groupcv,psnr_benefit,V1,logistic,505,bsds_61086,synthetic_bsds,,,,0.0,0.0,0.0,1.0,6.093107480687079e-07,0.0005996371408723822,0,4
mixed_groupcv_psnr_benefit_V1_logistic_505,mixed_groupcv,psnr_benefit,V1,logistic,505,bsds_76002,synthetic_bsds,,,,0.0,0.0,0.0,1.0,8.044402110803775e-08,0.0002622711292468474,0,4
mixed_groupcv_psnr_benefit_V1_logistic_505,mixed_groupcv,psnr_benefit,V1,logistic,505,bsds_80099,synthetic_bsds,,,,0.0,0.0,0.0,1.0,6.423370196445984e-08,0.00018315696860561614,0,4
mixed_groupcv_psnr_benefit_V1_logistic_505,mixed_groupcv,psnr_benefit,V1,logistic,505,bsds_92059,synthetic_bsds,,,,0.0,0.0,0.0,1.0,3.0204519256943035e-07,0.00047200349420586376,0,4
mixed_groupcv_psnr_benefit_V1_mlp_505,mixed_groupcv,psnr_benefit,V1,mlp,505,case1,real_csig,,,,0.0,0.0,0.0,1.0,0.020693598981004122,0.1375917597518613,0,192
mixed_groupcv_psnr_benefit_V1_mlp_505,mixed_groupcv,psnr_benefit,V1,mlp,505,case2,real_csig,0.7868421052631579,0.03522727272727273,0.5,0.0,0.0,0.0,0.9895833333333334,0.029490726058545195,0.13107472974418974,2,192
mixed_groupcv_psnr_benefit_V1_mlp_505,mixed_groupcv,psnr_benefit,V1,mlp,505,case3,real_csig,,,,0.0,0.0,0.0,1.0,0.03453948088918916,0.1665509738959372,0,192
mixed_groupcv_psnr_benefit_V1_mlp_505,mixed_groupcv,psnr_benefit,V1,mlp,505,case4,real_csig,,,,0.0,0.0,0.0,1.0,0.03897975468633832,0.19125555447923642,0,192
mixed_groupcv_psnr_benefit_V1_mlp_505,mixed_groupcv,psnr_benefit,V1,mlp,505,case5,real_csig,0.3333333333333333,0.025804176038529025,0.5,0.0,0.0,0.0,0.96875,0.06205967328256546,0.15950147229402017,6,192
mixed_groupcv_psnr_benefit_V1_mlp_505,mixed_groupcv,psnr_benefit,V1,mlp,505,bsds_100098,synthetic_bsds,,,,0.0,0.0,0.0,1.0,0.057295951798282785,0.22499623522162437,0,4
mixed_groupcv_psnr_benefit_V1_mlp_505,mixed_groupcv,psnr_benefit,V1,mlp,505,bsds_106025,synthetic_bsds,,,,0.0,0.0,0.0,1.0,0.08449259967842204,0.28819893300533295,0,4
mixed_groupcv_psnr_benefit_V1_mlp_505,mixed_groupcv,psnr_benefit,V1,mlp,505,bsds_112082,synthetic_bsds,,,,0.0,0.0,0.0,1.0,0.023788967069780342,0.15149113908410072,0,4
mixed_groupcv_psnr_benefit_V1_mlp_505,mixed_groupcv,psnr_benefit,V1,mlp,505,bsds_138078,synthetic_bsds,,,,0.0,0.0,0.0,1.0,0.05700523230110838,0.23268785700201988,0,4
mixed_groupcv_psnr_benefit_V1_mlp_505,mixed_groupcv,psnr_benefit,V1,mlp,505,bsds_140055,synthetic_bsds,,,,0.0,0.0,0.0,1.0,0.08129430794899611,0.283883947879076,0,4
mixed_groupcv_psnr_benefit_V1_mlp_505,mixed_groupcv,psnr_benefit,V1,mlp,505,bsds_147021,synthetic_bsds,,,,0.0,0.0,0.0,1.0,0.09595700917158512,0.29888178408145905,0,4
mixed_groupcv_psnr_benefit_V1_mlp_505,mixed_groupcv,psnr_benefit,V1,mlp,505,bsds_153077,synthetic_bsds,,,,0.0,0.0,0.0,1.0,0.038438672123327744,0.19491100311279297,0,4
mixed_groupcv_psnr_benefit_V1_mlp_505,mixed_groupcv,psnr_benefit,V1,mlp,505,bsds_159029,synthetic_bsds,,,,0.0,0.0,0.0,1.0,0.06585656415634733,0.2522324249148369,0,4
mixed_groupcv_psnr_benefit_V1_mlp_505,mixed_groupcv,psnr_benefit,V1,mlp,505,bsds_159045,synthetic_bsds,,,,0.0,0.0,0.0,1.0,0.062085715452218526,0.2437964826822281,0,4
mixed_groupcv_psnr_benefit_V1_mlp_505,mixed_groupcv,psnr_benefit,V1,mlp,505,bsds_159091,synthetic_bsds,,,,0.0,0.0,0.0,1.0,0.027044346919869622,0.16294344887137413,0,4
mixed_groupcv_psnr_benefit_V1_mlp_505,mixed_groupcv,psnr_benefit,V1,mlp,505,bsds_164074,synthetic_bsds,,,,0.0,0.0,0.0,1.0,0.09390696994588327,0.2928269989788532,0,4
mixed_groupcv_psnr_benefit_V1_mlp_505,mixed_groupcv,psnr_benefit,V1,mlp,505,bsds_166081,synthetic_bsds,,,,0.0,0.0,0.0,1.0,0.008093347985838911,0.08851123228669167,0,4
mixed_groupcv_psnr_benefit_V1_mlp_505,mixed_groupcv,psnr_benefit,V1,mlp,505,bsds_176039,synthetic_bsds,,,,0.0,0.0,0.0,1.0,0.12775457534510237,0.3537466451525688,0,4
mixed_groupcv_psnr_benefit_V1_mlp_505,mixed_groupcv,psnr_benefit,V1,mlp,505,bsds_183055,synthetic_bsds,,,,0.0,0.0,0.0,1.0,0.040495296874394016,0.19538133591413498,0,4
mixed_groupcv_psnr_benefit_V1_mlp_505,mixed_groupcv,psnr_benefit,V1,mlp,505,bsds_187029,synthetic_bsds,,,,0.0,0.0,0.0,1.0,0.03385622311543951,0.1833280585706234,0,4
mixed_groupcv_psnr_benefit_V1_mlp_505,mixed_groupcv,psnr_benefit,V1,mlp,505,bsds_188063,synthetic_bsds,,,,0.0,0.0,0.0,1.0,0.06059476243254247,0.2430860847234726,0,4
mixed_groupcv_psnr_benefit_V1_mlp_505,mixed_groupcv,psnr_benefit,V1,mlp,505,bsds_198023,synthetic_bsds,0.3333333333333333,0.8055555555555556,0.5,0.0,0.0,0.0,0.25,0.49723600974656185,0.6596692390739918,3,4
mixed_groupcv_psnr_benefit_V1_mlp_505,mixed_groupcv,psnr_benefit,V1,mlp,505,bsds_198054,synthetic_bsds,,,,0.0,0.0,0.0,1.0,0.13828503862501546,0.3570174314081669,0,4
mixed_groupcv_psnr_benefit_V1_mlp_505,mixed_groupcv,psnr_benefit,V1,mlp,505,bsds_20008,synthetic_bsds,,,,0.0,0.0,0.0,1.0,0.08099820143449793,0.27972444519400597,0,4
mixed_groupcv_psnr_benefit_V1_mlp_505,mixed_groupcv,psnr_benefit,V1,mlp,505,bsds_216041,synthetic_bsds,,,,0.0,0.0,0.0,1.0,0.03145211580585977,0.17638329789042473,0,4
mixed_groupcv_psnr_benefit_V1_mlp_505,mixed_groupcv,psnr_benefit,V1,mlp,505,bsds_225017,synthetic_bsds,,,,0.0,0.0,0.0,1.0,0.05353797632735324,0.22626284509897232,0,4
mixed_groupcv_psnr_benefit_V1_mlp_505,mixed_groupcv,psnr_benefit,V1,mlp,505,bsds_23025,synthetic_bsds,,,,0.0,0.0,0.0,1.0,0.03773979118620013,0.19152983650565147,0,4
mixed_groupcv_psnr_benefit_V1_mlp_505,mixed_groupcv,psnr_benefit,V1,mlp,505,bsds_23080,synthetic_bsds,,,,0.0,0.0,0.0,1.0,0.034110424094698666,0.1756787821650505,0,4
mixed_groupcv_psnr_benefit_V1_mlp_505,mixed_groupcv,psnr_benefit,V1,mlp,505,bsds_231015,synthetic_bsds,,,,0.0,0.0,0.0,1.0,0.011342817828180432,0.10153876058757305,0,4
mixed_groupcv_psnr_benefit_V1_mlp_505,mixed_groupcv,psnr_benefit,V1,mlp,505,bsds_236017,synthetic_bsds,,,,0.0,0.0,0.0,1.0,0.12608721252864497,0.3475099354982376,0,4
mixed_groupcv_psnr_benefit_V1_mlp_505,mixed_groupcv,psnr_benefit,V1,mlp,505,bsds_245051,synthetic_bsds,,,,0.0,0.0,0.0,1.0,0.07490024209946605,0.2669554762542248,0,4
mixed_groupcv_psnr_benefit_V1_mlp_505,mixed_groupcv,psnr_benefit,V1,mlp,505,bsds_246016,synthetic_bsds,,,,0.0,0.0,0.0,1.0,0.030581153723226284,0.16911185160279274,0,4
mixed_groupcv_psnr_benefit_V1_mlp_505,mixed_groupcv,psnr_benefit,V1,mlp,505,bsds_249061,synthetic_bsds,,,,0.0,0.0,0.0,1.0,0.040170712247487195,0.200127262622118,0,4
mixed_groupcv_psnr_benefit_V1_mlp_505,mixed_groupcv,psnr_benefit,V1,mlp,505,bsds_25098,synthetic_bsds,,,,0.0,0.0,0.0,1.0,0.07502565146823842,0.2645915187895298,0,4
mixed_groupcv_psnr_benefit_V1_mlp_505,mixed_groupcv,psnr_benefit,V1,mlp,505,bsds_253036,synthetic_bsds,,,,0.0,0.0,0.0,1.0,0.06930371854974182,0.2628912851214409,0,4
mixed_groupcv_psnr_benefit_V1_mlp_505,mixed_groupcv,psnr_benefit,V1,mlp,505,bsds_254054,synthetic_bsds,,,,0.0,0.0,0.0,1.0,0.03682772063762607,0.18771912157535553,0,4
mixed_groupcv_psnr_benefit_V1_mlp_505,mixed_groupcv,psnr_benefit,V1,mlp,505,bsds_27059,synthetic_bsds,,,,0.0,0.0,0.0,1.0,0.03710471857906722,0.18601135537028313,0,4
mixed_groupcv_psnr_benefit_V1_mlp_505,mixed_groupcv,psnr_benefit,V1,mlp,505,bsds_271008,synthetic_bsds,,,,0.0,0.0,0.0,1.0,0.007274582608732566,0.07731443643569946,0,4
mixed_groupcv_psnr_benefit_V1_mlp_505,mixed_groupcv,psnr_benefit,V1,mlp,505,bsds_274007,synthetic_bsds,,,,0.0,0.0,0.0,1.0,0.06051636300665353,0.2399083450436592,0,4
mixed_groupcv_psnr_benefit_V1_mlp_505,mixed_groupcv,psnr_benefit,V1,mlp,505,bsds_286092,synthetic_bsds,,,,0.0,0.0,0.0,1.0,0.14618746008005035,0.37797392904758453,0,4
mixed_groupcv_psnr_benefit_V1_mlp_505,mixed_groupcv,psnr_benefit,V1,mlp,505,bsds_309004,synthetic_bsds,,,,0.0,0.0,0.0,1.0,0.07085727824021038,0.25641804188489914,0,4
mixed_groupcv_psnr_benefit_V1_mlp_505,mixed_groupcv,psnr_benefit,V1,mlp,505,bsds_311081,synthetic_bsds,,,,0.0,0.0,0.0,1.0,0.03540718916558677,0.18241329863667488,0,4
mixed_groupcv_psnr_benefit_V1_mlp_505,mixed_groupcv,psnr_benefit,V1,mlp,505,bsds_314016,synthetic_bsds,,,,0.0,0.0,0.0,1.0,0.08749912322120218,0.2945372499525547,0,4
mixed_groupcv_psnr_benefit_V1_mlp_505,mixed_groupcv,psnr_benefit,V1,mlp,505,bsds_323016,synthetic_bsds,,,,0.0,0.0,0.0,1.0,0.05627869790354689,0.23380175232887268,0,4
mixed_groupcv_psnr_benefit_V1_mlp_505,mixed_groupcv,psnr_benefit,V1,mlp,505,bsds_368078,synthetic_bsds,,,,0.0,0.0,0.0,1.0,0.04260198291364037,0.20076123625040054,0,4
mixed_groupcv_psnr_benefit_V1_mlp_505,mixed_groupcv,psnr_benefit,V1,mlp,505,bsds_374020,synthetic_bsds,,,,0.0,0.0,0.0,1.0,0.034769302686278813,0.18416596576571465,0,4
mixed_groupcv_psnr_benefit_V1_mlp_505,mixed_groupcv,psnr_benefit,V1,mlp,505,bsds_385028,synthetic_bsds,,,,0.0,0.0,0.0,1.0,0.052700551368857484,0.22426283732056618,0,4
mixed_groupcv_psnr_benefit_V1_mlp_505,mixed_groupcv,psnr_benefit,V1,mlp,505,bsds_41004,synthetic_bsds,0.6666666666666667,0.5,0.5,0.0,0.0,0.0,0.75,0.19250135403406404,0.10638036951422691,1,4
mixed_groupcv_psnr_benefit_V1_mlp_505,mixed_groupcv,psnr_benefit,V1,mlp,505,bsds_45077,synthetic_bsds,,,,0.0,0.0,0.0,1.0,0.12825406292710295,0.35729850083589554,0,4
mixed_groupcv_psnr_benefit_V1_mlp_505,mixed_groupcv,psnr_benefit,V1,mlp,505,bsds_46076,synthetic_bsds,0.6666666666666667,0.5,0.5,0.0,0.0,0.0,0.75,0.19169314773576174,0.14060290157794952,1,4
mixed_groupcv_psnr_benefit_V1_mlp_505,mixed_groupcv,psnr_benefit,V1,mlp,505,bsds_59078,synthetic_bsds,,,,0.0,0.0,0.0,1.0,0.08183522209545246,0.264356791973114,0,4
mixed_groupcv_psnr_benefit_V1_mlp_505,mixed_groupcv,psnr_benefit,V1,mlp,505,bsds_61086,synthetic_bsds,,,,0.0,0.0,0.0,1.0,0.0536949598778787,0.22482411935925484,0,4
mixed_groupcv_psnr_benefit_V1_mlp_505,mixed_groupcv,psnr_benefit,V1,mlp,505,bsds_76002,synthetic_bsds,,,,0.0,0.0,0.0,1.0,0.02556192848524852,0.15674787759780884,0,4
mixed_groupcv_psnr_benefit_V1_mlp_505,mixed_groupcv,psnr_benefit,V1,mlp,505,bsds_80099,synthetic_bsds,,,,0.0,0.0,0.0,1.0,0.03777319424348963,0.1887696348130703,0,4
mixed_groupcv_psnr_benefit_V1_mlp_505,mixed_groupcv,psnr_benefit,V1,mlp,505,bsds_92059,synthetic_bsds,,,,0.0,0.0,0.0,1.0,0.058379315318908664,0.21778414770960808,0,4
mixed_groupcv_psnr_benefit_V1_mlp_506,mixed_groupcv,psnr_benefit,V1,mlp,506,case1,real_csig,,,,0.0,0.0,0.0,1.0,0.00396958194010596,0.05959953274577856,0,192
mixed_groupcv_psnr_benefit_V1_mlp_506,mixed_groupcv,psnr_benefit,V1,mlp,506,case2,real_csig,0.7631578947368421,0.03194444444444444,0.5,0.0,0.0,0.0,0.9895833333333334,0.0178575617971196,0.07887851497313629,2,192
mixed_groupcv_psnr_benefit_V1_mlp_506,mixed_groupcv,psnr_benefit,V1,mlp,506,case3,real_csig,,,,0.0,0.0,0.0,1.0,0.021230706986270612,0.1252530251610248,0,192
mixed_groupcv_psnr_benefit_V1_mlp_506,mixed_groupcv,psnr_benefit,V1,mlp,506,case4,real_csig,,,,0.0,0.0,0.0,1.0,0.03311586160155657,0.16502033837605268,0,192
mixed_groupcv_psnr_benefit_V1_mlp_506,mixed_groupcv,psnr_benefit,V1,mlp,506,case5,real_csig,0.2921146953405018,0.024439125565624747,0.5,0.0,0.0,0.0,0.96875,0.035578704424400226,0.04336119635263458,6,192
mixed_groupcv_psnr_benefit_V1_mlp_506,mixed_groupcv,psnr_benefit,V1,mlp,506,bsds_100098,synthetic_bsds,,,,0.0,0.0,0.0,1.0,0.05364907735961483,0.20359879359602928,0,4
mixed_groupcv_psnr_benefit_V1_mlp_506,mixed_groupcv,psnr_benefit,V1,mlp,506,bsds_106025,synthetic_bsds,,,,0.0,0.0,0.0,1.0,0.057982053357476304,0.23184765875339508,0,4
mixed_groupcv_psnr_benefit_V1_mlp_506,mixed_groupcv,psnr_benefit,V1,mlp,506,bsds_112082,synthetic_bsds,,,,0.0,0.0,0.0,1.0,0.04913542758101308,0.2183329164981842,0,4
mixed_groupcv_psnr_benefit_V1_mlp_506,mixed_groupcv,psnr_benefit,V1,mlp,506,bsds_138078,synthetic_bsds,,,,0.0,0.0,0.0,1.0,0.04092190757540204,0.19851433485746384,0,4
mixed_groupcv_psnr_benefit_V1_mlp_506,mixed_groupcv,psnr_benefit,V1,mlp,506,bsds_140055,synthetic_bsds,,,,0.0,0.0,0.0,1.0,0.0331275851794946,0.18021955713629723,0,4
mixed_groupcv_psnr_benefit_V1_mlp_506,mixed_groupcv,psnr_benefit,V1,mlp,506,bsds_147021,synthetic_bsds,,,,0.0,0.0,0.0,1.0,0.08437923189810637,0.2671191692352295,0,4
mixed_groupcv_psnr_benefit_V1_mlp_506,mixed_groupcv,psnr_benefit,V1,mlp,506,bsds_153077,synthetic_bsds,,,,0.0,0.0,0.0,1.0,0.04037723369938451,0.19672008603811264,0,4
mixed_groupcv_psnr_benefit_V1_mlp_506,mixed_groupcv,psnr_benefit,V1,mlp,506,bsds_159029,synthetic_bsds,,,,0.0,0.0,0.0,1.0,0.05222433801238485,0.22684652730822563,0,4
mixed_groupcv_psnr_benefit_V1_mlp_506,mixed_groupcv,psnr_benefit,V1,mlp,506,bsds_159045,synthetic_bsds,,,,0.0,0.0,0.0,1.0,0.031012191428189784,0.1682831346988678,0,4
mixed_groupcv_psnr_benefit_V1_mlp_506,mixed_groupcv,psnr_benefit,V1,mlp,506,bsds_159091,synthetic_bsds,,,,0.0,0.0,0.0,1.0,0.036344257276417935,0.17783408239483833,0,4
mixed_groupcv_psnr_benefit_V1_mlp_506,mixed_groupcv,psnr_benefit,V1,mlp,506,bsds_164074,synthetic_bsds,,,,0.0,0.0,0.0,1.0,0.09798725141880249,0.30917951464653015,0,4
mixed_groupcv_psnr_benefit_V1_mlp_506,mixed_groupcv,psnr_benefit,V1,mlp,506,bsds_166081,synthetic_bsds,,,,0.0,0.0,0.0,1.0,0.0234937884055927,0.1493199747055769,0,4
mixed_groupcv_psnr_benefit_V1_mlp_506,mixed_groupcv,psnr_benefit,V1,mlp,506,bsds_176039,synthetic_bsds,,,,0.0,0.0,0.0,1.0,0.05891796235231661,0.23753772675991058,0,4
mixed_groupcv_psnr_benefit_V1_mlp_506,mixed_groupcv,psnr_benefit,V1,mlp,506,bsds_183055,synthetic_bsds,,,,0.0,0.0,0.0,1.0,0.040672421879779874,0.18339471891522408,0,4
mixed_groupcv_psnr_benefit_V1_mlp_506,mixed_groupcv,psnr_benefit,V1,mlp,506,bsds_187029,synthetic_bsds,,,,0.0,0.0,0.0,1.0,0.02795285674717024,0.16395490989089012,0,4
mixed_groupcv_psnr_benefit_V1_mlp_506,mixed_groupcv,psnr_benefit,V1,mlp,506,bsds_188063,synthetic_bsds,,,,0.0,0.0,0.0,1.0,0.03513753265592662,0.17806920781731606,0,4
mixed_groupcv_psnr_benefit_V1_mlp_506,mixed_groupcv,psnr_benefit,V1,mlp,506,bsds_198023,synthetic_bsds,0.3333333333333333,0.8055555555555556,0.5,0.0,0.0,0.0,0.25,0.5123629914028318,0.6646438539028168,3,4
mixed_groupcv_psnr_benefit_V1_mlp_506,mixed_groupcv,psnr_benefit,V1,mlp,506,bsds_198054,synthetic_bsds,,,,0.0,0.0,0.0,1.0,0.16708809303778854,0.3936385177075863,0,4
mixed_groupcv_psnr_benefit_V1_mlp_506,mixed_groupcv,psnr_benefit,V1,mlp,506,bsds_20008,synthetic_bsds,,,,0.0,0.0,0.0,1.0,0.04714440203514943,0.2082423958927393,0,4
mixed_groupcv_psnr_benefit_V1_mlp_506,mixed_groupcv,psnr_benefit,V1,mlp,506,bsds_216041,synthetic_bsds,,,,0.0,0.0,0.0,1.0,0.02991268958688925,0.1697467379271984,0,4
mixed_groupcv_psnr_benefit_V1_mlp_506,mixed_groupcv,psnr_benefit,V1,mlp,506,bsds_225017,synthetic_bsds,,,,0.0,0.0,0.0,1.0,0.011418711444086418,0.10272912867367268,0,4
mixed_groupcv_psnr_benefit_V1_mlp_506,mixed_groupcv,psnr_benefit,V1,mlp,506,bsds_23025,synthetic_bsds,,,,0.0,0.0,0.0,1.0,0.015536713292891205,0.11708775721490383,0,4
mixed_groupcv_psnr_benefit_V1_mlp_506,mixed_groupcv,psnr_benefit,V1,mlp,506,bsds_23080,synthetic_bsds,,,,0.0,0.0,0.0,1.0,0.050793863162716835,0.21551117300987244,0,4
mixed_groupcv_psnr_benefit_V1_mlp_506,mixed_groupcv,psnr_benefit,V1,mlp,506,bsds_231015,synthetic_bsds,,,,0.0,0.0,0.0,1.0,0.027821875884516914,0.1556288953870535,0,4
mixed_groupcv_psnr_benefit_V1_mlp_506,mixed_groupcv,psnr_benefit,V1,mlp,506,bsds_236017,synthetic_bsds,,,,0.0,0.0,0.0,1.0,0.06030833615212472,0.23838362097740173,0,4
mixed_groupcv_psnr_benefit_V1_mlp_506,mixed_groupcv,psnr_benefit,V1,mlp,506,bsds_245051,synthetic_bsds,,,,0.0,0.0,0.0,1.0,0.08127402318203086,0.27969324961304665,0,4
mixed_groupcv_psnr_benefit_V1_mlp_506,mixed_groupcv,psnr_benefit,V1,mlp,506,bsds_246016,synthetic_bsds,,,,0.0,0.0,0.0,1.0,0.005592698874840471,0.072638975456357,0,4
mixed_groupcv_psnr_benefit_V1_mlp_506,mixed_groupcv,psnr_benefit,V1,mlp,506,bsds_249061,synthetic_bsds,,,,0.0,0.0,0.0,1.0,0.0326652043228669,0.17991983145475388,0,4
mixed_groupcv_psnr_benefit_V1_mlp_506,mixed_groupcv,psnr_benefit,V1,mlp,506,bsds_25098,synthetic_bsds,,,,0.0,0.0,0.0,1.0,0.06819825466055274,0.2583702355623245,0,4
mixed_groupcv_psnr_benefit_V1_mlp_506,mixed_groupcv,psnr_benefit,V1,mlp,506,bsds_253036,synthetic_bsds,,,,0.0,0.0,0.0,1.0,0.13468160790273798,0.3659895211458206,0,4
mixed_groupcv_psnr_benefit_V1_mlp_506,mixed_groupcv,psnr_benefit,V1,mlp,506,bsds_254054,synthetic_bsds,,,,0.0,0.0,0.0,1.0,0.01763200063474392,0.1299364883452654,0,4
mixed_groupcv_psnr_benefit_V1_mlp_506,mixed_groupcv,psnr_benefit,V1,mlp,506,bsds_27059,synthetic_bsds,,,,0.0,0.0,0.0,1.0,0.022718536492612906,0.14756260067224503,0,4
mixed_groupcv_psnr_benefit_V1_mlp_506,mixed_groupcv,psnr_benefit,V1,mlp,506,bsds_271008,synthetic_bsds,,,,0.0,0.0,0.0,1.0,0.01845764228189875,0.1222173422574997,0,4
mixed_groupcv_psnr_benefit_V1_mlp_506,mixed_groupcv,psnr_benefit,V1,mlp,506,bsds_274007,synthetic_bsds,,,,0.0,0.0,0.0,1.0,0.04640363406064518,0.21471301466226578,0,4
mixed_groupcv_psnr_benefit_V1_mlp_506,mixed_groupcv,psnr_benefit,V1,mlp,506,bsds_286092,synthetic_bsds,,,,0.0,0.0,0.0,1.0,0.07437151487970683,0.252441368997097,0,4
mixed_groupcv_psnr_benefit_V1_mlp_506,mixed_groupcv,psnr_benefit,V1,mlp,506,bsds_309004,synthetic_bsds,,,,0.0,0.0,0.0,1.0,0.06316691047766071,0.24708695337176323,0,4
mixed_groupcv_psnr_benefit_V1_mlp_506,mixed_groupcv,psnr_benefit,V1,mlp,506,bsds_311081,synthetic_bsds,,,,0.0,0.0,0.0,1.0,0.061223748392359445,0.2423531338572502,0,4
mixed_groupcv_psnr_benefit_V1_mlp_506,mixed_groupcv,psnr_benefit,V1,mlp,506,bsds_314016,synthetic_bsds,,,,0.0,0.0,0.0,1.0,0.02832906350202752,0.16598642244935036,0,4
mixed_groupcv_psnr_benefit_V1_mlp_506,mixed_groupcv,psnr_benefit,V1,mlp,506,bsds_323016,synthetic_bsds,,,,0.0,0.0,0.0,1.0,0.07049863663622685,0.2599644176661968,0,4
mixed_groupcv_psnr_benefit_V1_mlp_506,mixed_groupcv,psnr_benefit,V1,mlp,506,bsds_368078,synthetic_bsds,,,,0.0,0.0,0.0,1.0,0.02428244489727932,0.14960207417607307,0,4
mixed_groupcv_psnr_benefit_V1_mlp_506,mixed_groupcv,psnr_benefit,V1,mlp,506,bsds_374020,synthetic_bsds,,,,0.0,0.0,0.0,1.0,0.008013374035176962,0.08835361897945404,0,4
mixed_groupcv_psnr_benefit_V1_mlp_506,mixed_groupcv,psnr_benefit,V1,mlp,506,bsds_385028,synthetic_bsds,,,,0.0,0.0,0.0,1.0,0.05171908314965712,0.2142823413014412,0,4
mixed_groupcv_psnr_benefit_V1_mlp_506,mixed_groupcv,psnr_benefit,V1,mlp,506,bsds_41004,synthetic_bsds,0.0,0.25,0.5,0.0,0.0,0.0,0.75,0.2119310975551939,0.20291803777217862,1,4
mixed_groupcv_psnr_benefit_V1_mlp_506,mixed_groupcv,psnr_benefit,V1,mlp,506,bsds_45077,synthetic_bsds,,,,0.0,0.0,0.0,1.0,0.04035235873414622,0.1967931166291237,0,4
mixed_groupcv_psnr_benefit_V1_mlp_506,mixed_groupcv,psnr_benefit,V1,mlp,506,bsds_46076,synthetic_bsds,0.33333333333333337,0.3333333333333333,0.5,0.0,0.0,0.0,0.75,0.22747721292378795,0.24106696154922247,1,4
mixed_groupcv_psnr_benefit_V1_mlp_506,mixed_groupcv,psnr_benefit,V1,mlp,506,bsds_59078,synthetic_bsds,,,,0.0,0.0,0.0,1.0,0.04626080104776309,0.20504259318113327,0,4
mixed_groupcv_psnr_benefit_V1_mlp_506,mixed_groupcv,psnr_benefit,V1,mlp,506,bsds_61086,synthetic_bsds,,,,0.0,0.0,0.0,1.0,0.02315307984522852,0.14632850885391235,0,4
mixed_groupcv_psnr_benefit_V1_mlp_506,mixed_groupcv,psnr_benefit,V1,mlp,506,bsds_76002,synthetic_bsds,,,,0.0,0.0,0.0,1.0,0.02618236952469251,0.15723944641649723,0,4
mixed_groupcv_psnr_benefit_V1_mlp_506,mixed_groupcv,psnr_benefit,V1,mlp,506,bsds_80099,synthetic_bsds,,,,0.0,0.0,0.0,1.0,0.01799799369325157,0.13225855119526386,0,4
mixed_groupcv_psnr_benefit_V1_mlp_506,mixed_groupcv,psnr_benefit,V1,mlp,506,bsds_92059,synthetic_bsds,,,,0.0,0.0,0.0,1.0,0.00748154970459472,0.0816761702299118,0,4
mixed_groupcv_psnr_benefit_V1_mlp_507,mixed_groupcv,psnr_benefit,V1,mlp,507,case1,real_csig,,,,0.0,0.0,0.0,1.0,0.01780677346193754,0.12868377232613662,0,192
mixed_groupcv_psnr_benefit_V1_mlp_507,mixed_groupcv,psnr_benefit,V1,mlp,507,case2,real_csig,0.8184210526315789,0.046296296296296294,0.5,0.0,0.0,0.0,0.9895833333333334,0.04849043298761127,0.1906818907009438,2,192
mixed_groupcv_psnr_benefit_V1_mlp_507,mixed_groupcv,psnr_benefit,V1,mlp,507,case3,real_csig,,,,0.0,0.0,0.0,1.0,0.042548716316090175,0.1954131234282007,0,192
mixed_groupcv_psnr_benefit_V1_mlp_507,mixed_groupcv,psnr_benefit,V1,mlp,507,case4,real_csig,,,,0.0,0.0,0.0,1.0,0.08967059494042412,0.29243938919777673,0,192
mixed_groupcv_psnr_benefit_V1_mlp_507,mixed_groupcv,psnr_benefit,V1,mlp,507,case5,real_csig,0.4426523297491039,0.033013207416612865,0.4946236559139785,0.0,0.0,0.0,0.9583333333333334,0.09023253590112405,0.2308349156519398,6,192
mixed_groupcv_psnr_benefit_V1_mlp_507,mixed_groupcv,psnr_benefit,V1,mlp,507,bsds_100098,synthetic_bsds,,,,0.0,0.0,0.0,1.0,0.12542143484160628,0.348115973174572,0,4
mixed_groupcv_psnr_benefit_V1_mlp_507,mixed_groupcv,psnr_benefit,V1,mlp,507,bsds_106025,synthetic_bsds,,,,0.0,0.0,0.0,1.0,0.11136754594525078,0.32765747606754303,0,4
mixed_groupcv_psnr_benefit_V1_mlp_507,mixed_groupcv,psnr_benefit,V1,mlp,507,bsds_112082,synthetic_bsds,,,,0.0,0.0,0.0,1.0,0.07756381648933597,0.27807437628507614,0,4
mixed_groupcv_psnr_benefit_V1_mlp_507,mixed_groupcv,psnr_benefit,V1,mlp,507,bsds_138078,synthetic_bsds,,,,0.0,0.0,0.0,1.0,0.09557952894431909,0.30768150836229324,0,4
mixed_groupcv_psnr_benefit_V1_mlp_507,mixed_groupcv,psnr_benefit,V1,mlp,507,bsds_140055,synthetic_bsds,,,,0.0,0.0,0.0,1.0,0.0728833845443731,0.26849211379885674,0,4
mixed_groupcv_psnr_benefit_V1_mlp_507,mixed_groupcv,psnr_benefit,V1,mlp,507,bsds_147021,synthetic_bsds,,,,0.0,0.0,0.0,1.0,0.09589366365008622,0.29989099502563477,0,4
mixed_groupcv_psnr_benefit_V1_mlp_507,mixed_groupcv,psnr_benefit,V1,mlp,507,bsds_153077,synthetic_bsds,,,,0.0,0.0,0.0,1.0,0.07191463229774164,0.2636821120977402,0,4
mixed_groupcv_psnr_benefit_V1_mlp_507,mixed_groupcv,psnr_benefit,V1,mlp,507,bsds_159029,synthetic_bsds,,,,0.0,0.0,0.0,1.0,0.14369592706125256,0.3745942786335945,0,4
mixed_groupcv_psnr_benefit_V1_mlp_507,mixed_groupcv,psnr_benefit,V1,mlp,507,bsds_159045,synthetic_bsds,,,,0.0,0.0,0.0,1.0,0.1311553181750056,0.3606001138687134,0,4
mixed_groupcv_psnr_benefit_V1_mlp_507,mixed_groupcv,psnr_benefit,V1,mlp,507,bsds_159091,synthetic_bsds,,,,0.0,0.0,0.0,1.0,0.09251898675333226,0.3014170005917549,0,4
mixed_groupcv_psnr_benefit_V1_mlp_507,mixed_groupcv,psnr_benefit,V1,mlp,507,bsds_164074,synthetic_bsds,,,,0.0,0.0,0.0,1.0,0.14738574671163795,0.37767162173986435,0,4
mixed_groupcv_psnr_benefit_V1_mlp_507,mixed_groupcv,psnr_benefit,V1,mlp,507,bsds_166081,synthetic_bsds,,,,0.0,0.0,0.0,1.0,0.09377320381763043,0.2889869660139084,0,4
mixed_groupcv_psnr_benefit_V1_mlp_507,mixed_groupcv,psnr_benefit,V1,mlp,507,bsds_176039,synthetic_bsds,,,,0.0,0.0,0.0,1.0,0.1371900480373811,0.36901193857192993,0,4
mixed_groupcv_psnr_benefit_V1_mlp_507,mixed_groupcv,psnr_benefit,V1,mlp,507,bsds_183055,synthetic_bsds,,,,0.0,0.0,0.0,1.0,0.061699379874006754,0.2466089278459549,0,4
mixed_groupcv_psnr_benefit_V1_mlp_507,mixed_groupcv,psnr_benefit,V1,mlp,507,bsds_187029,synthetic_bsds,,,,0.0,0.0,0.0,1.0,0.10845766398811785,0.326774924993515,0,4
mixed_groupcv_psnr_benefit_V1_mlp_507,mixed_groupcv,psnr_benefit,V1,mlp,507,bsds_188063,synthetic_bsds,,,,0.0,0.0,0.0,1.0,0.1280360037833046,0.3512110114097595,0,4
mixed_groupcv_psnr_benefit_V1_mlp_507,mixed_groupcv,psnr_benefit,V1,mlp,507,bsds_198023,synthetic_bsds,1.0,1.0,0.5,0.0,0.0,0.0,0.25,0.3512599604529272,0.5644734501838684,3,4
mixed_groupcv_psnr_benefit_V1_mlp_507,mixed_groupcv,psnr_benefit,V1,mlp,507,bsds_198054,synthetic_bsds,,,,0.0,0.0,0.0,0.5,0.28352824079967953,0.5273838564753532,0,4
mixed_groupcv_psnr_benefit_V1_mlp_507,mixed_groupcv,psnr_benefit,V1,mlp,507,bsds_20008,synthetic_bsds,,,,0.0,0.0,0.0,1.0,0.15907814547386434,0.39134474843740463,0,4
mixed_groupcv_psnr_benefit_V1_mlp_507,mixed_groupcv,psnr_benefit,V1,mlp,507,bsds_216041,synthetic_bsds,,,,0.0,0.0,0.0,1.0,0.11151492218303322,0.32761257514357567,0,4
mixed_groupcv_psnr_benefit_V1_mlp_507,mixed_groupcv,psnr_benefit,V1,mlp,507,bsds_225017,synthetic_bsds,,,,0.0,0.0,0.0,1.0,0.07333979087527359,0.26416734978556633,0,4
mixed_groupcv_psnr_benefit_V1_mlp_507,mixed_groupcv,psnr_benefit,V1,mlp,507,bsds_23025,synthetic_bsds,,,,0.0,0.0,0.0,1.0,0.12331783310881783,0.34222980588674545,0,4
mixed_groupcv_psnr_benefit_V1_mlp_507,mixed_groupcv,psnr_benefit,V1,mlp,507,bsds_23080,synthetic_bsds,,,,0.0,0.0,0.0,1.0,0.10950287539282422,0.3256220296025276,0,4
mixed_groupcv_psnr_benefit_V1_mlp_507,mixed_groupcv,psnr_benefit,V1,mlp,507,bsds_231015,synthetic_bsds,,,,0.0,0.0,0.0,1.0,0.10834478663293967,0.3230745270848274,0,4
mixed_groupcv_psnr_benefit_V1_mlp_507,mixed_groupcv,psnr_benefit,V1,mlp,507,bsds_236017,synthetic_bsds,,,,0.0,0.0,0.0,1.0,0.1316313722392204,0.3556215316057205,0,4
mixed_groupcv_psnr_benefit_V1_mlp_507,mixed_groupcv,psnr_benefit,V1,mlp,507,bsds_245051,synthetic_bsds,,,,0.0,0.0,0.0,1.0,0.16829269632715627,0.40473151952028275,0,4
mixed_groupcv_psnr_benefit_V1_mlp_507,mixed_groupcv,psnr_benefit,V1,mlp,507,bsds_246016,synthetic_bsds,,,,0.0,0.0,0.0,1.0,0.06662592910369347,0.24816829711198807,0,4
mixed_groupcv_psnr_benefit_V1_mlp_507,mixed_groupcv,psnr_benefit,V1,mlp,507,bsds_249061,synthetic_bsds,,,,0.0,0.0,0.0,1.0,0.135210138554974,0.36046524345874786,0,4
mixed_groupcv_psnr_benefit_V1_mlp_507,mixed_groupcv,psnr_benefit,V1,mlp,507,bsds_25098,synthetic_bsds,,,,0.0,0.0,0.0,0.75,0.1901165206074651,0.4281909093260765,0,4
mixed_groupcv_psnr_benefit_V1_mlp_507,mixed_groupcv,psnr_benefit,V1,mlp,507,bsds_253036,synthetic_bsds,,,,0.0,0.0,0.0,1.0,0.13590336485046484,0.36753804981708527,0,4
mixed_groupcv_psnr_benefit_V1_mlp_507,mixed_groupcv,psnr_benefit,V1,mlp,507,bsds_254054,synthetic_bsds,,,,0.0,0.0,0.0,1.0,0.08182026565133582,0.27250637859106064,0,4
mixed_groupcv_psnr_benefit_V1_mlp_507,mixed_groupcv,psnr_benefit,V1,mlp,507,bsds_27059,synthetic_bsds,,,,0.0,0.0,0.0,1.0,0.09675560534678262,0.2933361157774925,0,4
mixed_groupcv_psnr_benefit_V1_mlp_507,mixed_groupcv,psnr_benefit,V1,mlp,507,bsds_271008,synthetic_bsds,,,,0.0,0.0,0.0,1.0,0.05457913476264825,0.2227182351052761,0,4
mixed_groupcv_psnr_benefit_V1_mlp_507,mixed_groupcv,psnr_benefit,V1,mlp,507,bsds_274007,synthetic_bsds,,,,0.0,0.0,0.0,1.0,0.1365836024105181,0.35451939329504967,0,4
mixed_groupcv_psnr_benefit_V1_mlp_507,mixed_groupcv,psnr_benefit,V1,mlp,507,bsds_286092,synthetic_bsds,,,,0.0,0.0,0.0,1.0,0.14300578601911185,0.3587695136666298,0,4
mixed_groupcv_psnr_benefit_V1_mlp_507,mixed_groupcv,psnr_benefit,V1,mlp,507,bsds_309004,synthetic_bsds,,,,0.0,0.0,0.0,1.0,0.10719698790684667,0.3202679641544819,0,4
mixed_groupcv_psnr_benefit_V1_mlp_507,mixed_groupcv,psnr_benefit,V1,mlp,507,bsds_311081,synthetic_bsds,,,,0.0,0.0,0.0,1.0,0.07797395274303187,0.2699715569615364,0,4
mixed_groupcv_psnr_benefit_V1_mlp_507,mixed_groupcv,psnr_benefit,V1,mlp,507,bsds_314016,synthetic_bsds,,,,0.0,0.0,0.0,1.0,0.09787149213633262,0.31215280294418335,0,4
mixed_groupcv_psnr_benefit_V1_mlp_507,mixed_groupcv,psnr_benefit,V1,mlp,507,bsds_323016,synthetic_bsds,,,,0.0,0.0,0.0,0.5,0.26226646672258025,0.5093335881829262,0,4
mixed_groupcv_psnr_benefit_V1_mlp_507,mixed_groupcv,psnr_benefit,V1,mlp,507,bsds_368078,synthetic_bsds,,,,0.0,0.0,0.0,1.0,0.09473027135382811,0.297864381223917,0,4
mixed_groupcv_psnr_benefit_V1_mlp_507,mixed_groupcv,psnr_benefit,V1,mlp,507,bsds_374020,synthetic_bsds,,,,0.0,0.0,0.0,1.0,0.05429027196597863,0.22782029584050179,0,4
mixed_groupcv_psnr_benefit_V1_mlp_507,mixed_groupcv,psnr_benefit,V1,mlp,507,bsds_385028,synthetic_bsds,,,,0.0,0.0,0.0,0.75,0.20521879465687354,0.4500747472047806,0,4
mixed_groupcv_psnr_benefit_V1_mlp_507,mixed_groupcv,psnr_benefit,V1,mlp,507,bsds_41004,synthetic_bsds,0.0,0.25,0.5,0.0,0.0,0.0,0.75,0.253921653238559,0.3301139995455742,1,4
mixed_groupcv_psnr_benefit_V1_mlp_507,mixed_groupcv,psnr_benefit,V1,mlp,507,bsds_45077,synthetic_bsds,,,,0.0,0.0,0.0,1.0,0.1494887678182022,0.38617101311683655,0,4
mixed_groupcv_psnr_benefit_V1_mlp_507,mixed_groupcv,psnr_benefit,V1,mlp,507,bsds_46076,synthetic_bsds,1.0,1.0,0.5,0.0,0.0,0.0,0.75,0.1581630491840269,0.35708270221948624,1,4
mixed_groupcv_psnr_benefit_V1_mlp_507,mixed_groupcv,psnr_benefit,V1,mlp,507,bsds_59078,synthetic_bsds,,,,0.0,0.0,0.0,1.0,0.09832127283040554,0.2892564423382282,0,4
mixed_groupcv_psnr_benefit_V1_mlp_507,mixed_groupcv,psnr_benefit,V1,mlp,507,bsds_61086,synthetic_bsds,,,,0.0,0.0,0.0,1.0,0.07444945972541794,0.2693837359547615,0,4
mixed_groupcv_psnr_benefit_V1_mlp_507,mixed_groupcv,psnr_benefit,V1,mlp,507,bsds_76002,synthetic_bsds,,,,0.0,0.0,0.0,1.0,0.08428748620039356,0.2802368216216564,0,4
mixed_groupcv_psnr_benefit_V1_mlp_507,mixed_groupcv,psnr_benefit,V1,mlp,507,bsds_80099,synthetic_bsds,,,,0.0,0.0,0.0,1.0,0.0928944680583555,0.2964709810912609,0,4
mixed_groupcv_psnr_benefit_V1_mlp_507,mixed_groupcv,psnr_benefit,V1,mlp,507,bsds_92059,synthetic_bsds,,,,0.0,0.0,0.0,1.0,0.08445693441064589,0.28463903442025185,0,4
mixed_groupcv_psnr_benefit_V2_logistic_505,mixed_groupcv,psnr_benefit,V2,logistic,505,case1,real_csig,,,,0.0,0.0,0.0,1.0,1.1670603429649788e-05,0.0028572915422090638,0,192
mixed_groupcv_psnr_benefit_V2_logistic_505,mixed_groupcv,psnr_benefit,V2,logistic,505,case2,real_csig,0.7552631578947369,0.03216675244467319,0.5,0.0,0.0,0.0,0.9895833333333334,0.01038327122197827,0.008437666381119417,2,192
mixed_groupcv_psnr_benefit_V2_logistic_505,mixed_groupcv,psnr_benefit,V2,logistic,505,case3,real_csig,,,,0.0,0.0,0.0,1.0,1.4281532467236232e-06,0.0009175098370790957,0,192
mixed_groupcv_psnr_benefit_V2_logistic_505,mixed_groupcv,psnr_benefit,V2,logistic,505,case4,real_csig,,,,0.0,0.0,0.0,1.0,5.051599076531465e-07,0.0005684074130881063,0,192
mixed_groupcv_psnr_benefit_V2_logistic_505,mixed_groupcv,psnr_benefit,V2,logistic,505,case5,real_csig,0.5510752688172044,0.04085264906233363,0.5,0.0,0.0,0.0,0.96875,0.031165692243216987,0.02977867080360119,6,192
mixed_groupcv_psnr_benefit_V2_logistic_505,mixed_groupcv,psnr_benefit,V2,logistic,505,bsds_100098,synthetic_bsds,,,,0.0,0.0,0.0,1.0,4.010667557660422e-06,0.0011422759977864911,0,4
mixed_groupcv_psnr_benefit_V2_logistic_505,mixed_groupcv,psnr_benefit,V2,logistic,505,bsds_106025,synthetic_bsds,,,,0.0,0.0,0.0,1.0,4.437074982462219e-06,0.0014701521452219809,0,4
mixed_groupcv_psnr_benefit_V2_logistic_505,mixed_groupcv,psnr_benefit,V2,logistic,505,bsds_112082,synthetic_bsds,,,,0.0,0.0,0.0,1.0,1.6915269277328584e-07,0.0004004802579507151,0,4
mixed_groupcv_psnr_benefit_V2_logistic_505,mixed_groupcv,psnr_benefit,V2,logistic,505,bsds_138078,synthetic_bsds,,,,0.0,0.0,0.0,1.0,1.4464388950979454e-06,0.0008561744026241064,0,4
mixed_groupcv_psnr_benefit_V2_logistic_505,mixed_groupcv,psnr_benefit,V2,logistic,505,bsds_140055,synthetic_bsds,,,,0.0,0.0,0.0,1.0,1.9270989505171732e-07,0.00042481572407879724,0,4
mixed_groupcv_psnr_benefit_V2_logistic_505,mixed_groupcv,psnr_benefit,V2,logistic,505,bsds_147021,synthetic_bsds,,,,0.0,0.0,0.0,1.0,2.268990077775199e-06,0.0010200997468662626,0,4
mixed_groupcv_psnr_benefit_V2_logistic_505,mixed_groupcv,psnr_benefit,V2,logistic,505,bsds_153077,synthetic_bsds,,,,0.0,0.0,0.0,1.0,1.3213689234982324e-08,9.86164311772964e-05,0,4
mixed_groupcv_psnr_benefit_V2_logistic_505,mixed_groupcv,psnr_benefit,V2,logistic,505,bsds_159029,synthetic_bsds,,,,0.0,0.0,0.0,1.0,9.960436218559779e-07,0.0008763705722930789,0,4
mixed_groupcv_psnr_benefit_V2_logistic_505,mixed_groupcv,psnr_benefit,V2,logistic,505,bsds_159045,synthetic_bsds,,,,0.0,0.0,0.0,1.0,2.3347536093993213e-07,0.00043266978854883354,0,4
mixed_groupcv_psnr_benefit_V2_logistic_505,mixed_groupcv,psnr_benefit,V2,logistic,505,bsds_159091,synthetic_bsds,,,,0.0,0.0,0.0,1.0,1.3308830773108088e-08,0.00010706004601127119,0,4
mixed_groupcv_psnr_benefit_V2_logistic_505,mixed_groupcv,psnr_benefit,V2,logistic,505,bsds_164074,synthetic_bsds,,,,0.0,0.0,0.0,1.0,2.5500460596735712e-06,0.0014266581571876337,0,4
mixed_groupcv_psnr_benefit_V2_logistic_505,mixed_groupcv,psnr_benefit,V2,logistic,505,bsds_166081,synthetic_bsds,,,,0.0,0.0,0.0,1.0,1.8226702363651612e-08,0.00012675750871223734,0,4
mixed_groupcv_psnr_benefit_V2_logistic_505,mixed_groupcv,psnr_benefit,V2,logistic,505,bsds_176039,synthetic_bsds,,,,0.0,0.0,0.0,1.0,1.94224087081254e-05,0.00317731096044535,0,4
mixed_groupcv_psnr_benefit_V2_logistic_505,mixed_groupcv,psnr_benefit,V2,logistic,505,bsds_183055,synthetic_bsds,,,,0.0,0.0,0.0,1.0,4.9512551003000774e-08,0.00020415992269194402,0,4
mixed_groupcv_psnr_benefit_V2_logistic_505,mixed_groupcv,psnr_benefit,V2,logistic,505,bsds_187029,synthetic_bsds,,,,0.0,0.0,0.0,1.0,1.7683665617720203e-07,0.0003607410447316959,0,4
mixed_groupcv_psnr_benefit_V2_logistic_505,mixed_groupcv,psnr_benefit,V2,logistic,505,bsds_188063,synthetic_bsds,,,,0.0,0.0,0.0,1.0,3.9670410251612416e-08,0.00018641280348401357,0,4
mixed_groupcv_psnr_benefit_V2_logistic_505,mixed_groupcv,psnr_benefit,V2,logistic,505,bsds_198023,synthetic_bsds,0.6666666666666666,0.9166666666666665,0.5,0.0,0.0,0.0,0.25,0.7493160580704614,0.7495500624635415,3,4
mixed_groupcv_psnr_benefit_V2_logistic_505,mixed_groupcv,psnr_benefit,V2,logistic,505,bsds_198054,synthetic_bsds,,,,0.0,0.0,0.0,1.0,5.30917763017088e-05,0.006294520561253674,0,4
mixed_groupcv_psnr_benefit_V2_logistic_505,mixed_groupcv,psnr_benefit,V2,logistic,505,bsds_20008,synthetic_bsds,,,,0.0,0.0,0.0,1.0,2.7077940090450506e-06,0.0013525618693036518,0,4
mixed_groupcv_psnr_benefit_V2_logistic_505,mixed_groupcv,psnr_benefit,V2,logistic,505,bsds_216041,synthetic_bsds,,,,0.0,0.0,0.0,1.0,1.544198827237461e-08,0.00012370413846850034,0,4
mixed_groupcv_psnr_benefit_V2_logistic_505,mixed_groupcv,psnr_benefit,V2,logistic,505,bsds_225017,synthetic_bsds,,,,0.0,0.0,0.0,1.0,1.7476517557989435e-06,0.0010291551349404095,0,4
mixed_groupcv_psnr_benefit_V2_logistic_505,mixed_groupcv,psnr_benefit,V2,logistic,505,bsds_23025,synthetic_bsds,,,,0.0,0.0,0.0,1.0,1.0716286954971117e-07,0.0002889425855418573,0,4
mixed_groupcv_psnr_benefit_V2_logistic_505,mixed_groupcv,psnr_benefit,V2,logistic,505,bsds_23080,synthetic_bsds,,,,0.0,0.0,0.0,1.0,8.966215366630859e-06,0.002011914718511263,0,4
mixed_groupcv_psnr_benefit_V2_logistic_505,mixed_groupcv,psnr_benefit,V2,logistic,505,bsds_231015,synthetic_bsds,,,,0.0,0.0,0.0,1.0,4.323647301475502e-08,0.00020387356716163415,0,4
mixed_groupcv_psnr_benefit_V2_logistic_505,mixed_groupcv,psnr_benefit,V2,logistic,505,bsds_236017,synthetic_bsds,,,,0.0,0.0,0.0,1.0,4.44817883173532e-06,0.0011776230670439017,0,4
mixed_groupcv_psnr_benefit_V2_logistic_505,mixed_groupcv,psnr_benefit,V2,logistic,505,bsds_245051,synthetic_bsds,,,,0.0,0.0,0.0,1.0,4.660931765399079e-07,0.00046482379982744863,0,4
mixed_groupcv_psnr_benefit_V2_logistic_505,mixed_groupcv,psnr_benefit,V2,logistic,505,bsds_246016,synthetic_bsds,,,,0.0,0.0,0.0,1.0,4.8387544419625635e-06,0.0016533911097792345,0,4
mixed_groupcv_psnr_benefit_V2_logistic_505,mixed_groupcv,psnr_benefit,V2,logistic,505,bsds_249061,synthetic_bsds,,,,0.0,0.0,0.0,1.0,1.8689905564320985e-07,0.000412668578426353,0,4
mixed_groupcv_psnr_benefit_V2_logistic_505,mixed_groupcv,psnr_benefit,V2,logistic,505,bsds_25098,synthetic_bsds,,,,0.0,0.0,0.0,1.0,1.1503273186660311e-06,0.0008175201065244049,0,4
mixed_groupcv_psnr_benefit_V2_logistic_505,mixed_groupcv,psnr_benefit,V2,logistic,505,bsds_253036,synthetic_bsds,,,,0.0,0.0,0.0,1.0,4.6847449154302815e-06,0.002020762700702667,0,4
mixed_groupcv_psnr_benefit_V2_logistic_505,mixed_groupcv,psnr_benefit,V2,logistic,505,bsds_254054,synthetic_bsds,,,,0.0,0.0,0.0,1.0,9.371148621892214e-08,0.00026891523848868496,0,4
mixed_groupcv_psnr_benefit_V2_logistic_505,mixed_groupcv,psnr_benefit,V2,logistic,505,bsds_27059,synthetic_bsds,,,,0.0,0.0,0.0,1.0,5.618399577808168e-08,0.00022238008691227652,0,4
mixed_groupcv_psnr_benefit_V2_logistic_505,mixed_groupcv,psnr_benefit,V2,logistic,505,bsds_271008,synthetic_bsds,,,,0.0,0.0,0.0,1.0,1.150462495118405e-09,3.125844192214702e-05,0,4
mixed_groupcv_psnr_benefit_V2_logistic_505,mixed_groupcv,psnr_benefit,V2,logistic,505,bsds_274007,synthetic_bsds,,,,0.0,0.0,0.0,1.0,1.6047801196690051e-06,0.0011307353692958124,0,4
mixed_groupcv_psnr_benefit_V2_logistic_505,mixed_groupcv,psnr_benefit,V2,logistic,505,bsds_286092,synthetic_bsds,,,,0.0,0.0,0.0,1.0,4.417325208804832e-07,0.0005836339818146322,0,4
mixed_groupcv_psnr_benefit_V2_logistic_505,mixed_groupcv,psnr_benefit,V2,logistic,505,bsds_309004,synthetic_bsds,,,,0.0,0.0,0.0,1.0,1.9893692878982073e-06,0.001330794419154221,0,4
mixed_groupcv_psnr_benefit_V2_logistic_505,mixed_groupcv,psnr_benefit,V2,logistic,505,bsds_311081,synthetic_bsds,,,,0.0,0.0,0.0,1.0,2.447659183207769e-07,0.0004675253110698243,0,4
mixed_groupcv_psnr_benefit_V2_logistic_505,mixed_groupcv,psnr_benefit,V2,logistic,505,bsds_314016,synthetic_bsds,,,,0.0,0.0,0.0,1.0,3.5495476282788766e-08,0.00018663097435699712,0,4
mixed_groupcv_psnr_benefit_V2_logistic_505,mixed_groupcv,psnr_benefit,V2,logistic,505,bsds_323016,synthetic_bsds,,,,0.0,0.0,0.0,1.0,1.2014612154654417e-06,0.0008927056917893168,0,4
mixed_groupcv_psnr_benefit_V2_logistic_505,mixed_groupcv,psnr_benefit,V2,logistic,505,bsds_368078,synthetic_bsds,,,,0.0,0.0,0.0,1.0,7.054366376482777e-08,0.00025022108832073697,0,4
mixed_groupcv_psnr_benefit_V2_logistic_505,mixed_groupcv,psnr_benefit,V2,logistic,505,bsds_374020,synthetic_bsds,,,,0.0,0.0,0.0,1.0,1.1483675078571565e-08,0.00010057651967559139,0,4
mixed_groupcv_psnr_benefit_V2_logistic_505,mixed_groupcv,psnr_benefit,V2,logistic,505,bsds_385028,synthetic_bsds,,,,0.0,0.0,0.0,1.0,4.6751645019822335e-08,0.00019488193168426657,0,4
mixed_groupcv_psnr_benefit_V2_logistic_505,mixed_groupcv,psnr_benefit,V2,logistic,505,bsds_41004,synthetic_bsds,0.6666666666666667,0.5,0.5,0.0,0.0,0.0,0.75,0.24987519019352505,0.24971379395411178,1,4
mixed_groupcv_psnr_benefit_V2_logistic_505,mixed_groupcv,psnr_benefit,V2,logistic,505,bsds_45077,synthetic_bsds,,,,0.0,0.0,0.0,1.0,1.3695993352538956e-06,0.0009791558992846055,0,4
mixed_groupcv_psnr_benefit_V2_logistic_505,mixed_groupcv,psnr_benefit,V2,logistic,505,bsds_46076,synthetic_bsds,0.33333333333333337,0.3333333333333333,0.5,0.0,0.0,0.0,0.75,0.2499024078430865,0.2494714593119436,1,4
mixed_groupcv_psnr_benefit_V2_logistic_505,mixed_groupcv,psnr_benefit,V2,logistic,505,bsds_59078,synthetic_bsds,,,,0.0,0.0,0.0,1.0,6.903830365275218e-07,0.0007117109084369733,0,4
mixed_groupcv_psnr_benefit_V2_logistic_505,mixed_groupcv,psnr_benefit,V2,logistic,505,bsds_61086,synthetic_bsds,,,,0.0,0.0,0.0,1.0,2.5426629869372954e-07,0.0004332423000635838,0,4
mixed_groupcv_psnr_benefit_V2_logistic_505,mixed_groupcv,psnr_benefit,V2,logistic,505,bsds_76002,synthetic_bsds,,,,0.0,0.0,0.0,1.0,5.8289920487361664e-08,0.0002318692837566245,0,4
mixed_groupcv_psnr_benefit_V2_logistic_505,mixed_groupcv,psnr_benefit,V2,logistic,505,bsds_80099,synthetic_bsds,,,,0.0,0.0,0.0,1.0,1.760730011584826e-07,0.0003219478906510988,0,4
mixed_groupcv_psnr_benefit_V2_logistic_505,mixed_groupcv,psnr_benefit,V2,logistic,505,bsds_92059,synthetic_bsds,,,,0.0,0.0,0.0,1.0,5.571028263310261e-08,0.00021892942245072287,0,4
mixed_groupcv_psnr_benefit_V2_mlp_505,mixed_groupcv,psnr_benefit,V2,mlp,505,case1,real_csig,,,,0.0,0.0,0.0,1.0,0.004090618797569975,0.05559114603723477,0,192
mixed_groupcv_psnr_benefit_V2_mlp_505,mixed_groupcv,psnr_benefit,V2,mlp,505,case2,real_csig,0.6026315789473684,0.018923611111111113,0.5,0.0,0.0,0.0,0.9895833333333334,0.01628695529305871,0.05661550520259576,2,192
mixed_groupcv_psnr_benefit_V2_mlp_505,mixed_groupcv,psnr_benefit,V2,mlp,505,case3,real_csig,,,,0.0,0.0,0.0,1.0,0.004056505931716848,0.04589014675790774,0,192
mixed_groupcv_psnr_benefit_V2_mlp_505,mixed_groupcv,psnr_benefit,V2,mlp,505,case4,real_csig,,,,0.0,0.0,0.0,1.0,0.00018796289463154104,0.007515720387345937,0,192
mixed_groupcv_psnr_benefit_V2_mlp_505,mixed_groupcv,psnr_benefit,V2,mlp,505,case5,real_csig,0.5331541218637993,0.03771299828144714,0.5,0.0,0.0,0.0,0.96875,0.031078256211944055,0.009780089601614842,6,192
mixed_groupcv_psnr_benefit_V2_mlp_505,mixed_groupcv,psnr_benefit,V2,mlp,505,bsds_100098,synthetic_bsds,,,,0.0,0.0,0.0,1.0,0.0041862756870122905,0.05606694892048836,0,4
mixed_groupcv_psnr_benefit_V2_mlp_505,mixed_groupcv,psnr_benefit,V2,mlp,505,bsds_106025,synthetic_bsds,,,,0.0,0.0,0.0,1.0,0.0040281239640997816,0.05989757785573602,0,4
mixed_groupcv_psnr_benefit_V2_mlp_505,mixed_groupcv,psnr_benefit,V2,mlp,505,bsds_112082,synthetic_bsds,,,,0.0,0.0,0.0,1.0,0.0028602284125137383,0.042535350657999516,0,4
mixed_groupcv_psnr_benefit_V2_mlp_505,mixed_groupcv,psnr_benefit,V2,mlp,505,bsds_138078,synthetic_bsds,,,,0.0,0.0,0.0,1.0,0.008143491026309957,0.078517384827137,0,4
mixed_groupcv_psnr_benefit_V2_mlp_505,mixed_groupcv,psnr_benefit,V2,mlp,505,bsds_140055,synthetic_bsds,,,,0.0,0.0,0.0,1.0,0.010038611091458047,0.06411361147183925,0,4
mixed_groupcv_psnr_benefit_V2_mlp_505,mixed_groupcv,psnr_benefit,V2,mlp,505,bsds_147021,synthetic_bsds,,,,0.0,0.0,0.0,1.0,0.008363313124085142,0.08768760785460472,0,4
mixed_groupcv_psnr_benefit_V2_mlp_505,mixed_groupcv,psnr_benefit,V2,mlp,505,bsds_153077,synthetic_bsds,,,,0.0,0.0,0.0,1.0,0.007119557576372448,0.08167598769068718,0,4
mixed_groupcv_psnr_benefit_V2_mlp_505,mixed_groupcv,psnr_benefit,V2,mlp,505,bsds_159029,synthetic_bsds,,,,0.0,0.0,0.0,1.0,0.018586395810340363,0.10235179448500276,0,4
mixed_groupcv_psnr_benefit_V2_mlp_505,mixed_groupcv,psnr_benefit,V2,mlp,505,bsds_159045,synthetic_bsds,,,,0.0,0.0,0.0,1.0,0.0027185526436470974,0.049676097463816404,0,4
mixed_groupcv_psnr_benefit_V2_mlp_505,mixed_groupcv,psnr_benefit,V2,mlp,505,bsds_159091,synthetic_bsds,,,,0.0,0.0,0.0,1.0,0.00452072389616864,0.05802106554619968,0,4
mixed_groupcv_psnr_benefit_V2_mlp_505,mixed_groupcv,psnr_benefit,V2,mlp,505,bsds_164074,synthetic_bsds,,,,0.0,0.0,0.0,1.0,0.04698746247356995,0.18413242185488343,0,4
mixed_groupcv_psnr_benefit_V2_mlp_505,mixed_groupcv,psnr_benefit,V2,mlp,505,bsds_166081,synthetic_bsds,,,,0.0,0.0,0.0,1.0,0.009495224807653817,0.07722854265011847,0,4
mixed_groupcv_psnr_benefit_V2_mlp_505,mixed_groupcv,psnr_benefit,V2,mlp,505,bsds_176039,synthetic_bsds,,,,0.0,0.0,0.0,1.0,0.028620531279700677,0.13629685672640335,0,4
mixed_groupcv_psnr_benefit_V2_mlp_505,mixed_groupcv,psnr_benefit,V2,mlp,505,bsds_183055,synthetic_bsds,,,,0.0,0.0,0.0,1.0,0.0022370772274294577,0.04500043857842684,0,4
mixed_groupcv_psnr_benefit_V2_mlp_505,mixed_groupcv,psnr_benefit,V2,mlp,505,bsds_187029,synthetic_bsds,,,,0.0,0.0,0.0,1.0,0.026509611933296415,0.13074871199205518,0,4
mixed_groupcv_psnr_benefit_V2_mlp_505,mixed_groupcv,psnr_benefit,V2,mlp,505,bsds_188063,synthetic_bsds,,,,0.0,0.0,0.0,1.0,0.00315050460062262,0.04960654361639172,0,4
mixed_groupcv_psnr_benefit_V2_mlp_505,mixed_groupcv,psnr_benefit,V2,mlp,505,bsds_198023,synthetic_bsds,0.0,0.6388888888888888,0.5,0.0,0.0,0.0,0.25,0.6661715527580928,0.7422937974333763,3,4
mixed_groupcv_psnr_benefit_V2_mlp_505,mixed_groupcv,psnr_benefit,V2,mlp,505,bsds_198054,synthetic_bsds,,,,0.0,0.0,0.0,1.0,0.025302960089514784,0.1472050305455923,0,4
mixed_groupcv_psnr_benefit_V2_mlp_505,mixed_groupcv,psnr_benefit,V2,mlp,505,bsds_20008,synthetic_bsds,,,,0.0,0.0,0.0,1.0,0.011476271581703688,0.08655335195362568,0,4
mixed_groupcv_psnr_benefit_V2_mlp_505,mixed_groupcv,psnr_benefit,V2,mlp,505,bsds_216041,synthetic_bsds,,,,0.0,0.0,0.0,1.0,0.00040752648885174084,0.01636791579949204,0,4
mixed_groupcv_psnr_benefit_V2_mlp_505,mixed_groupcv,psnr_benefit,V2,mlp,505,bsds_225017,synthetic_bsds,,,,0.0,0.0,0.0,1.0,0.0032702454009407057,0.05514067504554987,0,4
mixed_groupcv_psnr_benefit_V2_mlp_505,mixed_groupcv,psnr_benefit,V2,mlp,505,bsds_23025,synthetic_bsds,,,,0.0,0.0,0.0,1.0,0.0022331638068989823,0.04239472793415189,0,4
mixed_groupcv_psnr_benefit_V2_mlp_505,mixed_groupcv,psnr_benefit,V2,mlp,505,bsds_23080,synthetic_bsds,,,,0.0,0.0,0.0,1.0,0.013454476360622372,0.11386403255164623,0,4
mixed_groupcv_psnr_benefit_V2_mlp_505,mixed_groupcv,psnr_benefit,V2,mlp,505,bsds_231015,synthetic_bsds,,,,0.0,0.0,0.0,1.0,0.0013863478358638742,0.026601800695061684,0,4
mixed_groupcv_psnr_benefit_V2_mlp_505,mixed_groupcv,psnr_benefit,V2,mlp,505,bsds_236017,synthetic_bsds,,,,0.0,0.0,0.0,1.0,0.021109208141142345,0.08016197912365897,0,4
mixed_groupcv_psnr_benefit_V2_mlp_505,mixed_groupcv,psnr_benefit,V2,mlp,505,bsds_245051,synthetic_bsds,,,,0.0,0.0,0.0,1.0,0.0001393603280195333,0.008665026572998613,0,4
mixed_groupcv_psnr_benefit_V2_mlp_505,mixed_groupcv,psnr_benefit,V2,mlp,505,bsds_246016,synthetic_bsds,,,,0.0,0.0,0.0,1.0,0.0019205925848789108,0.03559910110197961,0,4
mixed_groupcv_psnr_benefit_V2_mlp_505,mixed_groupcv,psnr_benefit,V2,mlp,505,bsds_249061,synthetic_bsds,,,,0.0,0.0,0.0,1.0,0.0016444496295989703,0.035614407155662775,0,4
mixed_groupcv_psnr_benefit_V2_mlp_505,mixed_groupcv,psnr_benefit,V2,mlp,505,bsds_25098,synthetic_bsds,,,,0.0,0.0,0.0,1.0,0.026095257310637263,0.11219242913648486,0,4
mixed_groupcv_psnr_benefit_V2_mlp_505,mixed_groupcv,psnr_benefit,V2,mlp,505,bsds_253036,synthetic_bsds,,,,0.0,0.0,0.0,1.0,0.08087099879432796,0.2641674466431141,0,4
mixed_groupcv_psnr_benefit_V2_mlp_505,mixed_groupcv,psnr_benefit,V2,mlp,505,bsds_254054,synthetic_bsds,,,,0.0,0.0,0.0,1.0,0.003882052613860836,0.04825328756123781,0,4
mixed_groupcv_psnr_benefit_V2_mlp_505,mixed_groupcv,psnr_benefit,V2,mlp,505,bsds_27059,synthetic_bsds,,,,0.0,0.0,0.0,1.0,0.0031485621501713777,0.04761077766306698,0,4
mixed_groupcv_psnr_benefit_V2_mlp_505,mixed_groupcv,psnr_benefit,V2,mlp,505,bsds_271008,synthetic_bsds,,,,0.0,0.0,0.0,1.0,0.005169212769307394,0.05195774894673377,0,4
mixed_groupcv_psnr_benefit_V2_mlp_505,mixed_groupcv,psnr_benefit,V2,mlp,505,bsds_274007,synthetic_bsds,,,,0.0,0.0,0.0,1.0,0.014618351499775903,0.10973694361746311,0,4
mixed_groupcv_psnr_benefit_V2_mlp_505,mixed_groupcv,psnr_benefit,V2,mlp,505,bsds_286092,synthetic_bsds,,,,0.0,0.0,0.0,1.0,0.09184208470101152,0.27589698880910873,0,4
mixed_groupcv_psnr_benefit_V2_mlp_505,mixed_groupcv,psnr_benefit,V2,mlp,505,bsds_309004,synthetic_bsds,,,,0.0,0.0,0.0,1.0,0.02621008412376304,0.11916771996766329,0,4
mixed_groupcv_psnr_benefit_V2_mlp_505,mixed_groupcv,psnr_benefit,V2,mlp,505,bsds_311081,synthetic_bsds,,,,0.0,0.0,0.0,1.0,0.01199642372144423,0.0855026300996542,0,4
mixed_groupcv_psnr_benefit_V2_mlp_505,mixed_groupcv,psnr_benefit,V2,mlp,505,bsds_314016,synthetic_bsds,,,,0.0,0.0,0.0,1.0,0.009802394057789595,0.08172021387144923,0,4
mixed_groupcv_psnr_benefit_V2_mlp_505,mixed_groupcv,psnr_benefit,V2,mlp,505,bsds_323016,synthetic_bsds,,,,0.0,0.0,0.0,1.0,0.00038413146384631944,0.018808225402608514,0,4
mixed_groupcv_psnr_benefit_V2_mlp_505,mixed_groupcv,psnr_benefit,V2,mlp,505,bsds_368078,synthetic_bsds,,,,0.0,0.0,0.0,1.0,0.010243484875426801,0.09225123282521963,0,4
mixed_groupcv_psnr_benefit_V2_mlp_505,mixed_groupcv,psnr_benefit,V2,mlp,505,bsds_374020,synthetic_bsds,,,,0.0,0.0,0.0,1.0,0.00030566329439548186,0.01530145772267133,0,4
mixed_groupcv_psnr_benefit_V2_mlp_505,mixed_groupcv,psnr_benefit,V2,mlp,505,bsds_385028,synthetic_bsds,,,,0.0,0.0,0.0,1.0,0.00675395678751552,0.06839469727128744,0,4
mixed_groupcv_psnr_benefit_V2_mlp_505,mixed_groupcv,psnr_benefit,V2,mlp,505,bsds_41004,synthetic_bsds,0.33333333333333337,0.3333333333333333,0.5,0.0,0.0,0.0,0.75,0.2326509686471009,0.1908339075744152,1,4
mixed_groupcv_psnr_benefit_V2_mlp_505,mixed_groupcv,psnr_benefit,V2,mlp,505,bsds_45077,synthetic_bsds,,,,0.0,0.0,0.0,1.0,0.029481947309941872,0.15599664486944675,0,4
mixed_groupcv_psnr_benefit_V2_mlp_505,mixed_groupcv,psnr_benefit,V2,mlp,505,bsds_46076,synthetic_bsds,0.0,0.25,0.5,0.0,0.0,0.0,0.75,0.2502185712677312,0.276982334908098,1,4
mixed_groupcv_psnr_benefit_V2_mlp_505,mixed_groupcv,psnr_benefit,V2,mlp,505,bsds_59078,synthetic_bsds,,,,0.0,0.0,0.0,1.0,0.0009478238874399884,0.02823939104564488,0,4
mixed_groupcv_psnr_benefit_V2_mlp_505,mixed_groupcv,psnr_benefit,V2,mlp,505,bsds_61086,synthetic_bsds,,,,0.0,0.0,0.0,1.0,0.016661899280121358,0.10718346573412418,0,4
mixed_groupcv_psnr_benefit_V2_mlp_505,mixed_groupcv,psnr_benefit,V2,mlp,505,bsds_76002,synthetic_bsds,,,,0.0,0.0,0.0,1.0,0.007101139055350817,0.07886484917253256,0,4
mixed_groupcv_psnr_benefit_V2_mlp_505,mixed_groupcv,psnr_benefit,V2,mlp,505,bsds_80099,synthetic_bsds,,,,0.0,0.0,0.0,1.0,0.003448519392097055,0.04411277826875448,0,4
mixed_groupcv_psnr_benefit_V2_mlp_505,mixed_groupcv,psnr_benefit,V2,mlp,505,bsds_92059,synthetic_bsds,,,,0.0,0.0,0.0,1.0,0.00012375707206147842,0.009388300401042216,0,4
mixed_groupcv_psnr_benefit_V2_mlp_506,mixed_groupcv,psnr_benefit,V2,mlp,506,case1,real_csig,,,,0.0,0.0,0.0,1.0,0.03345482728050089,0.172511416846343,0,192
mixed_groupcv_psnr_benefit_V2_mlp_506,mixed_groupcv,psnr_benefit,V2,mlp,506,case2,real_csig,0.7736842105263158,0.032887700534759354,0.5,0.0,0.0,0.0,0.9895833333333334,0.035949672780881195,0.13030229963139087,2,192
mixed_groupcv_psnr_benefit_V2_mlp_506,mixed_groupcv,psnr_benefit,V2,mlp,506,case3,real_csig,,,,0.0,0.0,0.0,0.9947916666666666,0.048434985270024454,0.18389149031039173,0,192
mixed_groupcv_psnr_benefit_V2_mlp_506,mixed_groupcv,psnr_benefit,V2,mlp,506,case4,real_csig,,,,0.0,0.0,0.0,1.0,0.0008576216352634133,0.018800867664443405,0,192
mixed_groupcv_psnr_benefit_V2_mlp_506,mixed_groupcv,psnr_benefit,V2,mlp,506,case5,real_csig,0.5860215053763441,0.045638931687579605,0.5,0.0,0.0,0.0,0.96875,0.03599425726956215,0.05820013263291913,6,192
mixed_groupcv_psnr_benefit_V2_mlp_506,mixed_groupcv,psnr_benefit,V2,mlp,506,bsds_100098,synthetic_bsds,,,,0.0,0.0,0.0,1.0,0.04180522076335144,0.17470533028244972,0,4
mixed_groupcv_psnr_benefit_V2_mlp_506,mixed_groupcv,psnr_benefit,V2,mlp,506,bsds_106025,synthetic_bsds,,,,0.0,0.0,0.0,1.0,0.03931363195228285,0.18039911519736052,0,4
mixed_groupcv_psnr_benefit_V2_mlp_506,mixed_groupcv,psnr_benefit,V2,mlp,506,bsds_112082,synthetic_bsds,,,,0.0,0.0,0.0,1.0,0.042669968476022585,0.1806812435388565,0,4
mixed_groupcv_psnr_benefit_V2_mlp_506,mixed_groupcv,psnr_benefit,V2,mlp,506,bsds_138078,synthetic_bsds,,,,0.0,0.0,0.0,1.0,0.09020664845531795,0.26151755079627037,0,4
mixed_groupcv_psnr_benefit_V2_mlp_506,mixed_groupcv,psnr_benefit,V2,mlp,506,bsds_140055,synthetic_bsds,,,,0.0,0.0,0.0,1.0,0.046110844705164813,0.16718455217778683,0,4
mixed_groupcv_psnr_benefit_V2_mlp_506,mixed_groupcv,psnr_benefit,V2,mlp,506,bsds_147021,synthetic_bsds,,,,0.0,0.0,0.0,1.0,0.043301428249624574,0.20345831662416458,0,4
mixed_groupcv_psnr_benefit_V2_mlp_506,mixed_groupcv,psnr_benefit,V2,mlp,506,bsds_153077,synthetic_bsds,,,,0.0,0.0,0.0,1.0,0.07585336845305873,0.273082222789526,0,4
mixed_groupcv_psnr_benefit_V2_mlp_506,mixed_groupcv,psnr_benefit,V2,mlp,506,bsds_159029,synthetic_bsds,,,,0.0,0.0,0.0,1.0,0.040519069321575424,0.17784731183201075,0,4
mixed_groupcv_psnr_benefit_V2_mlp_506,mixed_groupcv,psnr_benefit,V2,mlp,506,bsds_159045,synthetic_bsds,,,,0.0,0.0,0.0,1.0,0.05411914623540731,0.2269808016717434,0,4
mixed_groupcv_psnr_benefit_V2_mlp_506,mixed_groupcv,psnr_benefit,V2,mlp,506,bsds_159091,synthetic_bsds,,,,0.0,0.0,0.0,1.0,0.05968261009828586,0.22412503324449062,0,4
mixed_groupcv_psnr_benefit_V2_mlp_506,mixed_groupcv,psnr_benefit,V2,mlp,506,bsds_164074,synthetic_bsds,,,,0.0,0.0,0.0,0.75,0.17297518511508914,0.3841467499732971,0,4
mixed_groupcv_psnr_benefit_V2_mlp_506,mixed_groupcv,psnr_benefit,V2,mlp,506,bsds_166081,synthetic_bsds,,,,0.0,0.0,0.0,1.0,0.06953826317028106,0.2315623201429844,0,4
mixed_groupcv_psnr_benefit_V2_mlp_506,mixed_groupcv,psnr_benefit,V2,mlp,506,bsds_176039,synthetic_bsds,,,,0.0,0.0,0.0,1.0,0.055490483862438565,0.20123927807435393,0,4
mixed_groupcv_psnr_benefit_V2_mlp_506,mixed_groupcv,psnr_benefit,V2,mlp,506,bsds_183055,synthetic_bsds,,,,0.0,0.0,0.0,1.0,0.01782640793292868,0.12931096367537975,0,4
mixed_groupcv_psnr_benefit_V2_mlp_506,mixed_groupcv,psnr_benefit,V2,mlp,506,bsds_187029,synthetic_bsds,,,,0.0,0.0,0.0,1.0,0.020539194612164288,0.13065522722899914,0,4
mixed_groupcv_psnr_benefit_V2_mlp_506,mixed_groupcv,psnr_benefit,V2,mlp,506,bsds_188063,synthetic_bsds,,,,0.0,0.0,0.0,1.0,0.060586619138979114,0.2168291723355651,0,4
mixed_groupcv_psnr_benefit_V2_mlp_506,mixed_groupcv,psnr_benefit,V2,mlp,506,bsds_198023,synthetic_bsds,0.0,0.6388888888888888,0.5,0.0,0.0,0.0,0.25,0.5819506962416516,0.7245234828442335,3,4
mixed_groupcv_psnr_benefit_V2_mlp_506,mixed_groupcv,psnr_benefit,V2,mlp,506,bsds_198054,synthetic_bsds,,,,0.0,0.0,0.0,1.0,0.05888546043243453,0.22281837090849876,0,4
mixed_groupcv_psnr_benefit_V2_mlp_506,mixed_groupcv,psnr_benefit,V2,mlp,506,bsds_20008,synthetic_bsds,,,,0.0,0.0,0.0,1.0,0.08060943289090583,0.26946958899497986,0,4
mixed_groupcv_psnr_benefit_V2_mlp_506,mixed_groupcv,psnr_benefit,V2,mlp,506,bsds_216041,synthetic_bsds,,,,0.0,0.0,0.0,1.0,0.0026591220401118477,0.0443734684959054,0,4
mixed_groupcv_psnr_benefit_V2_mlp_506,mixed_groupcv,psnr_benefit,V2,mlp,506,bsds_225017,synthetic_bsds,,,,0.0,0.0,0.0,1.0,0.03491581525177434,0.17604146897792816,0,4
mixed_groupcv_psnr_benefit_V2_mlp_506,mixed_groupcv,psnr_benefit,V2,mlp,506,bsds_23025,synthetic_bsds,,,,0.0,0.0,0.0,1.0,0.02280451465068942,0.1279332870617509,0,4
mixed_groupcv_psnr_benefit_V2_mlp_506,mixed_groupcv,psnr_benefit,V2,mlp,506,bsds_23080,synthetic_bsds,,,,0.0,0.0,0.0,1.0,0.07520066473397918,0.26970600709319115,0,4
mixed_groupcv_psnr_benefit_V2_mlp_506,mixed_groupcv,psnr_benefit,V2,mlp,506,bsds_231015,synthetic_bsds,,,,0.0,0.0,0.0,1.0,0.019323379177494982,0.10823480505496264,0,4
mixed_groupcv_psnr_benefit_V2_mlp_506,mixed_groupcv,psnr_benefit,V2,mlp,506,bsds_236017,synthetic_bsds,,,,0.0,0.0,0.0,0.75,0.09136996207769023,0.17417192354332656,0,4
mixed_groupcv_psnr_benefit_V2_mlp_506,mixed_groupcv,psnr_benefit,V2,mlp,506,bsds_245051,synthetic_bsds,,,,0.0,0.0,0.0,1.0,0.004553656681958743,0.06057140417397022,0,4
mixed_groupcv_psnr_benefit_V2_mlp_506,mixed_groupcv,psnr_benefit,V2,mlp,506,bsds_246016,synthetic_bsds,,,,0.0,0.0,0.0,1.0,0.038830545744640316,0.1717352457344532,0,4
mixed_groupcv_psnr_benefit_V2_mlp_506,mixed_groupcv,psnr_benefit,V2,mlp,506,bsds_249061,synthetic_bsds,,,,0.0,0.0,0.0,1.0,0.04743223242136685,0.20866888761520386,0,4
mixed_groupcv_psnr_benefit_V2_mlp_506,mixed_groupcv,psnr_benefit,V2,mlp,506,bsds_25098,synthetic_bsds,,,,0.0,0.0,0.0,1.0,0.05824551363315425,0.19072174653410912,0,4
mixed_groupcv_psnr_benefit_V2_mlp_506,mixed_groupcv,psnr_benefit,V2,mlp,506,bsds_253036,synthetic_bsds,,,,0.0,0.0,0.0,1.0,0.13131639932836842,0.3428017906844616,0,4
mixed_groupcv_psnr_benefit_V2_mlp_506,mixed_groupcv,psnr_benefit,V2,mlp,506,bsds_254054,synthetic_bsds,,,,0.0,0.0,0.0,1.0,0.023260081432969582,0.12430122774094343,0,4
mixed_groupcv_psnr_benefit_V2_mlp_506,mixed_groupcv,psnr_benefit,V2,mlp,506,bsds_27059,synthetic_bsds,,,,0.0,0.0,0.0,1.0,0.0398841982174441,0.17309192940592766,0,4
mixed_groupcv_psnr_benefit_V2_mlp_506,mixed_groupcv,psnr_benefit,V2,mlp,506,bsds_271008,synthetic_bsds,,,,0.0,0.0,0.0,1.0,0.019996659319561794,0.12371506914496422,0,4
mixed_groupcv_psnr_benefit_V2_mlp_506,mixed_groupcv,psnr_benefit,V2,mlp,506,bsds_274007,synthetic_bsds,,,,0.0,0.0,0.0,1.0,0.09033867784021343,0.2701593413949013,0,4
mixed_groupcv_psnr_benefit_V2_mlp_506,mixed_groupcv,psnr_benefit,V2,mlp,506,bsds_286092,synthetic_bsds,,,,0.0,0.0,0.0,1.0,0.09828164415641516,0.29274027794599533,0,4
mixed_groupcv_psnr_benefit_V2_mlp_506,mixed_groupcv,psnr_benefit,V2,mlp,506,bsds_309004,synthetic_bsds,,,,0.0,0.0,0.0,0.75,0.12082573390725632,0.3199722655117512,0,4
mixed_groupcv_psnr_benefit_V2_mlp_506,mixed_groupcv,psnr_benefit,V2,mlp,506,bsds_311081,synthetic_bsds,,,,0.0,0.0,0.0,1.0,0.0645170979797622,0.21205677650868893,0,4
mixed_groupcv_psnr_benefit_V2_mlp_506,mixed_groupcv,psnr_benefit,V2,mlp,506,bsds_314016,synthetic_bsds,,,,0.0,0.0,0.0,1.0,0.08757220808572652,0.2795044109225273,0,4
mixed_groupcv_psnr_benefit_V2_mlp_506,mixed_groupcv,psnr_benefit,V2,mlp,506,bsds_323016,synthetic_bsds,,,,0.0,0.0,0.0,1.0,0.0008664722991862895,0.02928584022447467,0,4
mixed_groupcv_psnr_benefit_V2_mlp_506,mixed_groupcv,psnr_benefit,V2,mlp,506,bsds_368078,synthetic_bsds,,,,0.0,0.0,0.0,1.0,0.08044017270583703,0.26947498321533203,0,4
mixed_groupcv_psnr_benefit_V2_mlp_506,mixed_groupcv,psnr_benefit,V2,mlp,506,bsds_374020,synthetic_bsds,,,,0.0,0.0,0.0,1.0,0.006076623912290264,0.07572400476783514,0,4
mixed_groupcv_psnr_benefit_V2_mlp_506,mixed_groupcv,psnr_benefit,V2,mlp,506,bsds_385028,synthetic_bsds,,,,0.0,0.0,0.0,1.0,0.044651430905637834,0.18007537722587585,0,4
mixed_groupcv_psnr_benefit_V2_mlp_506,mixed_groupcv,psnr_benefit,V2,mlp,506,bsds_41004,synthetic_bsds,1.0,1.0,0.5,0.0,0.0,0.0,0.75,0.17523449185179474,0.05780468136072156,1,4
mixed_groupcv_psnr_benefit_V2_mlp_506,mixed_groupcv,psnr_benefit,V2,mlp,506,bsds_45077,synthetic_bsds,,,,0.0,0.0,0.0,1.0,0.11963443196992635,0.3253393955528736,0,4
mixed_groupcv_psnr_benefit_V2_mlp_506,mixed_groupcv,psnr_benefit,V2,mlp,506,bsds_46076,synthetic_bsds,0.0,0.25,0.5,0.0,0.0,0.0,0.75,0.2619562379445982,0.341478668153286,1,4
mixed_groupcv_psnr_benefit_V2_mlp_506,mixed_groupcv,psnr_benefit,V2,mlp,506,bsds_59078,synthetic_bsds,,,,0.0,0.0,0.0,1.0,0.00550580082088566,0.07190582621842623,0,4
mixed_groupcv_psnr_benefit_V2_mlp_506,mixed_groupcv,psnr_benefit,V2,mlp,506,bsds_61086,synthetic_bsds,,,,0.0,0.0,0.0,1.0,0.07524207030412525,0.2310086339712143,0,4
mixed_groupcv_psnr_benefit_V2_mlp_506,mixed_groupcv,psnr_benefit,V2,mlp,506,bsds_76002,synthetic_bsds,,,,0.0,0.0,0.0,1.0,0.05455484110810249,0.22257427126169205,0,4
mixed_groupcv_psnr_benefit_V2_mlp_506,mixed_groupcv,psnr_benefit,V2,mlp,506,bsds_80099,synthetic_bsds,,,,0.0,0.0,0.0,1.0,0.014082461026510663,0.10671304631978273,0,4
mixed_groupcv_psnr_benefit_V2_mlp_506,mixed_groupcv,psnr_benefit,V2,mlp,506,bsds_92059,synthetic_bsds,,,,0.0,0.0,0.0,1.0,0.006880894809319568,0.0697999611729756,0,4
mixed_groupcv_psnr_benefit_V2_mlp_507,mixed_groupcv,psnr_benefit,V2,mlp,507,case1,real_csig,,,,0.0,0.0,0.0,1.0,0.005052759336571092,0.06506023096153513,0,192
mixed_groupcv_psnr_benefit_V2_mlp_507,mixed_groupcv,psnr_benefit,V2,mlp,507,case2,real_csig,0.6131578947368421,0.019592055823939882,0.5,0.0,0.0,0.0,0.9895833333333334,0.020763012125526472,0.07881139247668519,2,192
mixed_groupcv_psnr_benefit_V2_mlp_507,mixed_groupcv,psnr_benefit,V2,mlp,507,case3,real_csig,,,,0.0,0.0,0.0,1.0,0.01682627717995044,0.1050511997388336,0,192
mixed_groupcv_psnr_benefit_V2_mlp_507,mixed_groupcv,psnr_benefit,V2,mlp,507,case4,real_csig,,,,0.0,0.0,0.0,1.0,0.0003468144281486674,0.012156566410946349,0,192
mixed_groupcv_psnr_benefit_V2_mlp_507,mixed_groupcv,psnr_benefit,V2,mlp,507,case5,real_csig,0.5277777777777778,0.040246890055492535,0.5,0.0,0.0,0.0,0.96875,0.03144623359984446,0.018702498309721705,6,192
mixed_groupcv_psnr_benefit_V2_mlp_507,mixed_groupcv,psnr_benefit,V2,mlp,507,bsds_100098,synthetic_bsds,,,,0.0,0.0,0.0,1.0,0.013563851196736063,0.09933398384600878,0,4
mixed_groupcv_psnr_benefit_V2_mlp_507,mixed_groupcv,psnr_benefit,V2,mlp,507,bsds_106025,synthetic_bsds,,,,0.0,0.0,0.0,1.0,0.01783554009779823,0.12313554156571627,0,4
mixed_groupcv_psnr_benefit_V2_mlp_507,mixed_groupcv,psnr_benefit,V2,mlp,507,bsds_112082,synthetic_bsds,,,,0.0,0.0,0.0,1.0,0.028789973971090857,0.15477208234369755,0,4
mixed_groupcv_psnr_benefit_V2_mlp_507,mixed_groupcv,psnr_benefit,V2,mlp,507,bsds_138078,synthetic_bsds,,,,0.0,0.0,0.0,1.0,0.03555850231982639,0.1503493939526379,0,4
mixed_groupcv_psnr_benefit_V2_mlp_507,mixed_groupcv,psnr_benefit,V2,mlp,507,bsds_140055,synthetic_bsds,,,,0.0,0.0,0.0,1.0,0.03610269698991668,0.13590393494814634,0,4
mixed_groupcv_psnr_benefit_V2_mlp_507,mixed_groupcv,psnr_benefit,V2,mlp,507,bsds_147021,synthetic_bsds,,,,0.0,0.0,0.0,1.0,0.0230220972931809,0.14487273804843426,0,4
mixed_groupcv_psnr_benefit_V2_mlp_507,mixed_groupcv,psnr_benefit,V2,mlp,507,bsds_153077,synthetic_bsds,,,,0.0,0.0,0.0,1.0,0.014700362600599773,0.11786081083118916,0,4
mixed_groupcv_psnr_benefit_V2_mlp_507,mixed_groupcv,psnr_benefit,V2,mlp,507,bsds_159029,synthetic_bsds,,,,0.0,0.0,0.0,1.0,0.009057862735503137,0.08008724777027965,0,4
mixed_groupcv_psnr_benefit_V2_mlp_507,mixed_groupcv,psnr_benefit,V2,mlp,507,bsds_159045,synthetic_bsds,,,,0.0,0.0,0.0,1.0,0.014807602675945636,0.11601656302809715,0,4
mixed_groupcv_psnr_benefit_V2_mlp_507,mixed_groupcv,psnr_benefit,V2,mlp,507,bsds_159091,synthetic_bsds,,,,0.0,0.0,0.0,1.0,0.013451674301445785,0.1077556787058711,0,4
mixed_groupcv_psnr_benefit_V2_mlp_507,mixed_groupcv,psnr_benefit,V2,mlp,507,bsds_164074,synthetic_bsds,,,,0.0,0.0,0.0,1.0,0.11741707654013167,0.32211025059223175,0,4
mixed_groupcv_psnr_benefit_V2_mlp_507,mixed_groupcv,psnr_benefit,V2,mlp,507,bsds_166081,synthetic_bsds,,,,0.0,0.0,0.0,1.0,0.014538456715544174,0.10017417650669813,0,4
mixed_groupcv_psnr_benefit_V2_mlp_507,mixed_groupcv,psnr_benefit,V2,mlp,507,bsds_176039,synthetic_bsds,,,,0.0,0.0,0.0,1.0,0.028486543842294994,0.1450772904790938,0,4
mixed_groupcv_psnr_benefit_V2_mlp_507,mixed_groupcv,psnr_benefit,V2,mlp,507,bsds_183055,synthetic_bsds,,,,0.0,0.0,0.0,1.0,0.010299712416713555,0.09944857470691204,0,4
mixed_groupcv_psnr_benefit_V2_mlp_507,mixed_groupcv,psnr_benefit,V2,mlp,507,bsds_187029,synthetic_bsds,,,,0.0,0.0,0.0,1.0,0.01564163926986008,0.10355535615235567,0,4
mixed_groupcv_psnr_benefit_V2_mlp_507,mixed_groupcv,psnr_benefit,V2,mlp,507,bsds_188063,synthetic_bsds,,,,0.0,0.0,0.0,1.0,0.03735221948046631,0.15880184061825275,0,4
mixed_groupcv_psnr_benefit_V2_mlp_507,mixed_groupcv,psnr_benefit,V2,mlp,507,bsds_198023,synthetic_bsds,0.0,0.6388888888888888,0.5,0.0,0.0,0.0,0.25,0.589244589053065,0.7309954315423965,3,4
mixed_groupcv_psnr_benefit_V2_mlp_507,mixed_groupcv,psnr_benefit,V2,mlp,507,bsds_198054,synthetic_bsds,,,,0.0,0.0,0.0,1.0,0.026817810138687018,0.14545606262981892,0,4
mixed_groupcv_psnr_benefit_V2_mlp_507,mixed_groupcv,psnr_benefit,V2,mlp,507,bsds_20008,synthetic_bsds,,,,0.0,0.0,0.0,1.0,0.04087202070510054,0.18944387137889862,0,4
mixed_groupcv_psnr_benefit_V2_mlp_507,mixed_groupcv,psnr_benefit,V2,mlp,507,bsds_216041,synthetic_bsds,,,,0.0,0.0,0.0,1.0,0.0023964890280009235,0.04039888532133773,0,4
mixed_groupcv_psnr_benefit_V2_mlp_507,mixed_groupcv,psnr_benefit,V2,mlp,507,bsds_225017,synthetic_bsds,,,,0.0,0.0,0.0,1.0,0.03896547114844762,0.1883074715733528,0,4
mixed_groupcv_psnr_benefit_V2_mlp_507,mixed_groupcv,psnr_benefit,V2,mlp,507,bsds_23025,synthetic_bsds,,,,0.0,0.0,0.0,1.0,0.01174017400969728,0.09244006406515837,0,4
mixed_groupcv_psnr_benefit_V2_mlp_507,mixed_groupcv,psnr_benefit,V2,mlp,507,bsds_23080,synthetic_bsds,,,,0.0,0.0,0.0,1.0,0.04122969068291357,0.18601617589592934,0,4
mixed_groupcv_psnr_benefit_V2_mlp_507,mixed_groupcv,psnr_benefit,V2,mlp,507,bsds_231015,synthetic_bsds,,,,0.0,0.0,0.0,1.0,0.010992191428730303,0.06226670672185719,0,4
mixed_groupcv_psnr_benefit_V2_mlp_507,mixed_groupcv,psnr_benefit,V2,mlp,507,bsds_236017,synthetic_bsds,,,,0.0,0.0,0.0,1.0,0.060937533608893424,0.1401122221723199,0,4
mixed_groupcv_psnr_benefit_V2_mlp_507,mixed_groupcv,psnr_benefit,V2,mlp,507,bsds_245051,synthetic_bsds,,,,0.0,0.0,0.0,1.0,0.0014084860268365595,0.03160236310213804,0,4
mixed_groupcv_psnr_benefit_V2_mlp_507,mixed_groupcv,psnr_benefit,V2,mlp,507,bsds_246016,synthetic_bsds,,,,0.0,0.0,0.0,1.0,0.01891224993442954,0.1332161035388708,0,4
mixed_groupcv_psnr_benefit_V2_mlp_507,mixed_groupcv,psnr_benefit,V2,mlp,507,bsds_249061,synthetic_bsds,,,,0.0,0.0,0.0,1.0,0.010765352909414359,0.09968157578259706,0,4
mixed_groupcv_psnr_benefit_V2_mlp_507,mixed_groupcv,psnr_benefit,V2,mlp,507,bsds_25098,synthetic_bsds,,,,0.0,0.0,0.0,1.0,0.03960797048926515,0.16505363583564758,0,4
mixed_groupcv_psnr_benefit_V2_mlp_507,mixed_groupcv,psnr_benefit,V2,mlp,507,bsds_253036,synthetic_bsds,,,,0.0,0.0,0.0,1.0,0.03030812052496129,0.17065200582146645,0,4
mixed_groupcv_psnr_benefit_V2_mlp_507,mixed_groupcv,psnr_benefit,V2,mlp,507,bsds_254054,synthetic_bsds,,,,0.0,0.0,0.0,1.0,0.016588151189707922,0.09887531166896224,0,4
mixed_groupcv_psnr_benefit_V2_mlp_507,mixed_groupcv,psnr_benefit,V2,mlp,507,bsds_27059,synthetic_bsds,,,,0.0,0.0,0.0,1.0,0.03416486651549283,0.1506933611817658,0,4
mixed_groupcv_psnr_benefit_V2_mlp_507,mixed_groupcv,psnr_benefit,V2,mlp,507,bsds_271008,synthetic_bsds,,,,0.0,0.0,0.0,1.0,0.013168387962269622,0.09648361848667264,0,4
mixed_groupcv_psnr_benefit_V2_mlp_507,mixed_groupcv,psnr_benefit,V2,mlp,507,bsds_274007,synthetic_bsds,,,,0.0,0.0,0.0,1.0,0.04354054888865008,0.19280191883444786,0,4
mixed_groupcv_psnr_benefit_V2_mlp_507,mixed_groupcv,psnr_benefit,V2,mlp,507,bsds_286092,synthetic_bsds,,,,0.0,0.0,0.0,1.0,0.1041300918256623,0.30489419773221016,0,4
mixed_groupcv_psnr_benefit_V2_mlp_507,mixed_groupcv,psnr_benefit,V2,mlp,507,bsds_309004,synthetic_bsds,,,,0.0,0.0,0.0,1.0,0.06305139556799993,0.2138601429760456,0,4
mixed_groupcv_psnr_benefit_V2_mlp_507,mixed_groupcv,psnr_benefit,V2,mlp,507,bsds_311081,synthetic_bsds,,,,0.0,0.0,0.0,1.0,0.03536310812337898,0.1590106962248683,0,4
mixed_groupcv_psnr_benefit_V2_mlp_507,mixed_groupcv,psnr_benefit,V2,mlp,507,bsds_314016,synthetic_bsds,,,,0.0,0.0,0.0,1.0,0.06941263639929963,0.23900794424116611,0,4
mixed_groupcv_psnr_benefit_V2_mlp_507,mixed_groupcv,psnr_benefit,V2,mlp,507,bsds_323016,synthetic_bsds,,,,0.0,0.0,0.0,1.0,0.0026592438434976523,0.05074709840118885,0,4
mixed_groupcv_psnr_benefit_V2_mlp_507,mixed_groupcv,psnr_benefit,V2,mlp,507,bsds_368078,synthetic_bsds,,,,0.0,0.0,0.0,1.0,0.03652437138994713,0.17436134815216064,0,4
mixed_groupcv_psnr_benefit_V2_mlp_507,mixed_groupcv,psnr_benefit,V2,mlp,507,bsds_374020,synthetic_bsds,,,,0.0,0.0,0.0,1.0,0.000514280288726526,0.021676018834114075,0,4
mixed_groupcv_psnr_benefit_V2_mlp_507,mixed_groupcv,psnr_benefit,V2,mlp,507,bsds_385028,synthetic_bsds,,,,0.0,0.0,0.0,1.0,0.007105518580301645,0.08100171387195587,0,4
mixed_groupcv_psnr_benefit_V2_mlp_507,mixed_groupcv,psnr_benefit,V2,mlp,507,bsds_41004,synthetic_bsds,0.6666666666666667,0.5,0.5,0.0,0.0,0.0,0.75,0.19815177852103472,0.1781946253031492,1,4
mixed_groupcv_psnr_benefit_V2_mlp_507,mixed_groupcv,psnr_benefit,V2,mlp,507,bsds_45077,synthetic_bsds,,,,0.0,0.0,0.0,1.0,0.10054869964140095,0.305185254663229,0,4
mixed_groupcv_psnr_benefit_V2_mlp_507,mixed_groupcv,psnr_benefit,V2,mlp,507,bsds_46076,synthetic_bsds,0.33333333333333337,0.3333333333333333,0.5,0.0,0.0,0.0,0.75,0.2376017139598709,0.2901764567941427,1,4
mixed_groupcv_psnr_benefit_V2_mlp_507,mixed_groupcv,psnr_benefit,V2,mlp,507,bsds_59078,synthetic_bsds,,,,0.0,0.0,0.0,1.0,0.0034413312497033055,0.05543731153011322,0,4
mixed_groupcv_psnr_benefit_V2_mlp_507,mixed_groupcv,psnr_benefit,V2,mlp,507,bsds_61086,synthetic_bsds,,,,0.0,0.0,0.0,1.0,0.03492257026706058,0.1560170343145728,0,4
mixed_groupcv_psnr_benefit_V2_mlp_507,mixed_groupcv,psnr_benefit,V2,mlp,507,bsds_76002,synthetic_bsds,,,,0.0,0.0,0.0,1.0,0.01631443609382677,0.11412073019891977,0,4
mixed_groupcv_psnr_benefit_V2_mlp_507,mixed_groupcv,psnr_benefit,V2,mlp,507,bsds_80099,synthetic_bsds,,,,0.0,0.0,0.0,1.0,0.01318246325907727,0.0940314072649926,0,4
mixed_groupcv_psnr_benefit_V2_mlp_507,mixed_groupcv,psnr_benefit,V2,mlp,507,bsds_92059,synthetic_bsds,,,,0.0,0.0,0.0,1.0,0.0072509275630755,0.06926936167292297,0,4
mixed_groupcv_psnr_benefit_V3_logistic_505,mixed_groupcv,psnr_benefit,V3,logistic,505,case1,real_csig,,,,0.0,0.0,0.0,1.0,0.00489851014220949,0.0391804814788319,0,192
mixed_groupcv_psnr_benefit_V3_logistic_505,mixed_groupcv,psnr_benefit,V3,logistic,505,case2,real_csig,0.5842105263157895,0.01878969654199012,0.5,0.0,0.0,0.0,0.9895833333333334,0.010474593905338309,0.0014820067591374726,2,192
mixed_groupcv_psnr_benefit_V3_logistic_505,mixed_groupcv,psnr_benefit,V3,logistic,505,case3,real_csig,,,,0.0,0.0,0.0,0.9583333333333334,0.02875910120564391,0.09705062436012554,0,192
mixed_groupcv_psnr_benefit_V3_logistic_505,mixed_groupcv,psnr_benefit,V3,logistic,505,case4,real_csig,,,,0.0,0.0,0.0,1.0,2.6684390059033938e-06,0.0006564839511872799,0,192
mixed_groupcv_psnr_benefit_V3_logistic_505,mixed_groupcv,psnr_benefit,V3,logistic,505,case5,real_csig,0.3539426523297491,0.02696522749455725,0.5,0.0,0.0,0.0,0.96875,0.03142833429557486,0.01646665461356727,6,192
mixed_groupcv_psnr_benefit_V3_logistic_505,mixed_groupcv,psnr_benefit,V3,logistic,505,bsds_100098,synthetic_bsds,,,,0.0,0.0,0.0,1.0,0.00024005557790922772,0.008548046024956067,0,4
mixed_groupcv_psnr_benefit_V3_logistic_505,mixed_groupcv,psnr_benefit,V3,logistic,505,bsds_106025,synthetic_bsds,,,,0.0,0.0,0.0,1.0,0.0015486173162149765,0.028074417421919403,0,4
mixed_groupcv_psnr_benefit_V3_logistic_505,mixed_groupcv,psnr_benefit,V3,logistic,505,bsds_112082,synthetic_bsds,,,,0.0,0.0,0.0,1.0,0.00012871207244528047,0.008690169378029739,0,4
mixed_groupcv_psnr_benefit_V3_logistic_505,mixed_groupcv,psnr_benefit,V3,logistic,505,bsds_138078,synthetic_bsds,,,,0.0,0.0,0.0,1.0,0.0007280665549680691,0.01987233423029983,0,4
mixed_groupcv_psnr_benefit_V3_logistic_505,mixed_groupcv,psnr_benefit,V3,logistic,505,bsds_140055,synthetic_bsds,,,,0.0,0.0,0.0,1.0,4.464232989914187e-06,0.0018494264300609859,0,4
mixed_groupcv_psnr_benefit_V3_logistic_505,mixed_groupcv,psnr_benefit,V3,logistic,505,bsds_147021,synthetic_bsds,,,,0.0,0.0,0.0,1.0,0.0028866367726214574,0.039981082574179067,0,4
mixed_groupcv_psnr_benefit_V3_logistic_505,mixed_groupcv,psnr_benefit,V3,logistic,505,bsds_153077,synthetic_bsds,,,,0.0,0.0,0.0,1.0,0.00010447826500148663,0.007921234304871058,0,4
mixed_groupcv_psnr_benefit_V3_logistic_505,mixed_groupcv,psnr_benefit,V3,logistic,505,bsds_159029,synthetic_bsds,,,,0.0,0.0,0.0,1.0,6.787005596030537e-05,0.005585979194605344,0,4
mixed_groupcv_psnr_benefit_V3_logistic_505,mixed_groupcv,psnr_benefit,V3,logistic,505,bsds_159045,synthetic_bsds,,,,0.0,0.0,0.0,1.0,0.0003001966473869584,0.0170063131357159,0,4
mixed_groupcv_psnr_benefit_V3_logistic_505,mixed_groupcv,psnr_benefit,V3,logistic,505,bsds_159091,synthetic_bsds,,,,0.0,0.0,0.0,1.0,0.0014618265181694117,0.027978776719761643,0,4
mixed_groupcv_psnr_benefit_V3_logistic_505,mixed_groupcv,psnr_benefit,V3,logistic,505,bsds_164074,synthetic_bsds,,,,0.0,0.0,0.0,1.0,0.00247680748283121,0.03970849827895878,0,4
mixed_groupcv_psnr_benefit_V3_logistic_505,mixed_groupcv,psnr_benefit,V3,logistic,505,bsds_166081,synthetic_bsds,,,,0.0,0.0,0.0,1.0,0.00021883859066876272,0.011226814519084966,0,4
mixed_groupcv_psnr_benefit_V3_logistic_505,mixed_groupcv,psnr_benefit,V3,logistic,505,bsds_176039,synthetic_bsds,,,,0.0,0.0,0.0,1.0,0.013410338447187874,0.08618521000268062,0,4
mixed_groupcv_psnr_benefit_V3_logistic_505,mixed_groupcv,psnr_benefit,V3,logistic,505,bsds_183055,synthetic_bsds,,,,0.0,0.0,0.0,1.0,0.0057721251538831045,0.049022930373206146,0,4
mixed_groupcv_psnr_benefit_V3_logistic_505,mixed_groupcv,psnr_benefit,V3,logistic,505,bsds_187029,synthetic_bsds,,,,0.0,0.0,0.0,1.0,0.00025847427274047833,0.012192756568239737,0,4
mixed_groupcv_psnr_benefit_V3_logistic_505,mixed_groupcv,psnr_benefit,V3,logistic,505,bsds_188063,synthetic_bsds,,,,0.0,0.0,0.0,1.0,0.0020764071546363655,0.03198536766928797,0,4
mixed_groupcv_psnr_benefit_V3_logistic_505,mixed_groupcv,psnr_benefit,V3,logistic,505,bsds_198023,synthetic_bsds,0.6666666666666666,0.9166666666666665,0.5,0.0,0.0,0.0,0.25,0.7262397857928904,0.7362207484122267,3,4
mixed_groupcv_psnr_benefit_V3_logistic_505,mixed_groupcv,psnr_benefit,V3,logistic,505,bsds_198054,synthetic_bsds,,,,0.0,0.0,0.0,1.0,0.062003358073879744,0.20607716198085602,0,4
mixed_groupcv_psnr_benefit_V3_logistic_505,mixed_groupcv,psnr_benefit,V3,logistic,505,bsds_20008,synthetic_bsds,,,,0.0,0.0,0.0,1.0,0.00018239185309250943,0.012326723733983814,0,4
mixed_groupcv_psnr_benefit_V3_logistic_505,mixed_groupcv,psnr_benefit,V3,logistic,505,bsds_216041,synthetic_bsds,,,,0.0,0.0,0.0,1.0,9.550682208259088e-06,0.001707236812180042,0,4
mixed_groupcv_psnr_benefit_V3_logistic_505,mixed_groupcv,psnr_benefit,V3,logistic,505,bsds_225017,synthetic_bsds,,,,0.0,0.0,0.0,1.0,0.00025881526166778664,0.013876377433599575,0,4
mixed_groupcv_psnr_benefit_V3_logistic_505,mixed_groupcv,psnr_benefit,V3,logistic,505,bsds_23025,synthetic_bsds,,,,0.0,0.0,0.0,1.0,0.00014006369244089255,0.00773827830937309,0,4
mixed_groupcv_psnr_benefit_V3_logistic_505,mixed_groupcv,psnr_benefit,V3,logistic,505,bsds_23080,synthetic_bsds,,,,0.0,0.0,0.0,1.0,4.942978351153153e-05,0.005758275018754026,0,4
mixed_groupcv_psnr_benefit_V3_logistic_505,mixed_groupcv,psnr_benefit,V3,logistic,505,bsds_231015,synthetic_bsds,,,,0.0,0.0,0.0,1.0,0.00036676560396989977,0.016932393755866568,0,4
mixed_groupcv_psnr_benefit_V3_logistic_505,mixed_groupcv,psnr_benefit,V3,logistic,505,bsds_236017,synthetic_bsds,,,,0.0,0.0,0.0,1.0,7.249398319098445e-05,0.004965363932951911,0,4
mixed_groupcv_psnr_benefit_V3_logistic_505,mixed_groupcv,psnr_benefit,V3,logistic,505,bsds_245051,synthetic_bsds,,,,0.0,0.0,0.0,1.0,0.004646367447017735,0.04681345880910465,0,4
mixed_groupcv_psnr_benefit_V3_logistic_505,mixed_groupcv,psnr_benefit,V3,logistic,505,bsds_246016,synthetic_bsds,,,,0.0,0.0,0.0,1.0,0.00023013618061733774,0.011816040166955762,0,4
mixed_groupcv_psnr_benefit_V3_logistic_505,mixed_groupcv,psnr_benefit,V3,logistic,505,bsds_249061,synthetic_bsds,,,,0.0,0.0,0.0,1.0,0.0007755351456817203,0.021810492790029667,0,4
mixed_groupcv_psnr_benefit_V3_logistic_505,mixed_groupcv,psnr_benefit,V3,logistic,505,bsds_25098,synthetic_bsds,,,,0.0,0.0,0.0,1.0,0.00010070039505104653,0.008399987779013839,0,4
mixed_groupcv_psnr_benefit_V3_logistic_505,mixed_groupcv,psnr_benefit,V3,logistic,505,bsds_253036,synthetic_bsds,,,,0.0,0.0,0.0,1.0,4.3039333231731426e-05,0.005981715475153318,0,4
mixed_groupcv_psnr_benefit_V3_logistic_505,mixed_groupcv,psnr_benefit,V3,logistic,505,bsds_254054,synthetic_bsds,,,,0.0,0.0,0.0,1.0,0.005581245437288378,0.05870526530239614,0,4
mixed_groupcv_psnr_benefit_V3_logistic_505,mixed_groupcv,psnr_benefit,V3,logistic,505,bsds_27059,synthetic_bsds,,,,0.0,0.0,0.0,1.0,9.18462210285433e-05,0.00648969489681379,0,4
mixed_groupcv_psnr_benefit_V3_logistic_505,mixed_groupcv,psnr_benefit,V3,logistic,505,bsds_271008,synthetic_bsds,,,,0.0,0.0,0.0,1.0,7.635007147760194e-05,0.007684680742937765,0,4
mixed_groupcv_psnr_benefit_V3_logistic_505,mixed_groupcv,psnr_benefit,V3,logistic,505,bsds_274007,synthetic_bsds,,,,0.0,0.0,0.0,1.0,8.145068825899163e-05,0.007688650880356239,0,4
mixed_groupcv_psnr_benefit_V3_logistic_505,mixed_groupcv,psnr_benefit,V3,logistic,505,bsds_286092,synthetic_bsds,,,,0.0,0.0,0.0,1.0,4.595142039764941e-06,0.001498823718095969,0,4
mixed_groupcv_psnr_benefit_V3_logistic_505,mixed_groupcv,psnr_benefit,V3,logistic,505,bsds_309004,synthetic_bsds,,,,0.0,0.0,0.0,1.0,0.0005145378848066121,0.015314851205140412,0,4
mixed_groupcv_psnr_benefit_V3_logistic_505,mixed_groupcv,psnr_benefit,V3,logistic,505,bsds_311081,synthetic_bsds,,,,0.0,0.0,0.0,1.0,3.5153013713730015e-05,0.004889365732778465,0,4
mixed_groupcv_psnr_benefit_V3_logistic_505,mixed_groupcv,psnr_benefit,V3,logistic,505,bsds_314016,synthetic_bsds,,,,0.0,0.0,0.0,1.0,0.033846445370651956,0.16447816449953,0,4
mixed_groupcv_psnr_benefit_V3_logistic_505,mixed_groupcv,psnr_benefit,V3,logistic,505,bsds_323016,synthetic_bsds,,,,0.0,0.0,0.0,1.0,0.005204070084644374,0.0679276494434108,0,4
mixed_groupcv_psnr_benefit_V3_logistic_505,mixed_groupcv,psnr_benefit,V3,logistic,505,bsds_368078,synthetic_bsds,,,,0.0,0.0,0.0,1.0,4.76942216792736e-05,0.00430889936825875,0,4
mixed_groupcv_psnr_benefit_V3_logistic_505,mixed_groupcv,psnr_benefit,V3,logistic,505,bsds_374020,synthetic_bsds,,,,0.0,0.0,0.0,1.0,0.0003913185220912155,0.012008262371686477,0,4
mixed_groupcv_psnr_benefit_V3_logistic_505,mixed_groupcv,psnr_benefit,V3,logistic,505,bsds_385028,synthetic_bsds,,,,0.0,0.0,0.0,1.0,0.0013368443429899052,0.027112490848443395,0,4
mixed_groupcv_psnr_benefit_V3_logistic_505,mixed_groupcv,psnr_benefit,V3,logistic,505,bsds_41004,synthetic_bsds,0.0,0.25,0.5,0.0,0.0,0.0,0.75,0.24970928456400057,0.2225897172700405,1,4
mixed_groupcv_psnr_benefit_V3_logistic_505,mixed_groupcv,psnr_benefit,V3,logistic,505,bsds_45077,synthetic_bsds,,,,0.0,0.0,0.0,1.0,0.0002457274111827322,0.010923192885890835,0,4
mixed_groupcv_psnr_benefit_V3_logistic_505,mixed_groupcv,psnr_benefit,V3,logistic,505,bsds_46076,synthetic_bsds,0.6666666666666667,0.5,0.5,0.0,0.0,0.0,0.75,0.24600128064636062,0.24236528467230845,1,4
mixed_groupcv_psnr_benefit_V3_logistic_505,mixed_groupcv,psnr_benefit,V3,logistic,505,bsds_59078,synthetic_bsds,,,,0.0,0.0,0.0,1.0,7.121694728173296e-05,0.006509963363951764,0,4
mixed_groupcv_psnr_benefit_V3_logistic_505,mixed_groupcv,psnr_benefit,V3,logistic,505,bsds_61086,synthetic_bsds,,,,0.0,0.0,0.0,1.0,6.491642783247142e-05,0.007345689053913911,0,4
mixed_groupcv_psnr_benefit_V3_logistic_505,mixed_groupcv,psnr_benefit,V3,logistic,505,bsds_76002,synthetic_bsds,,,,0.0,0.0,0.0,1.0,0.0001157533709912683,0.008599203509594713,0,4
mixed_groupcv_psnr_benefit_V3_logistic_505,mixed_groupcv,psnr_benefit,V3,logistic,505,bsds_80099,synthetic_bsds,,,,0.0,0.0,0.0,1.0,0.0001805013495425169,0.008369304212332127,0,4
mixed_groupcv_psnr_benefit_V3_logistic_505,mixed_groupcv,psnr_benefit,V3,logistic,505,bsds_92059,synthetic_bsds,,,,0.0,0.0,0.0,1.0,0.0004961977212416009,0.014319628539839785,0,4
mixed_groupcv_psnr_benefit_V3_mlp_505,mixed_groupcv,psnr_benefit,V3,mlp,505,case1,real_csig,,,,0.0,0.0,0.0,0.9947916666666666,0.13048231136682018,0.3517439522159596,0,192
mixed_groupcv_psnr_benefit_V3_mlp_505,mixed_groupcv,psnr_benefit,V3,mlp,505,case2,real_csig,0.4631578947368421,0.014102564102564105,0.4921052631578947,0.0,0.0,0.0,0.9739583333333334,0.15422206885841158,0.3734807168754439,2,192
mixed_groupcv_psnr_benefit_V3_mlp_505,mixed_groupcv,psnr_benefit,V3,mlp,505,case3,real_csig,,,,0.0,0.0,0.0,1.0,0.12589370860191149,0.34577286247319233,0,192
mixed_groupcv_psnr_benefit_V3_mlp_505,mixed_groupcv,psnr_benefit,V3,mlp,505,case4,real_csig,,,,0.0,0.0,0.0,1.0,0.016568498690468666,0.12285475754955162,0,192
mixed_groupcv_psnr_benefit_V3_mlp_505,mixed_groupcv,psnr_benefit,V3,mlp,505,case5,real_csig,0.4614695340501792,0.03227979121564541,0.5,0.0,0.0,0.0,0.96875,0.10538804682174398,0.26810305076651275,6,192
mixed_groupcv_psnr_benefit_V3_mlp_505,mixed_groupcv,psnr_benefit,V3,mlp,505,bsds_100098,synthetic_bsds,,,,0.0,0.0,0.0,1.0,0.18756962145829892,0.43286488950252533,0,4
mixed_groupcv_psnr_benefit_V3_mlp_505,mixed_groupcv,psnr_benefit,V3,mlp,505,bsds_106025,synthetic_bsds,,,,0.0,0.0,0.0,1.0,0.1577473844113948,0.3916470557451248,0,4
mixed_groupcv_psnr_benefit_V3_mlp_505,mixed_groupcv,psnr_benefit,V3,mlp,505,bsds_112082,synthetic_bsds,,,,0.0,0.0,0.0,1.0,0.15116057925473192,0.38454941660165787,0,4
mixed_groupcv_psnr_benefit_V3_mlp_505,mixed_groupcv,psnr_benefit,V3,mlp,505,bsds_138078,synthetic_bsds,,,,0.0,0.0,0.0,1.0,0.157193607536791,0.3905809670686722,0,4
mixed_groupcv_psnr_benefit_V3_mlp_505,mixed_groupcv,psnr_benefit,V3,mlp,505,bsds_140055,synthetic_bsds,,,,0.0,0.0,0.0,1.0,0.14890607836071834,0.3834846392273903,0,4
mixed_groupcv_psnr_benefit_V3_mlp_505,mixed_groupcv,psnr_benefit,V3,mlp,505,bsds_147021,synthetic_bsds,,,,0.0,0.0,0.0,1.0,0.17790043245593412,0.4207845851778984,0,4
mixed_groupcv_psnr_benefit_V3_mlp_505,mixed_groupcv,psnr_benefit,V3,mlp,505,bsds_153077,synthetic_bsds,,,,0.0,0.0,0.0,1.0,0.16691172921153496,0.407834455370903,0,4
mixed_groupcv_psnr_benefit_V3_mlp_505,mixed_groupcv,psnr_benefit,V3,mlp,505,bsds_159029,synthetic_bsds,,,,0.0,0.0,0.0,1.0,0.1772591109699504,0.41534073650836945,0,4
mixed_groupcv_psnr_benefit_V3_mlp_505,mixed_groupcv,psnr_benefit,V3,mlp,505,bsds_159045,synthetic_bsds,,,,0.0,0.0,0.0,1.0,0.16879101014242215,0.4094846546649933,0,4
mixed_groupcv_psnr_benefit_V3_mlp_505,mixed_groupcv,psnr_benefit,V3,mlp,505,bsds_159091,synthetic_bsds,,,,0.0,0.0,0.0,1.0,0.17306099872577763,0.41351230442523956,0,4
mixed_groupcv_psnr_benefit_V3_mlp_505,mixed_groupcv,psnr_benefit,V3,mlp,505,bsds_164074,synthetic_bsds,,,,0.0,0.0,0.0,0.75,0.2021592912539858,0.44626541435718536,0,4
mixed_groupcv_psnr_benefit_V3_mlp_505,mixed_groupcv,psnr_benefit,V3,mlp,505,bsds_166081,synthetic_bsds,,,,0.0,0.0,0.0,1.0,0.1876568665719036,0.4312477856874466,0,4
mixed_groupcv_psnr_benefit_V3_mlp_505,mixed_groupcv,psnr_benefit,V3,mlp,505,bsds_176039,synthetic_bsds,,,,0.0,0.0,0.0,1.0,0.12038874393648791,0.3445052430033684,0,4
mixed_groupcv_psnr_benefit_V3_mlp_505,mixed_groupcv,psnr_benefit,V3,mlp,505,bsds_183055,synthetic_bsds,,,,0.0,0.0,0.0,1.0,0.15358380839492436,0.3873390778899193,0,4
mixed_groupcv_psnr_benefit_V3_mlp_505,mixed_groupcv,psnr_benefit,V3,mlp,505,bsds_187029,synthetic_bsds,,,,0.0,0.0,0.0,1.0,0.20129338347736647,0.4478490650653839,0,4
mixed_groupcv_psnr_benefit_V3_mlp_505,mixed_groupcv,psnr_benefit,V3,mlp,505,bsds_188063,synthetic_bsds,,,,0.0,0.0,0.0,1.0,0.1784269603706512,0.418287955224514,0,4
mixed_groupcv_psnr_benefit_V3_mlp_505,mixed_groupcv,psnr_benefit,V3,mlp,505,bsds_198023,synthetic_bsds,1.0,1.0,0.5,0.0,0.0,0.0,0.25,0.3920969390707723,0.47831711545586586,3,4
mixed_groupcv_psnr_benefit_V3_mlp_505,mixed_groupcv,psnr_benefit,V3,mlp,505,bsds_198054,synthetic_bsds,,,,0.0,0.0,0.0,1.0,0.06086049454798187,0.24280188605189323,0,4
mixed_groupcv_psnr_benefit_V3_mlp_505,mixed_groupcv,psnr_benefit,V3,mlp,505,bsds_20008,synthetic_bsds,,,,0.0,0.0,0.0,1.0,0.20120611940942257,0.44830624014139175,0,4
mixed_groupcv_psnr_benefit_V3_mlp_505,mixed_groupcv,psnr_benefit,V3,mlp,505,bsds_216041,synthetic_bsds,,,,0.0,0.0,0.0,1.0,0.07149705040115256,0.262340996414423,0,4
mixed_groupcv_psnr_benefit_V3_mlp_505,mixed_groupcv,psnr_benefit,V3,mlp,505,bsds_225017,synthetic_bsds,,,,0.0,0.0,0.0,0.75,0.17771241463718512,0.41168074309825897,0,4
mixed_groupcv_psnr_benefit_V3_mlp_505,mixed_groupcv,psnr_benefit,V3,mlp,505,bsds_23025,synthetic_bsds,,,,0.0,0.0,0.0,1.0,0.16685272115884997,0.40523211658000946,0,4
mixed_groupcv_psnr_benefit_V3_mlp_505,mixed_groupcv,psnr_benefit,V3,mlp,505,bsds_23080,synthetic_bsds,,,,0.0,0.0,0.0,1.0,0.14936551560632583,0.3857884183526039,0,4
mixed_groupcv_psnr_benefit_V3_mlp_505,mixed_groupcv,psnr_benefit,V3,mlp,505,bsds_231015,synthetic_bsds,,,,0.0,0.0,0.0,1.0,0.15261577882279664,0.38579607754945755,0,4
mixed_groupcv_psnr_benefit_V3_mlp_505,mixed_groupcv,psnr_benefit,V3,mlp,505,bsds_236017,synthetic_bsds,,,,0.0,0.0,0.0,1.0,0.08615609403317254,0.2878941111266613,0,4
mixed_groupcv_psnr_benefit_V3_mlp_505,mixed_groupcv,psnr_benefit,V3,mlp,505,bsds_245051,synthetic_bsds,,,,0.0,0.0,0.0,1.0,0.16203511094710232,0.3960912749171257,0,4
mixed_groupcv_psnr_benefit_V3_mlp_505,mixed_groupcv,psnr_benefit,V3,mlp,505,bsds_246016,synthetic_bsds,,,,0.0,0.0,0.0,1.0,0.09193416409938271,0.2984257787466049,0,4
mixed_groupcv_psnr_benefit_V3_mlp_505,mixed_groupcv,psnr_benefit,V3,mlp,505,bsds_249061,synthetic_bsds,,,,0.0,0.0,0.0,1.0,0.16464425530464544,0.4047267287969589,0,4
mixed_groupcv_psnr_benefit_V3_mlp_505,mixed_groupcv,psnr_benefit,V3,mlp,505,bsds_25098,synthetic_bsds,,,,0.0,0.0,0.0,1.0,0.162552173498425,0.3992530032992363,0,4
mixed_groupcv_psnr_benefit_V3_mlp_505,mixed_groupcv,psnr_benefit,V3,mlp,505,bsds_253036,synthetic_bsds,,,,0.0,0.0,0.0,1.0,0.1639015112134914,0.4029022827744484,0,4
mixed_groupcv_psnr_benefit_V3_mlp_505,mixed_groupcv,psnr_benefit,V3,mlp,505,bsds_254054,synthetic_bsds,,,,0.0,0.0,0.0,1.0,0.17664743298260666,0.4179307222366333,0,4
mixed_groupcv_psnr_benefit_V3_mlp_505,mixed_groupcv,psnr_benefit,V3,mlp,505,bsds_27059,synthetic_bsds,,,,0.0,0.0,0.0,1.0,0.13886744790789263,0.3694704547524452,0,4
mixed_groupcv_psnr_benefit_V3_mlp_505,mixed_groupcv,psnr_benefit,V3,mlp,505,bsds_271008,synthetic_bsds,,,,0.0,0.0,0.0,1.0,0.18107804244711834,0.4226587489247322,0,4
mixed_groupcv_psnr_benefit_V3_mlp_505,mixed_groupcv,psnr_benefit,V3,mlp,505,bsds_274007,synthetic_bsds,,,,0.0,0.0,0.0,0.75,0.21808937289971952,0.4659184664487839,0,4
mixed_groupcv_psnr_benefit_V3_mlp_505,mixed_groupcv,psnr_benefit,V3,mlp,505,bsds_286092,synthetic_bsds,,,,0.0,0.0,0.0,1.0,0.1361142989742914,0.3688161000609398,0,4
mixed_groupcv_psnr_benefit_V3_mlp_505,mixed_groupcv,psnr_benefit,V3,mlp,505,bsds_309004,synthetic_bsds,,,,0.0,0.0,0.0,1.0,0.17948398672147747,0.4187374636530876,0,4
mixed_groupcv_psnr_benefit_V3_mlp_505,mixed_groupcv,psnr_benefit,V3,mlp,505,bsds_311081,synthetic_bsds,,,,0.0,0.0,0.0,1.0,0.17363803267079736,0.4143296852707863,0,4
mixed_groupcv_psnr_benefit_V3_mlp_505,mixed_groupcv,psnr_benefit,V3,mlp,505,bsds_314016,synthetic_bsds,,,,0.0,0.0,0.0,1.0,0.10177325506691437,0.31677278876304626,0,4
mixed_groupcv_psnr_benefit_V3_mlp_505,mixed_groupcv,psnr_benefit,V3,mlp,505,bsds_323016,synthetic_bsds,,,,0.0,0.0,0.0,1.0,0.05774844067163043,0.23804253339767456,0,4
mixed_groupcv_psnr_benefit_V3_mlp_505,mixed_groupcv,psnr_benefit,V3,mlp,505,bsds_368078,synthetic_bsds,,,,0.0,0.0,0.0,1.0,0.20132534888082332,0.44829104095697403,0,4
mixed_groupcv_psnr_benefit_V3_mlp_505,mixed_groupcv,psnr_benefit,V3,mlp,505,bsds_374020,synthetic_bsds,,,,0.0,0.0,0.0,1.0,0.19862546161484995,0.4412428066134453,0,4
mixed_groupcv_psnr_benefit_V3_mlp_505,mixed_groupcv,psnr_benefit,V3,mlp,505,bsds_385028,synthetic_bsds,,,,0.0,0.0,0.0,1.0,0.1563633423209636,0.39350879937410355,0,4
mixed_groupcv_psnr_benefit_V3_mlp_505,mixed_groupcv,psnr_benefit,V3,mlp,505,bsds_41004,synthetic_bsds,0.6666666666666667,0.5,0.5,0.0,0.0,0.0,0.75,0.18623684639615923,0.07558400183916092,1,4
mixed_groupcv_psnr_benefit_V3_mlp_505,mixed_groupcv,psnr_benefit,V3,mlp,505,bsds_45077,synthetic_bsds,,,,0.0,0.0,0.0,1.0,0.16976294977387152,0.4114573150873184,0,4
mixed_groupcv_psnr_benefit_V3_mlp_505,mixed_groupcv,psnr_benefit,V3,mlp,505,bsds_46076,synthetic_bsds,0.33333333333333337,0.3333333333333333,0.5,0.0,0.0,0.0,0.75,0.2334089371659709,0.21544398367404938,1,4
mixed_groupcv_psnr_benefit_V3_mlp_505,mixed_groupcv,psnr_benefit,V3,mlp,505,bsds_59078,synthetic_bsds,,,,0.0,0.0,0.0,1.0,0.17307716529505446,0.4153689071536064,0,4
mixed_groupcv_psnr_benefit_V3_mlp_505,mixed_groupcv,psnr_benefit,V3,mlp,505,bsds_61086,synthetic_bsds,,,,0.0,0.0,0.0,1.0,0.16870644512223487,0.407834529876709,0,4
mixed_groupcv_psnr_benefit_V3_mlp_505,mixed_groupcv,psnr_benefit,V3,mlp,505,bsds_76002,synthetic_bsds,,,,0.0,0.0,0.0,1.0,0.16138344223873013,0.3979320749640465,0,4
mixed_groupcv_psnr_benefit_V3_mlp_505,mixed_groupcv,psnr_benefit,V3,mlp,505,bsds_80099,synthetic_bsds,,,,0.0,0.0,0.0,1.0,0.1237730272251858,0.34365443140268326,0,4
mixed_groupcv_psnr_benefit_V3_mlp_505,mixed_groupcv,psnr_benefit,V3,mlp,505,bsds_92059,synthetic_bsds,,,,0.0,0.0,0.0,1.0,0.07152555514067938,0.25448380410671234,0,4
mixed_groupcv_psnr_benefit_V3_mlp_506,mixed_groupcv,psnr_benefit,V3,mlp,506,case1,real_csig,,,,0.0,0.0,0.0,1.0,0.07351602448754047,0.25290458160452545,0,192
mixed_groupcv_psnr_benefit_V3_mlp_506,mixed_groupcv,psnr_benefit,V3,mlp,506,case2,real_csig,0.5710526315789474,0.017690058479532166,0.5,0.0,0.0,0.0,0.9895833333333334,0.11972223641672632,0.31777752976631746,2,192
mixed_groupcv_psnr_benefit_V3_mlp_506,mixed_groupcv,psnr_benefit,V3,mlp,506,case3,real_csig,,,,0.0,0.0,0.0,1.0,0.08133927026269112,0.2670052443863824,0,192
mixed_groupcv_psnr_benefit_V3_mlp_506,mixed_groupcv,psnr_benefit,V3,mlp,506,case4,real_csig,,,,0.0,0.0,0.0,1.0,0.0007349345763315199,0.01922724251683879,0,192
mixed_groupcv_psnr_benefit_V3_mlp_506,mixed_groupcv,psnr_benefit,V3,mlp,506,case5,real_csig,0.41129032258064513,0.029163842182334913,0.5,0.0,0.0,0.0,0.96875,0.06105896672864702,0.15820613470471773,6,192
mixed_groupcv_psnr_benefit_V3_mlp_506,mixed_groupcv,psnr_benefit,V3,mlp,506,bsds_100098,synthetic_bsds,,,,0.0,0.0,0.0,1.0,0.10536801081287916,0.32098235934972763,0,4
mixed_groupcv_psnr_benefit_V3_mlp_506,mixed_groupcv,psnr_benefit,V3,mlp,506,bsds_106025,synthetic_bsds,,,,0.0,0.0,0.0,1.0,0.09189525557675765,0.2937842346727848,0,4
mixed_groupcv_psnr_benefit_V3_mlp_506,mixed_groupcv,psnr_benefit,V3,mlp,506,bsds_112082,synthetic_bsds,,,,0.0,0.0,0.0,1.0,0.08096472321719705,0.2789636105298996,0,4
mixed_groupcv_psnr_benefit_V3_mlp_506,mixed_groupcv,psnr_benefit,V3,mlp,506,bsds_138078,synthetic_bsds,,,,0.0,0.0,0.0,1.0,0.07417465124503952,0.26499829441308975,0,4
mixed_groupcv_psnr_benefit_V3_mlp_506,mixed_groupcv,psnr_benefit,V3,mlp,506,bsds_140055,synthetic_bsds,,,,0.0,0.0,0.0,1.0,0.07211971910608894,0.2601357325911522,0,4
mixed_groupcv_psnr_benefit_V3_mlp_506,mixed_groupcv,psnr_benefit,V3,mlp,506,bsds_147021,synthetic_bsds,,,,0.0,0.0,0.0,1.0,0.14180902944458085,0.37524403631687164,0,4
mixed_groupcv_psnr_benefit_V3_mlp_506,mixed_groupcv,psnr_benefit,V3,mlp,506,bsds_153077,synthetic_bsds,,,,0.0,0.0,0.0,1.0,0.10588704390497683,0.32251087576150894,0,4
mixed_groupcv_psnr_benefit_V3_mlp_506,mixed_groupcv,psnr_benefit,V3,mlp,506,bsds_159029,synthetic_bsds,,,,0.0,0.0,0.0,1.0,0.17097673963507054,0.41186903417110443,0,4
mixed_groupcv_psnr_benefit_V3_mlp_506,mixed_groupcv,psnr_benefit,V3,mlp,506,bsds_159045,synthetic_bsds,,,,0.0,0.0,0.0,1.0,0.08366823962702963,0.28673408925533295,0,4
mixed_groupcv_psnr_benefit_V3_mlp_506,mixed_groupcv,psnr_benefit,V3,mlp,506,bsds_159091,synthetic_bsds,,,,0.0,0.0,0.0,1.0,0.1212419648753793,0.3436330482363701,0,4
mixed_groupcv_psnr_benefit_V3_mlp_506,mixed_groupcv,psnr_benefit,V3,mlp,506,bsds_164074,synthetic_bsds,,,,0.0,0.0,0.0,1.0,0.1729551007845287,0.40955668687820435,0,4
mixed_groupcv_psnr_benefit_V3_mlp_506,mixed_groupcv,psnr_benefit,V3,mlp,506,bsds_166081,synthetic_bsds,,,,0.0,0.0,0.0,1.0,0.12575829559770324,0.3528382107615471,0,4
mixed_groupcv_psnr_benefit_V3_mlp_506,mixed_groupcv,psnr_benefit,V3,mlp,506,bsds_176039,synthetic_bsds,,,,0.0,0.0,0.0,1.0,0.07421116208537054,0.2656625472009182,0,4
mixed_groupcv_psnr_benefit_V3_mlp_506,mixed_groupcv,psnr_benefit,V3,mlp,506,bsds_183055,synthetic_bsds,,,,0.0,0.0,0.0,1.0,0.11144951907083245,0.3314391076564789,0,4
mixed_groupcv_psnr_benefit_V3_mlp_506,mixed_groupcv,psnr_benefit,V3,mlp,506,bsds_187029,synthetic_bsds,,,,0.0,0.0,0.0,1.0,0.14924814161093547,0.38492943346500397,0,4
mixed_groupcv_psnr_benefit_V3_mlp_506,mixed_groupcv,psnr_benefit,V3,mlp,506,bsds_188063,synthetic_bsds,,,,0.0,0.0,0.0,1.0,0.09031682693807008,0.29533551633358,0,4
mixed_groupcv_psnr_benefit_V3_mlp_506,mixed_groupcv,psnr_benefit,V3,mlp,506,bsds_198023,synthetic_bsds,0.6666666666666666,0.9166666666666665,0.5,0.0,0.0,0.0,0.25,0.47583349708767136,0.5493962503969669,3,4
mixed_groupcv_psnr_benefit_V3_mlp_506,mixed_groupcv,psnr_benefit,V3,mlp,506,bsds_198054,synthetic_bsds,,,,0.0,0.0,0.0,1.0,0.021205905381477874,0.14103207364678383,0,4
mixed_groupcv_psnr_benefit_V3_mlp_506,mixed_groupcv,psnr_benefit,V3,mlp,506,bsds_20008,synthetic_bsds,,,,0.0,0.0,0.0,1.0,0.14239904488352795,0.37588799744844437,0,4
mixed_groupcv_psnr_benefit_V3_mlp_506,mixed_groupcv,psnr_benefit,V3,mlp,506,bsds_216041,synthetic_bsds,,,,0.0,0.0,0.0,1.0,0.018188579687350048,0.12400837615132332,0,4
mixed_groupcv_psnr_benefit_V3_mlp_506,mixed_groupcv,psnr_benefit,V3,mlp,506,bsds_225017,synthetic_bsds,,,,0.0,0.0,0.0,1.0,0.11203959567185612,0.3114401064813137,0,4
mixed_groupcv_psnr_benefit_V3_mlp_506,mixed_groupcv,psnr_benefit,V3,mlp,506,bsds_23025,synthetic_bsds,,,,0.0,0.0,0.0,1.0,0.12333313340933194,0.34382329136133194,0,4
mixed_groupcv_psnr_benefit_V3_mlp_506,mixed_groupcv,psnr_benefit,V3,mlp,506,bsds_23080,synthetic_bsds,,,,0.0,0.0,0.0,1.0,0.09270834248655246,0.3014087527990341,0,4
mixed_groupcv_psnr_benefit_V3_mlp_506,mixed_groupcv,psnr_benefit,V3,mlp,506,bsds_231015,synthetic_bsds,,,,0.0,0.0,0.0,1.0,0.0493884812799289,0.21846187859773636,0,4
mixed_groupcv_psnr_benefit_V3_mlp_506,mixed_groupcv,psnr_benefit,V3,mlp,506,bsds_236017,synthetic_bsds,,,,0.0,0.0,0.0,1.0,0.034373377937014005,0.16576021909713745,0,4
mixed_groupcv_psnr_benefit_V3_mlp_506,mixed_groupcv,psnr_benefit,V3,mlp,506,bsds_245051,synthetic_bsds,,,,0.0,0.0,0.0,1.0,0.061922469349587894,0.24220465868711472,0,4
mixed_groupcv_psnr_benefit_V3_mlp_506,mixed_groupcv,psnr_benefit,V3,mlp,506,bsds_246016,synthetic_bsds,,,,0.0,0.0,0.0,1.0,0.032232502228429064,0.17456740699708462,0,4
mixed_groupcv_psnr_benefit_V3_mlp_506,mixed_groupcv,psnr_benefit,V3,mlp,506,bsds_249061,synthetic_bsds,,,,0.0,0.0,0.0,1.0,0.12876547616268974,0.3516208678483963,0,4
mixed_groupcv_psnr_benefit_V3_mlp_506,mixed_groupcv,psnr_benefit,V3,mlp,506,bsds_25098,synthetic_bsds,,,,0.0,0.0,0.0,1.0,0.06505772282281025,0.251992117613554,0,4
mixed_groupcv_psnr_benefit_V3_mlp_506,mixed_groupcv,psnr_benefit,V3,mlp,506,bsds_253036,synthetic_bsds,,,,0.0,0.0,0.0,1.0,0.09457799213950963,0.3013375513255596,0,4
mixed_groupcv_psnr_benefit_V3_mlp_506,mixed_groupcv,psnr_benefit,V3,mlp,506,bsds_254054,synthetic_bsds,,,,0.0,0.0,0.0,1.0,0.16635034587066033,0.4070492461323738,0,4
mixed_groupcv_psnr_benefit_V3_mlp_506,mixed_groupcv,psnr_benefit,V3,mlp,506,bsds_27059,synthetic_bsds,,,,0.0,0.0,0.0,1.0,0.08449250915678413,0.2795840688049793,0,4
mixed_groupcv_psnr_benefit_V3_mlp_506,mixed_groupcv,psnr_benefit,V3,mlp,506,bsds_271008,synthetic_bsds,,,,0.0,0.0,0.0,1.0,0.11508840785529872,0.33393096178770065,0,4
mixed_groupcv_psnr_benefit_V3_mlp_506,mixed_groupcv,psnr_benefit,V3,mlp,506,bsds_274007,synthetic_bsds,,,,0.0,0.0,0.0,1.0,0.1365467946856187,0.36357156932353973,0,4
mixed_groupcv_psnr_benefit_V3_mlp_506,mixed_groupcv,psnr_benefit,V3,mlp,506,bsds_286092,synthetic_bsds,,,,0.0,0.0,0.0,1.0,0.05137214078786967,0.22465995699167252,0,4
mixed_groupcv_psnr_benefit_V3_mlp_506,mixed_groupcv,psnr_benefit,V3,mlp,506,bsds_309004,synthetic_bsds,,,,0.0,0.0,0.0,1.0,0.1114690957597746,0.32199298590421677,0,4
mixed_groupcv_psnr_benefit_V3_mlp_506,mixed_groupcv,psnr_benefit,V3,mlp,506,bsds_311081,synthetic_bsds,,,,0.0,0.0,0.0,1.0,0.12625514448916908,0.3542190492153168,0,4
mixed_groupcv_psnr_benefit_V3_mlp_506,mixed_groupcv,psnr_benefit,V3,mlp,506,bsds_314016,synthetic_bsds,,,,0.0,0.0,0.0,1.0,0.07221616507898743,0.26048970222473145,0,4
mixed_groupcv_psnr_benefit_V3_mlp_506,mixed_groupcv,psnr_benefit,V3,mlp,506,bsds_323016,synthetic_bsds,,,,0.0,0.0,0.0,1.0,0.023563091184516716,0.15294820815324783,0,4
mixed_groupcv_psnr_benefit_V3_mlp_506,mixed_groupcv,psnr_benefit,V3,mlp,506,bsds_368078,synthetic_bsds,,,,0.0,0.0,0.0,1.0,0.1477108940877041,0.38227105885744095,0,4
mixed_groupcv_psnr_benefit_V3_mlp_506,mixed_groupcv,psnr_benefit,V3,mlp,506,bsds_374020,synthetic_bsds,,,,0.0,0.0,0.0,1.0,0.1429817461438989,0.37574586272239685,0,4
mixed_groupcv_psnr_benefit_V3_mlp_506,mixed_groupcv,psnr_benefit,V3,mlp,506,bsds_385028,synthetic_bsds,,,,0.0,0.0,0.0,1.0,0.10664384797950865,0.32580701261758804,0,4
mixed_groupcv_psnr_benefit_V3_mlp_506,mixed_groupcv,psnr_benefit,V3,mlp,506,bsds_41004,synthetic_bsds,1.0,1.0,0.5,0.0,0.0,0.0,0.75,0.14486886435933216,0.330125417560339,1,4
mixed_groupcv_psnr_benefit_V3_mlp_506,mixed_groupcv,psnr_benefit,V3,mlp,506,bsds_45077,synthetic_bsds,,,,0.0,0.0,0.0,1.0,0.11029089685561788,0.31940946727991104,0,4
mixed_groupcv_psnr_benefit_V3_mlp_506,mixed_groupcv,psnr_benefit,V3,mlp,506,bsds_46076,synthetic_bsds,1.0,1.0,0.5,0.0,0.0,0.0,0.75,0.18364262832680556,0.4180115610361099,1,4
mixed_groupcv_psnr_benefit_V3_mlp_506,mixed_groupcv,psnr_benefit,V3,mlp,506,bsds_59078,synthetic_bsds,,,,0.0,0.0,0.0,1.0,0.11738204672002905,0.34211457520723343,0,4
mixed_groupcv_psnr_benefit_V3_mlp_506,mixed_groupcv,psnr_benefit,V3,mlp,506,bsds_61086,synthetic_bsds,,,,0.0,0.0,0.0,1.0,0.1552786532010051,0.39218058437108994,0,4
mixed_groupcv_psnr_benefit_V3_mlp_506,mixed_groupcv,psnr_benefit,V3,mlp,506,bsds_76002,synthetic_bsds,,,,0.0,0.0,0.0,1.0,0.12488694730275873,0.3472044989466667,0,4
mixed_groupcv_psnr_benefit_V3_mlp_506,mixed_groupcv,psnr_benefit,V3,mlp,506,bsds_80099,synthetic_bsds,,,,0.0,0.0,0.0,1.0,0.07512530272372087,0.24279265850782394,0,4
mixed_groupcv_psnr_benefit_V3_mlp_506,mixed_groupcv,psnr_benefit,V3,mlp,506,bsds_92059,synthetic_bsds,,,,0.0,0.0,0.0,1.0,0.03794936753968907,0.14589411579072475,0,4
mixed_groupcv_psnr_benefit_V3_mlp_507,mixed_groupcv,psnr_benefit,V3,mlp,507,case1,real_csig,,,,0.0,0.0,0.0,1.0,0.08480691077718394,0.27830170983603847,0,192
mixed_groupcv_psnr_benefit_V3_mlp_507,mixed_groupcv,psnr_benefit,V3,mlp,507,case2,real_csig,0.631578947368421,0.020562770562770564,0.5,0.0,0.0,0.0,0.9895833333333334,0.10933260049168848,0.30578140681609506,2,192
mixed_groupcv_psnr_benefit_V3_mlp_507,mixed_groupcv,psnr_benefit,V3,mlp,507,case3,real_csig,,,,0.0,0.0,0.0,1.0,0.08678340782292443,0.2776618828259719,0,192
mixed_groupcv_psnr_benefit_V3_mlp_507,mixed_groupcv,psnr_benefit,V3,mlp,507,case4,real_csig,,,,0.0,0.0,0.0,1.0,0.0014386127355830462,0.0309597413870506,0,192
mixed_groupcv_psnr_benefit_V3_mlp_507,mixed_groupcv,psnr_benefit,V3,mlp,507,case5,real_csig,0.3853046594982079,0.027982016301423163,0.5,0.0,0.0,0.0,0.96875,0.06669815578710331,0.17692149057984352,6,192
mixed_groupcv_psnr_benefit_V3_mlp_507,mixed_groupcv,psnr_benefit,V3,mlp,507,bsds_100098,synthetic_bsds,,,,0.0,0.0,0.0,1.0,0.11850443636764285,0.3378566727042198,0,4
mixed_groupcv_psnr_benefit_V3_mlp_507,mixed_groupcv,psnr_benefit,V3,mlp,507,bsds_106025,synthetic_bsds,,,,0.0,0.0,0.0,1.0,0.08562180885640408,0.2881532572209835,0,4
mixed_groupcv_psnr_benefit_V3_mlp_507,mixed_groupcv,psnr_benefit,V3,mlp,507,bsds_112082,synthetic_bsds,,,,0.0,0.0,0.0,1.0,0.08557239231463881,0.28627103194594383,0,4
mixed_groupcv_psnr_benefit_V3_mlp_507,mixed_groupcv,psnr_benefit,V3,mlp,507,bsds_138078,synthetic_bsds,,,,0.0,0.0,0.0,1.0,0.05727176758181057,0.23094386979937553,0,4
mixed_groupcv_psnr_benefit_V3_mlp_507,mixed_groupcv,psnr_benefit,V3,mlp,507,bsds_140055,synthetic_bsds,,,,0.0,0.0,0.0,1.0,0.06679450790880265,0.2518794946372509,0,4
mixed_groupcv_psnr_benefit_V3_mlp_507,mixed_groupcv,psnr_benefit,V3,mlp,507,bsds_147021,synthetic_bsds,,,,0.0,0.0,0.0,1.0,0.15131535222880754,0.38823268562555313,0,4
mixed_groupcv_psnr_benefit_V3_mlp_507,mixed_groupcv,psnr_benefit,V3,mlp,507,bsds_153077,synthetic_bsds,,,,0.0,0.0,0.0,1.0,0.13291920553721992,0.3627079576253891,0,4
mixed_groupcv_psnr_benefit_V3_mlp_507,mixed_groupcv,psnr_benefit,V3,mlp,507,bsds_159029,synthetic_bsds,,,,0.0,0.0,0.0,1.0,0.1552825483074476,0.39141805469989777,0,4
mixed_groupcv_psnr_benefit_V3_mlp_507,mixed_groupcv,psnr_benefit,V3,mlp,507,bsds_159045,synthetic_bsds,,,,0.0,0.0,0.0,1.0,0.08825165875213448,0.2958817705512047,0,4
mixed_groupcv_psnr_benefit_V3_mlp_507,mixed_groupcv,psnr_benefit,V3,mlp,507,bsds_159091,synthetic_bsds,,,,0.0,0.0,0.0,1.0,0.1289623602886094,0.35485609620809555,0,4
mixed_groupcv_psnr_benefit_V3_mlp_507,mixed_groupcv,psnr_benefit,V3,mlp,507,bsds_164074,synthetic_bsds,,,,0.0,0.0,0.0,1.0,0.1621113114299979,0.4001302197575569,0,4
mixed_groupcv_psnr_benefit_V3_mlp_507,mixed_groupcv,psnr_benefit,V3,mlp,507,bsds_166081,synthetic_bsds,,,,0.0,0.0,0.0,1.0,0.12483226420887727,0.35040368884801865,0,4
mixed_groupcv_psnr_benefit_V3_mlp_507,mixed_groupcv,psnr_benefit,V3,mlp,507,bsds_176039,synthetic_bsds,,,,0.0,0.0,0.0,1.0,0.07485205617812218,0.2567160278558731,0,4
mixed_groupcv_psnr_benefit_V3_mlp_507,mixed_groupcv,psnr_benefit,V3,mlp,507,bsds_183055,synthetic_bsds,,,,0.0,0.0,0.0,1.0,0.11119185223555639,0.3331426605582237,0,4
mixed_groupcv_psnr_benefit_V3_mlp_507,mixed_groupcv,psnr_benefit,V3,mlp,507,bsds_187029,synthetic_bsds,,,,0.0,0.0,0.0,1.0,0.13320543967772092,0.36324111372232437,0,4
mixed_groupcv_psnr_benefit_V3_mlp_507,mixed_groupcv,psnr_benefit,V3,mlp,507,bsds_188063,synthetic_bsds,,,,0.0,0.0,0.0,1.0,0.11222856692564287,0.3324979394674301,0,4
mixed_groupcv_psnr_benefit_V3_mlp_507,mixed_groupcv,psnr_benefit,V3,mlp,507,bsds_198023,synthetic_bsds,0.6666666666666666,0.9166666666666665,0.5,0.0,0.0,0.0,0.25,0.4260558167404752,0.5128569453954697,3,4
mixed_groupcv_psnr_benefit_V3_mlp_507,mixed_groupcv,psnr_benefit,V3,mlp,507,bsds_198054,synthetic_bsds,,,,0.0,0.0,0.0,1.0,0.020373210358169094,0.13858584873378277,0,4
mixed_groupcv_psnr_benefit_V3_mlp_507,mixed_groupcv,psnr_benefit,V3,mlp,507,bsds_20008,synthetic_bsds,,,,0.0,0.0,0.0,1.0,0.13345473124212281,0.3651302307844162,0,4
mixed_groupcv_psnr_benefit_V3_mlp_507,mixed_groupcv,psnr_benefit,V3,mlp,507,bsds_216041,synthetic_bsds,,,,0.0,0.0,0.0,1.0,0.03206626684650933,0.1633531767874956,0,4
mixed_groupcv_psnr_benefit_V3_mlp_507,mixed_groupcv,psnr_benefit,V3,mlp,507,bsds_225017,synthetic_bsds,,,,0.0,0.0,0.0,1.0,0.09783979172403645,0.29714999347925186,0,4
mixed_groupcv_psnr_benefit_V3_mlp_507,mixed_groupcv,psnr_benefit,V3,mlp,507,bsds_23025,synthetic_bsds,,,,0.0,0.0,0.0,1.0,0.11656106875482602,0.335714440792799,0,4
mixed_groupcv_psnr_benefit_V3_mlp_507,mixed_groupcv,psnr_benefit,V3,mlp,507,bsds_23080,synthetic_bsds,,,,0.0,0.0,0.0,1.0,0.1143300499554647,0.3365057036280632,0,4
mixed_groupcv_psnr_benefit_V3_mlp_507,mixed_groupcv,psnr_benefit,V3,mlp,507,bsds_231015,synthetic_bsds,,,,0.0,0.0,0.0,1.0,0.04389394791553508,0.2084798328578472,0,4
mixed_groupcv_psnr_benefit_V3_mlp_507,mixed_groupcv,psnr_benefit,V3,mlp,507,bsds_236017,synthetic_bsds,,,,0.0,0.0,0.0,1.0,0.04466060536313715,0.19102328643202782,0,4
mixed_groupcv_psnr_benefit_V3_mlp_507,mixed_groupcv,psnr_benefit,V3,mlp,507,bsds_245051,synthetic_bsds,,,,0.0,0.0,0.0,1.0,0.08937858604925936,0.29526274278759956,0,4
mixed_groupcv_psnr_benefit_V3_mlp_507,mixed_groupcv,psnr_benefit,V3,mlp,507,bsds_246016,synthetic_bsds,,,,0.0,0.0,0.0,1.0,0.04203700221045081,0.20310600847005844,0,4
mixed_groupcv_psnr_benefit_V3_mlp_507,mixed_groupcv,psnr_benefit,V3,mlp,507,bsds_249061,synthetic_bsds,,,,0.0,0.0,0.0,1.0,0.12024412199698992,0.339713629335165,0,4
mixed_groupcv_psnr_benefit_V3_mlp_507,mixed_groupcv,psnr_benefit,V3,mlp,507,bsds_25098,synthetic_bsds,,,,0.0,0.0,0.0,1.0,0.06979859040418229,0.25747189298272133,0,4
mixed_groupcv_psnr_benefit_V3_mlp_507,mixed_groupcv,psnr_benefit,V3,mlp,507,bsds_253036,synthetic_bsds,,,,0.0,0.0,0.0,1.0,0.08957390379319796,0.2962777242064476,0,4
mixed_groupcv_psnr_benefit_V3_mlp_507,mixed_groupcv,psnr_benefit,V3,mlp,507,bsds_254054,synthetic_bsds,,,,0.0,0.0,0.0,1.0,0.15467018205397287,0.3924161121249199,0,4
mixed_groupcv_psnr_benefit_V3_mlp_507,mixed_groupcv,psnr_benefit,V3,mlp,507,bsds_27059,synthetic_bsds,,,,0.0,0.0,0.0,1.0,0.09012324630317564,0.2917015366256237,0,4
mixed_groupcv_psnr_benefit_V3_mlp_507,mixed_groupcv,psnr_benefit,V3,mlp,507,bsds_271008,synthetic_bsds,,,,0.0,0.0,0.0,1.0,0.1275901369185528,0.35429292172193527,0,4
mixed_groupcv_psnr_benefit_V3_mlp_507,mixed_groupcv,psnr_benefit,V3,mlp,507,bsds_274007,synthetic_bsds,,,,0.0,0.0,0.0,1.0,0.13672060452544055,0.3682565465569496,0,4
mixed_groupcv_psnr_benefit_V3_mlp_507,mixed_groupcv,psnr_benefit,V3,mlp,507,bsds_286092,synthetic_bsds,,,,0.0,0.0,0.0,1.0,0.08537900139326693,0.2914426028728485,0,4
mixed_groupcv_psnr_benefit_V3_mlp_507,mixed_groupcv,psnr_benefit,V3,mlp,507,bsds_309004,synthetic_bsds,,,,0.0,0.0,0.0,1.0,0.12100986125705981,0.34224623441696167,0,4
mixed_groupcv_psnr_benefit_V3_mlp_507,mixed_groupcv,psnr_benefit,V3,mlp,507,bsds_311081,synthetic_bsds,,,,0.0,0.0,0.0,1.0,0.12804725391901028,0.35474930703639984,0,4
mixed_groupcv_psnr_benefit_V3_mlp_507,mixed_groupcv,psnr_benefit,V3,mlp,507,bsds_314016,synthetic_bsds,,,,0.0,0.0,0.0,1.0,0.08075070347932545,0.27663203328847885,0,4
mixed_groupcv_psnr_benefit_V3_mlp_507,mixed_groupcv,psnr_benefit,V3,mlp,507,bsds_323016,synthetic_bsds,,,,0.0,0.0,0.0,1.0,0.030371318752891507,0.17223221436142921,0,4
mixed_groupcv_psnr_benefit_V3_mlp_507,mixed_groupcv,psnr_benefit,V3,mlp,507,bsds_368078,synthetic_bsds,,,,0.0,0.0,0.0,1.0,0.1475495443044028,0.3817795291543007,0,4
mixed_groupcv_psnr_benefit_V3_mlp_507,mixed_groupcv,psnr_benefit,V3,mlp,507,bsds_374020,synthetic_bsds,,,,0.0,0.0,0.0,1.0,0.13766767614479591,0.3699505254626274,0,4
mixed_groupcv_psnr_benefit_V3_mlp_507,mixed_groupcv,psnr_benefit,V3,mlp,507,bsds_385028,synthetic_bsds,,,,0.0,0.0,0.0,1.0,0.11880936136975562,0.34329505264759064,0,4
mixed_groupcv_psnr_benefit_V3_mlp_507,mixed_groupcv,psnr_benefit,V3,mlp,507,bsds_41004,synthetic_bsds,1.0,1.0,0.5,0.0,0.0,0.0,0.75,0.12439960078124807,0.3104757331311703,1,4
mixed_groupcv_psnr_benefit_V3_mlp_507,mixed_groupcv,psnr_benefit,V3,mlp,507,bsds_45077,synthetic_bsds,,,,0.0,0.0,0.0,1.0,0.09887508880882145,0.30692241340875626,0,4
mixed_groupcv_psnr_benefit_V3_mlp_507,mixed_groupcv,psnr_benefit,V3,mlp,507,bsds_46076,synthetic_bsds,1.0,1.0,0.5,0.0,0.0,0.0,0.75,0.1929915526875159,0.11574354767799377,1,4
mixed_groupcv_psnr_benefit_V3_mlp_507,mixed_groupcv,psnr_benefit,V3,mlp,507,bsds_59078,synthetic_bsds,,,,0.0,0.0,0.0,1.0,0.12974022909568328,0.3552493453025818,0,4
mixed_groupcv_psnr_benefit_V3_mlp_507,mixed_groupcv,psnr_benefit,V3,mlp,507,bsds_61086,synthetic_bsds,,,,0.0,0.0,0.0,1.0,0.14110767678890834,0.37392447888851166,0,4
mixed_groupcv_psnr_benefit_V3_mlp_507,mixed_groupcv,psnr_benefit,V3,mlp,507,bsds_76002,synthetic_bsds,,,,0.0,0.0,0.0,1.0,0.13774590064935266,0.37003786861896515,0,4
mixed_groupcv_psnr_benefit_V3_mlp_507,mixed_groupcv,psnr_benefit,V3,mlp,507,bsds_80099,synthetic_bsds,,,,0.0,0.0,0.0,1.0,0.07264076279449827,0.24645299464464188,0,4
mixed_groupcv_psnr_benefit_V3_mlp_507,mixed_groupcv,psnr_benefit,V3,mlp,507,bsds_92059,synthetic_bsds,,,,0.0,0.0,0.0,1.0,0.0326094348719423,0.15036750119179487,0,4
mixed_groupcv_psnr_benefit_V4_logistic_505,mixed_groupcv,psnr_benefit,V4,logistic,505,case1,real_csig,,,,0.0,0.0,0.0,1.0,5.095357555846188e-05,0.005118799261829089,0,192
mixed_groupcv_psnr_benefit_V4_logistic_505,mixed_groupcv,psnr_benefit,V4,logistic,505,case2,real_csig,0.381578947368421,0.012297226582940869,0.5,0.0,0.0,0.0,0.9895833333333334,0.01155279232202963,0.013378719559675616,2,192
mixed_groupcv_psnr_benefit_V4_logistic_505,mixed_groupcv,psnr_benefit,V4,logistic,505,case3,real_csig,,,,0.0,0.0,0.0,1.0,0.00045995776982991676,0.0059653634309177785,0,192
mixed_groupcv_psnr_benefit_V4_logistic_505,mixed_groupcv,psnr_benefit,V4,logistic,505,case4,real_csig,,,,0.0,0.0,0.0,1.0,5.0731034413853934e-05,0.005666497768049089,0,192
mixed_groupcv_psnr_benefit_V4_logistic_505,mixed_groupcv,psnr_benefit,V4,logistic,505,case5,real_csig,0.8225806451612904,0.10779295124043098,0.5,0.0,0.0,0.0,0.96875,0.030098518676821565,0.019937643729733424,6,192
mixed_groupcv_psnr_benefit_V4_logistic_505,mixed_groupcv,psnr_benefit,V4,logistic,505,bsds_100098,synthetic_bsds,,,,0.0,0.0,0.0,1.0,0.04339468856551429,0.1725813576360007,0,4
mixed_groupcv_psnr_benefit_V4_logistic_505,mixed_groupcv,psnr_benefit,V4,logistic,505,bsds_106025,synthetic_bsds,,,,0.0,0.0,0.0,1.0,0.000332564536135511,0.017717952006656427,0,4
mixed_groupcv_psnr_benefit_V4_logistic_505,mixed_groupcv,psnr_benefit,V4,logistic,505,bsds_112082,synthetic_bsds,,,,0.0,0.0,0.0,1.0,0.00013377960125348837,0.008881412456609686,0,4
mixed_groupcv_psnr_benefit_V4_logistic_505,mixed_groupcv,psnr_benefit,V4,logistic,505,bsds_138078,synthetic_bsds,,,,0.0,0.0,0.0,1.0,0.0011478381490939052,0.02975671724760786,0,4
mixed_groupcv_psnr_benefit_V4_logistic_505,mixed_groupcv,psnr_benefit,V4,logistic,505,bsds_140055,synthetic_bsds,,,,0.0,0.0,0.0,1.0,9.410964144061085e-06,0.002532098579416715,0,4
mixed_groupcv_psnr_benefit_V4_logistic_505,mixed_groupcv,psnr_benefit,V4,logistic,505,bsds_147021,synthetic_bsds,,,,0.0,0.0,0.0,1.0,0.00024086589999565308,0.011445150184148016,0,4
mixed_groupcv_psnr_benefit_V4_logistic_505,mixed_groupcv,psnr_benefit,V4,logistic,505,bsds_153077,synthetic_bsds,,,,0.0,0.0,0.0,1.0,0.0001855413187517862,0.012863717186942805,0,4
mixed_groupcv_psnr_benefit_V4_logistic_505,mixed_groupcv,psnr_benefit,V4,logistic,505,bsds_159029,synthetic_bsds,,,,0.0,0.0,0.0,1.0,0.0002896952479805673,0.013192751966861788,0,4
mixed_groupcv_psnr_benefit_V4_logistic_505,mixed_groupcv,psnr_benefit,V4,logistic,505,bsds_159045,synthetic_bsds,,,,0.0,0.0,0.0,1.0,0.0005981736665303848,0.021850070450506014,0,4
mixed_groupcv_psnr_benefit_V4_logistic_505,mixed_groupcv,psnr_benefit,V4,logistic,505,bsds_159091,synthetic_bsds,,,,0.0,0.0,0.0,1.0,2.832853309333058e-05,0.005262452726948179,0,4
mixed_groupcv_psnr_benefit_V4_logistic_505,mixed_groupcv,psnr_benefit,V4,logistic,505,bsds_164074,synthetic_bsds,,,,0.0,0.0,0.0,1.0,0.017199920894209297,0.09277927047345876,0,4
mixed_groupcv_psnr_benefit_V4_logistic_505,mixed_groupcv,psnr_benefit,V4,logistic,505,bsds_166081,synthetic_bsds,,,,0.0,0.0,0.0,1.0,0.0002380407999624505,0.009941562685130433,0,4
mixed_groupcv_psnr_benefit_V4_logistic_505,mixed_groupcv,psnr_benefit,V4,logistic,505,bsds_176039,synthetic_bsds,,,,0.0,0.0,0.0,1.0,0.001613034804555376,0.022712841054662578,0,4
mixed_groupcv_psnr_benefit_V4_logistic_505,mixed_groupcv,psnr_benefit,V4,logistic,505,bsds_183055,synthetic_bsds,,,,0.0,0.0,0.0,1.0,0.0006003460112904235,0.020498312980226217,0,4
mixed_groupcv_psnr_benefit_V4_logistic_505,mixed_groupcv,psnr_benefit,V4,logistic,505,bsds_187029,synthetic_bsds,,,,0.0,0.0,0.0,1.0,5.165839855475158e-05,0.00689851548519238,0,4
mixed_groupcv_psnr_benefit_V4_logistic_505,mixed_groupcv,psnr_benefit,V4,logistic,505,bsds_188063,synthetic_bsds,,,,0.0,0.0,0.0,1.0,0.0001576603362180613,0.009436916670266431,0,4
mixed_groupcv_psnr_benefit_V4_logistic_505,mixed_groupcv,psnr_benefit,V4,logistic,505,bsds_198023,synthetic_bsds,0.0,0.6388888888888888,0.5,0.0,0.0,0.0,0.25,0.7489042219628601,0.7458386439100945,3,4
mixed_groupcv_psnr_benefit_V4_logistic_505,mixed_groupcv,psnr_benefit,V4,logistic,505,bsds_198054,synthetic_bsds,,,,0.0,0.0,0.0,1.0,0.00048430035903232287,0.02141996768596584,0,4
mixed_groupcv_psnr_benefit_V4_logistic_505,mixed_groupcv,psnr_benefit,V4,logistic,505,bsds_20008,synthetic_bsds,,,,0.0,0.0,0.0,1.0,0.0026206889598867373,0.02944785254112002,0,4
mixed_groupcv_psnr_benefit_V4_logistic_505,mixed_groupcv,psnr_benefit,V4,logistic,505,bsds_216041,synthetic_bsds,,,,0.0,0.0,0.0,1.0,2.6252170344220397e-05,0.004174023418646196,0,4
mixed_groupcv_psnr_benefit_V4_logistic_505,mixed_groupcv,psnr_benefit,V4,logistic,505,bsds_225017,synthetic_bsds,,,,0.0,0.0,0.0,1.0,0.0015384874638483311,0.03165391453111457,0,4
mixed_groupcv_psnr_benefit_V4_logistic_505,mixed_groupcv,psnr_benefit,V4,logistic,505,bsds_23025,synthetic_bsds,,,,0.0,0.0,0.0,1.0,0.0001929489153893217,0.011887636242006804,0,4
mixed_groupcv_psnr_benefit_V4_logistic_505,mixed_groupcv,psnr_benefit,V4,logistic,505,bsds_23080,synthetic_bsds,,,,0.0,0.0,0.0,1.0,0.00018670299421531477,0.009329790879543975,0,4
mixed_groupcv_psnr_benefit_V4_logistic_505,mixed_groupcv,psnr_benefit,V4,logistic,505,bsds_231015,synthetic_bsds,,,,0.0,0.0,0.0,1.0,8.39788736874308e-05,0.008386460166995773,0,4
mixed_groupcv_psnr_benefit_V4_logistic_505,mixed_groupcv,psnr_benefit,V4,logistic,505,bsds_236017,synthetic_bsds,,,,0.0,0.0,0.0,1.0,1.4326243104725144e-05,0.0032876597264926122,0,4
mixed_groupcv_psnr_benefit_V4_logistic_505,mixed_groupcv,psnr_benefit,V4,logistic,505,bsds_245051,synthetic_bsds,,,,0.0,0.0,0.0,1.0,0.006026910232882364,0.0647439030427163,0,4
mixed_groupcv_psnr_benefit_V4_logistic_505,mixed_groupcv,psnr_benefit,V4,logistic,505,bsds_246016,synthetic_bsds,,,,0.0,0.0,0.0,1.0,0.00036130643294571003,0.018441064475340774,0,4
mixed_groupcv_psnr_benefit_V4_logistic_505,mixed_groupcv,psnr_benefit,V4,logistic,505,bsds_249061,synthetic_bsds,,,,0.0,0.0,0.0,1.0,0.003758263459138077,0.037343380330964286,0,4
mixed_groupcv_psnr_benefit_V4_logistic_505,mixed_groupcv,psnr_benefit,V4,logistic,505,bsds_25098,synthetic_bsds,,,,0.0,0.0,0.0,1.0,0.023945296543271564,0.11628990939829482,0,4
mixed_groupcv_psnr_benefit_V4_logistic_505,mixed_groupcv,psnr_benefit,V4,logistic,505,bsds_253036,synthetic_bsds,,,,0.0,0.0,0.0,1.0,6.589763580385285e-05,0.0058021430920419,0,4
mixed_groupcv_psnr_benefit_V4_logistic_505,mixed_groupcv,psnr_benefit,V4,logistic,505,bsds_254054,synthetic_bsds,,,,0.0,0.0,0.0,1.0,0.0003054304224604858,0.01235914725350059,0,4
mixed_groupcv_psnr_benefit_V4_logistic_505,mixed_groupcv,psnr_benefit,V4,logistic,505,bsds_27059,synthetic_bsds,,,,0.0,0.0,0.0,1.0,6.32551995029787e-05,0.006495713430592062,0,4
mixed_groupcv_psnr_benefit_V4_logistic_505,mixed_groupcv,psnr_benefit,V4,logistic,505,bsds_271008,synthetic_bsds,,,,0.0,0.0,0.0,1.0,0.0019021263962231481,0.030789310121448234,0,4
mixed_groupcv_psnr_benefit_V4_logistic_505,mixed_groupcv,psnr_benefit,V4,logistic,505,bsds_274007,synthetic_bsds,,,,0.0,0.0,0.0,1.0,0.00013806144441264842,0.010071630270672302,0,4
mixed_groupcv_psnr_benefit_V4_logistic_505,mixed_groupcv,psnr_benefit,V4,logistic,505,bsds_286092,synthetic_bsds,,,,0.0,0.0,0.0,1.0,2.3261995769811784e-05,0.004676518595775136,0,4
mixed_groupcv_psnr_benefit_V4_logistic_505,mixed_groupcv,psnr_benefit,V4,logistic,505,bsds_309004,synthetic_bsds,,,,0.0,0.0,0.0,1.0,5.3419919860877494e-06,0.0017131110301257472,0,4
mixed_groupcv_psnr_benefit_V4_logistic_505,mixed_groupcv,psnr_benefit,V4,logistic,505,bsds_311081,synthetic_bsds,,,,0.0,0.0,0.0,1.0,1.393240279265067e-05,0.002794175988333491,0,4
mixed_groupcv_psnr_benefit_V4_logistic_505,mixed_groupcv,psnr_benefit,V4,logistic,505,bsds_314016,synthetic_bsds,,,,0.0,0.0,0.0,1.0,0.0016992070985494625,0.03564595040747865,0,4
mixed_groupcv_psnr_benefit_V4_logistic_505,mixed_groupcv,psnr_benefit,V4,logistic,505,bsds_323016,synthetic_bsds,,,,0.0,0.0,0.0,1.0,0.001244444844161129,0.03286824324636704,0,4
mixed_groupcv_psnr_benefit_V4_logistic_505,mixed_groupcv,psnr_benefit,V4,logistic,505,bsds_368078,synthetic_bsds,,,,0.0,0.0,0.0,1.0,0.00010863306293791458,0.009607982835155592,0,4
mixed_groupcv_psnr_benefit_V4_logistic_505,mixed_groupcv,psnr_benefit,V4,logistic,505,bsds_374020,synthetic_bsds,,,,0.0,0.0,0.0,1.0,0.00022004569258888922,0.011573163999323254,0,4
mixed_groupcv_psnr_benefit_V4_logistic_505,mixed_groupcv,psnr_benefit,V4,logistic,505,bsds_385028,synthetic_bsds,,,,0.0,0.0,0.0,1.0,7.978518157438393e-05,0.007442563790727047,0,4
mixed_groupcv_psnr_benefit_V4_logistic_505,mixed_groupcv,psnr_benefit,V4,logistic,505,bsds_41004,synthetic_bsds,0.33333333333333337,0.3333333333333333,0.5,0.0,0.0,0.0,0.75,0.2459905138656802,0.23351615142248483,1,4
mixed_groupcv_psnr_benefit_V4_logistic_505,mixed_groupcv,psnr_benefit,V4,logistic,505,bsds_45077,synthetic_bsds,,,,0.0,0.0,0.0,1.0,0.0001833942445876767,0.012339751404845936,0,4
mixed_groupcv_psnr_benefit_V4_logistic_505,mixed_groupcv,psnr_benefit,V4,logistic,505,bsds_46076,synthetic_bsds,0.33333333333333337,0.3333333333333333,0.5,0.0,0.0,0.0,0.75,0.24668704900487198,0.2404953505015594,1,4
mixed_groupcv_psnr_benefit_V4_logistic_505,mixed_groupcv,psnr_benefit,V4,logistic,505,bsds_59078,synthetic_bsds,,,,0.0,0.0,0.0,1.0,0.004553121938033504,0.05377887744821162,0,4
mixed_groupcv_psnr_benefit_V4_logistic_505,mixed_groupcv,psnr_benefit,V4,logistic,505,bsds_61086,synthetic_bsds,,,,0.0,0.0,0.0,1.0,2.1462138254239298e-06,0.0011723974424720225,0,4
mixed_groupcv_psnr_benefit_V4_logistic_505,mixed_groupcv,psnr_benefit,V4,logistic,505,bsds_76002,synthetic_bsds,,,,0.0,0.0,0.0,1.0,2.2297953587511644e-05,0.0043268408354798695,0,4
mixed_groupcv_psnr_benefit_V4_logistic_505,mixed_groupcv,psnr_benefit,V4,logistic,505,bsds_80099,synthetic_bsds,,,,0.0,0.0,0.0,1.0,0.016793635735519327,0.07733992291716837,0,4
mixed_groupcv_psnr_benefit_V4_logistic_505,mixed_groupcv,psnr_benefit,V4,logistic,505,bsds_92059,synthetic_bsds,,,,0.0,0.0,0.0,1.0,1.121268391680803e-05,0.0030657701166344926,0,4
mixed_groupcv_psnr_benefit_V4_mlp_505,mixed_groupcv,psnr_benefit,V4,mlp,505,case1,real_csig,,,,0.0,0.0,0.0,1.0,0.04479359081496187,0.1933894323495527,0,192
mixed_groupcv_psnr_benefit_V4_mlp_505,mixed_groupcv,psnr_benefit,V4,mlp,505,case2,real_csig,0.08157894736842108,0.00850686037126715,0.5,0.0,0.0,0.0,0.9895833333333334,0.10055840426403793,0.2886430353003865,2,192
mixed_groupcv_psnr_benefit_V4_mlp_505,mixed_groupcv,psnr_benefit,V4,mlp,505,case3,real_csig,,,,0.0,0.0,0.0,1.0,0.05031907364141954,0.21687065705191344,0,192
mixed_groupcv_psnr_benefit_V4_mlp_505,mixed_groupcv,psnr_benefit,V4,mlp,505,case4,real_csig,,,,0.0,0.0,0.0,0.9895833333333334,0.15718145584047208,0.38785315367082757,0,192
mixed_groupcv_psnr_benefit_V4_mlp_505,mixed_groupcv,psnr_benefit,V4,mlp,505,case5,real_csig,0.564516129032258,0.04293588941405646,0.5,0.0,0.0,0.0,0.96875,0.1138654410781811,0.2795488627549882,6,192
mixed_groupcv_psnr_benefit_V4_mlp_505,mixed_groupcv,psnr_benefit,V4,mlp,505,bsds_100098,synthetic_bsds,,,,0.0,0.0,0.0,1.0,0.12310563420616405,0.3475201651453972,0,4
mixed_groupcv_psnr_benefit_V4_mlp_505,mixed_groupcv,psnr_benefit,V4,mlp,505,bsds_106025,synthetic_bsds,,,,0.0,0.0,0.0,1.0,0.06175116680049636,0.2435569055378437,0,4
mixed_groupcv_psnr_benefit_V4_mlp_505,mixed_groupcv,psnr_benefit,V4,mlp,505,bsds_112082,synthetic_bsds,,,,0.0,0.0,0.0,1.0,0.006122182946771127,0.07381054107099771,0,4
mixed_groupcv_psnr_benefit_V4_mlp_505,mixed_groupcv,psnr_benefit,V4,mlp,505,bsds_138078,synthetic_bsds,,,,0.0,0.0,0.0,1.0,0.16383830959300627,0.4014740064740181,0,4
mixed_groupcv_psnr_benefit_V4_mlp_505,mixed_groupcv,psnr_benefit,V4,mlp,505,bsds_140055,synthetic_bsds,,,,0.0,0.0,0.0,1.0,0.1867927880784026,0.43130290508270264,0,4
mixed_groupcv_psnr_benefit_V4_mlp_505,mixed_groupcv,psnr_benefit,V4,mlp,505,bsds_147021,synthetic_bsds,,,,0.0,0.0,0.0,1.0,0.18405089623606452,0.42695239186286926,0,4
mixed_groupcv_psnr_benefit_V4_mlp_505,mixed_groupcv,psnr_benefit,V4,mlp,505,bsds_153077,synthetic_bsds,,,,0.0,0.0,0.0,1.0,0.16175783909044994,0.39878544956445694,0,4
mixed_groupcv_psnr_benefit_V4_mlp_505,mixed_groupcv,psnr_benefit,V4,mlp,505,bsds_159029,synthetic_bsds,,,,0.0,0.0,0.0,1.0,0.0045007700896854685,0.06339951604604721,0,4
mixed_groupcv_psnr_benefit_V4_mlp_505,mixed_groupcv,psnr_benefit,V4,mlp,505,bsds_159045,synthetic_bsds,,,,0.0,0.0,0.0,1.0,0.156167965766427,0.3927195891737938,0,4
mixed_groupcv_psnr_benefit_V4_mlp_505,mixed_groupcv,psnr_benefit,V4,mlp,505,bsds_159091,synthetic_bsds,,,,0.0,0.0,0.0,1.0,0.1831170971702627,0.4271577000617981,0,4
mixed_groupcv_psnr_benefit_V4_mlp_505,mixed_groupcv,psnr_benefit,V4,mlp,505,bsds_164074,synthetic_bsds,,,,0.0,0.0,0.0,1.0,0.14359607107290123,0.3627419285476208,0,4
mixed_groupcv_psnr_benefit_V4_mlp_505,mixed_groupcv,psnr_benefit,V4,mlp,505,bsds_166081,synthetic_bsds,,,,0.0,0.0,0.0,1.0,0.16771849785064807,0.408589243888855,0,4
mixed_groupcv_psnr_benefit_V4_mlp_505,mixed_groupcv,psnr_benefit,V4,mlp,505,bsds_176039,synthetic_bsds,,,,0.0,0.0,0.0,1.0,0.05144336901237134,0.1848033294081688,0,4
mixed_groupcv_psnr_benefit_V4_mlp_505,mixed_groupcv,psnr_benefit,V4,mlp,505,bsds_183055,synthetic_bsds,,,,0.0,0.0,0.0,1.0,0.10214359355395275,0.3187602832913399,0,4
mixed_groupcv_psnr_benefit_V4_mlp_505,mixed_groupcv,psnr_benefit,V4,mlp,505,bsds_187029,synthetic_bsds,,,,0.0,0.0,0.0,1.0,0.1244958541643646,0.3493425250053406,0,4
mixed_groupcv_psnr_benefit_V4_mlp_505,mixed_groupcv,psnr_benefit,V4,mlp,505,bsds_188063,synthetic_bsds,,,,0.0,0.0,0.0,1.0,0.08049163352918631,0.2820728123188019,0,4
mixed_groupcv_psnr_benefit_V4_mlp_505,mixed_groupcv,psnr_benefit,V4,mlp,505,bsds_198023,synthetic_bsds,0.3333333333333333,0.8055555555555556,0.5,0.0,0.0,0.0,0.25,0.5091586938985726,0.5001607052981853,3,4
mixed_groupcv_psnr_benefit_V4_mlp_505,mixed_groupcv,psnr_benefit,V4,mlp,505,bsds_198054,synthetic_bsds,,,,0.0,0.0,0.0,1.0,0.05113156689214822,0.1568247398827225,0,4
mixed_groupcv_psnr_benefit_V4_mlp_505,mixed_groupcv,psnr_benefit,V4,mlp,505,bsds_20008,synthetic_bsds,,,,0.0,0.0,0.0,1.0,0.13083497997601312,0.3566632345318794,0,4
mixed_groupcv_psnr_benefit_V4_mlp_505,mixed_groupcv,psnr_benefit,V4,mlp,505,bsds_216041,synthetic_bsds,,,,0.0,0.0,0.0,1.0,0.16970317441359328,0.41175175458192825,0,4
mixed_groupcv_psnr_benefit_V4_mlp_505,mixed_groupcv,psnr_benefit,V4,mlp,505,bsds_225017,synthetic_bsds,,,,0.0,0.0,0.0,1.0,0.15035653188381426,0.38349997997283936,0,4
mixed_groupcv_psnr_benefit_V4_mlp_505,mixed_groupcv,psnr_benefit,V4,mlp,505,bsds_23025,synthetic_bsds,,,,0.0,0.0,0.0,1.0,0.17410104023639472,0.4158914014697075,0,4
mixed_groupcv_psnr_benefit_V4_mlp_505,mixed_groupcv,psnr_benefit,V4,mlp,505,bsds_23080,synthetic_bsds,,,,0.0,0.0,0.0,1.0,0.018175094038608803,0.09644095040857792,0,4
mixed_groupcv_psnr_benefit_V4_mlp_505,mixed_groupcv,psnr_benefit,V4,mlp,505,bsds_231015,synthetic_bsds,,,,0.0,0.0,0.0,1.0,0.11835440639608891,0.33402468636631966,0,4
mixed_groupcv_psnr_benefit_V4_mlp_505,mixed_groupcv,psnr_benefit,V4,mlp,505,bsds_236017,synthetic_bsds,,,,0.0,0.0,0.0,1.0,0.15584690945356594,0.3932238444685936,0,4
mixed_groupcv_psnr_benefit_V4_mlp_505,mixed_groupcv,psnr_benefit,V4,mlp,505,bsds_245051,synthetic_bsds,,,,0.0,0.0,0.0,1.0,0.15901296217521965,0.39688922464847565,0,4
mixed_groupcv_psnr_benefit_V4_mlp_505,mixed_groupcv,psnr_benefit,V4,mlp,505,bsds_246016,synthetic_bsds,,,,0.0,0.0,0.0,1.0,0.08383842694812005,0.2771969437599182,0,4
mixed_groupcv_psnr_benefit_V4_mlp_505,mixed_groupcv,psnr_benefit,V4,mlp,505,bsds_249061,synthetic_bsds,,,,0.0,0.0,0.0,1.0,0.09100620363395628,0.23405192978680134,0,4
mixed_groupcv_psnr_benefit_V4_mlp_505,mixed_groupcv,psnr_benefit,V4,mlp,505,bsds_25098,synthetic_bsds,,,,0.0,0.0,0.0,1.0,0.17310958676412058,0.4158727675676346,0,4
mixed_groupcv_psnr_benefit_V4_mlp_505,mixed_groupcv,psnr_benefit,V4,mlp,505,bsds_253036,synthetic_bsds,,,,0.0,0.0,0.0,1.0,0.09975313293609145,0.31559229642152786,0,4
mixed_groupcv_psnr_benefit_V4_mlp_505,mixed_groupcv,psnr_benefit,V4,mlp,505,bsds_254054,synthetic_bsds,,,,0.0,0.0,0.0,1.0,0.1382008794054992,0.3712404742836952,0,4
mixed_groupcv_psnr_benefit_V4_mlp_505,mixed_groupcv,psnr_benefit,V4,mlp,505,bsds_27059,synthetic_bsds,,,,0.0,0.0,0.0,1.0,0.1716982311478843,0.41417624801397324,0,4
mixed_groupcv_psnr_benefit_V4_mlp_505,mixed_groupcv,psnr_benefit,V4,mlp,505,bsds_271008,synthetic_bsds,,,,0.0,0.0,0.0,1.0,0.12570293323283854,0.34876251220703125,0,4
mixed_groupcv_psnr_benefit_V4_mlp_505,mixed_groupcv,psnr_benefit,V4,mlp,505,bsds_274007,synthetic_bsds,,,,0.0,0.0,0.0,1.0,0.11955438151782904,0.3367806300520897,0,4
mixed_groupcv_psnr_benefit_V4_mlp_505,mixed_groupcv,psnr_benefit,V4,mlp,505,bsds_286092,synthetic_bsds,,,,0.0,0.0,0.0,1.0,0.16152479514628548,0.40072544664144516,0,4
mixed_groupcv_psnr_benefit_V4_mlp_505,mixed_groupcv,psnr_benefit,V4,mlp,505,bsds_309004,synthetic_bsds,,,,0.0,0.0,0.0,1.0,0.15656799628393392,0.39414459466934204,0,4
mixed_groupcv_psnr_benefit_V4_mlp_505,mixed_groupcv,psnr_benefit,V4,mlp,505,bsds_311081,synthetic_bsds,,,,0.0,0.0,0.0,1.0,0.12305261114787625,0.3489871919155121,0,4
mixed_groupcv_psnr_benefit_V4_mlp_505,mixed_groupcv,psnr_benefit,V4,mlp,505,bsds_314016,synthetic_bsds,,,,0.0,0.0,0.0,1.0,0.021946458043853215,0.1427751388400793,0,4
mixed_groupcv_psnr_benefit_V4_mlp_505,mixed_groupcv,psnr_benefit,V4,mlp,505,bsds_323016,synthetic_bsds,,,,0.0,0.0,0.0,1.0,0.16708726579047828,0.4070553407073021,0,4
mixed_groupcv_psnr_benefit_V4_mlp_505,mixed_groupcv,psnr_benefit,V4,mlp,505,bsds_368078,synthetic_bsds,,,,0.0,0.0,0.0,1.0,0.18233362767298722,0.4262184202671051,0,4
mixed_groupcv_psnr_benefit_V4_mlp_505,mixed_groupcv,psnr_benefit,V4,mlp,505,bsds_374020,synthetic_bsds,,,,0.0,0.0,0.0,1.0,0.15018238743065604,0.3866882473230362,0,4
mixed_groupcv_psnr_benefit_V4_mlp_505,mixed_groupcv,psnr_benefit,V4,mlp,505,bsds_385028,synthetic_bsds,,,,0.0,0.0,0.0,1.0,0.13318995736512257,0.35756687447428703,0,4
mixed_groupcv_psnr_benefit_V4_mlp_505,mixed_groupcv,psnr_benefit,V4,mlp,505,bsds_41004,synthetic_bsds,1.0,1.0,0.5,0.0,0.0,0.0,0.75,0.13371845646527386,0.1099490262567997,1,4
mixed_groupcv_psnr_benefit_V4_mlp_505,mixed_groupcv,psnr_benefit,V4,mlp,505,bsds_45077,synthetic_bsds,,,,0.0,0.0,0.0,1.0,0.13842873396283872,0.3672434836626053,0,4
mixed_groupcv_psnr_benefit_V4_mlp_505,mixed_groupcv,psnr_benefit,V4,mlp,505,bsds_46076,synthetic_bsds,0.33333333333333337,0.3333333333333333,0.5,0.0,0.0,0.0,0.75,0.20888369405284624,0.24821091443300247,1,4
mixed_groupcv_psnr_benefit_V4_mlp_505,mixed_groupcv,psnr_benefit,V4,mlp,505,bsds_59078,synthetic_bsds,,,,0.0,0.0,0.0,1.0,0.1791506397679652,0.4224773645401001,0,4
mixed_groupcv_psnr_benefit_V4_mlp_505,mixed_groupcv,psnr_benefit,V4,mlp,505,bsds_61086,synthetic_bsds,,,,0.0,0.0,0.0,1.0,0.06646277769413923,0.245340870693326,0,4
mixed_groupcv_psnr_benefit_V4_mlp_505,mixed_groupcv,psnr_benefit,V4,mlp,505,bsds_76002,synthetic_bsds,,,,0.0,0.0,0.0,1.0,0.019215505497307286,0.11533807404339314,0,4
mixed_groupcv_psnr_benefit_V4_mlp_505,mixed_groupcv,psnr_benefit,V4,mlp,505,bsds_80099,synthetic_bsds,,,,0.0,0.0,0.0,1.0,0.08878842910308848,0.29377903789281845,0,4
mixed_groupcv_psnr_benefit_V4_mlp_505,mixed_groupcv,psnr_benefit,V4,mlp,505,bsds_92059,synthetic_bsds,,,,0.0,0.0,0.0,1.0,0.18033319738669573,0.42408522218465805,0,4
mixed_groupcv_psnr_benefit_V4_mlp_506,mixed_groupcv,psnr_benefit,V4,mlp,506,case1,real_csig,,,,0.0,0.0,0.0,1.0,0.06866856193024164,0.25422688899561763,0,192
mixed_groupcv_psnr_benefit_V4_mlp_506,mixed_groupcv,psnr_benefit,V4,mlp,506,case2,real_csig,0.24736842105263157,0.010245704962088492,0.5,0.0,0.0,0.0,0.9895833333333334,0.14108279454721598,0.35633512190543115,2,192
mixed_groupcv_psnr_benefit_V4_mlp_506,mixed_groupcv,psnr_benefit,V4,mlp,506,case3,real_csig,,,,0.0,0.0,0.0,1.0,0.08822083512263408,0.29457676379630965,0,192
mixed_groupcv_psnr_benefit_V4_mlp_506,mixed_groupcv,psnr_benefit,V4,mlp,506,case4,real_csig,,,,0.0,0.0,0.0,1.0,0.1494395930616017,0.3818187332556894,0,192
mixed_groupcv_psnr_benefit_V4_mlp_506,mixed_groupcv,psnr_benefit,V4,mlp,506,case5,real_csig,0.5994623655913978,0.12267423251721479,0.5,0.0,0.0,0.0,0.96875,0.15053108640684476,0.34370409891319775,6,192
mixed_groupcv_psnr_benefit_V4_mlp_506,mixed_groupcv,psnr_benefit,V4,mlp,506,bsds_100098,synthetic_bsds,,,,0.0,0.0,0.0,1.0,0.1278386832842393,0.3556252792477608,0,4
mixed_groupcv_psnr_benefit_V4_mlp_506,mixed_groupcv,psnr_benefit,V4,mlp,506,bsds_106025,synthetic_bsds,,,,0.0,0.0,0.0,1.0,0.11772294910276915,0.3407762125134468,0,4
mixed_groupcv_psnr_benefit_V4_mlp_506,mixed_groupcv,psnr_benefit,V4,mlp,506,bsds_112082,synthetic_bsds,,,,0.0,0.0,0.0,1.0,0.032196908391150025,0.17863990738987923,0,4
mixed_groupcv_psnr_benefit_V4_mlp_506,mixed_groupcv,psnr_benefit,V4,mlp,506,bsds_138078,synthetic_bsds,,,,0.0,0.0,0.0,1.0,0.15369400652032317,0.38891178369522095,0,4
mixed_groupcv_psnr_benefit_V4_mlp_506,mixed_groupcv,psnr_benefit,V4,mlp,506,bsds_140055,synthetic_bsds,,,,0.0,0.0,0.0,1.0,0.18664606097782932,0.4301845356822014,0,4
mixed_groupcv_psnr_benefit_V4_mlp_506,mixed_groupcv,psnr_benefit,V4,mlp,506,bsds_147021,synthetic_bsds,,,,0.0,0.0,0.0,1.0,0.17858821238354428,0.4223257973790169,0,4
mixed_groupcv_psnr_benefit_V4_mlp_506,mixed_groupcv,psnr_benefit,V4,mlp,506,bsds_153077,synthetic_bsds,,,,0.0,0.0,0.0,1.0,0.1900366230313415,0.43521343916654587,0,4
mixed_groupcv_psnr_benefit_V4_mlp_506,mixed_groupcv,psnr_benefit,V4,mlp,506,bsds_159029,synthetic_bsds,,,,0.0,0.0,0.0,1.0,0.026911301600104243,0.1592557355761528,0,4
mixed_groupcv_psnr_benefit_V4_mlp_506,mixed_groupcv,psnr_benefit,V4,mlp,506,bsds_159045,synthetic_bsds,,,,0.0,0.0,0.0,1.0,0.1950231726516669,0.4402018263936043,0,4
mixed_groupcv_psnr_benefit_V4_mlp_506,mixed_groupcv,psnr_benefit,V4,mlp,506,bsds_159091,synthetic_bsds,,,,0.0,0.0,0.0,1.0,0.18071240247636755,0.42466892302036285,0,4
mixed_groupcv_psnr_benefit_V4_mlp_506,mixed_groupcv,psnr_benefit,V4,mlp,506,bsds_164074,synthetic_bsds,,,,0.0,0.0,0.0,1.0,0.15803727505687926,0.3846273124217987,0,4
mixed_groupcv_psnr_benefit_V4_mlp_506,mixed_groupcv,psnr_benefit,V4,mlp,506,bsds_166081,synthetic_bsds,,,,0.0,0.0,0.0,1.0,0.19197313418725837,0.43781445175409317,0,4
mixed_groupcv_psnr_benefit_V4_mlp_506,mixed_groupcv,psnr_benefit,V4,mlp,506,bsds_176039,synthetic_bsds,,,,0.0,0.0,0.0,1.0,0.074386153926573,0.26184211671352386,0,4
mixed_groupcv_psnr_benefit_V4_mlp_506,mixed_groupcv,psnr_benefit,V4,mlp,506,bsds_183055,synthetic_bsds,,,,0.0,0.0,0.0,1.0,0.13764955421123926,0.36982448399066925,0,4
mixed_groupcv_psnr_benefit_V4_mlp_506,mixed_groupcv,psnr_benefit,V4,mlp,506,bsds_187029,synthetic_bsds,,,,0.0,0.0,0.0,1.0,0.14049675893065627,0.371139720082283,0,4
mixed_groupcv_psnr_benefit_V4_mlp_506,mixed_groupcv,psnr_benefit,V4,mlp,506,bsds_188063,synthetic_bsds,,,,0.0,0.0,0.0,1.0,0.09946563055547708,0.31084269285202026,0,4
mixed_groupcv_psnr_benefit_V4_mlp_506,mixed_groupcv,psnr_benefit,V4,mlp,506,bsds_198023,synthetic_bsds,0.3333333333333333,0.8055555555555556,0.5,0.0,0.0,0.0,0.25,0.4110827999976002,0.4140007421374321,3,4
mixed_groupcv_psnr_benefit_V4_mlp_506,mixed_groupcv,psnr_benefit,V4,mlp,506,bsds_198054,synthetic_bsds,,,,0.0,0.0,0.0,1.0,0.065239689291627,0.19431849755346775,0,4
mixed_groupcv_psnr_benefit_V4_mlp_506,mixed_groupcv,psnr_benefit,V4,mlp,506,bsds_20008,synthetic_bsds,,,,0.0,0.0,0.0,1.0,0.14628075983519762,0.37990928441286087,0,4
mixed_groupcv_psnr_benefit_V4_mlp_506,mixed_groupcv,psnr_benefit,V4,mlp,506,bsds_216041,synthetic_bsds,,,,0.0,0.0,0.0,1.0,0.18331293412128447,0.4278646633028984,0,4
mixed_groupcv_psnr_benefit_V4_mlp_506,mixed_groupcv,psnr_benefit,V4,mlp,506,bsds_225017,synthetic_bsds,,,,0.0,0.0,0.0,1.0,0.16187153031414847,0.4011598005890846,0,4
mixed_groupcv_psnr_benefit_V4_mlp_506,mixed_groupcv,psnr_benefit,V4,mlp,506,bsds_23025,synthetic_bsds,,,,0.0,0.0,0.0,1.0,0.20525515641177616,0.4509352147579193,0,4
mixed_groupcv_psnr_benefit_V4_mlp_506,mixed_groupcv,psnr_benefit,V4,mlp,506,bsds_23080,synthetic_bsds,,,,0.0,0.0,0.0,1.0,0.04647110144114398,0.17532156594097614,0,4
mixed_groupcv_psnr_benefit_V4_mlp_506,mixed_groupcv,psnr_benefit,V4,mlp,506,bsds_231015,synthetic_bsds,,,,0.0,0.0,0.0,1.0,0.14253461230914088,0.37184908241033554,0,4
mixed_groupcv_psnr_benefit_V4_mlp_506,mixed_groupcv,psnr_benefit,V4,mlp,506,bsds_236017,synthetic_bsds,,,,0.0,0.0,0.0,1.0,0.15842497622369378,0.39769551903009415,0,4
mixed_groupcv_psnr_benefit_V4_mlp_506,mixed_groupcv,psnr_benefit,V4,mlp,506,bsds_245051,synthetic_bsds,,,,0.0,0.0,0.0,1.0,0.1731320610569529,0.41524065285921097,0,4
mixed_groupcv_psnr_benefit_V4_mlp_506,mixed_groupcv,psnr_benefit,V4,mlp,506,bsds_246016,synthetic_bsds,,,,0.0,0.0,0.0,1.0,0.1219890304243954,0.3361056558787823,0,4
mixed_groupcv_psnr_benefit_V4_mlp_506,mixed_groupcv,psnr_benefit,V4,mlp,506,bsds_249061,synthetic_bsds,,,,0.0,0.0,0.0,1.0,0.09739017859810106,0.2752092480659485,0,4
mixed_groupcv_psnr_benefit_V4_mlp_506,mixed_groupcv,psnr_benefit,V4,mlp,506,bsds_25098,synthetic_bsds,,,,0.0,0.0,0.0,1.0,0.16467524009656942,0.4042949303984642,0,4
mixed_groupcv_psnr_benefit_V4_mlp_506,mixed_groupcv,psnr_benefit,V4,mlp,506,bsds_253036,synthetic_bsds,,,,0.0,0.0,0.0,1.0,0.12813758672854947,0.3564808815717697,0,4
mixed_groupcv_psnr_benefit_V4_mlp_506,mixed_groupcv,psnr_benefit,V4,mlp,506,bsds_254054,synthetic_bsds,,,,0.0,0.0,0.0,1.0,0.18034045589455094,0.41914693266153336,0,4
mixed_groupcv_psnr_benefit_V4_mlp_506,mixed_groupcv,psnr_benefit,V4,mlp,506,bsds_27059,synthetic_bsds,,,,0.0,0.0,0.0,1.0,0.17859767975156826,0.42225320637226105,0,4
mixed_groupcv_psnr_benefit_V4_mlp_506,mixed_groupcv,psnr_benefit,V4,mlp,506,bsds_271008,synthetic_bsds,,,,0.0,0.0,0.0,1.0,0.11411006091182974,0.3354175016283989,0,4
mixed_groupcv_psnr_benefit_V4_mlp_506,mixed_groupcv,psnr_benefit,V4,mlp,506,bsds_274007,synthetic_bsds,,,,0.0,0.0,0.0,1.0,0.13279171806455636,0.35709717869758606,0,4
mixed_groupcv_psnr_benefit_V4_mlp_506,mixed_groupcv,psnr_benefit,V4,mlp,506,bsds_286092,synthetic_bsds,,,,0.0,0.0,0.0,1.0,0.18485070678365512,0.4296067953109741,0,4
mixed_groupcv_psnr_benefit_V4_mlp_506,mixed_groupcv,psnr_benefit,V4,mlp,506,bsds_309004,synthetic_bsds,,,,0.0,0.0,0.0,1.0,0.20112306467777574,0.44770555943250656,0,4
mixed_groupcv_psnr_benefit_V4_mlp_506,mixed_groupcv,psnr_benefit,V4,mlp,506,bsds_311081,synthetic_bsds,,,,0.0,0.0,0.0,1.0,0.1716615138595874,0.411373533308506,0,4
mixed_groupcv_psnr_benefit_V4_mlp_506,mixed_groupcv,psnr_benefit,V4,mlp,506,bsds_314016,synthetic_bsds,,,,0.0,0.0,0.0,1.0,0.07146118180512828,0.26674383133649826,0,4
mixed_groupcv_psnr_benefit_V4_mlp_506,mixed_groupcv,psnr_benefit,V4,mlp,506,bsds_323016,synthetic_bsds,,,,0.0,0.0,0.0,1.0,0.16174287929174058,0.4014531075954437,0,4
mixed_groupcv_psnr_benefit_V4_mlp_506,mixed_groupcv,psnr_benefit,V4,mlp,506,bsds_368078,synthetic_bsds,,,,0.0,0.0,0.0,1.0,0.1789294712236258,0.42245887964963913,0,4
mixed_groupcv_psnr_benefit_V4_mlp_506,mixed_groupcv,psnr_benefit,V4,mlp,506,bsds_374020,synthetic_bsds,,,,0.0,0.0,0.0,1.0,0.18996957830711425,0.4348219037055969,0,4
mixed_groupcv_psnr_benefit_V4_mlp_506,mixed_groupcv,psnr_benefit,V4,mlp,506,bsds_385028,synthetic_bsds,,,,0.0,0.0,0.0,1.0,0.14645252283415222,0.3799372687935829,0,4
mixed_groupcv_psnr_benefit_V4_mlp_506,mixed_groupcv,psnr_benefit,V4,mlp,506,bsds_41004,synthetic_bsds,1.0,1.0,0.5,0.0,0.0,0.0,0.75,0.14424076234840127,0.17052051052451134,1,4
mixed_groupcv_psnr_benefit_V4_mlp_506,mixed_groupcv,psnr_benefit,V4,mlp,506,bsds_45077,synthetic_bsds,,,,0.0,0.0,0.0,1.0,0.1719647334529475,0.4121754691004753,0,4
mixed_groupcv_psnr_benefit_V4_mlp_506,mixed_groupcv,psnr_benefit,V4,mlp,506,bsds_46076,synthetic_bsds,0.33333333333333337,0.3333333333333333,0.5,0.0,0.0,0.0,0.75,0.21168629075814005,0.27871720492839813,1,4
mixed_groupcv_psnr_benefit_V4_mlp_506,mixed_groupcv,psnr_benefit,V4,mlp,506,bsds_59078,synthetic_bsds,,,,0.0,0.0,0.0,1.0,0.17106459828591847,0.4127204120159149,0,4
mixed_groupcv_psnr_benefit_V4_mlp_506,mixed_groupcv,psnr_benefit,V4,mlp,506,bsds_61086,synthetic_bsds,,,,0.0,0.0,0.0,1.0,0.09685136959812635,0.3069334179162979,0,4
mixed_groupcv_psnr_benefit_V4_mlp_506,mixed_groupcv,psnr_benefit,V4,mlp,506,bsds_76002,synthetic_bsds,,,,0.0,0.0,0.0,1.0,0.038693128466061766,0.18862517923116684,0,4
mixed_groupcv_psnr_benefit_V4_mlp_506,mixed_groupcv,psnr_benefit,V4,mlp,506,bsds_80099,synthetic_bsds,,,,0.0,0.0,0.0,1.0,0.10521908317413464,0.3216467350721359,0,4
mixed_groupcv_psnr_benefit_V4_mlp_506,mixed_groupcv,psnr_benefit,V4,mlp,506,bsds_92059,synthetic_bsds,,,,0.0,0.0,0.0,1.0,0.1889636813808755,0.4335305392742157,0,4
mixed_groupcv_psnr_benefit_V4_mlp_507,mixed_groupcv,psnr_benefit,V4,mlp,507,case1,real_csig,,,,0.0,0.0,0.0,1.0,0.053270742094298364,0.22604773465233544,0,192
mixed_groupcv_psnr_benefit_V4_mlp_507,mixed_groupcv,psnr_benefit,V4,mlp,507,case2,real_csig,0.618421052631579,0.01977087952697709,0.5,0.0,0.0,0.0,0.9895833333333334,0.13296545192345943,0.34859898639842873,2,192
mixed_groupcv_psnr_benefit_V4_mlp_507,mixed_groupcv,psnr_benefit,V4,mlp,507,case3,real_csig,,,,0.0,0.0,0.0,1.0,0.07499351282379947,0.27164212513404584,0,192
mixed_groupcv_psnr_benefit_V4_mlp_507,mixed_groupcv,psnr_benefit,V4,mlp,507,case4,real_csig,,,,0.0,0.0,0.0,1.0,0.10717731148695071,0.3259140176232905,0,192
mixed_groupcv_psnr_benefit_V4_mlp_507,mixed_groupcv,psnr_benefit,V4,mlp,507,case5,real_csig,0.5976702508960573,0.060834039607096935,0.5,0.0,0.0,0.0,0.96875,0.12013990121017876,0.2971416332293301,6,192
mixed_groupcv_psnr_benefit_V4_mlp_507,mixed_groupcv,psnr_benefit,V4,mlp,507,bsds_100098,synthetic_bsds,,,,0.0,0.0,0.0,1.0,0.11912775090647143,0.33892129361629486,0,4
mixed_groupcv_psnr_benefit_V4_mlp_507,mixed_groupcv,psnr_benefit,V4,mlp,507,bsds_106025,synthetic_bsds,,,,0.0,0.0,0.0,1.0,0.1095585895367821,0.32962190359830856,0,4
mixed_groupcv_psnr_benefit_V4_mlp_507,mixed_groupcv,psnr_benefit,V4,mlp,507,bsds_112082,synthetic_bsds,,,,0.0,0.0,0.0,1.0,0.07970957359259995,0.2791326604783535,0,4
mixed_groupcv_psnr_benefit_V4_mlp_507,mixed_groupcv,psnr_benefit,V4,mlp,507,bsds_138078,synthetic_bsds,,,,0.0,0.0,0.0,1.0,0.15262603064795832,0.386923186480999,0,4
mixed_groupcv_psnr_benefit_V4_mlp_507,mixed_groupcv,psnr_benefit,V4,mlp,507,bsds_140055,synthetic_bsds,,,,0.0,0.0,0.0,1.0,0.10462871317821598,0.3232100158929825,0,4
mixed_groupcv_psnr_benefit_V4_mlp_507,mixed_groupcv,psnr_benefit,V4,mlp,507,bsds_147021,synthetic_bsds,,,,0.0,0.0,0.0,1.0,0.1275108709939421,0.35451509803533554,0,4
mixed_groupcv_psnr_benefit_V4_mlp_507,mixed_groupcv,psnr_benefit,V4,mlp,507,bsds_153077,synthetic_bsds,,,,0.0,0.0,0.0,1.0,0.1701619479764127,0.4118603616952896,0,4
mixed_groupcv_psnr_benefit_V4_mlp_507,mixed_groupcv,psnr_benefit,V4,mlp,507,bsds_159029,synthetic_bsds,,,,0.0,0.0,0.0,1.0,0.044349681108945105,0.2066393867135048,0,4
mixed_groupcv_psnr_benefit_V4_mlp_507,mixed_groupcv,psnr_benefit,V4,mlp,507,bsds_159045,synthetic_bsds,,,,0.0,0.0,0.0,1.0,0.18460581628939843,0.42946138232946396,0,4
mixed_groupcv_psnr_benefit_V4_mlp_507,mixed_groupcv,psnr_benefit,V4,mlp,507,bsds_159091,synthetic_bsds,,,,0.0,0.0,0.0,1.0,0.15534811230261325,0.39345329254865646,0,4
mixed_groupcv_psnr_benefit_V4_mlp_507,mixed_groupcv,psnr_benefit,V4,mlp,507,bsds_164074,synthetic_bsds,,,,0.0,0.0,0.0,1.0,0.1140610792451704,0.32766708731651306,0,4
mixed_groupcv_psnr_benefit_V4_mlp_507,mixed_groupcv,psnr_benefit,V4,mlp,507,bsds_166081,synthetic_bsds,,,,0.0,0.0,0.0,1.0,0.14587999980850297,0.3809010237455368,0,4
mixed_groupcv_psnr_benefit_V4_mlp_507,mixed_groupcv,psnr_benefit,V4,mlp,507,bsds_176039,synthetic_bsds,,,,0.0,0.0,0.0,1.0,0.14058551257353402,0.36921244859695435,0,4
mixed_groupcv_psnr_benefit_V4_mlp_507,mixed_groupcv,psnr_benefit,V4,mlp,507,bsds_183055,synthetic_bsds,,,,0.0,0.0,0.0,1.0,0.1410608602770782,0.3741147890686989,0,4
mixed_groupcv_psnr_benefit_V4_mlp_507,mixed_groupcv,psnr_benefit,V4,mlp,507,bsds_187029,synthetic_bsds,,,,0.0,0.0,0.0,1.0,0.1384751426414439,0.37047287076711655,0,4
mixed_groupcv_psnr_benefit_V4_mlp_507,mixed_groupcv,psnr_benefit,V4,mlp,507,bsds_188063,synthetic_bsds,,,,0.0,0.0,0.0,1.0,0.08410109680988548,0.28447240963578224,0,4
mixed_groupcv_psnr_benefit_V4_mlp_507,mixed_groupcv,psnr_benefit,V4,mlp,507,bsds_198023,synthetic_bsds,0.3333333333333333,0.8055555555555556,0.5,0.0,0.0,0.0,0.25,0.41374135115667654,0.4175654202699661,3,4
mixed_groupcv_psnr_benefit_V4_mlp_507,mixed_groupcv,psnr_benefit,V4,mlp,507,bsds_198054,synthetic_bsds,,,,0.0,0.0,0.0,1.0,0.07301766023567914,0.24084551073610783,0,4
mixed_groupcv_psnr_benefit_V4_mlp_507,mixed_groupcv,psnr_benefit,V4,mlp,507,bsds_20008,synthetic_bsds,,,,0.0,0.0,0.0,1.0,0.19168672509297258,0.4371749758720398,0,4
mixed_groupcv_psnr_benefit_V4_mlp_507,mixed_groupcv,psnr_benefit,V4,mlp,507,bsds_216041,synthetic_bsds,,,,0.0,0.0,0.0,1.0,0.11905330827901994,0.34047137945890427,0,4
mixed_groupcv_psnr_benefit_V4_mlp_507,mixed_groupcv,psnr_benefit,V4,mlp,507,bsds_225017,synthetic_bsds,,,,0.0,0.0,0.0,1.0,0.11914752954623187,0.34370482712984085,0,4
mixed_groupcv_psnr_benefit_V4_mlp_507,mixed_groupcv,psnr_benefit,V4,mlp,507,bsds_23025,synthetic_bsds,,,,0.0,0.0,0.0,1.0,0.16125227451069213,0.39909105002880096,0,4
mixed_groupcv_psnr_benefit_V4_mlp_507,mixed_groupcv,psnr_benefit,V4,mlp,507,bsds_23080,synthetic_bsds,,,,0.0,0.0,0.0,1.0,0.10424633590875004,0.31203675642609596,0,4
mixed_groupcv_psnr_benefit_V4_mlp_507,mixed_groupcv,psnr_benefit,V4,mlp,507,bsds_231015,synthetic_bsds,,,,0.0,0.0,0.0,1.0,0.133592827067456,0.3596365451812744,0,4
mixed_groupcv_psnr_benefit_V4_mlp_507,mixed_groupcv,psnr_benefit,V4,mlp,507,bsds_236017,synthetic_bsds,,,,0.0,0.0,0.0,1.0,0.1004484598385853,0.31219374388456345,0,4
mixed_groupcv_psnr_benefit_V4_mlp_507,mixed_groupcv,psnr_benefit,V4,mlp,507,bsds_245051,synthetic_bsds,,,,0.0,0.0,0.0,1.0,0.13778591882170987,0.37069201469421387,0,4
mixed_groupcv_psnr_benefit_V4_mlp_507,mixed_groupcv,psnr_benefit,V4,mlp,507,bsds_246016,synthetic_bsds,,,,0.0,0.0,0.0,1.0,0.13391118916386824,0.3622153624892235,0,4
mixed_groupcv_psnr_benefit_V4_mlp_507,mixed_groupcv,psnr_benefit,V4,mlp,507,bsds_249061,synthetic_bsds,,,,0.0,0.0,0.0,1.0,0.10789467564791028,0.3120233751833439,0,4
mixed_groupcv_psnr_benefit_V4_mlp_507,mixed_groupcv,psnr_benefit,V4,mlp,507,bsds_25098,synthetic_bsds,,,,0.0,0.0,0.0,1.0,0.16768621833586939,0.40840519219636917,0,4
mixed_groupcv_psnr_benefit_V4_mlp_507,mixed_groupcv,psnr_benefit,V4,mlp,507,bsds_253036,synthetic_bsds,,,,0.0,0.0,0.0,1.0,0.10968937041319027,0.3307102918624878,0,4
mixed_groupcv_psnr_benefit_V4_mlp_507,mixed_groupcv,psnr_benefit,V4,mlp,507,bsds_254054,synthetic_bsds,,,,0.0,0.0,0.0,1.0,0.10147117474702894,0.3174537569284439,0,4
mixed_groupcv_psnr_benefit_V4_mlp_507,mixed_groupcv,psnr_benefit,V4,mlp,507,bsds_27059,synthetic_bsds,,,,0.0,0.0,0.0,1.0,0.1637793776267502,0.40325088798999786,0,4
mixed_groupcv_psnr_benefit_V4_mlp_507,mixed_groupcv,psnr_benefit,V4,mlp,507,bsds_271008,synthetic_bsds,,,,0.0,0.0,0.0,1.0,0.16232412842558608,0.40254759788513184,0,4
mixed_groupcv_psnr_benefit_V4_mlp_507,mixed_groupcv,psnr_benefit,V4,mlp,507,bsds_274007,synthetic_bsds,,,,0.0,0.0,0.0,1.0,0.11234195498480792,0.3280000239610672,0,4
mixed_groupcv_psnr_benefit_V4_mlp_507,mixed_groupcv,psnr_benefit,V4,mlp,507,bsds_286092,synthetic_bsds,,,,0.0,0.0,0.0,1.0,0.14992378200535628,0.3870697319507599,0,4
mixed_groupcv_psnr_benefit_V4_mlp_507,mixed_groupcv,psnr_benefit,V4,mlp,507,bsds_309004,synthetic_bsds,,,,0.0,0.0,0.0,1.0,0.13403701271542,0.36534595489501953,0,4
mixed_groupcv_psnr_benefit_V4_mlp_507,mixed_groupcv,psnr_benefit,V4,mlp,507,bsds_311081,synthetic_bsds,,,,0.0,0.0,0.0,1.0,0.11722501740240654,0.34015457332134247,0,4
mixed_groupcv_psnr_benefit_V4_mlp_507,mixed_groupcv,psnr_benefit,V4,mlp,507,bsds_314016,synthetic_bsds,,,,0.0,0.0,0.0,1.0,0.09322330388477451,0.3040486052632332,0,4
mixed_groupcv_psnr_benefit_V4_mlp_507,mixed_groupcv,psnr_benefit,V4,mlp,507,bsds_323016,synthetic_bsds,,,,0.0,0.0,0.0,1.0,0.1875180240906138,0.4325636923313141,0,4
mixed_groupcv_psnr_benefit_V4_mlp_507,mixed_groupcv,psnr_benefit,V4,mlp,507,bsds_368078,synthetic_bsds,,,,0.0,0.0,0.0,1.0,0.13934536401516273,0.37209291011095047,0,4
mixed_groupcv_psnr_benefit_V4_mlp_507,mixed_groupcv,psnr_benefit,V4,mlp,507,bsds_374020,synthetic_bsds,,,,0.0,0.0,0.0,1.0,0.13195381930328964,0.362911693751812,0,4
mixed_groupcv_psnr_benefit_V4_mlp_507,mixed_groupcv,psnr_benefit,V4,mlp,507,bsds_385028,synthetic_bsds,,,,0.0,0.0,0.0,1.0,0.11365796095696656,0.33528848737478256,0,4
mixed_groupcv_psnr_benefit_V4_mlp_507,mixed_groupcv,psnr_benefit,V4,mlp,507,bsds_41004,synthetic_bsds,0.6666666666666667,0.5,0.5,0.0,0.0,0.0,0.75,0.18819919735117918,0.24114219099283218,1,4
mixed_groupcv_psnr_benefit_V4_mlp_507,mixed_groupcv,psnr_benefit,V4,mlp,507,bsds_45077,synthetic_bsds,,,,0.0,0.0,0.0,1.0,0.15719168581721288,0.3931565135717392,0,4
mixed_groupcv_psnr_benefit_V4_mlp_507,mixed_groupcv,psnr_benefit,V4,mlp,507,bsds_46076,synthetic_bsds,0.33333333333333337,0.3333333333333333,0.5,0.0,0.0,0.0,0.75,0.20929110918311733,0.11007437855005267,1,4
mixed_groupcv_psnr_benefit_V4_mlp_507,mixed_groupcv,psnr_benefit,V4,mlp,507,bsds_59078,synthetic_bsds,,,,0.0,0.0,0.0,1.0,0.13242371582360168,0.36365800350904465,0,4
mixed_groupcv_psnr_benefit_V4_mlp_507,mixed_groupcv,psnr_benefit,V4,mlp,507,bsds_61086,synthetic_bsds,,,,0.0,0.0,0.0,1.0,0.05573697069649858,0.22789831086993217,0,4
mixed_groupcv_psnr_benefit_V4_mlp_507,mixed_groupcv,psnr_benefit,V4,mlp,507,bsds_76002,synthetic_bsds,,,,0.0,0.0,0.0,1.0,0.07167902469617388,0.2592196427285671,0,4
mixed_groupcv_psnr_benefit_V4_mlp_507,mixed_groupcv,psnr_benefit,V4,mlp,507,bsds_80099,synthetic_bsds,,,,0.0,0.0,0.0,1.0,0.12454620440944653,0.3527117595076561,0,4
mixed_groupcv_psnr_benefit_V4_mlp_507,mixed_groupcv,psnr_benefit,V4,mlp,507,bsds_92059,synthetic_bsds,,,,0.0,0.0,0.0,1.0,0.13991559317466384,0.3729134798049927,0,4
mixed_groupcv_psnr_benefit_V5_logistic_505,mixed_groupcv,psnr_benefit,V5,logistic,505,case1,real_csig,,,,0.0,0.0,0.0,1.0,0.00035237859194662803,0.01805459491255332,0,192
mixed_groupcv_psnr_benefit_V5_logistic_505,mixed_groupcv,psnr_benefit,V5,logistic,505,case2,real_csig,0.9552631578947368,0.3055555555555556,0.5,0.0,0.0,0.0,0.9895833333333334,0.009984586946437798,0.005116109343887301,2,192
mixed_groupcv_psnr_benefit_V5_logistic_505,mixed_groupcv,psnr_benefit,V5,logistic,505,case3,real_csig,,,,0.0,0.0,0.0,1.0,0.00015641564987637415,0.010589377486306254,0,192
mixed_groupcv_psnr_benefit_V5_logistic_505,mixed_groupcv,psnr_benefit,V5,logistic,505,case4,real_csig,,,,0.0,0.0,0.0,1.0,3.712746577877999e-05,0.0035683393835041232,0,192
mixed_groupcv_psnr_benefit_V5_logistic_505,mixed_groupcv,psnr_benefit,V5,logistic,505,case5,real_csig,0.5591397849462365,0.03878813479205775,0.5,0.0,0.0,0.0,0.96875,0.030767480405169412,0.021668410318865898,6,192
mixed_groupcv_psnr_benefit_V5_logistic_505,mixed_groupcv,psnr_benefit,V5,logistic,505,bsds_100098,synthetic_bsds,,,,0.0,0.0,0.0,1.0,0.0009454550606643321,0.026528651454348344,0,4
mixed_groupcv_psnr_benefit_V5_logistic_505,mixed_groupcv,psnr_benefit,V5,logistic,505,bsds_106025,synthetic_bsds,,,,0.0,0.0,0.0,1.0,0.001997600657528501,0.04396402526138524,0,4
mixed_groupcv_psnr_benefit_V5_logistic_505,mixed_groupcv,psnr_benefit,V5,logistic,505,bsds_112082,synthetic_bsds,,,,0.0,0.0,0.0,1.0,0.0012156330408310085,0.032257287521438804,0,4
mixed_groupcv_psnr_benefit_V5_logistic_505,mixed_groupcv,psnr_benefit,V5,logistic,505,bsds_138078,synthetic_bsds,,,,0.0,0.0,0.0,1.0,0.002526674970560151,0.050070295470697614,0,4
mixed_groupcv_psnr_benefit_V5_logistic_505,mixed_groupcv,psnr_benefit,V5,logistic,505,bsds_140055,synthetic_bsds,,,,0.0,0.0,0.0,1.0,8.553667275716399e-05,0.007811953466709918,0,4
mixed_groupcv_psnr_benefit_V5_logistic_505,mixed_groupcv,psnr_benefit,V5,logistic,505,bsds_147021,synthetic_bsds,,,,0.0,0.0,0.0,1.0,0.00011101552552209796,0.01028818281052694,0,4
mixed_groupcv_psnr_benefit_V5_logistic_505,mixed_groupcv,psnr_benefit,V5,logistic,505,bsds_153077,synthetic_bsds,,,,0.0,0.0,0.0,1.0,0.00013460992027362542,0.010643247428571917,0,4
mixed_groupcv_psnr_benefit_V5_logistic_505,mixed_groupcv,psnr_benefit,V5,logistic,505,bsds_159029,synthetic_bsds,,,,0.0,0.0,0.0,1.0,0.005130226047838785,0.06873243467306528,0,4
mixed_groupcv_psnr_benefit_V5_logistic_505,mixed_groupcv,psnr_benefit,V5,logistic,505,bsds_159045,synthetic_bsds,,,,0.0,0.0,0.0,1.0,0.001355845013123006,0.03332909188026429,0,4
mixed_groupcv_psnr_benefit_V5_logistic_505,mixed_groupcv,psnr_benefit,V5,logistic,505,bsds_159091,synthetic_bsds,,,,0.0,0.0,0.0,1.0,0.00015878578480983603,0.012061689661031359,0,4
mixed_groupcv_psnr_benefit_V5_logistic_505,mixed_groupcv,psnr_benefit,V5,logistic,505,bsds_164074,synthetic_bsds,,,,0.0,0.0,0.0,1.0,0.001478061030500731,0.034426593352171804,0,4
mixed_groupcv_psnr_benefit_V5_logistic_505,mixed_groupcv,psnr_benefit,V5,logistic,505,bsds_166081,synthetic_bsds,,,,0.0,0.0,0.0,1.0,6.190174485378698e-05,0.006190592383642143,0,4
mixed_groupcv_psnr_benefit_V5_logistic_505,mixed_groupcv,psnr_benefit,V5,logistic,505,bsds_176039,synthetic_bsds,,,,0.0,0.0,0.0,1.0,0.003263151004483395,0.053574914342510965,0,4
mixed_groupcv_psnr_benefit_V5_logistic_505,mixed_groupcv,psnr_benefit,V5,logistic,505,bsds_183055,synthetic_bsds,,,,0.0,0.0,0.0,1.0,0.0020335917196566498,0.04263157202149932,0,4
mixed_groupcv_psnr_benefit_V5_logistic_505,mixed_groupcv,psnr_benefit,V5,logistic,505,bsds_187029,synthetic_bsds,,,,0.0,0.0,0.0,1.0,0.0005959528745980249,0.02267462012394387,0,4
mixed_groupcv_psnr_benefit_V5_logistic_505,mixed_groupcv,psnr_benefit,V5,logistic,505,bsds_188063,synthetic_bsds,,,,0.0,0.0,0.0,1.0,0.000974277361385123,0.030973334414222002,0,4
mixed_groupcv_psnr_benefit_V5_logistic_505,mixed_groupcv,psnr_benefit,V5,logistic,505,bsds_198023,synthetic_bsds,0.0,0.6388888888888888,0.5,0.0,0.0,0.0,0.25,0.7455910444003053,0.7435192324537183,3,4
mixed_groupcv_psnr_benefit_V5_logistic_505,mixed_groupcv,psnr_benefit,V5,logistic,505,bsds_198054,synthetic_bsds,,,,0.0,0.0,0.0,1.0,0.008553080858354958,0.07054282654939245,0,4
mixed_groupcv_psnr_benefit_V5_logistic_505,mixed_groupcv,psnr_benefit,V5,logistic,505,bsds_20008,synthetic_bsds,,,,0.0,0.0,0.0,1.0,0.0018564854887195142,0.038405134267136196,0,4
mixed_groupcv_psnr_benefit_V5_logistic_505,mixed_groupcv,psnr_benefit,V5,logistic,505,bsds_216041,synthetic_bsds,,,,0.0,0.0,0.0,1.0,2.9461581291377986e-05,0.0039943627834785715,0,4
mixed_groupcv_psnr_benefit_V5_logistic_505,mixed_groupcv,psnr_benefit,V5,logistic,505,bsds_225017,synthetic_bsds,,,,0.0,0.0,0.0,1.0,0.000440457497045921,0.01969134926373039,0,4
mixed_groupcv_psnr_benefit_V5_logistic_505,mixed_groupcv,psnr_benefit,V5,logistic,505,bsds_23025,synthetic_bsds,,,,0.0,0.0,0.0,1.0,0.00010647187242963991,0.009585501519029534,0,4
mixed_groupcv_psnr_benefit_V5_logistic_505,mixed_groupcv,psnr_benefit,V5,logistic,505,bsds_23080,synthetic_bsds,,,,0.0,0.0,0.0,1.0,0.0032880719455129475,0.05596833672193337,0,4
mixed_groupcv_psnr_benefit_V5_logistic_505,mixed_groupcv,psnr_benefit,V5,logistic,505,bsds_231015,synthetic_bsds,,,,0.0,0.0,0.0,1.0,0.0014662445214393771,0.037188980697294906,0,4
mixed_groupcv_psnr_benefit_V5_logistic_505,mixed_groupcv,psnr_benefit,V5,logistic,505,bsds_236017,synthetic_bsds,,,,0.0,0.0,0.0,1.0,4.5460603593833445e-06,0.00194728283319489,0,4
mixed_groupcv_psnr_benefit_V5_logistic_505,mixed_groupcv,psnr_benefit,V5,logistic,505,bsds_245051,synthetic_bsds,,,,0.0,0.0,0.0,1.0,0.0012391385858856797,0.030534115759725134,0,4
mixed_groupcv_psnr_benefit_V5_logistic_505,mixed_groupcv,psnr_benefit,V5,logistic,505,bsds_246016,synthetic_bsds,,,,0.0,0.0,0.0,1.0,0.0023169977910525094,0.04449084243726587,0,4
mixed_groupcv_psnr_benefit_V5_logistic_505,mixed_groupcv,psnr_benefit,V5,logistic,505,bsds_249061,synthetic_bsds,,,,0.0,0.0,0.0,1.0,0.007349731790374969,0.07527265551247937,0,4
mixed_groupcv_psnr_benefit_V5_logistic_505,mixed_groupcv,psnr_benefit,V5,logistic,505,bsds_25098,synthetic_bsds,,,,0.0,0.0,0.0,1.0,0.0032909458643351937,0.05321903400588024,0,4
mixed_groupcv_psnr_benefit_V5_logistic_505,mixed_groupcv,psnr_benefit,V5,logistic,505,bsds_253036,synthetic_bsds,,,,0.0,0.0,0.0,1.0,0.00035287016331151874,0.017638224731101524,0,4
mixed_groupcv_psnr_benefit_V5_logistic_505,mixed_groupcv,psnr_benefit,V5,logistic,505,bsds_254054,synthetic_bsds,,,,0.0,0.0,0.0,1.0,4.4233647321031455e-05,0.006597684096662793,0,4
mixed_groupcv_psnr_benefit_V5_logistic_505,mixed_groupcv,psnr_benefit,V5,logistic,505,bsds_27059,synthetic_bsds,,,,0.0,0.0,0.0,1.0,5.293558347553459e-05,0.006889057168668624,0,4
mixed_groupcv_psnr_benefit_V5_logistic_505,mixed_groupcv,psnr_benefit,V5,logistic,505,bsds_271008,synthetic_bsds,,,,0.0,0.0,0.0,1.0,0.0015726698981938095,0.03945593217978834,0,4
mixed_groupcv_psnr_benefit_V5_logistic_505,mixed_groupcv,psnr_benefit,V5,logistic,505,bsds_274007,synthetic_bsds,,,,0.0,0.0,0.0,1.0,0.000459726468268893,0.021138279507743878,0,4
mixed_groupcv_psnr_benefit_V5_logistic_505,mixed_groupcv,psnr_benefit,V5,logistic,505,bsds_286092,synthetic_bsds,,,,0.0,0.0,0.0,1.0,7.00856705617981e-05,0.008184241403098338,0,4
mixed_groupcv_psnr_benefit_V5_logistic_505,mixed_groupcv,psnr_benefit,V5,logistic,505,bsds_309004,synthetic_bsds,,,,0.0,0.0,0.0,1.0,1.2598772822885695e-05,0.003256132895423423,0,4
mixed_groupcv_psnr_benefit_V5_logistic_505,mixed_groupcv,psnr_benefit,V5,logistic,505,bsds_311081,synthetic_bsds,,,,0.0,0.0,0.0,1.0,2.286686816284428e-05,0.0036075703995682167,0,4
mixed_groupcv_psnr_benefit_V5_logistic_505,mixed_groupcv,psnr_benefit,V5,logistic,505,bsds_314016,synthetic_bsds,,,,0.0,0.0,0.0,1.0,0.0018175692058442704,0.040966881536400615,0,4
mixed_groupcv_psnr_benefit_V5_logistic_505,mixed_groupcv,psnr_benefit,V5,logistic,505,bsds_323016,synthetic_bsds,,,,0.0,0.0,0.0,1.0,0.0028426845974896028,0.05321644567360326,0,4
mixed_groupcv_psnr_benefit_V5_logistic_505,mixed_groupcv,psnr_benefit,V5,logistic,505,bsds_368078,synthetic_bsds,,,,0.0,0.0,0.0,1.0,0.00034097255015194645,0.01650432448953233,0,4
mixed_groupcv_psnr_benefit_V5_logistic_505,mixed_groupcv,psnr_benefit,V5,logistic,505,bsds_374020,synthetic_bsds,,,,0.0,0.0,0.0,1.0,0.00020653653635953565,0.011072773103836994,0,4
mixed_groupcv_psnr_benefit_V5_logistic_505,mixed_groupcv,psnr_benefit,V5,logistic,505,bsds_385028,synthetic_bsds,,,,0.0,0.0,0.0,1.0,0.00040701416360257146,0.016814165317456116,0,4
mixed_groupcv_psnr_benefit_V5_logistic_505,mixed_groupcv,psnr_benefit,V5,logistic,505,bsds_41004,synthetic_bsds,0.0,0.25,0.5,0.0,0.0,0.0,0.75,0.24101455628876314,0.2284772731056741,1,4
mixed_groupcv_psnr_benefit_V5_logistic_505,mixed_groupcv,psnr_benefit,V5,logistic,505,bsds_45077,synthetic_bsds,,,,0.0,0.0,0.0,1.0,0.002354272442039318,0.04117468746061714,0,4
mixed_groupcv_psnr_benefit_V5_logistic_505,mixed_groupcv,psnr_benefit,V5,logistic,505,bsds_46076,synthetic_bsds,0.6666666666666667,0.5,0.5,0.0,0.0,0.0,0.75,0.2433047657884101,0.23393364314176973,1,4
mixed_groupcv_psnr_benefit_V5_logistic_505,mixed_groupcv,psnr_benefit,V5,logistic,505,bsds_59078,synthetic_bsds,,,,0.0,0.0,0.0,1.0,0.0012378593638273914,0.0340487562855029,0,4
mixed_groupcv_psnr_benefit_V5_logistic_505,mixed_groupcv,psnr_benefit,V5,logistic,505,bsds_61086,synthetic_bsds,,,,0.0,0.0,0.0,1.0,2.7412315052184095e-06,0.0014267205930514936,0,4
mixed_groupcv_psnr_benefit_V5_logistic_505,mixed_groupcv,psnr_benefit,V5,logistic,505,bsds_76002,synthetic_bsds,,,,0.0,0.0,0.0,1.0,0.002714684950556979,0.04867456410147328,0,4
mixed_groupcv_psnr_benefit_V5_logistic_505,mixed_groupcv,psnr_benefit,V5,logistic,505,bsds_80099,synthetic_bsds,,,,0.0,0.0,0.0,1.0,0.0011277872103252554,0.03307095364023662,0,4
mixed_groupcv_psnr_benefit_V5_logistic_505,mixed_groupcv,psnr_benefit,V5,logistic,505,bsds_92059,synthetic_bsds,,,,0.0,0.0,0.0,1.0,5.8806451922811435e-05,0.007585055590969594,0,4
mixed_groupcv_psnr_benefit_V5_mlp_505,mixed_groupcv,psnr_benefit,V5,mlp,505,case1,real_csig,,,,0.0,0.0,0.0,1.0,0.06262876146115477,0.242528474656865,0,192
mixed_groupcv_psnr_benefit_V5_mlp_505,mixed_groupcv,psnr_benefit,V5,mlp,505,case2,real_csig,0.12894736842105264,0.008823105733218092,0.5,0.0,0.0,0.0,0.9895833333333334,0.09457586634549002,0.2803829110537966,2,192
mixed_groupcv_psnr_benefit_V5_mlp_505,mixed_groupcv,psnr_benefit,V5,mlp,505,case3,real_csig,,,,0.0,0.0,0.0,1.0,0.06759055216471387,0.24876894289627674,0,192
mixed_groupcv_psnr_benefit_V5_mlp_505,mixed_groupcv,psnr_benefit,V5,mlp,505,case4,real_csig,,,,0.0,0.0,0.0,1.0,0.014950711607413875,0.10779137681432378,0,192
mixed_groupcv_psnr_benefit_V5_mlp_505,mixed_groupcv,psnr_benefit,V5,mlp,505,case5,real_csig,0.492831541218638,0.03925909275688142,0.5,0.0,0.0,0.0,0.96875,0.0906825478839473,0.2329840226836192,6,192
mixed_groupcv_psnr_benefit_V5_mlp_505,mixed_groupcv,psnr_benefit,V5,mlp,505,bsds_100098,synthetic_bsds,,,,0.0,0.0,0.0,1.0,0.10430618631887634,0.31698571890592575,0,4
mixed_groupcv_psnr_benefit_V5_mlp_505,mixed_groupcv,psnr_benefit,V5,mlp,505,bsds_106025,synthetic_bsds,,,,0.0,0.0,0.0,1.0,0.06789021949780955,0.2563370056450367,0,4
mixed_groupcv_psnr_benefit_V5_mlp_505,mixed_groupcv,psnr_benefit,V5,mlp,505,bsds_112082,synthetic_bsds,,,,0.0,0.0,0.0,1.0,0.14274819812708506,0.3768121600151062,0,4
mixed_groupcv_psnr_benefit_V5_mlp_505,mixed_groupcv,psnr_benefit,V5,mlp,505,bsds_138078,synthetic_bsds,,,,0.0,0.0,0.0,1.0,0.08861680934771132,0.294034443795681,0,4
mixed_groupcv_psnr_benefit_V5_mlp_505,mixed_groupcv,psnr_benefit,V5,mlp,505,bsds_140055,synthetic_bsds,,,,0.0,0.0,0.0,1.0,0.11857658143090188,0.34323107451200485,0,4
mixed_groupcv_psnr_benefit_V5_mlp_505,mixed_groupcv,psnr_benefit,V5,mlp,505,bsds_147021,synthetic_bsds,,,,0.0,0.0,0.0,1.0,0.14121024524205583,0.37319397181272507,0,4
mixed_groupcv_psnr_benefit_V5_mlp_505,mixed_groupcv,psnr_benefit,V5,mlp,505,bsds_153077,synthetic_bsds,,,,0.0,0.0,0.0,1.0,0.16010888811076573,0.398983471095562,0,4
mixed_groupcv_psnr_benefit_V5_mlp_505,mixed_groupcv,psnr_benefit,V5,mlp,505,bsds_159029,synthetic_bsds,,,,0.0,0.0,0.0,1.0,0.1348381767717861,0.36664576083421707,0,4
mixed_groupcv_psnr_benefit_V5_mlp_505,mixed_groupcv,psnr_benefit,V5,mlp,505,bsds_159045,synthetic_bsds,,,,0.0,0.0,0.0,1.0,0.07284934449118136,0.26793239638209343,0,4
mixed_groupcv_psnr_benefit_V5_mlp_505,mixed_groupcv,psnr_benefit,V5,mlp,505,bsds_159091,synthetic_bsds,,,,0.0,0.0,0.0,1.0,0.14584122046110104,0.3751579448580742,0,4
mixed_groupcv_psnr_benefit_V5_mlp_505,mixed_groupcv,psnr_benefit,V5,mlp,505,bsds_164074,synthetic_bsds,,,,0.0,0.0,0.0,1.0,0.12497052765395633,0.34595100581645966,0,4
mixed_groupcv_psnr_benefit_V5_mlp_505,mixed_groupcv,psnr_benefit,V5,mlp,505,bsds_166081,synthetic_bsds,,,,0.0,0.0,0.0,1.0,0.11322114733084065,0.32958196103572845,0,4
mixed_groupcv_psnr_benefit_V5_mlp_505,mixed_groupcv,psnr_benefit,V5,mlp,505,bsds_176039,synthetic_bsds,,,,0.0,0.0,0.0,1.0,0.0721916820932943,0.26705727726221085,0,4
mixed_groupcv_psnr_benefit_V5_mlp_505,mixed_groupcv,psnr_benefit,V5,mlp,505,bsds_183055,synthetic_bsds,,,,0.0,0.0,0.0,1.0,0.07881238950324915,0.2690778635442257,0,4
mixed_groupcv_psnr_benefit_V5_mlp_505,mixed_groupcv,psnr_benefit,V5,mlp,505,bsds_187029,synthetic_bsds,,,,0.0,0.0,0.0,1.0,0.11879594977733166,0.3381162956357002,0,4
mixed_groupcv_psnr_benefit_V5_mlp_505,mixed_groupcv,psnr_benefit,V5,mlp,505,bsds_188063,synthetic_bsds,,,,0.0,0.0,0.0,1.0,0.07258852504252378,0.26907046139240265,0,4
mixed_groupcv_psnr_benefit_V5_mlp_505,mixed_groupcv,psnr_benefit,V5,mlp,505,bsds_198023,synthetic_bsds,0.3333333333333333,0.8055555555555556,0.5,0.0,0.0,0.0,0.25,0.38613824400151375,0.4261447712779045,3,4
mixed_groupcv_psnr_benefit_V5_mlp_505,mixed_groupcv,psnr_benefit,V5,mlp,505,bsds_198054,synthetic_bsds,,,,0.0,0.0,0.0,1.0,0.07141570754492543,0.2651604562997818,0,4
mixed_groupcv_psnr_benefit_V5_mlp_505,mixed_groupcv,psnr_benefit,V5,mlp,505,bsds_20008,synthetic_bsds,,,,0.0,0.0,0.0,1.0,0.08996374834280824,0.2942403443157673,0,4
mixed_groupcv_psnr_benefit_V5_mlp_505,mixed_groupcv,psnr_benefit,V5,mlp,505,bsds_216041,synthetic_bsds,,,,0.0,0.0,0.0,1.0,0.06981354771956211,0.2405969314277172,0,4
mixed_groupcv_psnr_benefit_V5_mlp_505,mixed_groupcv,psnr_benefit,V5,mlp,505,bsds_225017,synthetic_bsds,,,,0.0,0.0,0.0,1.0,0.11575641408888182,0.33941566199064255,0,4
mixed_groupcv_psnr_benefit_V5_mlp_505,mixed_groupcv,psnr_benefit,V5,mlp,505,bsds_23025,synthetic_bsds,,,,0.0,0.0,0.0,1.0,0.14301563400495843,0.37588024139404297,0,4
mixed_groupcv_psnr_benefit_V5_mlp_505,mixed_groupcv,psnr_benefit,V5,mlp,505,bsds_23080,synthetic_bsds,,,,0.0,0.0,0.0,1.0,0.1145106635761255,0.336221806704998,0,4
mixed_groupcv_psnr_benefit_V5_mlp_505,mixed_groupcv,psnr_benefit,V5,mlp,505,bsds_231015,synthetic_bsds,,,,0.0,0.0,0.0,1.0,0.0925712987211127,0.3032379746437073,0,4
mixed_groupcv_psnr_benefit_V5_mlp_505,mixed_groupcv,psnr_benefit,V5,mlp,505,bsds_236017,synthetic_bsds,,,,0.0,0.0,0.0,1.0,0.05573063104183362,0.22637099772691727,0,4
mixed_groupcv_psnr_benefit_V5_mlp_505,mixed_groupcv,psnr_benefit,V5,mlp,505,bsds_245051,synthetic_bsds,,,,0.0,0.0,0.0,1.0,0.13643213504801,0.36904964596033096,0,4
mixed_groupcv_psnr_benefit_V5_mlp_505,mixed_groupcv,psnr_benefit,V5,mlp,505,bsds_246016,synthetic_bsds,,,,0.0,0.0,0.0,1.0,0.05351759446185406,0.22006724402308464,0,4
mixed_groupcv_psnr_benefit_V5_mlp_505,mixed_groupcv,psnr_benefit,V5,mlp,505,bsds_249061,synthetic_bsds,,,,0.0,0.0,0.0,1.0,0.08804035658849285,0.2954700142145157,0,4
mixed_groupcv_psnr_benefit_V5_mlp_505,mixed_groupcv,psnr_benefit,V5,mlp,505,bsds_25098,synthetic_bsds,,,,0.0,0.0,0.0,1.0,0.05695759119007676,0.2369844727218151,0,4
mixed_groupcv_psnr_benefit_V5_mlp_505,mixed_groupcv,psnr_benefit,V5,mlp,505,bsds_253036,synthetic_bsds,,,,0.0,0.0,0.0,1.0,0.08319132457316569,0.2880481854081154,0,4
mixed_groupcv_psnr_benefit_V5_mlp_505,mixed_groupcv,psnr_benefit,V5,mlp,505,bsds_254054,synthetic_bsds,,,,0.0,0.0,0.0,1.0,0.08462245948321456,0.28654150664806366,0,4
mixed_groupcv_psnr_benefit_V5_mlp_505,mixed_groupcv,psnr_benefit,V5,mlp,505,bsds_27059,synthetic_bsds,,,,0.0,0.0,0.0,1.0,0.1553466111410009,0.3914930745959282,0,4
mixed_groupcv_psnr_benefit_V5_mlp_505,mixed_groupcv,psnr_benefit,V5,mlp,505,bsds_271008,synthetic_bsds,,,,0.0,0.0,0.0,1.0,0.09465023423390262,0.3067713528871536,0,4
mixed_groupcv_psnr_benefit_V5_mlp_505,mixed_groupcv,psnr_benefit,V5,mlp,505,bsds_274007,synthetic_bsds,,,,0.0,0.0,0.0,1.0,0.1446883817936513,0.37932825088500977,0,4
mixed_groupcv_psnr_benefit_V5_mlp_505,mixed_groupcv,psnr_benefit,V5,mlp,505,bsds_286092,synthetic_bsds,,,,0.0,0.0,0.0,1.0,0.0976322283101072,0.31227318942546844,0,4
mixed_groupcv_psnr_benefit_V5_mlp_505,mixed_groupcv,psnr_benefit,V5,mlp,505,bsds_309004,synthetic_bsds,,,,0.0,0.0,0.0,1.0,0.07453607791326716,0.2699689082801342,0,4
mixed_groupcv_psnr_benefit_V5_mlp_505,mixed_groupcv,psnr_benefit,V5,mlp,505,bsds_311081,synthetic_bsds,,,,0.0,0.0,0.0,1.0,0.15669514542476426,0.3952343165874481,0,4
mixed_groupcv_psnr_benefit_V5_mlp_505,mixed_groupcv,psnr_benefit,V5,mlp,505,bsds_314016,synthetic_bsds,,,,0.0,0.0,0.0,1.0,0.10295045069842579,0.3208252415060997,0,4
mixed_groupcv_psnr_benefit_V5_mlp_505,mixed_groupcv,psnr_benefit,V5,mlp,505,bsds_323016,synthetic_bsds,,,,0.0,0.0,0.0,1.0,0.06520161124013596,0.2535724826157093,0,4
mixed_groupcv_psnr_benefit_V5_mlp_505,mixed_groupcv,psnr_benefit,V5,mlp,505,bsds_368078,synthetic_bsds,,,,0.0,0.0,0.0,1.0,0.13525542440753258,0.3646721839904785,0,4
mixed_groupcv_psnr_benefit_V5_mlp_505,mixed_groupcv,psnr_benefit,V5,mlp,505,bsds_374020,synthetic_bsds,,,,0.0,0.0,0.0,1.0,0.08366035713594427,0.281881932169199,0,4
mixed_groupcv_psnr_benefit_V5_mlp_505,mixed_groupcv,psnr_benefit,V5,mlp,505,bsds_385028,synthetic_bsds,,,,0.0,0.0,0.0,1.0,0.11031090169088786,0.3257730305194855,0,4
mixed_groupcv_psnr_benefit_V5_mlp_505,mixed_groupcv,psnr_benefit,V5,mlp,505,bsds_41004,synthetic_bsds,0.0,0.25,0.5,0.0,0.0,0.0,0.75,0.22570964692940698,0.3064051494002342,1,4
mixed_groupcv_psnr_benefit_V5_mlp_505,mixed_groupcv,psnr_benefit,V5,mlp,505,bsds_45077,synthetic_bsds,,,,0.0,0.0,0.0,1.0,0.06423660153567684,0.2502869628369808,0,4
mixed_groupcv_psnr_benefit_V5_mlp_505,mixed_groupcv,psnr_benefit,V5,mlp,505,bsds_46076,synthetic_bsds,0.33333333333333337,0.3333333333333333,0.5,0.0,0.0,0.0,0.75,0.1979374132829319,0.0884542167186737,1,4
mixed_groupcv_psnr_benefit_V5_mlp_505,mixed_groupcv,psnr_benefit,V5,mlp,505,bsds_59078,synthetic_bsds,,,,0.0,0.0,0.0,1.0,0.08009268461904173,0.2818519398570061,0,4
mixed_groupcv_psnr_benefit_V5_mlp_505,mixed_groupcv,psnr_benefit,V5,mlp,505,bsds_61086,synthetic_bsds,,,,0.0,0.0,0.0,1.0,0.09200584527296107,0.29376892000436783,0,4
mixed_groupcv_psnr_benefit_V5_mlp_505,mixed_groupcv,psnr_benefit,V5,mlp,505,bsds_76002,synthetic_bsds,,,,0.0,0.0,0.0,1.0,0.13455109613226468,0.36605507880449295,0,4
mixed_groupcv_psnr_benefit_V5_mlp_505,mixed_groupcv,psnr_benefit,V5,mlp,505,bsds_80099,synthetic_bsds,,,,0.0,0.0,0.0,1.0,0.053901719642576895,0.22659528627991676,0,4
mixed_groupcv_psnr_benefit_V5_mlp_505,mixed_groupcv,psnr_benefit,V5,mlp,505,bsds_92059,synthetic_bsds,,,,0.0,0.0,0.0,1.0,0.09969241987827315,0.3045196831226349,0,4
mixed_groupcv_psnr_benefit_V5_mlp_506,mixed_groupcv,psnr_benefit,V5,mlp,506,case1,real_csig,,,,0.0,0.0,0.0,0.19270833333333334,0.26081706578421054,0.5104883078796167,0,192
mixed_groupcv_psnr_benefit_V5_mlp_506,mixed_groupcv,psnr_benefit,V5,mlp,506,case2,real_csig,0.37368421052631573,0.012801696020874102,0.4710526315789474,0.009345794392523364,0.5,0.01834862385321101,0.4427083333333333,0.25097553586398175,0.4897053752404948,2,192
mixed_groupcv_psnr_benefit_V5_mlp_506,mixed_groupcv,psnr_benefit,V5,mlp,506,case3,real_csig,,,,0.0,0.0,0.0,0.4479166666666667,0.2537829624525287,0.5027803572205206,0,192
mixed_groupcv_psnr_benefit_V5_mlp_506,mixed_groupcv,psnr_benefit,V5,mlp,506,case4,real_csig,,,,0.0,0.0,0.0,0.8854166666666666,0.1738358129666326,0.41048345784656703,0,192
mixed_groupcv_psnr_benefit_V5_mlp_506,mixed_groupcv,psnr_benefit,V5,mlp,506,case5,real_csig,0.5071684587813621,0.03548736619363956,0.6505376344086021,0.04807692307692308,0.8333333333333334,0.09090909090909091,0.4791666666666667,0.249065256698074,0.46726765731970465,6,192
mixed_groupcv_psnr_benefit_V5_mlp_506,mixed_groupcv,psnr_benefit,V5,mlp,506,bsds_100098,synthetic_bsds,,,,0.0,0.0,0.0,1.0,0.12499664230878249,0.3489505499601364,0,4
mixed_groupcv_psnr_benefit_V5_mlp_506,mixed_groupcv,psnr_benefit,V5,mlp,506,bsds_106025,synthetic_bsds,,,,0.0,0.0,0.0,1.0,0.22015390334773222,0.46888770908117294,0,4
mixed_groupcv_psnr_benefit_V5_mlp_506,mixed_groupcv,psnr_benefit,V5,mlp,506,bsds_112082,synthetic_bsds,,,,0.0,0.0,0.0,1.0,0.22808734054215019,0.4775235280394554,0,4
mixed_groupcv_psnr_benefit_V5_mlp_506,mixed_groupcv,psnr_benefit,V5,mlp,506,bsds_138078,synthetic_bsds,,,,0.0,0.0,0.0,0.75,0.23957048330298525,0.489090234041214,0,4
mixed_groupcv_psnr_benefit_V5_mlp_506,mixed_groupcv,psnr_benefit,V5,mlp,506,bsds_140055,synthetic_bsds,,,,0.0,0.0,0.0,1.0,0.1508624910173404,0.38790688663721085,0,4
mixed_groupcv_psnr_benefit_V5_mlp_506,mixed_groupcv,psnr_benefit,V5,mlp,506,bsds_147021,synthetic_bsds,,,,0.0,0.0,0.0,1.0,0.19242906646794733,0.43763723969459534,0,4
mixed_groupcv_psnr_benefit_V5_mlp_506,mixed_groupcv,psnr_benefit,V5,mlp,506,bsds_153077,synthetic_bsds,,,,0.0,0.0,0.0,0.75,0.2251155649803469,0.47391755133867264,0,4
mixed_groupcv_psnr_benefit_V5_mlp_506,mixed_groupcv,psnr_benefit,V5,mlp,506,bsds_159029,synthetic_bsds,,,,0.0,0.0,0.0,0.75,0.2158927807191644,0.4632217660546303,0,4
mixed_groupcv_psnr_benefit_V5_mlp_506,mixed_groupcv,psnr_benefit,V5,mlp,506,bsds_159045,synthetic_bsds,,,,0.0,0.0,0.0,0.5,0.2370613238581003,0.4865023270249367,0,4
mixed_groupcv_psnr_benefit_V5_mlp_506,mixed_groupcv,psnr_benefit,V5,mlp,506,bsds_159091,synthetic_bsds,,,,0.0,0.0,0.0,0.75,0.21386387630321702,0.46051034331321716,0,4
mixed_groupcv_psnr_benefit_V5_mlp_506,mixed_groupcv,psnr_benefit,V5,mlp,506,bsds_164074,synthetic_bsds,,,,0.0,0.0,0.0,1.0,0.16062788964399233,0.39420201629400253,0,4
mixed_groupcv_psnr_benefit_V5_mlp_506,mixed_groupcv,psnr_benefit,V5,mlp,506,bsds_166081,synthetic_bsds,,,,0.0,0.0,0.0,1.0,0.18406333013495924,0.42483947426080704,0,4
mixed_groupcv_psnr_benefit_V5_mlp_506,mixed_groupcv,psnr_benefit,V5,mlp,506,bsds_176039,synthetic_bsds,,,,0.0,0.0,0.0,0.25,0.2514798550714572,0.5003480985760689,0,4
mixed_groupcv_psnr_benefit_V5_mlp_506,mixed_groupcv,psnr_benefit,V5,mlp,506,bsds_183055,synthetic_bsds,,,,0.0,0.0,0.0,0.5,0.25457549890662023,0.5044308975338936,0,4
mixed_groupcv_psnr_benefit_V5_mlp_506,mixed_groupcv,psnr_benefit,V5,mlp,506,bsds_187029,synthetic_bsds,,,,0.0,0.0,0.0,0.25,0.25656025740668476,0.5062576532363892,0,4
mixed_groupcv_psnr_benefit_V5_mlp_506,mixed_groupcv,psnr_benefit,V5,mlp,506,bsds_188063,synthetic_bsds,,,,0.0,0.0,0.0,0.5,0.2548836408669941,0.5045790374279022,0,4
mixed_groupcv_psnr_benefit_V5_mlp_506,mixed_groupcv,psnr_benefit,V5,mlp,506,bsds_198023,synthetic_bsds,0.0,0.6388888888888888,0.0,0.0,0.0,0.0,0.0,0.37805902020615334,0.6067583784461021,3,4
mixed_groupcv_psnr_benefit_V5_mlp_506,mixed_groupcv,psnr_benefit,V5,mlp,506,bsds_198054,synthetic_bsds,,,,0.0,0.0,0.0,1.0,0.2160353883132946,0.4644589424133301,0,4
mixed_groupcv_psnr_benefit_V5_mlp_506,mixed_groupcv,psnr_benefit,V5,mlp,506,bsds_20008,synthetic_bsds,,,,0.0,0.0,0.0,0.25,0.26207451430566064,0.5117486789822578,0,4
mixed_groupcv_psnr_benefit_V5_mlp_506,mixed_groupcv,psnr_benefit,V5,mlp,506,bsds_216041,synthetic_bsds,,,,0.0,0.0,0.0,1.0,0.16950157821389022,0.4034508541226387,0,4
mixed_groupcv_psnr_benefit_V5_mlp_506,mixed_groupcv,psnr_benefit,V5,mlp,506,bsds_225017,synthetic_bsds,,,,0.0,0.0,0.0,0.75,0.2144716991760287,0.46157342195510864,0,4
mixed_groupcv_psnr_benefit_V5_mlp_506,mixed_groupcv,psnr_benefit,V5,mlp,506,bsds_23025,synthetic_bsds,,,,0.0,0.0,0.0,1.0,0.21595873249658082,0.4642026275396347,0,4
mixed_groupcv_psnr_benefit_V5_mlp_506,mixed_groupcv,psnr_benefit,V5,mlp,506,bsds_23080,synthetic_bsds,,,,0.0,0.0,0.0,0.25,0.25624438782494785,0.5060119926929474,0,4
mixed_groupcv_psnr_benefit_V5_mlp_506,mixed_groupcv,psnr_benefit,V5,mlp,506,bsds_231015,synthetic_bsds,,,,0.0,0.0,0.0,0.5,0.24387395217513874,0.4935552701354027,0,4
mixed_groupcv_psnr_benefit_V5_mlp_506,mixed_groupcv,psnr_benefit,V5,mlp,506,bsds_236017,synthetic_bsds,,,,0.0,0.0,0.0,1.0,0.14591364234051052,0.38132279366254807,0,4
mixed_groupcv_psnr_benefit_V5_mlp_506,mixed_groupcv,psnr_benefit,V5,mlp,506,bsds_245051,synthetic_bsds,,,,0.0,0.0,0.0,0.75,0.211362515314224,0.4583738148212433,0,4
mixed_groupcv_psnr_benefit_V5_mlp_506,mixed_groupcv,psnr_benefit,V5,mlp,506,bsds_246016,synthetic_bsds,,,,0.0,0.0,0.0,1.0,0.22429774498172184,0.47345610707998276,0,4
mixed_groupcv_psnr_benefit_V5_mlp_506,mixed_groupcv,psnr_benefit,V5,mlp,506,bsds_249061,synthetic_bsds,,,,0.0,0.0,0.0,0.5,0.22269069723947266,0.4693516865372658,0,4
mixed_groupcv_psnr_benefit_V5_mlp_506,mixed_groupcv,psnr_benefit,V5,mlp,506,bsds_25098,synthetic_bsds,,,,0.0,0.0,0.0,0.75,0.23540548973595143,0.48503926396369934,0,4
mixed_groupcv_psnr_benefit_V5_mlp_506,mixed_groupcv,psnr_benefit,V5,mlp,506,bsds_253036,synthetic_bsds,,,,0.0,0.0,0.0,0.75,0.2507358089564684,0.5006111189723015,0,4
mixed_groupcv_psnr_benefit_V5_mlp_506,mixed_groupcv,psnr_benefit,V5,mlp,506,bsds_254054,synthetic_bsds,,,,0.0,0.0,0.0,1.0,0.11047912966348039,0.3308892324566841,0,4
mixed_groupcv_psnr_benefit_V5_mlp_506,mixed_groupcv,psnr_benefit,V5,mlp,506,bsds_27059,synthetic_bsds,,,,0.0,0.0,0.0,0.75,0.2273780827015781,0.47623395174741745,0,4
mixed_groupcv_psnr_benefit_V5_mlp_506,mixed_groupcv,psnr_benefit,V5,mlp,506,bsds_271008,synthetic_bsds,,,,0.0,0.0,0.0,0.25,0.26748213484196803,0.5170368552207947,0,4
mixed_groupcv_psnr_benefit_V5_mlp_506,mixed_groupcv,psnr_benefit,V5,mlp,506,bsds_274007,synthetic_bsds,,,,0.0,0.0,0.0,0.25,0.2481265166812845,0.4967939704656601,0,4
mixed_groupcv_psnr_benefit_V5_mlp_506,mixed_groupcv,psnr_benefit,V5,mlp,506,bsds_286092,synthetic_bsds,,,,0.0,0.0,0.0,1.0,0.22861140645446332,0.47742031514644623,0,4
mixed_groupcv_psnr_benefit_V5_mlp_506,mixed_groupcv,psnr_benefit,V5,mlp,506,bsds_309004,synthetic_bsds,,,,0.0,0.0,0.0,1.0,0.11763721274459416,0.34062419831752777,0,4
mixed_groupcv_psnr_benefit_V5_mlp_506,mixed_groupcv,psnr_benefit,V5,mlp,506,bsds_311081,synthetic_bsds,,,,0.0,0.0,0.0,1.0,0.18498875135603776,0.42743491381406784,0,4
mixed_groupcv_psnr_benefit_V5_mlp_506,mixed_groupcv,psnr_benefit,V5,mlp,506,bsds_314016,synthetic_bsds,,,,0.0,0.0,0.0,1.0,0.22465566219114552,0.4736054614186287,0,4
mixed_groupcv_psnr_benefit_V5_mlp_506,mixed_groupcv,psnr_benefit,V5,mlp,506,bsds_323016,synthetic_bsds,,,,0.0,0.0,0.0,0.75,0.2365645790831845,0.48630550503730774,0,4
mixed_groupcv_psnr_benefit_V5_mlp_506,mixed_groupcv,psnr_benefit,V5,mlp,506,bsds_368078,synthetic_bsds,,,,0.0,0.0,0.0,0.5,0.2213318644783433,0.46780844032764435,0,4
mixed_groupcv_psnr_benefit_V5_mlp_506,mixed_groupcv,psnr_benefit,V5,mlp,506,bsds_374020,synthetic_bsds,,,,0.0,0.0,0.0,1.0,0.17650222326410514,0.41262564063072205,0,4
mixed_groupcv_psnr_benefit_V5_mlp_506,mixed_groupcv,psnr_benefit,V5,mlp,506,bsds_385028,synthetic_bsds,,,,0.0,0.0,0.0,0.75,0.18525213841847643,0.4271271079778671,0,4
mixed_groupcv_psnr_benefit_V5_mlp_506,mixed_groupcv,psnr_benefit,V5,mlp,506,bsds_41004,synthetic_bsds,0.33333333333333337,0.3333333333333333,0.5,0.0,0.0,0.0,0.75,0.23292119131256817,0.21633508801460266,1,4
mixed_groupcv_psnr_benefit_V5_mlp_506,mixed_groupcv,psnr_benefit,V5,mlp,506,bsds_45077,synthetic_bsds,,,,0.0,0.0,0.0,0.5,0.2546654386447387,0.5041561648249626,0,4
mixed_groupcv_psnr_benefit_V5_mlp_506,mixed_groupcv,psnr_benefit,V5,mlp,506,bsds_46076,synthetic_bsds,1.0,1.0,0.8333333333333333,0.5,1.0,0.6666666666666666,0.75,0.24585043612329738,0.24893422424793243,1,4
mixed_groupcv_psnr_benefit_V5_mlp_506,mixed_groupcv,psnr_benefit,V5,mlp,506,bsds_59078,synthetic_bsds,,,,0.0,0.0,0.0,1.0,0.1463579826539585,0.38023965805768967,0,4
mixed_groupcv_psnr_benefit_V5_mlp_506,mixed_groupcv,psnr_benefit,V5,mlp,506,bsds_61086,synthetic_bsds,,,,0.0,0.0,0.0,1.0,0.0925104836277027,0.29232724383473396,0,4
mixed_groupcv_psnr_benefit_V5_mlp_506,mixed_groupcv,psnr_benefit,V5,mlp,506,bsds_76002,synthetic_bsds,,,,0.0,0.0,0.0,0.75,0.24791565682570504,0.4978218451142311,0,4
mixed_groupcv_psnr_benefit_V5_mlp_506,mixed_groupcv,psnr_benefit,V5,mlp,506,bsds_80099,synthetic_bsds,,,,0.0,0.0,0.0,0.5,0.26769550804344555,0.5165877416729927,0,4
mixed_groupcv_psnr_benefit_V5_mlp_506,mixed_groupcv,psnr_benefit,V5,mlp,506,bsds_92059,synthetic_bsds,,,,0.0,0.0,0.0,0.25,0.23620074037375094,0.4842090755701065,0,4
mixed_groupcv_psnr_benefit_V5_mlp_507,mixed_groupcv,psnr_benefit,V5,mlp,507,case1,real_csig,,,,0.0,0.0,0.0,1.0,0.16917567462171088,0.41001224905873335,0,192
mixed_groupcv_psnr_benefit_V5_mlp_507,mixed_groupcv,psnr_benefit,V5,mlp,507,case2,real_csig,0.03947368421052633,0.008137645842563875,0.5,0.0,0.0,0.0,0.9895833333333334,0.15029509422873774,0.3709836835041642,2,192
mixed_groupcv_psnr_benefit_V5_mlp_507,mixed_groupcv,psnr_benefit,V5,mlp,507,case3,real_csig,,,,0.0,0.0,0.0,1.0,0.15099859689398223,0.38592306834956014,0,192
mixed_groupcv_psnr_benefit_V5_mlp_507,mixed_groupcv,psnr_benefit,V5,mlp,507,case4,real_csig,,,,0.0,0.0,0.0,1.0,0.05724533934560543,0.22476347330181548,0,192
mixed_groupcv_psnr_benefit_V5_mlp_507,mixed_groupcv,psnr_benefit,V5,mlp,507,case5,real_csig,0.5224014336917563,0.04074352813782696,0.5,0.0,0.0,0.0,0.96875,0.14651642423325298,0.3389394637197256,6,192
mixed_groupcv_psnr_benefit_V5_mlp_507,mixed_groupcv,psnr_benefit,V5,mlp,507,bsds_100098,synthetic_bsds,,,,0.0,0.0,0.0,1.0,0.14416437505781898,0.375064954161644,0,4
mixed_groupcv_psnr_benefit_V5_mlp_507,mixed_groupcv,psnr_benefit,V5,mlp,507,bsds_106025,synthetic_bsds,,,,0.0,0.0,0.0,1.0,0.16636599235894978,0.4064144715666771,0,4
mixed_groupcv_psnr_benefit_V5_mlp_507,mixed_groupcv,psnr_benefit,V5,mlp,507,bsds_112082,synthetic_bsds,,,,0.0,0.0,0.0,1.0,0.14712327751352583,0.383114330470562,0,4
mixed_groupcv_psnr_benefit_V5_mlp_507,mixed_groupcv,psnr_benefit,V5,mlp,507,bsds_138078,synthetic_bsds,,,,0.0,0.0,0.0,1.0,0.1266324586734937,0.35528042912483215,0,4
mixed_groupcv_psnr_benefit_V5_mlp_507,mixed_groupcv,psnr_benefit,V5,mlp,507,bsds_140055,synthetic_bsds,,,,0.0,0.0,0.0,1.0,0.15480060278537922,0.39306220412254333,0,4
mixed_groupcv_psnr_benefit_V5_mlp_507,mixed_groupcv,psnr_benefit,V5,mlp,507,bsds_147021,synthetic_bsds,,,,0.0,0.0,0.0,1.0,0.19035206240510183,0.4357803761959076,0,4
mixed_groupcv_psnr_benefit_V5_mlp_507,mixed_groupcv,psnr_benefit,V5,mlp,507,bsds_153077,synthetic_bsds,,,,0.0,0.0,0.0,1.0,0.1856726002790312,0.4307795912027359,0,4
mixed_groupcv_psnr_benefit_V5_mlp_507,mixed_groupcv,psnr_benefit,V5,mlp,507,bsds_159029,synthetic_bsds,,,,0.0,0.0,0.0,1.0,0.16237683490592092,0.40261419117450714,0,4
mixed_groupcv_psnr_benefit_V5_mlp_507,mixed_groupcv,psnr_benefit,V5,mlp,507,bsds_159045,synthetic_bsds,,,,0.0,0.0,0.0,1.0,0.12205781314469188,0.3486718684434891,0,4
mixed_groupcv_psnr_benefit_V5_mlp_507,mixed_groupcv,psnr_benefit,V5,mlp,507,bsds_159091,synthetic_bsds,,,,0.0,0.0,0.0,1.0,0.1805661941484238,0.42454858124256134,0,4
mixed_groupcv_psnr_benefit_V5_mlp_507,mixed_groupcv,psnr_benefit,V5,mlp,507,bsds_164074,synthetic_bsds,,,,0.0,0.0,0.0,1.0,0.14261782692457925,0.3731338754296303,0,4
mixed_groupcv_psnr_benefit_V5_mlp_507,mixed_groupcv,psnr_benefit,V5,mlp,507,bsds_166081,synthetic_bsds,,,,0.0,0.0,0.0,1.0,0.1593817060449152,0.39670054614543915,0,4
mixed_groupcv_psnr_benefit_V5_mlp_507,mixed_groupcv,psnr_benefit,V5,mlp,507,bsds_176039,synthetic_bsds,,,,0.0,0.0,0.0,1.0,0.1381687667596867,0.36980481445789337,0,4
mixed_groupcv_psnr_benefit_V5_mlp_507,mixed_groupcv,psnr_benefit,V5,mlp,507,bsds_183055,synthetic_bsds,,,,0.0,0.0,0.0,1.0,0.1314502291998818,0.361316442489624,0,4
mixed_groupcv_psnr_benefit_V5_mlp_507,mixed_groupcv,psnr_benefit,V5,mlp,507,bsds_187029,synthetic_bsds,,,,0.0,0.0,0.0,1.0,0.17250923865070278,0.41417602449655533,0,4
mixed_groupcv_psnr_benefit_V5_mlp_507,mixed_groupcv,psnr_benefit,V5,mlp,507,bsds_188063,synthetic_bsds,,,,0.0,0.0,0.0,1.0,0.15236226494934568,0.3899278789758682,0,4
mixed_groupcv_psnr_benefit_V5_mlp_507,mixed_groupcv,psnr_benefit,V5,mlp,507,bsds_198023,synthetic_bsds,0.3333333333333333,0.8055555555555556,0.5,0.0,0.0,0.0,0.25,0.3086465909310818,0.34532919526100153,3,4
mixed_groupcv_psnr_benefit_V5_mlp_507,mixed_groupcv,psnr_benefit,V5,mlp,507,bsds_198054,synthetic_bsds,,,,0.0,0.0,0.0,1.0,0.12297123154664558,0.35014189779758453,0,4
mixed_groupcv_psnr_benefit_V5_mlp_507,mixed_groupcv,psnr_benefit,V5,mlp,507,bsds_20008,synthetic_bsds,,,,0.0,0.0,0.0,1.0,0.12694741866746528,0.3557332381606102,0,4
mixed_groupcv_psnr_benefit_V5_mlp_507,mixed_groupcv,psnr_benefit,V5,mlp,507,bsds_216041,synthetic_bsds,,,,0.0,0.0,0.0,1.0,0.13735653507183287,0.3640914484858513,0,4
mixed_groupcv_psnr_benefit_V5_mlp_507,mixed_groupcv,psnr_benefit,V5,mlp,507,bsds_225017,synthetic_bsds,,,,0.0,0.0,0.0,1.0,0.1601018484021739,0.3999614119529724,0,4
mixed_groupcv_psnr_benefit_V5_mlp_507,mixed_groupcv,psnr_benefit,V5,mlp,507,bsds_23025,synthetic_bsds,,,,0.0,0.0,0.0,1.0,0.19974233818932352,0.44661103934049606,0,4
mixed_groupcv_psnr_benefit_V5_mlp_507,mixed_groupcv,psnr_benefit,V5,mlp,507,bsds_23080,synthetic_bsds,,,,0.0,0.0,0.0,1.0,0.13555153481028315,0.3679299056529999,0,4
mixed_groupcv_psnr_benefit_V5_mlp_507,mixed_groupcv,psnr_benefit,V5,mlp,507,bsds_231015,synthetic_bsds,,,,0.0,0.0,0.0,1.0,0.12695587273331177,0.3559103384613991,0,4
mixed_groupcv_psnr_benefit_V5_mlp_507,mixed_groupcv,psnr_benefit,V5,mlp,507,bsds_236017,synthetic_bsds,,,,0.0,0.0,0.0,1.0,0.13397667379036915,0.3622186705470085,0,4
mixed_groupcv_psnr_benefit_V5_mlp_507,mixed_groupcv,psnr_benefit,V5,mlp,507,bsds_245051,synthetic_bsds,,,,0.0,0.0,0.0,1.0,0.17626862709531865,0.41967441141605377,0,4
mixed_groupcv_psnr_benefit_V5_mlp_507,mixed_groupcv,psnr_benefit,V5,mlp,507,bsds_246016,synthetic_bsds,,,,0.0,0.0,0.0,1.0,0.11813558299064852,0.3412575349211693,0,4
mixed_groupcv_psnr_benefit_V5_mlp_507,mixed_groupcv,psnr_benefit,V5,mlp,507,bsds_249061,synthetic_bsds,,,,0.0,0.0,0.0,1.0,0.13694333045056517,0.36822184920310974,0,4
mixed_groupcv_psnr_benefit_V5_mlp_507,mixed_groupcv,psnr_benefit,V5,mlp,507,bsds_25098,synthetic_bsds,,,,0.0,0.0,0.0,1.0,0.1001596517817569,0.3163321390748024,0,4
mixed_groupcv_psnr_benefit_V5_mlp_507,mixed_groupcv,psnr_benefit,V5,mlp,507,bsds_253036,synthetic_bsds,,,,0.0,0.0,0.0,1.0,0.1534141460348768,0.38822339475154877,0,4
mixed_groupcv_psnr_benefit_V5_mlp_507,mixed_groupcv,psnr_benefit,V5,mlp,507,bsds_254054,synthetic_bsds,,,,0.0,0.0,0.0,1.0,0.12541672267308468,0.35316484421491623,0,4
mixed_groupcv_psnr_benefit_V5_mlp_507,mixed_groupcv,psnr_benefit,V5,mlp,507,bsds_27059,synthetic_bsds,,,,0.0,0.0,0.0,1.0,0.206013015663026,0.45382288098335266,0,4
mixed_groupcv_psnr_benefit_V5_mlp_507,mixed_groupcv,psnr_benefit,V5,mlp,507,bsds_271008,synthetic_bsds,,,,0.0,0.0,0.0,1.0,0.12681256703975619,0.3558308482170105,0,4
mixed_groupcv_psnr_benefit_V5_mlp_507,mixed_groupcv,psnr_benefit,V5,mlp,507,bsds_274007,synthetic_bsds,,,,0.0,0.0,0.0,1.0,0.15533449695383106,0.3939786031842232,0,4
mixed_groupcv_psnr_benefit_V5_mlp_507,mixed_groupcv,psnr_benefit,V5,mlp,507,bsds_286092,synthetic_bsds,,,,0.0,0.0,0.0,1.0,0.16276960846677002,0.4034024104475975,0,4
mixed_groupcv_psnr_benefit_V5_mlp_507,mixed_groupcv,psnr_benefit,V5,mlp,507,bsds_309004,synthetic_bsds,,,,0.0,0.0,0.0,1.0,0.14040269806610417,0.3737817481160164,0,4
mixed_groupcv_psnr_benefit_V5_mlp_507,mixed_groupcv,psnr_benefit,V5,mlp,507,bsds_311081,synthetic_bsds,,,,0.0,0.0,0.0,1.0,0.19779933161184982,0.4445386826992035,0,4
mixed_groupcv_psnr_benefit_V5_mlp_507,mixed_groupcv,psnr_benefit,V5,mlp,507,bsds_314016,synthetic_bsds,,,,0.0,0.0,0.0,1.0,0.15982650058589165,0.39963239431381226,0,4
mixed_groupcv_psnr_benefit_V5_mlp_507,mixed_groupcv,psnr_benefit,V5,mlp,507,bsds_323016,synthetic_bsds,,,,0.0,0.0,0.0,1.0,0.10027807254987087,0.3165716528892517,0,4
mixed_groupcv_psnr_benefit_V5_mlp_507,mixed_groupcv,psnr_benefit,V5,mlp,507,bsds_368078,synthetic_bsds,,,,0.0,0.0,0.0,1.0,0.1675291720701817,0.40908756852149963,0,4
mixed_groupcv_psnr_benefit_V5_mlp_507,mixed_groupcv,psnr_benefit,V5,mlp,507,bsds_374020,synthetic_bsds,,,,0.0,0.0,0.0,1.0,0.14224642555537304,0.3752986714243889,0,4
mixed_groupcv_psnr_benefit_V5_mlp_507,mixed_groupcv,psnr_benefit,V5,mlp,507,bsds_385028,synthetic_bsds,,,,0.0,0.0,0.0,1.0,0.19594187644243877,0.4425801411271095,0,4
mixed_groupcv_psnr_benefit_V5_mlp_507,mixed_groupcv,psnr_benefit,V5,mlp,507,bsds_41004,synthetic_bsds,0.33333333333333337,0.3333333333333333,0.5,0.0,0.0,0.0,0.75,0.21617890985442734,0.12108363956213,1,4
mixed_groupcv_psnr_benefit_V5_mlp_507,mixed_groupcv,psnr_benefit,V5,mlp,507,bsds_45077,synthetic_bsds,,,,0.0,0.0,0.0,1.0,0.11770952732346052,0.34276415407657623,0,4
mixed_groupcv_psnr_benefit_V5_mlp_507,mixed_groupcv,psnr_benefit,V5,mlp,507,bsds_46076,synthetic_bsds,0.33333333333333337,0.3333333333333333,0.5,0.0,0.0,0.0,0.75,0.21215955537477926,0.2755384147167206,1,4
mixed_groupcv_psnr_benefit_V5_mlp_507,mixed_groupcv,psnr_benefit,V5,mlp,507,bsds_59078,synthetic_bsds,,,,0.0,0.0,0.0,1.0,0.11514192729393025,0.3390219286084175,0,4
mixed_groupcv_psnr_benefit_V5_mlp_507,mixed_groupcv,psnr_benefit,V5,mlp,507,bsds_61086,synthetic_bsds,,,,0.0,0.0,0.0,1.0,0.13459536024233176,0.3620597645640373,0,4
mixed_groupcv_psnr_benefit_V5_mlp_507,mixed_groupcv,psnr_benefit,V5,mlp,507,bsds_76002,synthetic_bsds,,,,0.0,0.0,0.0,1.0,0.14257861786322956,0.377477802336216,0,4
mixed_groupcv_psnr_benefit_V5_mlp_507,mixed_groupcv,psnr_benefit,V5,mlp,507,bsds_80099,synthetic_bsds,,,,0.0,0.0,0.0,1.0,0.12687012852377433,0.35602016001939774,0,4
mixed_groupcv_psnr_benefit_V5_mlp_507,mixed_groupcv,psnr_benefit,V5,mlp,507,bsds_92059,synthetic_bsds,,,,0.0,0.0,0.0,1.0,0.16520690388214954,0.4037002772092819,0,4
mixed_groupcv_psnr_benefit_V6_logistic_505,mixed_groupcv,psnr_benefit,V6,logistic,505,case1,real_csig,,,,0.0,0.0,0.0,1.0,1.5261556841288264e-05,0.00325126428131091,0,192
mixed_groupcv_psnr_benefit_V6_logistic_505,mixed_groupcv,psnr_benefit,V6,logistic,505,case2,real_csig,0.7684210526315789,0.03373015873015873,0.5,0.0,0.0,0.0,0.9895833333333334,0.010370887103495307,0.008402235748404978,2,192
mixed_groupcv_psnr_benefit_V6_logistic_505,mixed_groupcv,psnr_benefit,V6,logistic,505,case3,real_csig,,,,0.0,0.0,0.0,1.0,7.698529159118191e-07,0.0006571210469159832,0,192
mixed_groupcv_psnr_benefit_V6_logistic_505,mixed_groupcv,psnr_benefit,V6,logistic,505,case4,real_csig,,,,0.0,0.0,0.0,1.0,5.328160824124599e-07,0.0005856010539757598,0,192
mixed_groupcv_psnr_benefit_V6_logistic_505,mixed_groupcv,psnr_benefit,V6,logistic,505,case5,real_csig,0.5985663082437276,0.0457585461183555,0.5,0.0,0.0,0.0,0.96875,0.0311625900954368,0.02980728923696791,6,192
mixed_groupcv_psnr_benefit_V6_logistic_505,mixed_groupcv,psnr_benefit,V6,logistic,505,bsds_100098,synthetic_bsds,,,,0.0,0.0,0.0,1.0,8.200712872797423e-06,0.0016328372519022795,0,4
mixed_groupcv_psnr_benefit_V6_logistic_505,mixed_groupcv,psnr_benefit,V6,logistic,505,bsds_106025,synthetic_bsds,,,,0.0,0.0,0.0,1.0,9.113137339506286e-06,0.0021528678167154753,0,4
mixed_groupcv_psnr_benefit_V6_logistic_505,mixed_groupcv,psnr_benefit,V6,logistic,505,bsds_112082,synthetic_bsds,,,,0.0,0.0,0.0,1.0,4.396558466964075e-07,0.0006318012972897955,0,4
mixed_groupcv_psnr_benefit_V6_logistic_505,mixed_groupcv,psnr_benefit,V6,logistic,505,bsds_138078,synthetic_bsds,,,,0.0,0.0,0.0,1.0,1.695923928038318e-06,0.0009651217068749321,0,4
mixed_groupcv_psnr_benefit_V6_logistic_505,mixed_groupcv,psnr_benefit,V6,logistic,505,bsds_140055,synthetic_bsds,,,,0.0,0.0,0.0,1.0,2.47476440799448e-07,0.0004805151372181157,0,4
mixed_groupcv_psnr_benefit_V6_logistic_505,mixed_groupcv,psnr_benefit,V6,logistic,505,bsds_147021,synthetic_bsds,,,,0.0,0.0,0.0,1.0,2.5203009998941997e-06,0.001084984016201847,0,4
mixed_groupcv_psnr_benefit_V6_logistic_505,mixed_groupcv,psnr_benefit,V6,logistic,505,bsds_153077,synthetic_bsds,,,,0.0,0.0,0.0,1.0,1.844901106033206e-08,0.0001223490969747561,0,4
mixed_groupcv_psnr_benefit_V6_logistic_505,mixed_groupcv,psnr_benefit,V6,logistic,505,bsds_159029,synthetic_bsds,,,,0.0,0.0,0.0,1.0,4.698758412030893e-06,0.001809450143461524,0,4
mixed_groupcv_psnr_benefit_V6_logistic_505,mixed_groupcv,psnr_benefit,V6,logistic,505,bsds_159045,synthetic_bsds,,,,0.0,0.0,0.0,1.0,3.1517938771952526e-07,0.0005006773040922561,0,4
mixed_groupcv_psnr_benefit_V6_logistic_505,mixed_groupcv,psnr_benefit,V6,logistic,505,bsds_159091,synthetic_bsds,,,,0.0,0.0,0.0,1.0,2.041785831059681e-08,0.00013294183446381757,0,4
mixed_groupcv_psnr_benefit_V6_logistic_505,mixed_groupcv,psnr_benefit,V6,logistic,505,bsds_164074,synthetic_bsds,,,,0.0,0.0,0.0,1.0,4.496832136804467e-06,0.0018831284320745066,0,4
mixed_groupcv_psnr_benefit_V6_logistic_505,mixed_groupcv,psnr_benefit,V6,logistic,505,bsds_166081,synthetic_bsds,,,,0.0,0.0,0.0,1.0,3.178637342400465e-08,0.0001688247293815592,0,4
mixed_groupcv_psnr_benefit_V6_logistic_505,mixed_groupcv,psnr_benefit,V6,logistic,505,bsds_176039,synthetic_bsds,,,,0.0,0.0,0.0,1.0,2.368858502825574e-05,0.0035520338911419493,0,4
mixed_groupcv_psnr_benefit_V6_logistic_505,mixed_groupcv,psnr_benefit,V6,logistic,505,bsds_183055,synthetic_bsds,,,,0.0,0.0,0.0,1.0,6.854898106388723e-08,0.00023852379489072,0,4
mixed_groupcv_psnr_benefit_V6_logistic_505,mixed_groupcv,psnr_benefit,V6,logistic,505,bsds_187029,synthetic_bsds,,,,0.0,0.0,0.0,1.0,2.7247824951827724e-07,0.00044617453539313643,0,4
mixed_groupcv_psnr_benefit_V6_logistic_505,mixed_groupcv,psnr_benefit,V6,logistic,505,bsds_188063,synthetic_bsds,,,,0.0,0.0,0.0,1.0,5.653080812146018e-08,0.00021845342902923826,0,4
mixed_groupcv_psnr_benefit_V6_logistic_505,mixed_groupcv,psnr_benefit,V6,logistic,505,bsds_198023,synthetic_bsds,0.0,0.6388888888888888,0.5,0.0,0.0,0.0,0.25,0.749495834014151,0.7495969903241404,3,4
mixed_groupcv_psnr_benefit_V6_logistic_505,mixed_groupcv,psnr_benefit,V6,logistic,505,bsds_198054,synthetic_bsds,,,,0.0,0.0,0.0,1.0,0.0006512161604558764,0.017478965007813457,0,4
mixed_groupcv_psnr_benefit_V6_logistic_505,mixed_groupcv,psnr_benefit,V6,logistic,505,bsds_20008,synthetic_bsds,,,,0.0,0.0,0.0,1.0,4.586786416850497e-06,0.0017090861109935098,0,4
mixed_groupcv_psnr_benefit_V6_logistic_505,mixed_groupcv,psnr_benefit,V6,logistic,505,bsds_216041,synthetic_bsds,,,,0.0,0.0,0.0,1.0,2.744546445494671e-08,0.00016419679210966085,0,4
mixed_groupcv_psnr_benefit_V6_logistic_505,mixed_groupcv,psnr_benefit,V6,logistic,505,bsds_225017,synthetic_bsds,,,,0.0,0.0,0.0,1.0,1.812701348262345e-06,0.001062288801715265,0,4
mixed_groupcv_psnr_benefit_V6_logistic_505,mixed_groupcv,psnr_benefit,V6,logistic,505,bsds_23025,synthetic_bsds,,,,0.0,0.0,0.0,1.0,1.8013593613908104e-07,0.0003716410459937384,0,4
mixed_groupcv_psnr_benefit_V6_logistic_505,mixed_groupcv,psnr_benefit,V6,logistic,505,bsds_23080,synthetic_bsds,,,,0.0,0.0,0.0,1.0,7.173748326974267e-06,0.0019744218086799148,0,4
mixed_groupcv_psnr_benefit_V6_logistic_505,mixed_groupcv,psnr_benefit,V6,logistic,505,bsds_231015,synthetic_bsds,,,,0.0,0.0,0.0,1.0,7.367654334679995e-08,0.00026640376030563336,0,4
mixed_groupcv_psnr_benefit_V6_logistic_505,mixed_groupcv,psnr_benefit,V6,logistic,505,bsds_236017,synthetic_bsds,,,,0.0,0.0,0.0,1.0,6.839191847819322e-06,0.0014811097462228463,0,4
mixed_groupcv_psnr_benefit_V6_logistic_505,mixed_groupcv,psnr_benefit,V6,logistic,505,bsds_245051,synthetic_bsds,,,,0.0,0.0,0.0,1.0,8.262099089793743e-07,0.0006337768895327528,0,4
mixed_groupcv_psnr_benefit_V6_logistic_505,mixed_groupcv,psnr_benefit,V6,logistic,505,bsds_246016,synthetic_bsds,,,,0.0,0.0,0.0,1.0,1.0100832378891238e-05,0.002414308343268656,0,4
mixed_groupcv_psnr_benefit_V6_logistic_505,mixed_groupcv,psnr_benefit,V6,logistic,505,bsds_249061,synthetic_bsds,,,,0.0,0.0,0.0,1.0,1.0880208752444222e-06,0.0008345693454377532,0,4
mixed_groupcv_psnr_benefit_V6_logistic_505,mixed_groupcv,psnr_benefit,V6,logistic,505,bsds_25098,synthetic_bsds,,,,0.0,0.0,0.0,1.0,1.8654942242620716e-06,0.0010234097614160277,0,4
mixed_groupcv_psnr_benefit_V6_logistic_505,mixed_groupcv,psnr_benefit,V6,logistic,505,bsds_253036,synthetic_bsds,,,,0.0,0.0,0.0,1.0,4.467687910467376e-06,0.001996847624899184,0,4
mixed_groupcv_psnr_benefit_V6_logistic_505,mixed_groupcv,psnr_benefit,V6,logistic,505,bsds_254054,synthetic_bsds,,,,0.0,0.0,0.0,1.0,1.7761626579374404e-07,0.00036227056353233287,0,4
mixed_groupcv_psnr_benefit_V6_logistic_505,mixed_groupcv,psnr_benefit,V6,logistic,505,bsds_27059,synthetic_bsds,,,,0.0,0.0,0.0,1.0,8.530630849235504e-08,0.0002769407571188633,0,4
mixed_groupcv_psnr_benefit_V6_logistic_505,mixed_groupcv,psnr_benefit,V6,logistic,505,bsds_271008,synthetic_bsds,,,,0.0,0.0,0.0,1.0,2.5505803330211185e-09,4.305400108019086e-05,0,4
mixed_groupcv_psnr_benefit_V6_logistic_505,mixed_groupcv,psnr_benefit,V6,logistic,505,bsds_274007,synthetic_bsds,,,,0.0,0.0,0.0,1.0,1.6179679914712212e-06,0.0011676806347816313,0,4
mixed_groupcv_psnr_benefit_V6_logistic_505,mixed_groupcv,psnr_benefit,V6,logistic,505,bsds_286092,synthetic_bsds,,,,0.0,0.0,0.0,1.0,4.919036556048424e-07,0.0006182261005410952,0,4
mixed_groupcv_psnr_benefit_V6_logistic_505,mixed_groupcv,psnr_benefit,V6,logistic,505,bsds_309004,synthetic_bsds,,,,0.0,0.0,0.0,1.0,2.637337328367178e-06,0.001538033113793219,0,4
mixed_groupcv_psnr_benefit_V6_logistic_505,mixed_groupcv,psnr_benefit,V6,logistic,505,bsds_311081,synthetic_bsds,,,,0.0,0.0,0.0,1.0,3.0881981436806546e-07,0.0005040244338914738,0,4
mixed_groupcv_psnr_benefit_V6_logistic_505,mixed_groupcv,psnr_benefit,V6,logistic,505,bsds_314016,synthetic_bsds,,,,0.0,0.0,0.0,1.0,1.2927713255396122e-07,0.00035598794051567195,0,4
mixed_groupcv_psnr_benefit_V6_logistic_505,mixed_groupcv,psnr_benefit,V6,logistic,505,bsds_323016,synthetic_bsds,,,,0.0,0.0,0.0,1.0,1.4902849641112527e-06,0.0009967474506280731,0,4
mixed_groupcv_psnr_benefit_V6_logistic_505,mixed_groupcv,psnr_benefit,V6,logistic,505,bsds_368078,synthetic_bsds,,,,0.0,0.0,0.0,1.0,1.0615423821759003e-07,0.0003072276247726315,0,4
mixed_groupcv_psnr_benefit_V6_logistic_505,mixed_groupcv,psnr_benefit,V6,logistic,505,bsds_374020,synthetic_bsds,,,,0.0,0.0,0.0,1.0,1.556534961160404e-08,0.00011589764616183253,0,4
mixed_groupcv_psnr_benefit_V6_logistic_505,mixed_groupcv,psnr_benefit,V6,logistic,505,bsds_385028,synthetic_bsds,,,,0.0,0.0,0.0,1.0,7.839008654358532e-08,0.00025414056169127165,0,4
mixed_groupcv_psnr_benefit_V6_logistic_505,mixed_groupcv,psnr_benefit,V6,logistic,505,bsds_41004,synthetic_bsds,0.33333333333333337,0.3333333333333333,0.5,0.0,0.0,0.0,0.75,0.2498921893260167,0.24960384221432516,1,4
mixed_groupcv_psnr_benefit_V6_logistic_505,mixed_groupcv,psnr_benefit,V6,logistic,505,bsds_45077,synthetic_bsds,,,,0.0,0.0,0.0,1.0,1.82165562708589e-06,0.0011319821209557902,0,4
mixed_groupcv_psnr_benefit_V6_logistic_505,mixed_groupcv,psnr_benefit,V6,logistic,505,bsds_46076,synthetic_bsds,0.33333333333333337,0.3333333333333333,0.5,0.0,0.0,0.0,0.75,0.24990619948793952,0.24945565939641254,1,4
mixed_groupcv_psnr_benefit_V6_logistic_505,mixed_groupcv,psnr_benefit,V6,logistic,505,bsds_59078,synthetic_bsds,,,,0.0,0.0,0.0,1.0,1.1090696807250532e-06,0.0008879853382381152,0,4
mixed_groupcv_psnr_benefit_V6_logistic_505,mixed_groupcv,psnr_benefit,V6,logistic,505,bsds_61086,synthetic_bsds,,,,0.0,0.0,0.0,1.0,1.3590109966972728e-07,0.00032996132896290534,0,4
mixed_groupcv_psnr_benefit_V6_logistic_505,mixed_groupcv,psnr_benefit,V6,logistic,505,bsds_76002,synthetic_bsds,,,,0.0,0.0,0.0,1.0,1.4593371165913446e-07,0.00035278936319153864,0,4
mixed_groupcv_psnr_benefit_V6_logistic_505,mixed_groupcv,psnr_benefit,V6,logistic,505,bsds_80099,synthetic_bsds,,,,0.0,0.0,0.0,1.0,6.309288496406389e-07,0.0005470197295063967,0,4
mixed_groupcv_psnr_benefit_V6_logistic_505,mixed_groupcv,psnr_benefit,V6,logistic,505,bsds_92059,synthetic_bsds,,,,0.0,0.0,0.0,1.0,7.489004755222931e-08,0.00025610397076684114,0,4
mixed_groupcv_psnr_benefit_V6_mlp_505,mixed_groupcv,psnr_benefit,V6,mlp,505,case1,real_csig,,,,0.0,0.0,0.0,1.0,0.0070871614939885036,0.07398196979678082,0,192
mixed_groupcv_psnr_benefit_V6_mlp_505,mixed_groupcv,psnr_benefit,V6,mlp,505,case2,real_csig,0.7105263157894738,0.025794938351719664,0.5,0.0,0.0,0.0,0.9895833333333334,0.01890286048000989,0.062412455192922295,2,192
mixed_groupcv_psnr_benefit_V6_mlp_505,mixed_groupcv,psnr_benefit,V6,mlp,505,case3,real_csig,,,,0.0,0.0,0.0,1.0,0.014362136903656756,0.08773458358033774,0,192
mixed_groupcv_psnr_benefit_V6_mlp_505,mixed_groupcv,psnr_benefit,V6,mlp,505,case4,real_csig,,,,0.0,0.0,0.0,1.0,0.00022652930067245576,0.010721108221938872,0,192
mixed_groupcv_psnr_benefit_V6_mlp_505,mixed_groupcv,psnr_benefit,V6,mlp,505,case5,real_csig,0.6021505376344086,0.04992956202938273,0.5,0.0,0.0,0.0,0.96875,0.03060982940710928,0.010184729628235797,6,192
mixed_groupcv_psnr_benefit_V6_mlp_505,mixed_groupcv,psnr_benefit,V6,mlp,505,bsds_100098,synthetic_bsds,,,,0.0,0.0,0.0,1.0,0.0058185046649296725,0.07400684896856546,0,4
mixed_groupcv_psnr_benefit_V6_mlp_505,mixed_groupcv,psnr_benefit,V6,mlp,505,bsds_106025,synthetic_bsds,,,,0.0,0.0,0.0,1.0,0.004449685977195951,0.06489164009690285,0,4
mixed_groupcv_psnr_benefit_V6_mlp_505,mixed_groupcv,psnr_benefit,V6,mlp,505,bsds_112082,synthetic_bsds,,,,0.0,0.0,0.0,1.0,0.00887581272378542,0.09008725453168154,0,4
mixed_groupcv_psnr_benefit_V6_mlp_505,mixed_groupcv,psnr_benefit,V6,mlp,505,bsds_138078,synthetic_bsds,,,,0.0,0.0,0.0,1.0,0.025022309758456814,0.12125787558034062,0,4
mixed_groupcv_psnr_benefit_V6_mlp_505,mixed_groupcv,psnr_benefit,V6,mlp,505,bsds_140055,synthetic_bsds,,,,0.0,0.0,0.0,1.0,0.030873233094593586,0.12223161477595568,0,4
mixed_groupcv_psnr_benefit_V6_mlp_505,mixed_groupcv,psnr_benefit,V6,mlp,505,bsds_147021,synthetic_bsds,,,,0.0,0.0,0.0,1.0,0.034089492900560514,0.18261607736349106,0,4
mixed_groupcv_psnr_benefit_V6_mlp_505,mixed_groupcv,psnr_benefit,V6,mlp,505,bsds_153077,synthetic_bsds,,,,0.0,0.0,0.0,1.0,0.03760882093714135,0.18669772893190384,0,4
mixed_groupcv_psnr_benefit_V6_mlp_505,mixed_groupcv,psnr_benefit,V6,mlp,505,bsds_159029,synthetic_bsds,,,,0.0,0.0,0.0,1.0,0.02242641997544344,0.1355249611660838,0,4
mixed_groupcv_psnr_benefit_V6_mlp_505,mixed_groupcv,psnr_benefit,V6,mlp,505,bsds_159045,synthetic_bsds,,,,0.0,0.0,0.0,1.0,0.004125109472584251,0.059727853164076805,0,4
mixed_groupcv_psnr_benefit_V6_mlp_505,mixed_groupcv,psnr_benefit,V6,mlp,505,bsds_159091,synthetic_bsds,,,,0.0,0.0,0.0,1.0,0.018783980662348463,0.11706675868481398,0,4
mixed_groupcv_psnr_benefit_V6_mlp_505,mixed_groupcv,psnr_benefit,V6,mlp,505,bsds_164074,synthetic_bsds,,,,0.0,0.0,0.0,1.0,0.09392902518308123,0.2807015981525183,0,4
mixed_groupcv_psnr_benefit_V6_mlp_505,mixed_groupcv,psnr_benefit,V6,mlp,505,bsds_166081,synthetic_bsds,,,,0.0,0.0,0.0,1.0,0.012868692896315648,0.09975744783878326,0,4
mixed_groupcv_psnr_benefit_V6_mlp_505,mixed_groupcv,psnr_benefit,V6,mlp,505,bsds_176039,synthetic_bsds,,,,0.0,0.0,0.0,1.0,0.04527409986573436,0.18428241182118654,0,4
mixed_groupcv_psnr_benefit_V6_mlp_505,mixed_groupcv,psnr_benefit,V6,mlp,505,bsds_183055,synthetic_bsds,,,,0.0,0.0,0.0,1.0,0.027159936333391047,0.1615558173507452,0,4
mixed_groupcv_psnr_benefit_V6_mlp_505,mixed_groupcv,psnr_benefit,V6,mlp,505,bsds_187029,synthetic_bsds,,,,0.0,0.0,0.0,1.0,0.02048867765949264,0.12057305965572596,0,4
mixed_groupcv_psnr_benefit_V6_mlp_505,mixed_groupcv,psnr_benefit,V6,mlp,505,bsds_188063,synthetic_bsds,,,,0.0,0.0,0.0,1.0,0.02836285832374219,0.14799825800582767,0,4
mixed_groupcv_psnr_benefit_V6_mlp_505,mixed_groupcv,psnr_benefit,V6,mlp,505,bsds_198023,synthetic_bsds,0.0,0.6388888888888888,0.5,0.0,0.0,0.0,0.25,0.65199598936192,0.7513224156573415,3,4
mixed_groupcv_psnr_benefit_V6_mlp_505,mixed_groupcv,psnr_benefit,V6,mlp,505,bsds_198054,synthetic_bsds,,,,0.0,0.0,0.0,1.0,0.03166517503703298,0.17455603554844856,0,4
mixed_groupcv_psnr_benefit_V6_mlp_505,mixed_groupcv,psnr_benefit,V6,mlp,505,bsds_20008,synthetic_bsds,,,,0.0,0.0,0.0,1.0,0.1033249923666046,0.2826987896114588,0,4
mixed_groupcv_psnr_benefit_V6_mlp_505,mixed_groupcv,psnr_benefit,V6,mlp,505,bsds_216041,synthetic_bsds,,,,0.0,0.0,0.0,1.0,0.0025721197938430654,0.040692174108698964,0,4
mixed_groupcv_psnr_benefit_V6_mlp_505,mixed_groupcv,psnr_benefit,V6,mlp,505,bsds_225017,synthetic_bsds,,,,0.0,0.0,0.0,1.0,0.0065138404926599475,0.07805436290800571,0,4
mixed_groupcv_psnr_benefit_V6_mlp_505,mixed_groupcv,psnr_benefit,V6,mlp,505,bsds_23025,synthetic_bsds,,,,0.0,0.0,0.0,1.0,0.016822724241303048,0.09413398569449782,0,4
mixed_groupcv_psnr_benefit_V6_mlp_505,mixed_groupcv,psnr_benefit,V6,mlp,505,bsds_23080,synthetic_bsds,,,,0.0,0.0,0.0,1.0,0.024795412391865848,0.13089152239263058,0,4
mixed_groupcv_psnr_benefit_V6_mlp_505,mixed_groupcv,psnr_benefit,V6,mlp,505,bsds_231015,synthetic_bsds,,,,0.0,0.0,0.0,1.0,0.001977839415920139,0.02981625241227448,0,4
mixed_groupcv_psnr_benefit_V6_mlp_505,mixed_groupcv,psnr_benefit,V6,mlp,505,bsds_236017,synthetic_bsds,,,,0.0,0.0,0.0,1.0,0.05361324222010186,0.1254123499529669,0,4
mixed_groupcv_psnr_benefit_V6_mlp_505,mixed_groupcv,psnr_benefit,V6,mlp,505,bsds_245051,synthetic_bsds,,,,0.0,0.0,0.0,1.0,0.00032457614648483926,0.015698409406468272,0,4
mixed_groupcv_psnr_benefit_V6_mlp_505,mixed_groupcv,psnr_benefit,V6,mlp,505,bsds_246016,synthetic_bsds,,,,0.0,0.0,0.0,1.0,0.012480277047908966,0.09978114068508148,0,4
mixed_groupcv_psnr_benefit_V6_mlp_505,mixed_groupcv,psnr_benefit,V6,mlp,505,bsds_249061,synthetic_bsds,,,,0.0,0.0,0.0,1.0,0.0082695755951335,0.08977389335632324,0,4
mixed_groupcv_psnr_benefit_V6_mlp_505,mixed_groupcv,psnr_benefit,V6,mlp,505,bsds_25098,synthetic_bsds,,,,0.0,0.0,0.0,1.0,0.03074697856859638,0.14400779269635677,0,4
mixed_groupcv_psnr_benefit_V6_mlp_505,mixed_groupcv,psnr_benefit,V6,mlp,505,bsds_253036,synthetic_bsds,,,,0.0,0.0,0.0,1.0,0.05152681374888474,0.2096298150718212,0,4
mixed_groupcv_psnr_benefit_V6_mlp_505,mixed_groupcv,psnr_benefit,V6,mlp,505,bsds_254054,synthetic_bsds,,,,0.0,0.0,0.0,1.0,0.011319949898158927,0.07978485734201968,0,4
mixed_groupcv_psnr_benefit_V6_mlp_505,mixed_groupcv,psnr_benefit,V6,mlp,505,bsds_27059,synthetic_bsds,,,,0.0,0.0,0.0,1.0,0.010134276032492215,0.08681043470278382,0,4
mixed_groupcv_psnr_benefit_V6_mlp_505,mixed_groupcv,psnr_benefit,V6,mlp,505,bsds_271008,synthetic_bsds,,,,0.0,0.0,0.0,1.0,0.013009406258292618,0.10067114210687578,0,4
mixed_groupcv_psnr_benefit_V6_mlp_505,mixed_groupcv,psnr_benefit,V6,mlp,505,bsds_274007,synthetic_bsds,,,,0.0,0.0,0.0,1.0,0.021066017571418807,0.13358555547893047,0,4
mixed_groupcv_psnr_benefit_V6_mlp_505,mixed_groupcv,psnr_benefit,V6,mlp,505,bsds_286092,synthetic_bsds,,,,0.0,0.0,0.0,1.0,0.05944865945235035,0.22348145209252834,0,4
mixed_groupcv_psnr_benefit_V6_mlp_505,mixed_groupcv,psnr_benefit,V6,mlp,505,bsds_309004,synthetic_bsds,,,,0.0,0.0,0.0,1.0,0.057627621245257554,0.20992867648601532,0,4
mixed_groupcv_psnr_benefit_V6_mlp_505,mixed_groupcv,psnr_benefit,V6,mlp,505,bsds_311081,synthetic_bsds,,,,0.0,0.0,0.0,1.0,0.04022035680334071,0.15798027720302343,0,4
mixed_groupcv_psnr_benefit_V6_mlp_505,mixed_groupcv,psnr_benefit,V6,mlp,505,bsds_314016,synthetic_bsds,,,,0.0,0.0,0.0,1.0,0.041675467437452,0.18965459428727627,0,4
mixed_groupcv_psnr_benefit_V6_mlp_505,mixed_groupcv,psnr_benefit,V6,mlp,505,bsds_323016,synthetic_bsds,,,,0.0,0.0,0.0,1.0,0.0010230920288206028,0.031915095169097185,0,4
mixed_groupcv_psnr_benefit_V6_mlp_505,mixed_groupcv,psnr_benefit,V6,mlp,505,bsds_368078,synthetic_bsds,,,,0.0,0.0,0.0,1.0,0.030041027065219883,0.16837061569094658,0,4
mixed_groupcv_psnr_benefit_V6_mlp_505,mixed_groupcv,psnr_benefit,V6,mlp,505,bsds_374020,synthetic_bsds,,,,0.0,0.0,0.0,1.0,0.00020156490642666983,0.014036106877028942,0,4
mixed_groupcv_psnr_benefit_V6_mlp_505,mixed_groupcv,psnr_benefit,V6,mlp,505,bsds_385028,synthetic_bsds,,,,0.0,0.0,0.0,1.0,0.008163425208940811,0.0755872312001884,0,4
mixed_groupcv_psnr_benefit_V6_mlp_505,mixed_groupcv,psnr_benefit,V6,mlp,505,bsds_41004,synthetic_bsds,0.6666666666666667,0.5,0.5,0.0,0.0,0.0,0.75,0.20540809375103364,0.17710254713892937,1,4
mixed_groupcv_psnr_benefit_V6_mlp_505,mixed_groupcv,psnr_benefit,V6,mlp,505,bsds_45077,synthetic_bsds,,,,0.0,0.0,0.0,0.75,0.13446198274156812,0.3432495482265949,0,4
mixed_groupcv_psnr_benefit_V6_mlp_505,mixed_groupcv,psnr_benefit,V6,mlp,505,bsds_46076,synthetic_bsds,0.0,0.25,0.5,0.0,0.0,0.0,0.75,0.27004616545361687,0.3077592966146767,1,4
mixed_groupcv_psnr_benefit_V6_mlp_505,mixed_groupcv,psnr_benefit,V6,mlp,505,bsds_59078,synthetic_bsds,,,,0.0,0.0,0.0,1.0,0.002694679659271341,0.05023071076720953,0,4
mixed_groupcv_psnr_benefit_V6_mlp_505,mixed_groupcv,psnr_benefit,V6,mlp,505,bsds_61086,synthetic_bsds,,,,0.0,0.0,0.0,1.0,0.009642749388318342,0.09056405909359455,0,4
mixed_groupcv_psnr_benefit_V6_mlp_505,mixed_groupcv,psnr_benefit,V6,mlp,505,bsds_76002,synthetic_bsds,,,,0.0,0.0,0.0,1.0,0.00874502458541307,0.08417211472988129,0,4
mixed_groupcv_psnr_benefit_V6_mlp_505,mixed_groupcv,psnr_benefit,V6,mlp,505,bsds_80099,synthetic_bsds,,,,0.0,0.0,0.0,1.0,0.011844207084003931,0.08219356229528785,0,4
mixed_groupcv_psnr_benefit_V6_mlp_505,mixed_groupcv,psnr_benefit,V6,mlp,505,bsds_92059,synthetic_bsds,,,,0.0,0.0,0.0,1.0,0.002835861399170547,0.044554500898811966,0,4
mixed_groupcv_psnr_benefit_V6_mlp_506,mixed_groupcv,psnr_benefit,V6,mlp,506,case1,real_csig,,,,0.0,0.0,0.0,1.0,0.00952916693072652,0.08919917337091951,0,192
mixed_groupcv_psnr_benefit_V6_mlp_506,mixed_groupcv,psnr_benefit,V6,mlp,506,case2,real_csig,0.7868421052631579,0.03522727272727273,0.5,0.0,0.0,0.0,0.9895833333333334,0.020125753713854454,0.07000532030239506,2,192
mixed_groupcv_psnr_benefit_V6_mlp_506,mixed_groupcv,psnr_benefit,V6,mlp,506,case3,real_csig,,,,0.0,0.0,0.0,1.0,0.014506508557391898,0.0905189538207196,0,192
mixed_groupcv_psnr_benefit_V6_mlp_506,mixed_groupcv,psnr_benefit,V6,mlp,506,case4,real_csig,,,,0.0,0.0,0.0,1.0,9.687551207814334e-05,0.0071690864000023185,0,192
mixed_groupcv_psnr_benefit_V6_mlp_506,mixed_groupcv,psnr_benefit,V6,mlp,506,case5,real_csig,0.45698924731182794,0.03206254538221552,0.5,0.0,0.0,0.0,0.96875,0.03297861292545673,0.026893211487428445,6,192
mixed_groupcv_psnr_benefit_V6_mlp_506,mixed_groupcv,psnr_benefit,V6,mlp,506,bsds_100098,synthetic_bsds,,,,0.0,0.0,0.0,1.0,0.0386284948360357,0.18816528469324112,0,4
mixed_groupcv_psnr_benefit_V6_mlp_506,mixed_groupcv,psnr_benefit,V6,mlp,506,bsds_106025,synthetic_bsds,,,,0.0,0.0,0.0,1.0,0.0176443980444322,0.13006296940147877,0,4
mixed_groupcv_psnr_benefit_V6_mlp_506,mixed_groupcv,psnr_benefit,V6,mlp,506,bsds_112082,synthetic_bsds,,,,0.0,0.0,0.0,1.0,0.029614090952511718,0.16064918413758278,0,4
mixed_groupcv_psnr_benefit_V6_mlp_506,mixed_groupcv,psnr_benefit,V6,mlp,506,bsds_138078,synthetic_bsds,,,,0.0,0.0,0.0,1.0,0.014125182304435883,0.10229407344013453,0,4
mixed_groupcv_psnr_benefit_V6_mlp_506,mixed_groupcv,psnr_benefit,V6,mlp,506,bsds_140055,synthetic_bsds,,,,0.0,0.0,0.0,1.0,0.04740021708839638,0.1888288352638483,0,4
mixed_groupcv_psnr_benefit_V6_mlp_506,mixed_groupcv,psnr_benefit,V6,mlp,506,bsds_147021,synthetic_bsds,,,,0.0,0.0,0.0,1.0,0.06301546520554369,0.2481694445014,0,4
mixed_groupcv_psnr_benefit_V6_mlp_506,mixed_groupcv,psnr_benefit,V6,mlp,506,bsds_153077,synthetic_bsds,,,,0.0,0.0,0.0,1.0,0.03981887572493631,0.19800030812621117,0,4
mixed_groupcv_psnr_benefit_V6_mlp_506,mixed_groupcv,psnr_benefit,V6,mlp,506,bsds_159029,synthetic_bsds,,,,0.0,0.0,0.0,1.0,0.05439718844868713,0.19186602532863617,0,4
mixed_groupcv_psnr_benefit_V6_mlp_506,mixed_groupcv,psnr_benefit,V6,mlp,506,bsds_159045,synthetic_bsds,,,,0.0,0.0,0.0,1.0,0.025982273978313073,0.1512726927176118,0,4
mixed_groupcv_psnr_benefit_V6_mlp_506,mixed_groupcv,psnr_benefit,V6,mlp,506,bsds_159091,synthetic_bsds,,,,0.0,0.0,0.0,1.0,0.02726759607957402,0.15578678622841835,0,4
mixed_groupcv_psnr_benefit_V6_mlp_506,mixed_groupcv,psnr_benefit,V6,mlp,506,bsds_164074,synthetic_bsds,,,,0.0,0.0,0.0,0.5,0.164214078785218,0.369287459179759,0,4
mixed_groupcv_psnr_benefit_V6_mlp_506,mixed_groupcv,psnr_benefit,V6,mlp,506,bsds_166081,synthetic_bsds,,,,0.0,0.0,0.0,1.0,0.028157200162474277,0.13911865279078484,0,4
mixed_groupcv_psnr_benefit_V6_mlp_506,mixed_groupcv,psnr_benefit,V6,mlp,506,bsds_176039,synthetic_bsds,,,,0.0,0.0,0.0,1.0,0.05500817702475985,0.20610466971993446,0,4
mixed_groupcv_psnr_benefit_V6_mlp_506,mixed_groupcv,psnr_benefit,V6,mlp,506,bsds_183055,synthetic_bsds,,,,0.0,0.0,0.0,1.0,0.005657108453468469,0.07330167014151812,0,4
mixed_groupcv_psnr_benefit_V6_mlp_506,mixed_groupcv,psnr_benefit,V6,mlp,506,bsds_187029,synthetic_bsds,,,,0.0,0.0,0.0,1.0,0.015450142191433317,0.10803699027746916,0,4
mixed_groupcv_psnr_benefit_V6_mlp_506,mixed_groupcv,psnr_benefit,V6,mlp,506,bsds_188063,synthetic_bsds,,,,0.0,0.0,0.0,1.0,0.0251200755947357,0.13869824167340994,0,4
mixed_groupcv_psnr_benefit_V6_mlp_506,mixed_groupcv,psnr_benefit,V6,mlp,506,bsds_198023,synthetic_bsds,0.0,0.6388888888888888,0.5,0.0,0.0,0.0,0.25,0.6391839047802819,0.7567290877923369,3,4
mixed_groupcv_psnr_benefit_V6_mlp_506,mixed_groupcv,psnr_benefit,V6,mlp,506,bsds_198054,synthetic_bsds,,,,0.0,0.0,0.0,1.0,0.036279013687526035,0.17184492480009794,0,4
mixed_groupcv_psnr_benefit_V6_mlp_506,mixed_groupcv,psnr_benefit,V6,mlp,506,bsds_20008,synthetic_bsds,,,,0.0,0.0,0.0,1.0,0.07398367605291761,0.26490964367985725,0,4
mixed_groupcv_psnr_benefit_V6_mlp_506,mixed_groupcv,psnr_benefit,V6,mlp,506,bsds_216041,synthetic_bsds,,,,0.0,0.0,0.0,1.0,0.004554057444408982,0.05710444226861,0,4
mixed_groupcv_psnr_benefit_V6_mlp_506,mixed_groupcv,psnr_benefit,V6,mlp,506,bsds_225017,synthetic_bsds,,,,0.0,0.0,0.0,1.0,0.01728329555901112,0.12526214122772217,0,4
mixed_groupcv_psnr_benefit_V6_mlp_506,mixed_groupcv,psnr_benefit,V6,mlp,506,bsds_23025,synthetic_bsds,,,,0.0,0.0,0.0,1.0,0.015805012144190736,0.11973622627556324,0,4
mixed_groupcv_psnr_benefit_V6_mlp_506,mixed_groupcv,psnr_benefit,V6,mlp,506,bsds_23080,synthetic_bsds,,,,0.0,0.0,0.0,1.0,0.0533685205973769,0.21239406988024712,0,4
mixed_groupcv_psnr_benefit_V6_mlp_506,mixed_groupcv,psnr_benefit,V6,mlp,506,bsds_231015,synthetic_bsds,,,,0.0,0.0,0.0,1.0,0.00926334050560582,0.07895371224731207,0,4
mixed_groupcv_psnr_benefit_V6_mlp_506,mixed_groupcv,psnr_benefit,V6,mlp,506,bsds_236017,synthetic_bsds,,,,0.0,0.0,0.0,1.0,0.06347811853110057,0.15994378691539168,0,4
mixed_groupcv_psnr_benefit_V6_mlp_506,mixed_groupcv,psnr_benefit,V6,mlp,506,bsds_245051,synthetic_bsds,,,,0.0,0.0,0.0,1.0,0.004950887781114584,0.06599846854805946,0,4
mixed_groupcv_psnr_benefit_V6_mlp_506,mixed_groupcv,psnr_benefit,V6,mlp,506,bsds_246016,synthetic_bsds,,,,0.0,0.0,0.0,1.0,0.028967289475277436,0.16563892737030983,0,4
mixed_groupcv_psnr_benefit_V6_mlp_506,mixed_groupcv,psnr_benefit,V6,mlp,506,bsds_249061,synthetic_bsds,,,,0.0,0.0,0.0,1.0,0.006489987623785779,0.07780067529529333,0,4
mixed_groupcv_psnr_benefit_V6_mlp_506,mixed_groupcv,psnr_benefit,V6,mlp,506,bsds_25098,synthetic_bsds,,,,0.0,0.0,0.0,1.0,0.030914947982754848,0.15647853165864944,0,4
mixed_groupcv_psnr_benefit_V6_mlp_506,mixed_groupcv,psnr_benefit,V6,mlp,506,bsds_253036,synthetic_bsds,,,,0.0,0.0,0.0,1.0,0.06620884201098792,0.2513861171901226,0,4
mixed_groupcv_psnr_benefit_V6_mlp_506,mixed_groupcv,psnr_benefit,V6,mlp,506,bsds_254054,synthetic_bsds,,,,0.0,0.0,0.0,1.0,0.01503310830969164,0.09577703336253762,0,4
mixed_groupcv_psnr_benefit_V6_mlp_506,mixed_groupcv,psnr_benefit,V6,mlp,506,bsds_27059,synthetic_bsds,,,,0.0,0.0,0.0,1.0,0.020617746616329886,0.12141067255288363,0,4
mixed_groupcv_psnr_benefit_V6_mlp_506,mixed_groupcv,psnr_benefit,V6,mlp,506,bsds_271008,synthetic_bsds,,,,0.0,0.0,0.0,1.0,0.016613140982644093,0.12024420592933893,0,4
mixed_groupcv_psnr_benefit_V6_mlp_506,mixed_groupcv,psnr_benefit,V6,mlp,506,bsds_274007,synthetic_bsds,,,,0.0,0.0,0.0,1.0,0.03536015525743261,0.17185417842119932,0,4
mixed_groupcv_psnr_benefit_V6_mlp_506,mixed_groupcv,psnr_benefit,V6,mlp,506,bsds_286092,synthetic_bsds,,,,0.0,0.0,0.0,1.0,0.07512931035010807,0.2504542898386717,0,4
mixed_groupcv_psnr_benefit_V6_mlp_506,mixed_groupcv,psnr_benefit,V6,mlp,506,bsds_309004,synthetic_bsds,,,,0.0,0.0,0.0,1.0,0.07440158166213552,0.23973188735544682,0,4
mixed_groupcv_psnr_benefit_V6_mlp_506,mixed_groupcv,psnr_benefit,V6,mlp,506,bsds_311081,synthetic_bsds,,,,0.0,0.0,0.0,1.0,0.04078407540315643,0.18374691903591156,0,4
mixed_groupcv_psnr_benefit_V6_mlp_506,mixed_groupcv,psnr_benefit,V6,mlp,506,bsds_314016,synthetic_bsds,,,,0.0,0.0,0.0,1.0,0.07961842162318356,0.27369551360607147,0,4
mixed_groupcv_psnr_benefit_V6_mlp_506,mixed_groupcv,psnr_benefit,V6,mlp,506,bsds_323016,synthetic_bsds,,,,0.0,0.0,0.0,1.0,0.006906775957881542,0.08264137618243694,0,4
mixed_groupcv_psnr_benefit_V6_mlp_506,mixed_groupcv,psnr_benefit,V6,mlp,506,bsds_368078,synthetic_bsds,,,,0.0,0.0,0.0,1.0,0.02196664461530501,0.14003696665167809,0,4
mixed_groupcv_psnr_benefit_V6_mlp_506,mixed_groupcv,psnr_benefit,V6,mlp,506,bsds_374020,synthetic_bsds,,,,0.0,0.0,0.0,1.0,0.0076254498980316,0.08615920692682266,0,4
mixed_groupcv_psnr_benefit_V6_mlp_506,mixed_groupcv,psnr_benefit,V6,mlp,506,bsds_385028,synthetic_bsds,,,,0.0,0.0,0.0,1.0,0.03424144227477367,0.16821766085922718,0,4
mixed_groupcv_psnr_benefit_V6_mlp_506,mixed_groupcv,psnr_benefit,V6,mlp,506,bsds_41004,synthetic_bsds,0.33333333333333337,0.3333333333333333,0.5,0.0,0.0,0.0,0.75,0.19715642778468723,0.28431694209575653,1,4
mixed_groupcv_psnr_benefit_V6_mlp_506,mixed_groupcv,psnr_benefit,V6,mlp,506,bsds_45077,synthetic_bsds,,,,0.0,0.0,0.0,1.0,0.058164008302088066,0.22894355282187462,0,4
mixed_groupcv_psnr_benefit_V6_mlp_506,mixed_groupcv,psnr_benefit,V6,mlp,506,bsds_46076,synthetic_bsds,0.33333333333333337,0.3333333333333333,0.5,0.0,0.0,0.0,0.75,0.2562450048992942,0.346463855355978,1,4
mixed_groupcv_psnr_benefit_V6_mlp_506,mixed_groupcv,psnr_benefit,V6,mlp,506,bsds_59078,synthetic_bsds,,,,0.0,0.0,0.0,1.0,0.005118515698240348,0.07028098497539759,0,4
mixed_groupcv_psnr_benefit_V6_mlp_506,mixed_groupcv,psnr_benefit,V6,mlp,506,bsds_61086,synthetic_bsds,,,,0.0,0.0,0.0,1.0,0.008508973052988714,0.08154675178229809,0,4
mixed_groupcv_psnr_benefit_V6_mlp_506,mixed_groupcv,psnr_benefit,V6,mlp,506,bsds_76002,synthetic_bsds,,,,0.0,0.0,0.0,1.0,0.006816027873515401,0.07810026407241821,0,4
mixed_groupcv_psnr_benefit_V6_mlp_506,mixed_groupcv,psnr_benefit,V6,mlp,506,bsds_80099,synthetic_bsds,,,,0.0,0.0,0.0,1.0,0.007268829229054717,0.07079729624092579,0,4
mixed_groupcv_psnr_benefit_V6_mlp_506,mixed_groupcv,psnr_benefit,V6,mlp,506,bsds_92059,synthetic_bsds,,,,0.0,0.0,0.0,1.0,0.0040596130380306916,0.055046856636181474,0,4
mixed_groupcv_psnr_benefit_V6_mlp_507,mixed_groupcv,psnr_benefit,V6,mlp,507,case1,real_csig,,,,0.0,0.0,0.0,1.0,0.0026076942469346605,0.04320728059246904,0,192
mixed_groupcv_psnr_benefit_V6_mlp_507,mixed_groupcv,psnr_benefit,V6,mlp,507,case2,real_csig,0.9868421052631579,0.3666666666666667,0.5,0.0,0.0,0.0,0.9895833333333334,0.012540629737153105,0.05340412296209251,2,192
mixed_groupcv_psnr_benefit_V6_mlp_507,mixed_groupcv,psnr_benefit,V6,mlp,507,case3,real_csig,,,,0.0,0.0,0.0,1.0,0.007479456527551818,0.06261655663638521,0,192
mixed_groupcv_psnr_benefit_V6_mlp_507,mixed_groupcv,psnr_benefit,V6,mlp,507,case4,real_csig,,,,0.0,0.0,0.0,1.0,7.179175183193623e-05,0.005543938352578455,0,192
mixed_groupcv_psnr_benefit_V6_mlp_507,mixed_groupcv,psnr_benefit,V6,mlp,507,case5,real_csig,0.5456989247311828,0.04338632554862079,0.5,0.0,0.0,0.0,0.96875,0.031107357764530077,0.011171096916465714,6,192
mixed_groupcv_psnr_benefit_V6_mlp_507,mixed_groupcv,psnr_benefit,V6,mlp,507,bsds_100098,synthetic_bsds,,,,0.0,0.0,0.0,1.0,0.0072710031268899585,0.08277444262057543,0,4
mixed_groupcv_psnr_benefit_V6_mlp_507,mixed_groupcv,psnr_benefit,V6,mlp,507,bsds_106025,synthetic_bsds,,,,0.0,0.0,0.0,1.0,0.007270278270527314,0.08382817730307579,0,4
mixed_groupcv_psnr_benefit_V6_mlp_507,mixed_groupcv,psnr_benefit,V6,mlp,507,bsds_112082,synthetic_bsds,,,,0.0,0.0,0.0,1.0,0.00737561677670596,0.07140675652772188,0,4
mixed_groupcv_psnr_benefit_V6_mlp_507,mixed_groupcv,psnr_benefit,V6,mlp,507,bsds_138078,synthetic_bsds,,,,0.0,0.0,0.0,1.0,0.022011382012983402,0.11018811771646142,0,4
mixed_groupcv_psnr_benefit_V6_mlp_507,mixed_groupcv,psnr_benefit,V6,mlp,507,bsds_140055,synthetic_bsds,,,,0.0,0.0,0.0,1.0,0.018620848961995274,0.09781798487529159,0,4
mixed_groupcv_psnr_benefit_V6_mlp_507,mixed_groupcv,psnr_benefit,V6,mlp,507,bsds_147021,synthetic_bsds,,,,0.0,0.0,0.0,1.0,0.030964648208813672,0.1723952554166317,0,4
mixed_groupcv_psnr_benefit_V6_mlp_507,mixed_groupcv,psnr_benefit,V6,mlp,507,bsds_153077,synthetic_bsds,,,,0.0,0.0,0.0,1.0,0.013810016307465381,0.11588363163173199,0,4
mixed_groupcv_psnr_benefit_V6_mlp_507,mixed_groupcv,psnr_benefit,V6,mlp,507,bsds_159029,synthetic_bsds,,,,0.0,0.0,0.0,1.0,0.029338194318399808,0.1295022228732705,0,4
mixed_groupcv_psnr_benefit_V6_mlp_507,mixed_groupcv,psnr_benefit,V6,mlp,507,bsds_159045,synthetic_bsds,,,,0.0,0.0,0.0,1.0,0.0037793638302302986,0.05625163298100233,0,4
mixed_groupcv_psnr_benefit_V6_mlp_507,mixed_groupcv,psnr_benefit,V6,mlp,507,bsds_159091,synthetic_bsds,,,,0.0,0.0,0.0,1.0,0.013046125347269635,0.1053312923759222,0,4
mixed_groupcv_psnr_benefit_V6_mlp_507,mixed_groupcv,psnr_benefit,V6,mlp,507,bsds_164074,synthetic_bsds,,,,0.0,0.0,0.0,1.0,0.08337082385843753,0.2524813637137413,0,4
mixed_groupcv_psnr_benefit_V6_mlp_507,mixed_groupcv,psnr_benefit,V6,mlp,507,bsds_166081,synthetic_bsds,,,,0.0,0.0,0.0,1.0,0.01753141689361628,0.09952149353921413,0,4
mixed_groupcv_psnr_benefit_V6_mlp_507,mixed_groupcv,psnr_benefit,V6,mlp,507,bsds_176039,synthetic_bsds,,,,0.0,0.0,0.0,1.0,0.0696376468141075,0.22962727630510926,0,4
mixed_groupcv_psnr_benefit_V6_mlp_507,mixed_groupcv,psnr_benefit,V6,mlp,507,bsds_183055,synthetic_bsds,,,,0.0,0.0,0.0,1.0,0.0053636394564813596,0.07138128113001585,0,4
mixed_groupcv_psnr_benefit_V6_mlp_507,mixed_groupcv,psnr_benefit,V6,mlp,507,bsds_187029,synthetic_bsds,,,,0.0,0.0,0.0,1.0,0.010379649693396779,0.08162692328915,0,4
mixed_groupcv_psnr_benefit_V6_mlp_507,mixed_groupcv,psnr_benefit,V6,mlp,507,bsds_188063,synthetic_bsds,,,,0.0,0.0,0.0,1.0,0.023208007032554975,0.13432347076013684,0,4
mixed_groupcv_psnr_benefit_V6_mlp_507,mixed_groupcv,psnr_benefit,V6,mlp,507,bsds_198023,synthetic_bsds,0.0,0.6388888888888888,0.5,0.0,0.0,0.0,0.25,0.683313094559822,0.7658838788047433,3,4
mixed_groupcv_psnr_benefit_V6_mlp_507,mixed_groupcv,psnr_benefit,V6,mlp,507,bsds_198054,synthetic_bsds,,,,0.0,0.0,0.0,1.0,0.018254376544962786,0.13020797818899155,0,4
mixed_groupcv_psnr_benefit_V6_mlp_507,mixed_groupcv,psnr_benefit,V6,mlp,507,bsds_20008,synthetic_bsds,,,,0.0,0.0,0.0,1.0,0.0582200476662373,0.20983109809458256,0,4
mixed_groupcv_psnr_benefit_V6_mlp_507,mixed_groupcv,psnr_benefit,V6,mlp,507,bsds_216041,synthetic_bsds,,,,0.0,0.0,0.0,1.0,0.0039489452787115605,0.048726897046435624,0,4
mixed_groupcv_psnr_benefit_V6_mlp_507,mixed_groupcv,psnr_benefit,V6,mlp,507,bsds_225017,synthetic_bsds,,,,0.0,0.0,0.0,1.0,0.029178764130897164,0.16004360653460026,0,4
mixed_groupcv_psnr_benefit_V6_mlp_507,mixed_groupcv,psnr_benefit,V6,mlp,507,bsds_23025,synthetic_bsds,,,,0.0,0.0,0.0,1.0,0.010279086250453017,0.0769124433863908,0,4
mixed_groupcv_psnr_benefit_V6_mlp_507,mixed_groupcv,psnr_benefit,V6,mlp,507,bsds_23080,synthetic_bsds,,,,0.0,0.0,0.0,1.0,0.036413371724707266,0.17495886236429214,0,4
mixed_groupcv_psnr_benefit_V6_mlp_507,mixed_groupcv,psnr_benefit,V6,mlp,507,bsds_231015,synthetic_bsds,,,,0.0,0.0,0.0,1.0,0.005509742301887543,0.04447381314821541,0,4
mixed_groupcv_psnr_benefit_V6_mlp_507,mixed_groupcv,psnr_benefit,V6,mlp,507,bsds_236017,synthetic_bsds,,,,0.0,0.0,0.0,1.0,0.03024471444059856,0.10076129456865601,0,4
mixed_groupcv_psnr_benefit_V6_mlp_507,mixed_groupcv,psnr_benefit,V6,mlp,507,bsds_245051,synthetic_bsds,,,,0.0,0.0,0.0,1.0,0.00025545774557535,0.01233120821416378,0,4
mixed_groupcv_psnr_benefit_V6_mlp_507,mixed_groupcv,psnr_benefit,V6,mlp,507,bsds_246016,synthetic_bsds,,,,0.0,0.0,0.0,1.0,0.011543124719832421,0.07874468388035893,0,4
mixed_groupcv_psnr_benefit_V6_mlp_507,mixed_groupcv,psnr_benefit,V6,mlp,507,bsds_249061,synthetic_bsds,,,,0.0,0.0,0.0,1.0,0.0027941093060325564,0.05116358585655689,0,4
mixed_groupcv_psnr_benefit_V6_mlp_507,mixed_groupcv,psnr_benefit,V6,mlp,507,bsds_25098,synthetic_bsds,,,,0.0,0.0,0.0,1.0,0.010794682573741964,0.0764435832388699,0,4
mixed_groupcv_psnr_benefit_V6_mlp_507,mixed_groupcv,psnr_benefit,V6,mlp,507,bsds_253036,synthetic_bsds,,,,0.0,0.0,0.0,1.0,0.07532768842796239,0.2684308998286724,0,4
mixed_groupcv_psnr_benefit_V6_mlp_507,mixed_groupcv,psnr_benefit,V6,mlp,507,bsds_254054,synthetic_bsds,,,,0.0,0.0,0.0,1.0,0.01617883376146089,0.09122570825275034,0,4
mixed_groupcv_psnr_benefit_V6_mlp_507,mixed_groupcv,psnr_benefit,V6,mlp,507,bsds_27059,synthetic_bsds,,,,0.0,0.0,0.0,1.0,0.018287400937141655,0.10912160109728575,0,4
mixed_groupcv_psnr_benefit_V6_mlp_507,mixed_groupcv,psnr_benefit,V6,mlp,507,bsds_271008,synthetic_bsds,,,,0.0,0.0,0.0,1.0,0.009943320732121515,0.08824913064017892,0,4
mixed_groupcv_psnr_benefit_V6_mlp_507,mixed_groupcv,psnr_benefit,V6,mlp,507,bsds_274007,synthetic_bsds,,,,0.0,0.0,0.0,1.0,0.028283406681470422,0.15295889507979155,0,4
mixed_groupcv_psnr_benefit_V6_mlp_507,mixed_groupcv,psnr_benefit,V6,mlp,507,bsds_286092,synthetic_bsds,,,,0.0,0.0,0.0,1.0,0.04472744501693102,0.16647775191813707,0,4
mixed_groupcv_psnr_benefit_V6_mlp_507,mixed_groupcv,psnr_benefit,V6,mlp,507,bsds_309004,synthetic_bsds,,,,0.0,0.0,0.0,1.0,0.07365120270154485,0.21731733158230782,0,4
mixed_groupcv_psnr_benefit_V6_mlp_507,mixed_groupcv,psnr_benefit,V6,mlp,507,bsds_311081,synthetic_bsds,,,,0.0,0.0,0.0,1.0,0.025908975158647943,0.13027352653443813,0,4
mixed_groupcv_psnr_benefit_V6_mlp_507,mixed_groupcv,psnr_benefit,V6,mlp,507,bsds_314016,synthetic_bsds,,,,0.0,0.0,0.0,1.0,0.02086819216324777,0.13279478065669537,0,4
mixed_groupcv_psnr_benefit_V6_mlp_507,mixed_groupcv,psnr_benefit,V6,mlp,507,bsds_323016,synthetic_bsds,,,,0.0,0.0,0.0,1.0,0.0003551182941744079,0.01853963709436357,0,4
mixed_groupcv_psnr_benefit_V6_mlp_507,mixed_groupcv,psnr_benefit,V6,mlp,507,bsds_368078,synthetic_bsds,,,,0.0,0.0,0.0,1.0,0.022275960265911568,0.1336370576173067,0,4
mixed_groupcv_psnr_benefit_V6_mlp_507,mixed_groupcv,psnr_benefit,V6,mlp,507,bsds_374020,synthetic_bsds,,,,0.0,0.0,0.0,1.0,0.00023299748565230004,0.01487996056675911,0,4
mixed_groupcv_psnr_benefit_V6_mlp_507,mixed_groupcv,psnr_benefit,V6,mlp,507,bsds_385028,synthetic_bsds,,,,0.0,0.0,0.0,1.0,0.009268292884535814,0.08253177115693688,0,4
mixed_groupcv_psnr_benefit_V6_mlp_507,mixed_groupcv,psnr_benefit,V6,mlp,507,bsds_41004,synthetic_bsds,1.0,1.0,0.5,0.0,0.0,0.0,0.75,0.19708081723486304,0.17575394548475742,1,4
mixed_groupcv_psnr_benefit_V6_mlp_507,mixed_groupcv,psnr_benefit,V6,mlp,507,bsds_45077,synthetic_bsds,,,,0.0,0.0,0.0,1.0,0.03248897458241021,0.16140536963939667,0,4
mixed_groupcv_psnr_benefit_V6_mlp_507,mixed_groupcv,psnr_benefit,V6,mlp,507,bsds_46076,synthetic_bsds,0.33333333333333337,0.3333333333333333,0.5,0.0,0.0,0.0,0.75,0.24614513087298676,0.3197187245823443,1,4
mixed_groupcv_psnr_benefit_V6_mlp_507,mixed_groupcv,psnr_benefit,V6,mlp,507,bsds_59078,synthetic_bsds,,,,0.0,0.0,0.0,1.0,0.000618700603271227,0.02424147678539157,0,4
mixed_groupcv_psnr_benefit_V6_mlp_507,mixed_groupcv,psnr_benefit,V6,mlp,507,bsds_61086,synthetic_bsds,,,,0.0,0.0,0.0,1.0,0.02177431499204864,0.12238728068768978,0,4
mixed_groupcv_psnr_benefit_V6_mlp_507,mixed_groupcv,psnr_benefit,V6,mlp,507,bsds_76002,synthetic_bsds,,,,0.0,0.0,0.0,1.0,0.0021173934095699773,0.03836645185947418,0,4
mixed_groupcv_psnr_benefit_V6_mlp_507,mixed_groupcv,psnr_benefit,V6,mlp,507,bsds_80099,synthetic_bsds,,,,0.0,0.0,0.0,1.0,0.0016694214650073364,0.03864936018362641,0,4
mixed_groupcv_psnr_benefit_V6_mlp_507,mixed_groupcv,psnr_benefit,V6,mlp,507,bsds_92059,synthetic_bsds,,,,0.0,0.0,0.0,1.0,0.0033531861704587445,0.04918157105566934,0,4
mixed_groupcv_psnr_benefit_V7_logistic_505,mixed_groupcv,psnr_benefit,V7,logistic,505,case1,real_csig,,,,0.0,0.0,0.0,1.0,1.437562121748287e-05,0.0031165649236554412,0,192
mixed_groupcv_psnr_benefit_V7_logistic_505,mixed_groupcv,psnr_benefit,V7,logistic,505,case2,real_csig,0.7631578947368421,0.03324175824175824,0.5,0.0,0.0,0.0,0.9895833333333334,0.010367921665654029,0.00815820057310746,2,192
mixed_groupcv_psnr_benefit_V7_logistic_505,mixed_groupcv,psnr_benefit,V7,logistic,505,case3,real_csig,,,,0.0,0.0,0.0,1.0,7.353428396205211e-07,0.0006441094949146971,0,192
mixed_groupcv_psnr_benefit_V7_logistic_505,mixed_groupcv,psnr_benefit,V7,logistic,505,case4,real_csig,,,,0.0,0.0,0.0,1.0,3.6742123289644044e-07,0.0004813118669116906,0,192
mixed_groupcv_psnr_benefit_V7_logistic_505,mixed_groupcv,psnr_benefit,V7,logistic,505,case5,real_csig,0.5949820788530467,0.045949427906539386,0.5,0.0,0.0,0.0,0.96875,0.031156965858349695,0.029739608470654787,6,192
mixed_groupcv_psnr_benefit_V7_logistic_505,mixed_groupcv,psnr_benefit,V7,logistic,505,bsds_100098,synthetic_bsds,,,,0.0,0.0,0.0,1.0,4.670392526790742e-06,0.0012569091288921735,0,4
mixed_groupcv_psnr_benefit_V7_logistic_505,mixed_groupcv,psnr_benefit,V7,logistic,505,bsds_106025,synthetic_bsds,,,,0.0,0.0,0.0,1.0,1.216876676102671e-05,0.0024786294919308437,0,4
mixed_groupcv_psnr_benefit_V7_logistic_505,mixed_groupcv,psnr_benefit,V7,logistic,505,bsds_112082,synthetic_bsds,,,,0.0,0.0,0.0,1.0,4.5405204949051296e-07,0.000636182366049696,0,4
mixed_groupcv_psnr_benefit_V7_logistic_505,mixed_groupcv,psnr_benefit,V7,logistic,505,bsds_138078,synthetic_bsds,,,,0.0,0.0,0.0,1.0,1.1553369300128363e-06,0.000799517793195301,0,4
mixed_groupcv_psnr_benefit_V7_logistic_505,mixed_groupcv,psnr_benefit,V7,logistic,505,bsds_140055,synthetic_bsds,,,,0.0,0.0,0.0,1.0,2.6026227652058404e-07,0.0004935257119175459,0,4
mixed_groupcv_psnr_benefit_V7_logistic_505,mixed_groupcv,psnr_benefit,V7,logistic,505,bsds_147021,synthetic_bsds,,,,0.0,0.0,0.0,1.0,1.9622463955484275e-06,0.0009515518640341717,0,4
mixed_groupcv_psnr_benefit_V7_logistic_505,mixed_groupcv,psnr_benefit,V7,logistic,505,bsds_153077,synthetic_bsds,,,,0.0,0.0,0.0,1.0,2.0353250235148536e-08,0.00013092256073323757,0,4
mixed_groupcv_psnr_benefit_V7_logistic_505,mixed_groupcv,psnr_benefit,V7,logistic,505,bsds_159029,synthetic_bsds,,,,0.0,0.0,0.0,1.0,5.0542734264159575e-06,0.0018692272605653141,0,4
mixed_groupcv_psnr_benefit_V7_logistic_505,mixed_groupcv,psnr_benefit,V7,logistic,505,bsds_159045,synthetic_bsds,,,,0.0,0.0,0.0,1.0,2.409907915261211e-07,0.000440472872919116,0,4
mixed_groupcv_psnr_benefit_V7_logistic_505,mixed_groupcv,psnr_benefit,V7,logistic,505,bsds_159091,synthetic_bsds,,,,0.0,0.0,0.0,1.0,2.2493657188188125e-08,0.0001403366778943923,0,4
mixed_groupcv_psnr_benefit_V7_logistic_505,mixed_groupcv,psnr_benefit,V7,logistic,505,bsds_164074,synthetic_bsds,,,,0.0,0.0,0.0,1.0,3.465355124704023e-06,0.0016446412882326648,0,4
mixed_groupcv_psnr_benefit_V7_logistic_505,mixed_groupcv,psnr_benefit,V7,logistic,505,bsds_166081,synthetic_bsds,,,,0.0,0.0,0.0,1.0,3.650874908584013e-08,0.00017826348730395558,0,4
mixed_groupcv_psnr_benefit_V7_logistic_505,mixed_groupcv,psnr_benefit,V7,logistic,505,bsds_176039,synthetic_bsds,,,,0.0,0.0,0.0,1.0,2.4941607904174563e-05,0.0036471989359455584,0,4
mixed_groupcv_psnr_benefit_V7_logistic_505,mixed_groupcv,psnr_benefit,V7,logistic,505,bsds_183055,synthetic_bsds,,,,0.0,0.0,0.0,1.0,5.961485923851492e-08,0.0002203939086867183,0,4
mixed_groupcv_psnr_benefit_V7_logistic_505,mixed_groupcv,psnr_benefit,V7,logistic,505,bsds_187029,synthetic_bsds,,,,0.0,0.0,0.0,1.0,3.2370300676066086e-07,0.0004885231417260816,0,4
mixed_groupcv_psnr_benefit_V7_logistic_505,mixed_groupcv,psnr_benefit,V7,logistic,505,bsds_188063,synthetic_bsds,,,,0.0,0.0,0.0,1.0,3.720627057700839e-08,0.00018141280253669884,0,4
mixed_groupcv_psnr_benefit_V7_logistic_505,mixed_groupcv,psnr_benefit,V7,logistic,505,bsds_198023,synthetic_bsds,0.0,0.6388888888888888,0.5,0.0,0.0,0.0,0.25,0.7494926862690062,0.7495741077561414,3,4
mixed_groupcv_psnr_benefit_V7_logistic_505,mixed_groupcv,psnr_benefit,V7,logistic,505,bsds_198054,synthetic_bsds,,,,0.0,0.0,0.0,1.0,0.0006890926223495316,0.01793552323144327,0,4
mixed_groupcv_psnr_benefit_V7_logistic_505,mixed_groupcv,psnr_benefit,V7,logistic,505,bsds_20008,synthetic_bsds,,,,0.0,0.0,0.0,1.0,3.6811123129844924e-06,0.0015145945173657845,0,4
mixed_groupcv_psnr_benefit_V7_logistic_505,mixed_groupcv,psnr_benefit,V7,logistic,505,bsds_216041,synthetic_bsds,,,,0.0,0.0,0.0,1.0,2.5550176161179852e-08,0.00015970062410023097,0,4
mixed_groupcv_psnr_benefit_V7_logistic_505,mixed_groupcv,psnr_benefit,V7,logistic,505,bsds_225017,synthetic_bsds,,,,0.0,0.0,0.0,1.0,2.087624306851994e-06,0.0011005668180096876,0,4
mixed_groupcv_psnr_benefit_V7_logistic_505,mixed_groupcv,psnr_benefit,V7,logistic,505,bsds_23025,synthetic_bsds,,,,0.0,0.0,0.0,1.0,1.8880496496169977e-07,0.00037748285907128996,0,4
mixed_groupcv_psnr_benefit_V7_logistic_505,mixed_groupcv,psnr_benefit,V7,logistic,505,bsds_23080,synthetic_bsds,,,,0.0,0.0,0.0,1.0,7.307858134736244e-06,0.0020061262014626716,0,4
mixed_groupcv_psnr_benefit_V7_logistic_505,mixed_groupcv,psnr_benefit,V7,logistic,505,bsds_231015,synthetic_bsds,,,,0.0,0.0,0.0,1.0,3.620878120809311e-08,0.0001872736536389793,0,4
mixed_groupcv_psnr_benefit_V7_logistic_505,mixed_groupcv,psnr_benefit,V7,logistic,505,bsds_236017,synthetic_bsds,,,,0.0,0.0,0.0,1.0,6.371869780806784e-06,0.0014217341238693618,0,4
mixed_groupcv_psnr_benefit_V7_logistic_505,mixed_groupcv,psnr_benefit,V7,logistic,505,bsds_245051,synthetic_bsds,,,,0.0,0.0,0.0,1.0,4.711304499156561e-07,0.0004793310132048571,0,4
mixed_groupcv_psnr_benefit_V7_logistic_505,mixed_groupcv,psnr_benefit,V7,logistic,505,bsds_246016,synthetic_bsds,,,,0.0,0.0,0.0,1.0,1.3358963866564274e-05,0.0027385011114780967,0,4
mixed_groupcv_psnr_benefit_V7_logistic_505,mixed_groupcv,psnr_benefit,V7,logistic,505,bsds_249061,synthetic_bsds,,,,0.0,0.0,0.0,1.0,1.182202179896354e-06,0.0008615385285302383,0,4
mixed_groupcv_psnr_benefit_V7_logistic_505,mixed_groupcv,psnr_benefit,V7,logistic,505,bsds_25098,synthetic_bsds,,,,0.0,0.0,0.0,1.0,1.5032922563905427e-06,0.0009131002320621125,0,4
mixed_groupcv_psnr_benefit_V7_logistic_505,mixed_groupcv,psnr_benefit,V7,logistic,505,bsds_253036,synthetic_bsds,,,,0.0,0.0,0.0,1.0,5.165792473592403e-06,0.0021589944622141958,0,4
mixed_groupcv_psnr_benefit_V7_logistic_505,mixed_groupcv,psnr_benefit,V7,logistic,505,bsds_254054,synthetic_bsds,,,,0.0,0.0,0.0,1.0,1.1462314361467476e-07,0.0002985910361556878,0,4
mixed_groupcv_psnr_benefit_V7_logistic_505,mixed_groupcv,psnr_benefit,V7,logistic,505,bsds_27059,synthetic_bsds,,,,0.0,0.0,0.0,1.0,1.0089814628034413e-07,0.0003022590355868606,0,4
mixed_groupcv_psnr_benefit_V7_logistic_505,mixed_groupcv,psnr_benefit,V7,logistic,505,bsds_271008,synthetic_bsds,,,,0.0,0.0,0.0,1.0,2.8937123975748904e-09,4.5326802832746605e-05,0,4
mixed_groupcv_psnr_benefit_V7_logistic_505,mixed_groupcv,psnr_benefit,V7,logistic,505,bsds_274007,synthetic_bsds,,,,0.0,0.0,0.0,1.0,1.1714520886101824e-06,0.000979038787122809,0,4
mixed_groupcv_psnr_benefit_V7_logistic_505,mixed_groupcv,psnr_benefit,V7,logistic,505,bsds_286092,synthetic_bsds,,,,0.0,0.0,0.0,1.0,5.216166722650159e-07,0.0006345535219132493,0,4
mixed_groupcv_psnr_benefit_V7_logistic_505,mixed_groupcv,psnr_benefit,V7,logistic,505,bsds_309004,synthetic_bsds,,,,0.0,0.0,0.0,1.0,1.4342118879347472e-06,0.0011315514427229624,0,4
mixed_groupcv_psnr_benefit_V7_logistic_505,mixed_groupcv,psnr_benefit,V7,logistic,505,bsds_311081,synthetic_bsds,,,,0.0,0.0,0.0,1.0,3.502681218762704e-07,0.0005193870407959037,0,4
mixed_groupcv_psnr_benefit_V7_logistic_505,mixed_groupcv,psnr_benefit,V7,logistic,505,bsds_314016,synthetic_bsds,,,,0.0,0.0,0.0,1.0,1.5020079457530457e-07,0.0003826541642935991,0,4
mixed_groupcv_psnr_benefit_V7_logistic_505,mixed_groupcv,psnr_benefit,V7,logistic,505,bsds_323016,synthetic_bsds,,,,0.0,0.0,0.0,1.0,1.1397823127928356e-06,0.0008740884545983732,0,4
mixed_groupcv_psnr_benefit_V7_logistic_505,mixed_groupcv,psnr_benefit,V7,logistic,505,bsds_368078,synthetic_bsds,,,,0.0,0.0,0.0,1.0,1.1869714002239043e-07,0.0003243482227840006,0,4
mixed_groupcv_psnr_benefit_V7_logistic_505,mixed_groupcv,psnr_benefit,V7,logistic,505,bsds_374020,synthetic_bsds,,,,0.0,0.0,0.0,1.0,1.0048241265425876e-08,9.392982145283932e-05,0,4
mixed_groupcv_psnr_benefit_V7_logistic_505,mixed_groupcv,psnr_benefit,V7,logistic,505,bsds_385028,synthetic_bsds,,,,0.0,0.0,0.0,1.0,9.044757528139332e-08,0.00027183045254105083,0,4
mixed_groupcv_psnr_benefit_V7_logistic_505,mixed_groupcv,psnr_benefit,V7,logistic,505,bsds_41004,synthetic_bsds,0.33333333333333337,0.3333333333333333,0.5,0.0,0.0,0.0,0.75,0.24989144638088365,0.24959018193388197,1,4
mixed_groupcv_psnr_benefit_V7_logistic_505,mixed_groupcv,psnr_benefit,V7,logistic,505,bsds_45077,synthetic_bsds,,,,0.0,0.0,0.0,1.0,1.6347601538489538e-06,0.001053416752977346,0,4
mixed_groupcv_psnr_benefit_V7_logistic_505,mixed_groupcv,psnr_benefit,V7,logistic,505,bsds_46076,synthetic_bsds,0.33333333333333337,0.3333333333333333,0.5,0.0,0.0,0.0,0.75,0.24989023821498518,0.24939052610540902,1,4
mixed_groupcv_psnr_benefit_V7_logistic_505,mixed_groupcv,psnr_benefit,V7,logistic,505,bsds_59078,synthetic_bsds,,,,0.0,0.0,0.0,1.0,8.643734837770898e-07,0.0008011211222056908,0,4
mixed_groupcv_psnr_benefit_V7_logistic_505,mixed_groupcv,psnr_benefit,V7,logistic,505,bsds_61086,synthetic_bsds,,,,0.0,0.0,0.0,1.0,8.503184870728614e-08,0.000264259209474042,0,4
mixed_groupcv_psnr_benefit_V7_logistic_505,mixed_groupcv,psnr_benefit,V7,logistic,505,bsds_76002,synthetic_bsds,,,,0.0,0.0,0.0,1.0,1.4913590300432703e-07,0.00035729262013571697,0,4
mixed_groupcv_psnr_benefit_V7_logistic_505,mixed_groupcv,psnr_benefit,V7,logistic,505,bsds_80099,synthetic_bsds,,,,0.0,0.0,0.0,1.0,5.052003515054468e-07,0.0004895369004807055,0,4
mixed_groupcv_psnr_benefit_V7_logistic_505,mixed_groupcv,psnr_benefit,V7,logistic,505,bsds_92059,synthetic_bsds,,,,0.0,0.0,0.0,1.0,8.207609872636208e-08,0.00026804625093119247,0,4
mixed_groupcv_psnr_benefit_V7_mlp_505,mixed_groupcv,psnr_benefit,V7,mlp,505,case1,real_csig,,,,0.0,0.0,0.0,1.0,0.004681919891571427,0.05955179567293574,0,192
mixed_groupcv_psnr_benefit_V7_mlp_505,mixed_groupcv,psnr_benefit,V7,mlp,505,case2,real_csig,0.7289473684210526,0.027857142857142858,0.5,0.0,0.0,0.0,0.9895833333333334,0.024274039488276274,0.08174552907318382,2,192
mixed_groupcv_psnr_benefit_V7_mlp_505,mixed_groupcv,psnr_benefit,V7,mlp,505,case3,real_csig,,,,0.0,0.0,0.0,1.0,0.0065177928940777325,0.05951965959260026,0,192
mixed_groupcv_psnr_benefit_V7_mlp_505,mixed_groupcv,psnr_benefit,V7,mlp,505,case4,real_csig,,,,0.0,0.0,0.0,1.0,3.818451105694788e-05,0.0037092824810921834,0,192
mixed_groupcv_psnr_benefit_V7_mlp_505,mixed_groupcv,psnr_benefit,V7,mlp,505,case5,real_csig,0.5994623655913978,0.05218955075305182,0.5,0.0,0.0,0.0,0.96875,0.030512506260841874,0.008485817854307244,6,192
mixed_groupcv_psnr_benefit_V7_mlp_505,mixed_groupcv,psnr_benefit,V7,mlp,505,bsds_100098,synthetic_bsds,,,,0.0,0.0,0.0,1.0,0.007342260743236906,0.0765657089650631,0,4
mixed_groupcv_psnr_benefit_V7_mlp_505,mixed_groupcv,psnr_benefit,V7,mlp,505,bsds_106025,synthetic_bsds,,,,0.0,0.0,0.0,1.0,0.01383961492760695,0.10857941396534443,0,4
mixed_groupcv_psnr_benefit_V7_mlp_505,mixed_groupcv,psnr_benefit,V7,mlp,505,bsds_112082,synthetic_bsds,,,,0.0,0.0,0.0,1.0,0.008903587301993053,0.077889668289572,0,4
mixed_groupcv_psnr_benefit_V7_mlp_505,mixed_groupcv,psnr_benefit,V7,mlp,505,bsds_138078,synthetic_bsds,,,,0.0,0.0,0.0,1.0,0.019065664259661122,0.11017348570749164,0,4
mixed_groupcv_psnr_benefit_V7_mlp_505,mixed_groupcv,psnr_benefit,V7,mlp,505,bsds_140055,synthetic_bsds,,,,0.0,0.0,0.0,1.0,0.040266368729307694,0.1529580019414425,0,4
mixed_groupcv_psnr_benefit_V7_mlp_505,mixed_groupcv,psnr_benefit,V7,mlp,505,bsds_147021,synthetic_bsds,,,,0.0,0.0,0.0,1.0,0.021636926294696726,0.14401443861424923,0,4
mixed_groupcv_psnr_benefit_V7_mlp_505,mixed_groupcv,psnr_benefit,V7,mlp,505,bsds_153077,synthetic_bsds,,,,0.0,0.0,0.0,1.0,0.047413207346587716,0.21288853883743286,0,4
mixed_groupcv_psnr_benefit_V7_mlp_505,mixed_groupcv,psnr_benefit,V7,mlp,505,bsds_159029,synthetic_bsds,,,,0.0,0.0,0.0,1.0,0.029762085028824842,0.14329827670007944,0,4
mixed_groupcv_psnr_benefit_V7_mlp_505,mixed_groupcv,psnr_benefit,V7,mlp,505,bsds_159045,synthetic_bsds,,,,0.0,0.0,0.0,1.0,0.006576669431996343,0.07531778840348125,0,4
mixed_groupcv_psnr_benefit_V7_mlp_505,mixed_groupcv,psnr_benefit,V7,mlp,505,bsds_159091,synthetic_bsds,,,,0.0,0.0,0.0,1.0,0.01862919585385238,0.1268052812665701,0,4
mixed_groupcv_psnr_benefit_V7_mlp_505,mixed_groupcv,psnr_benefit,V7,mlp,505,bsds_164074,synthetic_bsds,,,,0.0,0.0,0.0,1.0,0.1144676141815118,0.3000827319920063,0,4
mixed_groupcv_psnr_benefit_V7_mlp_505,mixed_groupcv,psnr_benefit,V7,mlp,505,bsds_166081,synthetic_bsds,,,,0.0,0.0,0.0,1.0,0.01006632125913462,0.0811440758407116,0,4
mixed_groupcv_psnr_benefit_V7_mlp_505,mixed_groupcv,psnr_benefit,V7,mlp,505,bsds_176039,synthetic_bsds,,,,0.0,0.0,0.0,1.0,0.04528085887734202,0.17074970656540245,0,4
mixed_groupcv_psnr_benefit_V7_mlp_505,mixed_groupcv,psnr_benefit,V7,mlp,505,bsds_183055,synthetic_bsds,,,,0.0,0.0,0.0,1.0,0.008202161895574395,0.08569694589823484,0,4
mixed_groupcv_psnr_benefit_V7_mlp_505,mixed_groupcv,psnr_benefit,V7,mlp,505,bsds_187029,synthetic_bsds,,,,0.0,0.0,0.0,1.0,0.027021198187369453,0.1484501538798213,0,4
mixed_groupcv_psnr_benefit_V7_mlp_505,mixed_groupcv,psnr_benefit,V7,mlp,505,bsds_188063,synthetic_bsds,,,,0.0,0.0,0.0,1.0,0.023480580299230502,0.13389673084020615,0,4
mixed_groupcv_psnr_benefit_V7_mlp_505,mixed_groupcv,psnr_benefit,V7,mlp,505,bsds_198023,synthetic_bsds,0.0,0.6388888888888888,0.5,0.0,0.0,0.0,0.25,0.6410301731804988,0.757593996822834,3,4
mixed_groupcv_psnr_benefit_V7_mlp_505,mixed_groupcv,psnr_benefit,V7,mlp,505,bsds_198054,synthetic_bsds,,,,0.0,0.0,0.0,1.0,0.01175851944440913,0.10639358125627041,0,4
mixed_groupcv_psnr_benefit_V7_mlp_505,mixed_groupcv,psnr_benefit,V7,mlp,505,bsds_20008,synthetic_bsds,,,,0.0,0.0,0.0,1.0,0.050985829837036145,0.21762404590845108,0,4
mixed_groupcv_psnr_benefit_V7_mlp_505,mixed_groupcv,psnr_benefit,V7,mlp,505,bsds_216041,synthetic_bsds,,,,0.0,0.0,0.0,1.0,0.0038533303718376027,0.04965859348885715,0,4
mixed_groupcv_psnr_benefit_V7_mlp_505,mixed_groupcv,psnr_benefit,V7,mlp,505,bsds_225017,synthetic_bsds,,,,0.0,0.0,0.0,1.0,0.01169657952311949,0.10681481845676899,0,4
mixed_groupcv_psnr_benefit_V7_mlp_505,mixed_groupcv,psnr_benefit,V7,mlp,505,bsds_23025,synthetic_bsds,,,,0.0,0.0,0.0,1.0,0.014453060053838146,0.09744705632328987,0,4
mixed_groupcv_psnr_benefit_V7_mlp_505,mixed_groupcv,psnr_benefit,V7,mlp,505,bsds_23080,synthetic_bsds,,,,0.0,0.0,0.0,1.0,0.0183996076833792,0.12108731269836426,0,4
mixed_groupcv_psnr_benefit_V7_mlp_505,mixed_groupcv,psnr_benefit,V7,mlp,505,bsds_231015,synthetic_bsds,,,,0.0,0.0,0.0,1.0,0.007004136420707921,0.05431598785798997,0,4
mixed_groupcv_psnr_benefit_V7_mlp_505,mixed_groupcv,psnr_benefit,V7,mlp,505,bsds_236017,synthetic_bsds,,,,0.0,0.0,0.0,1.0,0.04902117726006778,0.12895349867176265,0,4
mixed_groupcv_psnr_benefit_V7_mlp_505,mixed_groupcv,psnr_benefit,V7,mlp,505,bsds_245051,synthetic_bsds,,,,0.0,0.0,0.0,1.0,0.0005404417981961927,0.017185952921863645,0,4
mixed_groupcv_psnr_benefit_V7_mlp_505,mixed_groupcv,psnr_benefit,V7,mlp,505,bsds_246016,synthetic_bsds,,,,0.0,0.0,0.0,1.0,0.022640843164954093,0.12390361726284027,0,4
mixed_groupcv_psnr_benefit_V7_mlp_505,mixed_groupcv,psnr_benefit,V7,mlp,505,bsds_249061,synthetic_bsds,,,,0.0,0.0,0.0,1.0,0.010415536917814133,0.09493976831436157,0,4
mixed_groupcv_psnr_benefit_V7_mlp_505,mixed_groupcv,psnr_benefit,V7,mlp,505,bsds_25098,synthetic_bsds,,,,0.0,0.0,0.0,1.0,0.020902078169485538,0.11569425323978066,0,4
mixed_groupcv_psnr_benefit_V7_mlp_505,mixed_groupcv,psnr_benefit,V7,mlp,505,bsds_253036,synthetic_bsds,,,,0.0,0.0,0.0,1.0,0.09415099505715496,0.29336827248334885,0,4
mixed_groupcv_psnr_benefit_V7_mlp_505,mixed_groupcv,psnr_benefit,V7,mlp,505,bsds_254054,synthetic_bsds,,,,0.0,0.0,0.0,1.0,0.009767637824791012,0.0819459417834878,0,4
mixed_groupcv_psnr_benefit_V7_mlp_505,mixed_groupcv,psnr_benefit,V7,mlp,505,bsds_27059,synthetic_bsds,,,,0.0,0.0,0.0,1.0,0.006233800935188778,0.06293269689194858,0,4
mixed_groupcv_psnr_benefit_V7_mlp_505,mixed_groupcv,psnr_benefit,V7,mlp,505,bsds_271008,synthetic_bsds,,,,0.0,0.0,0.0,1.0,0.011334167423070491,0.09150831494480371,0,4
mixed_groupcv_psnr_benefit_V7_mlp_505,mixed_groupcv,psnr_benefit,V7,mlp,505,bsds_274007,synthetic_bsds,,,,0.0,0.0,0.0,1.0,0.03479326690228021,0.1707782680168748,0,4
mixed_groupcv_psnr_benefit_V7_mlp_505,mixed_groupcv,psnr_benefit,V7,mlp,505,bsds_286092,synthetic_bsds,,,,0.0,0.0,0.0,1.0,0.06409783887758481,0.23558390699326992,0,4
mixed_groupcv_psnr_benefit_V7_mlp_505,mixed_groupcv,psnr_benefit,V7,mlp,505,bsds_309004,synthetic_bsds,,,,0.0,0.0,0.0,1.0,0.07099742856097785,0.20725313993170857,0,4
mixed_groupcv_psnr_benefit_V7_mlp_505,mixed_groupcv,psnr_benefit,V7,mlp,505,bsds_311081,synthetic_bsds,,,,0.0,0.0,0.0,1.0,0.05899808797480911,0.1924098115414381,0,4
mixed_groupcv_psnr_benefit_V7_mlp_505,mixed_groupcv,psnr_benefit,V7,mlp,505,bsds_314016,synthetic_bsds,,,,0.0,0.0,0.0,1.0,0.044680906817702495,0.18989859707653522,0,4
mixed_groupcv_psnr_benefit_V7_mlp_505,mixed_groupcv,psnr_benefit,V7,mlp,505,bsds_323016,synthetic_bsds,,,,0.0,0.0,0.0,1.0,0.00038907946787125375,0.018796038115397096,0,4
mixed_groupcv_psnr_benefit_V7_mlp_505,mixed_groupcv,psnr_benefit,V7,mlp,505,bsds_368078,synthetic_bsds,,,,0.0,0.0,0.0,1.0,0.05691402436495602,0.2317977510392666,0,4
mixed_groupcv_psnr_benefit_V7_mlp_505,mixed_groupcv,psnr_benefit,V7,mlp,505,bsds_374020,synthetic_bsds,,,,0.0,0.0,0.0,1.0,0.0008643538454302406,0.02788906777277589,0,4
mixed_groupcv_psnr_benefit_V7_mlp_505,mixed_groupcv,psnr_benefit,V7,mlp,505,bsds_385028,synthetic_bsds,,,,0.0,0.0,0.0,1.0,0.011169082479899273,0.08321838965639472,0,4
mixed_groupcv_psnr_benefit_V7_mlp_505,mixed_groupcv,psnr_benefit,V7,mlp,505,bsds_41004,synthetic_bsds,1.0,1.0,0.5,0.0,0.0,0.0,0.75,0.19479860766359713,0.22615105845034122,1,4
mixed_groupcv_psnr_benefit_V7_mlp_505,mixed_groupcv,psnr_benefit,V7,mlp,505,bsds_45077,synthetic_bsds,,,,0.0,0.0,0.0,1.0,0.03704070819371086,0.1737818643450737,0,4
mixed_groupcv_psnr_benefit_V7_mlp_505,mixed_groupcv,psnr_benefit,V7,mlp,505,bsds_46076,synthetic_bsds,0.0,0.25,0.5,0.0,0.0,0.0,0.75,0.26123048641666574,0.2981021925806999,1,4
mixed_groupcv_psnr_benefit_V7_mlp_505,mixed_groupcv,psnr_benefit,V7,mlp,505,bsds_59078,synthetic_bsds,,,,0.0,0.0,0.0,1.0,0.0011129222164670014,0.030620227800682187,0,4
mixed_groupcv_psnr_benefit_V7_mlp_505,mixed_groupcv,psnr_benefit,V7,mlp,505,bsds_61086,synthetic_bsds,,,,0.0,0.0,0.0,1.0,0.010953040558417358,0.08671217551454902,0,4
mixed_groupcv_psnr_benefit_V7_mlp_505,mixed_groupcv,psnr_benefit,V7,mlp,505,bsds_76002,synthetic_bsds,,,,0.0,0.0,0.0,1.0,0.006114960823074972,0.077898059040308,0,4
mixed_groupcv_psnr_benefit_V7_mlp_505,mixed_groupcv,psnr_benefit,V7,mlp,505,bsds_80099,synthetic_bsds,,,,0.0,0.0,0.0,1.0,0.0061741548210713275,0.05976000381633639,0,4
mixed_groupcv_psnr_benefit_V7_mlp_505,mixed_groupcv,psnr_benefit,V7,mlp,505,bsds_92059,synthetic_bsds,,,,0.0,0.0,0.0,1.0,0.0014041829195230822,0.0305672375834547,0,4
mixed_groupcv_psnr_benefit_V7_mlp_506,mixed_groupcv,psnr_benefit,V7,mlp,506,case1,real_csig,,,,0.0,0.0,0.0,1.0,0.00535297724983284,0.06006363035946076,0,192
mixed_groupcv_psnr_benefit_V7_mlp_506,mixed_groupcv,psnr_benefit,V7,mlp,506,case2,real_csig,0.7447368421052633,0.03007688828584351,0.5,0.0,0.0,0.0,0.9895833333333334,0.020036226184008108,0.06569715558180178,2,192
mixed_groupcv_psnr_benefit_V7_mlp_506,mixed_groupcv,psnr_benefit,V7,mlp,506,case3,real_csig,,,,0.0,0.0,0.0,1.0,0.027483530024285246,0.12412457627033291,0,192
mixed_groupcv_psnr_benefit_V7_mlp_506,mixed_groupcv,psnr_benefit,V7,mlp,506,case4,real_csig,,,,0.0,0.0,0.0,1.0,0.00012600053059721975,0.007076361147483112,0,192
mixed_groupcv_psnr_benefit_V7_mlp_506,mixed_groupcv,psnr_benefit,V7,mlp,506,case5,real_csig,0.5492831541218638,0.045350284056512924,0.5,0.0,0.0,0.0,0.96875,0.030865578508533928,0.017429185642261775,6,192
mixed_groupcv_psnr_benefit_V7_mlp_506,mixed_groupcv,psnr_benefit,V7,mlp,506,bsds_100098,synthetic_bsds,,,,0.0,0.0,0.0,1.0,0.004166773059567847,0.060048647690564394,0,4
mixed_groupcv_psnr_benefit_V7_mlp_506,mixed_groupcv,psnr_benefit,V7,mlp,506,bsds_106025,synthetic_bsds,,,,0.0,0.0,0.0,1.0,0.011809918515478666,0.0989347854629159,0,4
mixed_groupcv_psnr_benefit_V7_mlp_506,mixed_groupcv,psnr_benefit,V7,mlp,506,bsds_112082,synthetic_bsds,,,,0.0,0.0,0.0,1.0,0.010005378956734375,0.08597824163734913,0,4
mixed_groupcv_psnr_benefit_V7_mlp_506,mixed_groupcv,psnr_benefit,V7,mlp,506,bsds_138078,synthetic_bsds,,,,0.0,0.0,0.0,1.0,0.026154922474753556,0.12872904213145375,0,4
mixed_groupcv_psnr_benefit_V7_mlp_506,mixed_groupcv,psnr_benefit,V7,mlp,506,bsds_140055,synthetic_bsds,,,,0.0,0.0,0.0,1.0,0.04363111543173054,0.1463642050512135,0,4
mixed_groupcv_psnr_benefit_V7_mlp_506,mixed_groupcv,psnr_benefit,V7,mlp,506,bsds_147021,synthetic_bsds,,,,0.0,0.0,0.0,1.0,0.016564182720116186,0.12006174214184284,0,4
mixed_groupcv_psnr_benefit_V7_mlp_506,mixed_groupcv,psnr_benefit,V7,mlp,506,bsds_153077,synthetic_bsds,,,,0.0,0.0,0.0,1.0,0.02945446073679453,0.1709633581340313,0,4
mixed_groupcv_psnr_benefit_V7_mlp_506,mixed_groupcv,psnr_benefit,V7,mlp,506,bsds_159029,synthetic_bsds,,,,0.0,0.0,0.0,1.0,0.04062647243472781,0.14002612186595798,0,4
mixed_groupcv_psnr_benefit_V7_mlp_506,mixed_groupcv,psnr_benefit,V7,mlp,506,bsds_159045,synthetic_bsds,,,,0.0,0.0,0.0,1.0,0.004468715870533197,0.061597994063049555,0,4
mixed_groupcv_psnr_benefit_V7_mlp_506,mixed_groupcv,psnr_benefit,V7,mlp,506,bsds_159091,synthetic_bsds,,,,0.0,0.0,0.0,1.0,0.012242749413382579,0.10182761307805777,0,4
mixed_groupcv_psnr_benefit_V7_mlp_506,mixed_groupcv,psnr_benefit,V7,mlp,506,bsds_164074,synthetic_bsds,,,,0.0,0.0,0.0,0.75,0.15724471652009175,0.35683813504874706,0,4
mixed_groupcv_psnr_benefit_V7_mlp_506,mixed_groupcv,psnr_benefit,V7,mlp,506,bsds_166081,synthetic_bsds,,,,0.0,0.0,0.0,1.0,0.011997922660348624,0.09417723678052425,0,4
mixed_groupcv_psnr_benefit_V7_mlp_506,mixed_groupcv,psnr_benefit,V7,mlp,506,bsds_176039,synthetic_bsds,,,,0.0,0.0,0.0,1.0,0.03534015488042258,0.16323723923414946,0,4
mixed_groupcv_psnr_benefit_V7_mlp_506,mixed_groupcv,psnr_benefit,V7,mlp,506,bsds_183055,synthetic_bsds,,,,0.0,0.0,0.0,1.0,0.013704253190632301,0.1131641585379839,0,4
mixed_groupcv_psnr_benefit_V7_mlp_506,mixed_groupcv,psnr_benefit,V7,mlp,506,bsds_187029,synthetic_bsds,,,,0.0,0.0,0.0,1.0,0.02865602969295762,0.1363187599927187,0,4
mixed_groupcv_psnr_benefit_V7_mlp_506,mixed_groupcv,psnr_benefit,V7,mlp,506,bsds_188063,synthetic_bsds,,,,0.0,0.0,0.0,1.0,0.023466977683535863,0.1317154517164454,0,4
mixed_groupcv_psnr_benefit_V7_mlp_506,mixed_groupcv,psnr_benefit,V7,mlp,506,bsds_198023,synthetic_bsds,0.0,0.6388888888888888,0.5,0.0,0.0,0.0,0.25,0.6658434939187352,0.780617737211287,3,4
mixed_groupcv_psnr_benefit_V7_mlp_506,mixed_groupcv,psnr_benefit,V7,mlp,506,bsds_198054,synthetic_bsds,,,,0.0,0.0,0.0,1.0,0.052381489578088525,0.2124147042632103,0,4
mixed_groupcv_psnr_benefit_V7_mlp_506,mixed_groupcv,psnr_benefit,V7,mlp,506,bsds_20008,synthetic_bsds,,,,0.0,0.0,0.0,1.0,0.02029941812658649,0.13298057205975056,0,4
mixed_groupcv_psnr_benefit_V7_mlp_506,mixed_groupcv,psnr_benefit,V7,mlp,506,bsds_216041,synthetic_bsds,,,,0.0,0.0,0.0,1.0,0.0007814464705888131,0.023403317958582193,0,4
mixed_groupcv_psnr_benefit_V7_mlp_506,mixed_groupcv,psnr_benefit,V7,mlp,506,bsds_225017,synthetic_bsds,,,,0.0,0.0,0.0,1.0,0.017504923011979326,0.12729150243103504,0,4
mixed_groupcv_psnr_benefit_V7_mlp_506,mixed_groupcv,psnr_benefit,V7,mlp,506,bsds_23025,synthetic_bsds,,,,0.0,0.0,0.0,1.0,0.007676955090750762,0.06526971887797117,0,4
mixed_groupcv_psnr_benefit_V7_mlp_506,mixed_groupcv,psnr_benefit,V7,mlp,506,bsds_23080,synthetic_bsds,,,,0.0,0.0,0.0,1.0,0.03032005805675793,0.15332662500441074,0,4
mixed_groupcv_psnr_benefit_V7_mlp_506,mixed_groupcv,psnr_benefit,V7,mlp,506,bsds_231015,synthetic_bsds,,,,0.0,0.0,0.0,1.0,0.003493761150339384,0.03833862696774304,0,4
mixed_groupcv_psnr_benefit_V7_mlp_506,mixed_groupcv,psnr_benefit,V7,mlp,506,bsds_236017,synthetic_bsds,,,,0.0,0.0,0.0,0.75,0.07833219174983626,0.14708988026541192,0,4
mixed_groupcv_psnr_benefit_V7_mlp_506,mixed_groupcv,psnr_benefit,V7,mlp,506,bsds_245051,synthetic_bsds,,,,0.0,0.0,0.0,1.0,0.00025331779235662945,0.012171007809229195,0,4
mixed_groupcv_psnr_benefit_V7_mlp_506,mixed_groupcv,psnr_benefit,V7,mlp,506,bsds_246016,synthetic_bsds,,,,0.0,0.0,0.0,1.0,0.0024035845103738563,0.036577205173671246,0,4
mixed_groupcv_psnr_benefit_V7_mlp_506,mixed_groupcv,psnr_benefit,V7,mlp,506,bsds_249061,synthetic_bsds,,,,0.0,0.0,0.0,1.0,0.003225323365088663,0.052956558763980865,0,4
mixed_groupcv_psnr_benefit_V7_mlp_506,mixed_groupcv,psnr_benefit,V7,mlp,506,bsds_25098,synthetic_bsds,,,,0.0,0.0,0.0,1.0,0.014102070195384762,0.08610721630975604,0,4
mixed_groupcv_psnr_benefit_V7_mlp_506,mixed_groupcv,psnr_benefit,V7,mlp,506,bsds_253036,synthetic_bsds,,,,0.0,0.0,0.0,1.0,0.08035645904961009,0.26713284105062485,0,4
mixed_groupcv_psnr_benefit_V7_mlp_506,mixed_groupcv,psnr_benefit,V7,mlp,506,bsds_254054,synthetic_bsds,,,,0.0,0.0,0.0,1.0,0.022957592221806895,0.11461736122146249,0,4
mixed_groupcv_psnr_benefit_V7_mlp_506,mixed_groupcv,psnr_benefit,V7,mlp,506,bsds_27059,synthetic_bsds,,,,0.0,0.0,0.0,1.0,0.016383436546262505,0.1031262562610209,0,4
mixed_groupcv_psnr_benefit_V7_mlp_506,mixed_groupcv,psnr_benefit,V7,mlp,506,bsds_271008,synthetic_bsds,,,,0.0,0.0,0.0,1.0,0.0080284655503918,0.07299580262042582,0,4
mixed_groupcv_psnr_benefit_V7_mlp_506,mixed_groupcv,psnr_benefit,V7,mlp,506,bsds_274007,synthetic_bsds,,,,0.0,0.0,0.0,1.0,0.03736180535715901,0.1770701576024294,0,4
mixed_groupcv_psnr_benefit_V7_mlp_506,mixed_groupcv,psnr_benefit,V7,mlp,506,bsds_286092,synthetic_bsds,,,,0.0,0.0,0.0,1.0,0.10793518389478646,0.3017311654984951,0,4
mixed_groupcv_psnr_benefit_V7_mlp_506,mixed_groupcv,psnr_benefit,V7,mlp,506,bsds_309004,synthetic_bsds,,,,0.0,0.0,0.0,0.75,0.11434401991201405,0.26823421753942966,0,4
mixed_groupcv_psnr_benefit_V7_mlp_506,mixed_groupcv,psnr_benefit,V7,mlp,506,bsds_311081,synthetic_bsds,,,,0.0,0.0,0.0,1.0,0.06581029018908394,0.19899959117174149,0,4
mixed_groupcv_psnr_benefit_V7_mlp_506,mixed_groupcv,psnr_benefit,V7,mlp,506,bsds_314016,synthetic_bsds,,,,0.0,0.0,0.0,1.0,0.10648042682866654,0.28857094049453735,0,4
mixed_groupcv_psnr_benefit_V7_mlp_506,mixed_groupcv,psnr_benefit,V7,mlp,506,bsds_323016,synthetic_bsds,,,,0.0,0.0,0.0,1.0,0.00020546861602264315,0.013702842174097896,0,4
mixed_groupcv_psnr_benefit_V7_mlp_506,mixed_groupcv,psnr_benefit,V7,mlp,506,bsds_368078,synthetic_bsds,,,,0.0,0.0,0.0,1.0,0.02663623527235505,0.15878603793680668,0,4
mixed_groupcv_psnr_benefit_V7_mlp_506,mixed_groupcv,psnr_benefit,V7,mlp,506,bsds_374020,synthetic_bsds,,,,0.0,0.0,0.0,1.0,0.00030849853559407206,0.01648772694170475,0,4
mixed_groupcv_psnr_benefit_V7_mlp_506,mixed_groupcv,psnr_benefit,V7,mlp,506,bsds_385028,synthetic_bsds,,,,0.0,0.0,0.0,1.0,0.011169938800925209,0.08360438514500856,0,4
mixed_groupcv_psnr_benefit_V7_mlp_506,mixed_groupcv,psnr_benefit,V7,mlp,506,bsds_41004,synthetic_bsds,0.33333333333333337,0.3333333333333333,0.5,0.0,0.0,0.0,0.75,0.19934782388943711,0.16116823442280293,1,4
mixed_groupcv_psnr_benefit_V7_mlp_506,mixed_groupcv,psnr_benefit,V7,mlp,506,bsds_45077,synthetic_bsds,,,,0.0,0.0,0.0,1.0,0.04485099396426774,0.1992036458104849,0,4
mixed_groupcv_psnr_benefit_V7_mlp_506,mixed_groupcv,psnr_benefit,V7,mlp,506,bsds_46076,synthetic_bsds,0.33333333333333337,0.3333333333333333,0.5,0.0,0.0,0.0,0.75,0.24291439187418792,0.3076508645899594,1,4
mixed_groupcv_psnr_benefit_V7_mlp_506,mixed_groupcv,psnr_benefit,V7,mlp,506,bsds_59078,synthetic_bsds,,,,0.0,0.0,0.0,1.0,0.00079789063680933,0.026335017755627632,0,4
mixed_groupcv_psnr_benefit_V7_mlp_506,mixed_groupcv,psnr_benefit,V7,mlp,506,bsds_61086,synthetic_bsds,,,,0.0,0.0,0.0,1.0,0.010830711653995365,0.0902030672878027,0,4
mixed_groupcv_psnr_benefit_V7_mlp_506,mixed_groupcv,psnr_benefit,V7,mlp,506,bsds_76002,synthetic_bsds,,,,0.0,0.0,0.0,1.0,0.005859911509939836,0.06556061655282974,0,4
mixed_groupcv_psnr_benefit_V7_mlp_506,mixed_groupcv,psnr_benefit,V7,mlp,506,bsds_80099,synthetic_bsds,,,,0.0,0.0,0.0,1.0,0.004753934105484586,0.051712509244680405,0,4
mixed_groupcv_psnr_benefit_V7_mlp_506,mixed_groupcv,psnr_benefit,V7,mlp,506,bsds_92059,synthetic_bsds,,,,0.0,0.0,0.0,1.0,0.0020572781505164995,0.034012969583272934,0,4
mixed_groupcv_psnr_benefit_V7_mlp_507,mixed_groupcv,psnr_benefit,V7,mlp,507,case1,real_csig,,,,0.0,0.0,0.0,1.0,0.012508342693248685,0.10314617285621352,0,192
mixed_groupcv_psnr_benefit_V7_mlp_507,mixed_groupcv,psnr_benefit,V7,mlp,507,case2,real_csig,0.41052631578947363,0.012837945928651416,0.5,0.0,0.0,0.0,0.9895833333333334,0.04629659890347015,0.16837311240669808,2,192
mixed_groupcv_psnr_benefit_V7_mlp_507,mixed_groupcv,psnr_benefit,V7,mlp,507,case3,real_csig,,,,0.0,0.0,0.0,1.0,0.03514704576915648,0.16502830256164697,0,192
mixed_groupcv_psnr_benefit_V7_mlp_507,mixed_groupcv,psnr_benefit,V7,mlp,507,case4,real_csig,,,,0.0,0.0,0.0,1.0,0.012092074460256633,0.10395395309509088,0,192
mixed_groupcv_psnr_benefit_V7_mlp_507,mixed_groupcv,psnr_benefit,V7,mlp,507,case5,real_csig,0.5609318996415771,0.08924053355330056,0.5,0.0,0.0,0.0,0.96875,0.03196238285879514,0.03151379526146533,6,192
mixed_groupcv_psnr_benefit_V7_mlp_507,mixed_groupcv,psnr_benefit,V7,mlp,507,bsds_100098,synthetic_bsds,,,,0.0,0.0,0.0,1.0,0.038543235348012184,0.19152116030454636,0,4
mixed_groupcv_psnr_benefit_V7_mlp_507,mixed_groupcv,psnr_benefit,V7,mlp,507,bsds_106025,synthetic_bsds,,,,0.0,0.0,0.0,1.0,0.042872869627164356,0.20124062523245811,0,4
mixed_groupcv_psnr_benefit_V7_mlp_507,mixed_groupcv,psnr_benefit,V7,mlp,507,bsds_112082,synthetic_bsds,,,,0.0,0.0,0.0,1.0,0.03465298880908063,0.1831810399889946,0,4
mixed_groupcv_psnr_benefit_V7_mlp_507,mixed_groupcv,psnr_benefit,V7,mlp,507,bsds_138078,synthetic_bsds,,,,0.0,0.0,0.0,1.0,0.049498202734694685,0.19578927382826805,0,4
mixed_groupcv_psnr_benefit_V7_mlp_507,mixed_groupcv,psnr_benefit,V7,mlp,507,bsds_140055,synthetic_bsds,,,,0.0,0.0,0.0,0.75,0.1565413842297621,0.36278896406292915,0,4
mixed_groupcv_psnr_benefit_V7_mlp_507,mixed_groupcv,psnr_benefit,V7,mlp,507,bsds_147021,synthetic_bsds,,,,0.0,0.0,0.0,1.0,0.13874797659933114,0.3657595366239548,0,4
mixed_groupcv_psnr_benefit_V7_mlp_507,mixed_groupcv,psnr_benefit,V7,mlp,507,bsds_153077,synthetic_bsds,,,,0.0,0.0,0.0,1.0,0.046669706839866654,0.21421147510409355,0,4
mixed_groupcv_psnr_benefit_V7_mlp_507,mixed_groupcv,psnr_benefit,V7,mlp,507,bsds_159029,synthetic_bsds,,,,0.0,0.0,0.0,1.0,0.0728676357079503,0.2608088552951813,0,4
mixed_groupcv_psnr_benefit_V7_mlp_507,mixed_groupcv,psnr_benefit,V7,mlp,507,bsds_159045,synthetic_bsds,,,,0.0,0.0,0.0,1.0,0.03058461369594208,0.16717824898660183,0,4
mixed_groupcv_psnr_benefit_V7_mlp_507,mixed_groupcv,psnr_benefit,V7,mlp,507,bsds_159091,synthetic_bsds,,,,0.0,0.0,0.0,1.0,0.03983326025225531,0.19560488313436508,0,4
mixed_groupcv_psnr_benefit_V7_mlp_507,mixed_groupcv,psnr_benefit,V7,mlp,507,bsds_164074,synthetic_bsds,,,,0.0,0.0,0.0,0.75,0.1986996328904425,0.4066667892038822,0,4
mixed_groupcv_psnr_benefit_V7_mlp_507,mixed_groupcv,psnr_benefit,V7,mlp,507,bsds_166081,synthetic_bsds,,,,0.0,0.0,0.0,1.0,0.05009781308160072,0.21384817734360695,0,4
mixed_groupcv_psnr_benefit_V7_mlp_507,mixed_groupcv,psnr_benefit,V7,mlp,507,bsds_176039,synthetic_bsds,,,,0.0,0.0,0.0,0.75,0.1358357163728623,0.3423490896821022,0,4
mixed_groupcv_psnr_benefit_V7_mlp_507,mixed_groupcv,psnr_benefit,V7,mlp,507,bsds_183055,synthetic_bsds,,,,0.0,0.0,0.0,1.0,0.04675463787900219,0.2058267705142498,0,4
mixed_groupcv_psnr_benefit_V7_mlp_507,mixed_groupcv,psnr_benefit,V7,mlp,507,bsds_187029,synthetic_bsds,,,,0.0,0.0,0.0,1.0,0.09665394774730673,0.28347212076187134,0,4
mixed_groupcv_psnr_benefit_V7_mlp_507,mixed_groupcv,psnr_benefit,V7,mlp,507,bsds_188063,synthetic_bsds,,,,0.0,0.0,0.0,1.0,0.03269947661965056,0.1639329520985484,0,4
mixed_groupcv_psnr_benefit_V7_mlp_507,mixed_groupcv,psnr_benefit,V7,mlp,507,bsds_198023,synthetic_bsds,0.0,0.6388888888888888,0.5,0.0,0.0,0.0,0.25,0.5890975897393758,0.7263871971517801,3,4
mixed_groupcv_psnr_benefit_V7_mlp_507,mixed_groupcv,psnr_benefit,V7,mlp,507,bsds_198054,synthetic_bsds,,,,0.0,0.0,0.0,1.0,0.09950799434329222,0.30071786418557167,0,4
mixed_groupcv_psnr_benefit_V7_mlp_507,mixed_groupcv,psnr_benefit,V7,mlp,507,bsds_20008,synthetic_bsds,,,,0.0,0.0,0.0,0.75,0.1320127776347642,0.3170763589441776,0,4
mixed_groupcv_psnr_benefit_V7_mlp_507,mixed_groupcv,psnr_benefit,V7,mlp,507,bsds_216041,synthetic_bsds,,,,0.0,0.0,0.0,1.0,0.038162261857608515,0.17245937138795853,0,4
mixed_groupcv_psnr_benefit_V7_mlp_507,mixed_groupcv,psnr_benefit,V7,mlp,507,bsds_225017,synthetic_bsds,,,,0.0,0.0,0.0,1.0,0.04645808072490487,0.20979365706443787,0,4
mixed_groupcv_psnr_benefit_V7_mlp_507,mixed_groupcv,psnr_benefit,V7,mlp,507,bsds_23025,synthetic_bsds,,,,0.0,0.0,0.0,1.0,0.03266227018269986,0.16142639704048634,0,4
mixed_groupcv_psnr_benefit_V7_mlp_507,mixed_groupcv,psnr_benefit,V7,mlp,507,bsds_23080,synthetic_bsds,,,,0.0,0.0,0.0,1.0,0.04837711254759748,0.19538857601583004,0,4
mixed_groupcv_psnr_benefit_V7_mlp_507,mixed_groupcv,psnr_benefit,V7,mlp,507,bsds_231015,synthetic_bsds,,,,0.0,0.0,0.0,1.0,0.014767128363559284,0.10571956261992455,0,4
mixed_groupcv_psnr_benefit_V7_mlp_507,mixed_groupcv,psnr_benefit,V7,mlp,507,bsds_236017,synthetic_bsds,,,,0.0,0.0,0.0,0.75,0.14100431056746252,0.26297599729150534,0,4
mixed_groupcv_psnr_benefit_V7_mlp_507,mixed_groupcv,psnr_benefit,V7,mlp,507,bsds_245051,synthetic_bsds,,,,0.0,0.0,0.0,1.0,0.010198252862338237,0.08800243120640516,0,4
mixed_groupcv_psnr_benefit_V7_mlp_507,mixed_groupcv,psnr_benefit,V7,mlp,507,bsds_246016,synthetic_bsds,,,,0.0,0.0,0.0,1.0,0.030508986062583857,0.15725906006991863,0,4
mixed_groupcv_psnr_benefit_V7_mlp_507,mixed_groupcv,psnr_benefit,V7,mlp,507,bsds_249061,synthetic_bsds,,,,0.0,0.0,0.0,1.0,0.03985435288117378,0.19354137778282166,0,4
mixed_groupcv_psnr_benefit_V7_mlp_507,mixed_groupcv,psnr_benefit,V7,mlp,507,bsds_25098,synthetic_bsds,,,,0.0,0.0,0.0,1.0,0.05264748170231354,0.21617062017321587,0,4
mixed_groupcv_psnr_benefit_V7_mlp_507,mixed_groupcv,psnr_benefit,V7,mlp,507,bsds_253036,synthetic_bsds,,,,0.0,0.0,0.0,0.5,0.26914288496225725,0.5146953463554382,0,4
mixed_groupcv_psnr_benefit_V7_mlp_507,mixed_groupcv,psnr_benefit,V7,mlp,507,bsds_254054,synthetic_bsds,,,,0.0,0.0,0.0,1.0,0.02383295560268889,0.12742425967007875,0,4
mixed_groupcv_psnr_benefit_V7_mlp_507,mixed_groupcv,psnr_benefit,V7,mlp,507,bsds_27059,synthetic_bsds,,,,0.0,0.0,0.0,1.0,0.07319426801099661,0.2376026976853609,0,4
mixed_groupcv_psnr_benefit_V7_mlp_507,mixed_groupcv,psnr_benefit,V7,mlp,507,bsds_271008,synthetic_bsds,,,,0.0,0.0,0.0,1.0,0.027205046100223427,0.14633915666490793,0,4
mixed_groupcv_psnr_benefit_V7_mlp_507,mixed_groupcv,psnr_benefit,V7,mlp,507,bsds_274007,synthetic_bsds,,,,0.0,0.0,0.0,1.0,0.04965786412547253,0.21575223095715046,0,4
mixed_groupcv_psnr_benefit_V7_mlp_507,mixed_groupcv,psnr_benefit,V7,mlp,507,bsds_286092,synthetic_bsds,,,,0.0,0.0,0.0,0.75,0.20606287628443232,0.440817266702652,0,4
mixed_groupcv_psnr_benefit_V7_mlp_507,mixed_groupcv,psnr_benefit,V7,mlp,507,bsds_309004,synthetic_bsds,,,,0.0,0.0,0.0,1.0,0.10473324524196675,0.2925511412322521,0,4
mixed_groupcv_psnr_benefit_V7_mlp_507,mixed_groupcv,psnr_benefit,V7,mlp,507,bsds_311081,synthetic_bsds,,,,0.0,0.0,0.0,1.0,0.08261667755052204,0.272409163415432,0,4
mixed_groupcv_psnr_benefit_V7_mlp_507,mixed_groupcv,psnr_benefit,V7,mlp,507,bsds_314016,synthetic_bsds,,,,0.0,0.0,0.0,1.0,0.08573104567070194,0.28464173898100853,0,4
mixed_groupcv_psnr_benefit_V7_mlp_507,mixed_groupcv,psnr_benefit,V7,mlp,507,bsds_323016,synthetic_bsds,,,,0.0,0.0,0.0,1.0,0.006691011828568655,0.08107160776853561,0,4
mixed_groupcv_psnr_benefit_V7_mlp_507,mixed_groupcv,psnr_benefit,V7,mlp,507,bsds_368078,synthetic_bsds,,,,0.0,0.0,0.0,1.0,0.15201402918696982,0.38663070648908615,0,4
mixed_groupcv_psnr_benefit_V7_mlp_507,mixed_groupcv,psnr_benefit,V7,mlp,507,bsds_374020,synthetic_bsds,,,,0.0,0.0,0.0,1.0,0.006319058918107554,0.07553225290030241,0,4
mixed_groupcv_psnr_benefit_V7_mlp_507,mixed_groupcv,psnr_benefit,V7,mlp,507,bsds_385028,synthetic_bsds,,,,0.0,0.0,0.0,1.0,0.0665614564469373,0.22820079885423183,0,4
mixed_groupcv_psnr_benefit_V7_mlp_507,mixed_groupcv,psnr_benefit,V7,mlp,507,bsds_41004,synthetic_bsds,1.0,1.0,0.5,0.0,0.0,0.0,0.75,0.16556171331952524,0.025013845413923264,1,4
mixed_groupcv_psnr_benefit_V7_mlp_507,mixed_groupcv,psnr_benefit,V7,mlp,507,bsds_45077,synthetic_bsds,,,,0.0,0.0,0.0,1.0,0.1353058262259288,0.3543487936258316,0,4
mixed_groupcv_psnr_benefit_V7_mlp_507,mixed_groupcv,psnr_benefit,V7,mlp,507,bsds_46076,synthetic_bsds,0.33333333333333337,0.3333333333333333,0.5,0.0,0.0,0.0,0.75,0.24094714243477294,0.33493536338210106,1,4
mixed_groupcv_psnr_benefit_V7_mlp_507,mixed_groupcv,psnr_benefit,V7,mlp,507,bsds_59078,synthetic_bsds,,,,0.0,0.0,0.0,1.0,0.06534676940703515,0.25504738464951515,0,4
mixed_groupcv_psnr_benefit_V7_mlp_507,mixed_groupcv,psnr_benefit,V7,mlp,507,bsds_61086,synthetic_bsds,,,,0.0,0.0,0.0,1.0,0.032957706035576476,0.1611453415825963,0,4
mixed_groupcv_psnr_benefit_V7_mlp_507,mixed_groupcv,psnr_benefit,V7,mlp,507,bsds_76002,synthetic_bsds,,,,0.0,0.0,0.0,1.0,0.023859108485537295,0.15343230962753296,0,4
mixed_groupcv_psnr_benefit_V7_mlp_507,mixed_groupcv,psnr_benefit,V7,mlp,507,bsds_80099,synthetic_bsds,,,,0.0,0.0,0.0,1.0,0.030436293682358687,0.1629688125103712,0,4
mixed_groupcv_psnr_benefit_V7_mlp_507,mixed_groupcv,psnr_benefit,V7,mlp,507,bsds_92059,synthetic_bsds,,,,0.0,0.0,0.0,1.0,0.028391545585737782,0.1450919285416603,0,4
mixed_groupcv_psnr_benefit_V8_logistic_505,mixed_groupcv,psnr_benefit,V8,logistic,505,case1,real_csig,,,,0.0,0.0,0.0,1.0,8.611165943081068e-06,0.002377421854667865,0,192
mixed_groupcv_psnr_benefit_V8_logistic_505,mixed_groupcv,psnr_benefit,V8,logistic,505,case2,real_csig,0.8842105263157894,0.06601731601731602,0.5,0.0,0.0,0.0,0.9895833333333334,0.01031736979363073,0.0074584420671397166,2,192
mixed_groupcv_psnr_benefit_V8_logistic_505,mixed_groupcv,psnr_benefit,V8,logistic,505,case3,real_csig,,,,0.0,0.0,0.0,1.0,2.5372034098263963e-06,0.0010730601815552244,0,192
mixed_groupcv_psnr_benefit_V8_logistic_505,mixed_groupcv,psnr_benefit,V8,logistic,505,case4,real_csig,,,,0.0,0.0,0.0,1.0,2.5640075533808905e-07,0.00039263538854583365,0,192
mixed_groupcv_psnr_benefit_V8_logistic_505,mixed_groupcv,psnr_benefit,V8,logistic,505,case5,real_csig,0.4811827956989247,0.033388329734481276,0.5,0.0,0.0,0.0,0.96875,0.031100033122762213,0.028114610385597937,6,192
mixed_groupcv_psnr_benefit_V8_logistic_505,mixed_groupcv,psnr_benefit,V8,logistic,505,bsds_100098,synthetic_bsds,,,,0.0,0.0,0.0,1.0,4.206050367892761e-06,0.0013467418763325625,0,4
mixed_groupcv_psnr_benefit_V8_logistic_505,mixed_groupcv,psnr_benefit,V8,logistic,505,bsds_106025,synthetic_bsds,,,,0.0,0.0,0.0,1.0,2.338022968587517e-06,0.0010936999909623261,0,4
mixed_groupcv_psnr_benefit_V8_logistic_505,mixed_groupcv,psnr_benefit,V8,logistic,505,bsds_112082,synthetic_bsds,,,,0.0,0.0,0.0,1.0,1.5751587831761443e-07,0.0003451939480456772,0,4
mixed_groupcv_psnr_benefit_V8_logistic_505,mixed_groupcv,psnr_benefit,V8,logistic,505,bsds_138078,synthetic_bsds,,,,0.0,0.0,0.0,1.0,2.5834879030063855e-07,0.0004474901180179734,0,4
mixed_groupcv_psnr_benefit_V8_logistic_505,mixed_groupcv,psnr_benefit,V8,logistic,505,bsds_140055,synthetic_bsds,,,,0.0,0.0,0.0,1.0,8.236001194770693e-08,0.00026027912126340045,0,4
mixed_groupcv_psnr_benefit_V8_logistic_505,mixed_groupcv,psnr_benefit,V8,logistic,505,bsds_147021,synthetic_bsds,,,,0.0,0.0,0.0,1.0,4.383287304556293e-07,0.00041522818310458,0,4
mixed_groupcv_psnr_benefit_V8_logistic_505,mixed_groupcv,psnr_benefit,V8,logistic,505,bsds_153077,synthetic_bsds,,,,0.0,0.0,0.0,1.0,3.5294839318534354e-08,0.00015022670492473425,0,4
mixed_groupcv_psnr_benefit_V8_logistic_505,mixed_groupcv,psnr_benefit,V8,logistic,505,bsds_159029,synthetic_bsds,,,,0.0,0.0,0.0,1.0,2.0093003069294844e-06,0.0011130946502917456,0,4
mixed_groupcv_psnr_benefit_V8_logistic_505,mixed_groupcv,psnr_benefit,V8,logistic,505,bsds_159045,synthetic_bsds,,,,0.0,0.0,0.0,1.0,8.944469212816752e-08,0.0002493918528763665,0,4
mixed_groupcv_psnr_benefit_V8_logistic_505,mixed_groupcv,psnr_benefit,V8,logistic,505,bsds_159091,synthetic_bsds,,,,0.0,0.0,0.0,1.0,2.606112011208643e-08,0.00011190561087934767,0,4
mixed_groupcv_psnr_benefit_V8_logistic_505,mixed_groupcv,psnr_benefit,V8,logistic,505,bsds_164074,synthetic_bsds,,,,0.0,0.0,0.0,1.0,3.362998394114261e-06,0.0017655640544588093,0,4
mixed_groupcv_psnr_benefit_V8_logistic_505,mixed_groupcv,psnr_benefit,V8,logistic,505,bsds_166081,synthetic_bsds,,,,0.0,0.0,0.0,1.0,3.009117815266538e-08,0.00015168995163845312,0,4
mixed_groupcv_psnr_benefit_V8_logistic_505,mixed_groupcv,psnr_benefit,V8,logistic,505,bsds_176039,synthetic_bsds,,,,0.0,0.0,0.0,1.0,0.00023678019758821632,0.012946144141424708,0,4
mixed_groupcv_psnr_benefit_V8_logistic_505,mixed_groupcv,psnr_benefit,V8,logistic,505,bsds_183055,synthetic_bsds,,,,0.0,0.0,0.0,1.0,3.4750279991788763e-08,0.00013399094289449963,0,4
mixed_groupcv_psnr_benefit_V8_logistic_505,mixed_groupcv,psnr_benefit,V8,logistic,505,bsds_187029,synthetic_bsds,,,,0.0,0.0,0.0,1.0,4.6144216136918607e-07,0.0005347168884988446,0,4
mixed_groupcv_psnr_benefit_V8_logistic_505,mixed_groupcv,psnr_benefit,V8,logistic,505,bsds_188063,synthetic_bsds,,,,0.0,0.0,0.0,1.0,3.9014900204338944e-07,0.00047974625944632605,0,4
mixed_groupcv_psnr_benefit_V8_logistic_505,mixed_groupcv,psnr_benefit,V8,logistic,505,bsds_198023,synthetic_bsds,0.6666666666666666,0.9166666666666665,0.5,0.0,0.0,0.0,0.25,0.7492794632036432,0.7495905350926237,3,4
mixed_groupcv_psnr_benefit_V8_logistic_505,mixed_groupcv,psnr_benefit,V8,logistic,505,bsds_198054,synthetic_bsds,,,,0.0,0.0,0.0,1.0,0.0007699621761935154,0.019910325811570893,0,4
mixed_groupcv_psnr_benefit_V8_logistic_505,mixed_groupcv,psnr_benefit,V8,logistic,505,bsds_20008,synthetic_bsds,,,,0.0,0.0,0.0,1.0,8.530430350614407e-07,0.0007239203425074838,0,4
mixed_groupcv_psnr_benefit_V8_logistic_505,mixed_groupcv,psnr_benefit,V8,logistic,505,bsds_216041,synthetic_bsds,,,,0.0,0.0,0.0,1.0,8.245516608812132e-07,0.0008105829475220721,0,4
mixed_groupcv_psnr_benefit_V8_logistic_505,mixed_groupcv,psnr_benefit,V8,logistic,505,bsds_225017,synthetic_bsds,,,,0.0,0.0,0.0,1.0,3.061704983076077e-07,0.0005242588005016746,0,4
mixed_groupcv_psnr_benefit_V8_logistic_505,mixed_groupcv,psnr_benefit,V8,logistic,505,bsds_23025,synthetic_bsds,,,,0.0,0.0,0.0,1.0,9.420174393264551e-08,0.00024824662514357534,0,4
mixed_groupcv_psnr_benefit_V8_logistic_505,mixed_groupcv,psnr_benefit,V8,logistic,505,bsds_23080,synthetic_bsds,,,,0.0,0.0,0.0,1.0,0.00014902975419549833,0.008707804677370612,0,4
mixed_groupcv_psnr_benefit_V8_logistic_505,mixed_groupcv,psnr_benefit,V8,logistic,505,bsds_231015,synthetic_bsds,,,,0.0,0.0,0.0,1.0,1.3034064598805849e-06,0.0007494362062613887,0,4
mixed_groupcv_psnr_benefit_V8_logistic_505,mixed_groupcv,psnr_benefit,V8,logistic,505,bsds_236017,synthetic_bsds,,,,0.0,0.0,0.0,1.0,1.9084596737363373e-05,0.002534243569459658,0,4
mixed_groupcv_psnr_benefit_V8_logistic_505,mixed_groupcv,psnr_benefit,V8,logistic,505,bsds_245051,synthetic_bsds,,,,0.0,0.0,0.0,1.0,3.519850956027216e-08,0.00016647694813777962,0,4
mixed_groupcv_psnr_benefit_V8_logistic_505,mixed_groupcv,psnr_benefit,V8,logistic,505,bsds_246016,synthetic_bsds,,,,0.0,0.0,0.0,1.0,1.0006824045116123e-05,0.0022163668616982735,0,4
mixed_groupcv_psnr_benefit_V8_logistic_505,mixed_groupcv,psnr_benefit,V8,logistic,505,bsds_249061,synthetic_bsds,,,,0.0,0.0,0.0,1.0,5.852698479074432e-07,0.0006309253006889603,0,4
mixed_groupcv_psnr_benefit_V8_logistic_505,mixed_groupcv,psnr_benefit,V8,logistic,505,bsds_25098,synthetic_bsds,,,,0.0,0.0,0.0,1.0,5.64195951674368e-07,0.0005255736227641621,0,4
mixed_groupcv_psnr_benefit_V8_logistic_505,mixed_groupcv,psnr_benefit,V8,logistic,505,bsds_253036,synthetic_bsds,,,,0.0,0.0,0.0,1.0,4.2793923530763256e-07,0.0006299943915389862,0,4
mixed_groupcv_psnr_benefit_V8_logistic_505,mixed_groupcv,psnr_benefit,V8,logistic,505,bsds_254054,synthetic_bsds,,,,0.0,0.0,0.0,1.0,3.0367171062838345e-08,0.00013402062453656108,0,4
mixed_groupcv_psnr_benefit_V8_logistic_505,mixed_groupcv,psnr_benefit,V8,logistic,505,bsds_27059,synthetic_bsds,,,,0.0,0.0,0.0,1.0,1.0410688386402073e-07,0.00028714589763759445,0,4
mixed_groupcv_psnr_benefit_V8_logistic_505,mixed_groupcv,psnr_benefit,V8,logistic,505,bsds_271008,synthetic_bsds,,,,0.0,0.0,0.0,1.0,1.3557745717611342e-09,3.3641951785003485e-05,0,4
mixed_groupcv_psnr_benefit_V8_logistic_505,mixed_groupcv,psnr_benefit,V8,logistic,505,bsds_274007,synthetic_bsds,,,,0.0,0.0,0.0,1.0,2.790955715474713e-07,0.00046854334979299847,0,4
mixed_groupcv_psnr_benefit_V8_logistic_505,mixed_groupcv,psnr_benefit,V8,logistic,505,bsds_286092,synthetic_bsds,,,,0.0,0.0,0.0,1.0,6.345040863363147e-07,0.0007553430185184132,0,4
mixed_groupcv_psnr_benefit_V8_logistic_505,mixed_groupcv,psnr_benefit,V8,logistic,505,bsds_309004,synthetic_bsds,,,,0.0,0.0,0.0,1.0,3.5418475956990344e-06,0.001322130616732622,0,4
mixed_groupcv_psnr_benefit_V8_logistic_505,mixed_groupcv,psnr_benefit,V8,logistic,505,bsds_311081,synthetic_bsds,,,,0.0,0.0,0.0,1.0,1.1906487234519891e-07,0.0003006248334391018,0,4
mixed_groupcv_psnr_benefit_V8_logistic_505,mixed_groupcv,psnr_benefit,V8,logistic,505,bsds_314016,synthetic_bsds,,,,0.0,0.0,0.0,1.0,1.992333592990071e-07,0.0004206935589426518,0,4
mixed_groupcv_psnr_benefit_V8_logistic_505,mixed_groupcv,psnr_benefit,V8,logistic,505,bsds_323016,synthetic_bsds,,,,0.0,0.0,0.0,1.0,4.445004543013525e-06,0.0019098254716365837,0,4
mixed_groupcv_psnr_benefit_V8_logistic_505,mixed_groupcv,psnr_benefit,V8,logistic,505,bsds_368078,synthetic_bsds,,,,0.0,0.0,0.0,1.0,2.2847386643665336e-06,0.0009755377110702014,0,4
mixed_groupcv_psnr_benefit_V8_logistic_505,mixed_groupcv,psnr_benefit,V8,logistic,505,bsds_374020,synthetic_bsds,,,,0.0,0.0,0.0,1.0,9.01115326940562e-08,0.0002629903739009522,0,4
mixed_groupcv_psnr_benefit_V8_logistic_505,mixed_groupcv,psnr_benefit,V8,logistic,505,bsds_385028,synthetic_bsds,,,,0.0,0.0,0.0,1.0,9.344384831384267e-09,8.296675331593119e-05,0,4
mixed_groupcv_psnr_benefit_V8_logistic_505,mixed_groupcv,psnr_benefit,V8,logistic,505,bsds_41004,synthetic_bsds,0.0,0.25,0.5,0.0,0.0,0.0,0.75,0.24995511615707083,0.24981051082610378,1,4
mixed_groupcv_psnr_benefit_V8_logistic_505,mixed_groupcv,psnr_benefit,V8,logistic,505,bsds_45077,synthetic_bsds,,,,0.0,0.0,0.0,1.0,2.855673599780114e-08,0.00014149118821945713,0,4
mixed_groupcv_psnr_benefit_V8_logistic_505,mixed_groupcv,psnr_benefit,V8,logistic,505,bsds_46076,synthetic_bsds,0.33333333333333337,0.3333333333333333,0.5,0.0,0.0,0.0,0.75,0.24984224992500884,0.24958824439361157,1,4
mixed_groupcv_psnr_benefit_V8_logistic_505,mixed_groupcv,psnr_benefit,V8,logistic,505,bsds_59078,synthetic_bsds,,,,0.0,0.0,0.0,1.0,7.14765322262953e-07,0.0007713442097154724,0,4
mixed_groupcv_psnr_benefit_V8_logistic_505,mixed_groupcv,psnr_benefit,V8,logistic,505,bsds_61086,synthetic_bsds,,,,0.0,0.0,0.0,1.0,2.4815259664391485e-08,0.00013953446562033604,0,4
mixed_groupcv_psnr_benefit_V8_logistic_505,mixed_groupcv,psnr_benefit,V8,logistic,505,bsds_76002,synthetic_bsds,,,,0.0,0.0,0.0,1.0,1.4701616980255295e-07,0.0003521902960142514,0,4
mixed_groupcv_psnr_benefit_V8_logistic_505,mixed_groupcv,psnr_benefit,V8,logistic,505,bsds_80099,synthetic_bsds,,,,0.0,0.0,0.0,1.0,3.43102083043813e-09,4.3254514016568495e-05,0,4
mixed_groupcv_psnr_benefit_V8_logistic_505,mixed_groupcv,psnr_benefit,V8,logistic,505,bsds_92059,synthetic_bsds,,,,0.0,0.0,0.0,1.0,3.56753112067596e-08,0.00018461997314877702,0,4
mixed_groupcv_psnr_benefit_V8_mlp_505,mixed_groupcv,psnr_benefit,V8,mlp,505,case1,real_csig,,,,0.0,0.0,0.0,1.0,9.958745934010123e-05,0.009397168059270674,0,192
mixed_groupcv_psnr_benefit_V8_mlp_505,mixed_groupcv,psnr_benefit,V8,mlp,505,case2,real_csig,0.07105263157894737,0.0083680687128963,0.5,0.0,0.0,0.0,0.9895833333333334,0.011025266430331854,0.012810698916534117,2,192
mixed_groupcv_psnr_benefit_V8_mlp_505,mixed_groupcv,psnr_benefit,V8,mlp,505,case3,real_csig,,,,0.0,0.0,0.0,1.0,0.0018991614262988644,0.03381423304260049,0,192
mixed_groupcv_psnr_benefit_V8_mlp_505,mixed_groupcv,psnr_benefit,V8,mlp,505,case4,real_csig,,,,0.0,0.0,0.0,1.0,0.0005565719545734264,0.020981740429609392,0,192
mixed_groupcv_psnr_benefit_V8_mlp_505,mixed_groupcv,psnr_benefit,V8,mlp,505,case5,real_csig,0.3521505376344086,0.02642874695189088,0.5,0.0,0.0,0.0,0.96875,0.031113146975452588,0.01601814765793582,6,192
mixed_groupcv_psnr_benefit_V8_mlp_505,mixed_groupcv,psnr_benefit,V8,mlp,505,bsds_100098,synthetic_bsds,,,,0.0,0.0,0.0,1.0,0.011605010408222025,0.10699587501585484,0,4
mixed_groupcv_psnr_benefit_V8_mlp_505,mixed_groupcv,psnr_benefit,V8,mlp,505,bsds_106025,synthetic_bsds,,,,0.0,0.0,0.0,1.0,0.009563216366181418,0.08893723599612713,0,4
mixed_groupcv_psnr_benefit_V8_mlp_505,mixed_groupcv,psnr_benefit,V8,mlp,505,bsds_112082,synthetic_bsds,,,,0.0,0.0,0.0,1.0,0.0005138534964265863,0.02215460641309619,0,4
mixed_groupcv_psnr_benefit_V8_mlp_505,mixed_groupcv,psnr_benefit,V8,mlp,505,bsds_138078,synthetic_bsds,,,,0.0,0.0,0.0,1.0,0.002393737121357555,0.04074921668507159,0,4
mixed_groupcv_psnr_benefit_V8_mlp_505,mixed_groupcv,psnr_benefit,V8,mlp,505,bsds_140055,synthetic_bsds,,,,0.0,0.0,0.0,1.0,0.006160925069590005,0.06871448643505573,0,4
mixed_groupcv_psnr_benefit_V8_mlp_505,mixed_groupcv,psnr_benefit,V8,mlp,505,bsds_147021,synthetic_bsds,,,,0.0,0.0,0.0,1.0,0.005659082933314921,0.06194469891488552,0,4
mixed_groupcv_psnr_benefit_V8_mlp_505,mixed_groupcv,psnr_benefit,V8,mlp,505,bsds_153077,synthetic_bsds,,,,0.0,0.0,0.0,1.0,0.009473693420163423,0.08917874284088612,0,4
mixed_groupcv_psnr_benefit_V8_mlp_505,mixed_groupcv,psnr_benefit,V8,mlp,505,bsds_159029,synthetic_bsds,,,,0.0,0.0,0.0,1.0,0.0014236306806944378,0.036383985076099634,0,4
mixed_groupcv_psnr_benefit_V8_mlp_505,mixed_groupcv,psnr_benefit,V8,mlp,505,bsds_159045,synthetic_bsds,,,,0.0,0.0,0.0,1.0,0.013702223328663526,0.10957547277212143,0,4
mixed_groupcv_psnr_benefit_V8_mlp_505,mixed_groupcv,psnr_benefit,V8,mlp,505,bsds_159091,synthetic_bsds,,,,0.0,0.0,0.0,1.0,0.0009399746627856984,0.027148329187184572,0,4
mixed_groupcv_psnr_benefit_V8_mlp_505,mixed_groupcv,psnr_benefit,V8,mlp,505,bsds_164074,synthetic_bsds,,,,0.0,0.0,0.0,1.0,0.025609942838430558,0.15729999355971813,0,4
mixed_groupcv_psnr_benefit_V8_mlp_505,mixed_groupcv,psnr_benefit,V8,mlp,505,bsds_166081,synthetic_bsds,,,,0.0,0.0,0.0,1.0,0.0005652414375169157,0.020095222629606724,0,4
mixed_groupcv_psnr_benefit_V8_mlp_505,mixed_groupcv,psnr_benefit,V8,mlp,505,bsds_176039,synthetic_bsds,,,,0.0,0.0,0.0,1.0,0.02787332775572887,0.14224311197176576,0,4
mixed_groupcv_psnr_benefit_V8_mlp_505,mixed_groupcv,psnr_benefit,V8,mlp,505,bsds_183055,synthetic_bsds,,,,0.0,0.0,0.0,1.0,0.0008099558471282263,0.026909434236586094,0,4
mixed_groupcv_psnr_benefit_V8_mlp_505,mixed_groupcv,psnr_benefit,V8,mlp,505,bsds_187029,synthetic_bsds,,,,0.0,0.0,0.0,1.0,0.021408281631200777,0.1344009442254901,0,4
mixed_groupcv_psnr_benefit_V8_mlp_505,mixed_groupcv,psnr_benefit,V8,mlp,505,bsds_188063,synthetic_bsds,,,,0.0,0.0,0.0,1.0,0.00857163723680096,0.0894341766834259,0,4
mixed_groupcv_psnr_benefit_V8_mlp_505,mixed_groupcv,psnr_benefit,V8,mlp,505,bsds_198023,synthetic_bsds,0.6666666666666666,0.9166666666666665,0.5,0.0,0.0,0.0,0.25,0.653922295182427,0.6808031480759382,3,4
mixed_groupcv_psnr_benefit_V8_mlp_505,mixed_groupcv,psnr_benefit,V8,mlp,505,bsds_198054,synthetic_bsds,,,,0.0,0.0,0.0,1.0,0.10449756941488558,0.30396849289536476,0,4
mixed_groupcv_psnr_benefit_V8_mlp_505,mixed_groupcv,psnr_benefit,V8,mlp,505,bsds_20008,synthetic_bsds,,,,0.0,0.0,0.0,1.0,0.0037279731377727167,0.05229137511923909,0,4
mixed_groupcv_psnr_benefit_V8_mlp_505,mixed_groupcv,psnr_benefit,V8,mlp,505,bsds_216041,synthetic_bsds,,,,0.0,0.0,0.0,1.0,0.0218445593134749,0.14152797684073448,0,4
mixed_groupcv_psnr_benefit_V8_mlp_505,mixed_groupcv,psnr_benefit,V8,mlp,505,bsds_225017,synthetic_bsds,,,,0.0,0.0,0.0,1.0,0.0012556192121288244,0.03217239212244749,0,4
mixed_groupcv_psnr_benefit_V8_mlp_505,mixed_groupcv,psnr_benefit,V8,mlp,505,bsds_23025,synthetic_bsds,,,,0.0,0.0,0.0,1.0,0.00046664528534437065,0.0204539995174855,0,4
mixed_groupcv_psnr_benefit_V8_mlp_505,mixed_groupcv,psnr_benefit,V8,mlp,505,bsds_23080,synthetic_bsds,,,,0.0,0.0,0.0,1.0,0.007195347040576017,0.07345700403675437,0,4
mixed_groupcv_psnr_benefit_V8_mlp_505,mixed_groupcv,psnr_benefit,V8,mlp,505,bsds_231015,synthetic_bsds,,,,0.0,0.0,0.0,1.0,0.004141512557430661,0.06188598554581404,0,4
mixed_groupcv_psnr_benefit_V8_mlp_505,mixed_groupcv,psnr_benefit,V8,mlp,505,bsds_236017,synthetic_bsds,,,,0.0,0.0,0.0,1.0,0.0057931762131436014,0.05923253600485623,0,4
mixed_groupcv_psnr_benefit_V8_mlp_505,mixed_groupcv,psnr_benefit,V8,mlp,505,bsds_245051,synthetic_bsds,,,,0.0,0.0,0.0,1.0,0.0027492984829046753,0.04986804071813822,0,4
mixed_groupcv_psnr_benefit_V8_mlp_505,mixed_groupcv,psnr_benefit,V8,mlp,505,bsds_246016,synthetic_bsds,,,,0.0,0.0,0.0,1.0,0.0014958919046140703,0.035974666476249695,0,4
mixed_groupcv_psnr_benefit_V8_mlp_505,mixed_groupcv,psnr_benefit,V8,mlp,505,bsds_249061,synthetic_bsds,,,,0.0,0.0,0.0,1.0,0.008562904789581105,0.09192805737257004,0,4
mixed_groupcv_psnr_benefit_V8_mlp_505,mixed_groupcv,psnr_benefit,V8,mlp,505,bsds_25098,synthetic_bsds,,,,0.0,0.0,0.0,1.0,0.018654406572956375,0.13427375070750713,0,4
mixed_groupcv_psnr_benefit_V8_mlp_505,mixed_groupcv,psnr_benefit,V8,mlp,505,bsds_253036,synthetic_bsds,,,,0.0,0.0,0.0,1.0,0.0035327328024172024,0.05743511486798525,0,4
mixed_groupcv_psnr_benefit_V8_mlp_505,mixed_groupcv,psnr_benefit,V8,mlp,505,bsds_254054,synthetic_bsds,,,,0.0,0.0,0.0,1.0,0.0004055540141446371,0.017720219679176807,0,4
mixed_groupcv_psnr_benefit_V8_mlp_505,mixed_groupcv,psnr_benefit,V8,mlp,505,bsds_27059,synthetic_bsds,,,,0.0,0.0,0.0,1.0,0.00229328403843,0.037983872927725315,0,4
mixed_groupcv_psnr_benefit_V8_mlp_505,mixed_groupcv,psnr_benefit,V8,mlp,505,bsds_271008,synthetic_bsds,,,,0.0,0.0,0.0,1.0,0.0002705578904303981,0.015908845234662294,0,4
mixed_groupcv_psnr_benefit_V8_mlp_505,mixed_groupcv,psnr_benefit,V8,mlp,505,bsds_274007,synthetic_bsds,,,,0.0,0.0,0.0,1.0,0.015264647120108006,0.08703896030783653,0,4
mixed_groupcv_psnr_benefit_V8_mlp_505,mixed_groupcv,psnr_benefit,V8,mlp,505,bsds_286092,synthetic_bsds,,,,0.0,0.0,0.0,1.0,0.06107647401626182,0.21845361590385437,0,4
mixed_groupcv_psnr_benefit_V8_mlp_505,mixed_groupcv,psnr_benefit,V8,mlp,505,bsds_309004,synthetic_bsds,,,,0.0,0.0,0.0,1.0,0.029822322463346443,0.1656662579625845,0,4
mixed_groupcv_psnr_benefit_V8_mlp_505,mixed_groupcv,psnr_benefit,V8,mlp,505,bsds_311081,synthetic_bsds,,,,0.0,0.0,0.0,1.0,0.011094912689056241,0.09466739371418953,0,4
mixed_groupcv_psnr_benefit_V8_mlp_505,mixed_groupcv,psnr_benefit,V8,mlp,505,bsds_314016,synthetic_bsds,,,,0.0,0.0,0.0,1.0,0.0019189440731270414,0.043603609316051006,0,4
mixed_groupcv_psnr_benefit_V8_mlp_505,mixed_groupcv,psnr_benefit,V8,mlp,505,bsds_323016,synthetic_bsds,,,,0.0,0.0,0.0,1.0,0.0023562452566414866,0.04581164615228772,0,4
mixed_groupcv_psnr_benefit_V8_mlp_505,mixed_groupcv,psnr_benefit,V8,mlp,505,bsds_368078,synthetic_bsds,,,,0.0,0.0,0.0,1.0,0.012950170773831718,0.10830475948750973,0,4
mixed_groupcv_psnr_benefit_V8_mlp_505,mixed_groupcv,psnr_benefit,V8,mlp,505,bsds_374020,synthetic_bsds,,,,0.0,0.0,0.0,1.0,0.0008132706508307214,0.028160928282886744,0,4
mixed_groupcv_psnr_benefit_V8_mlp_505,mixed_groupcv,psnr_benefit,V8,mlp,505,bsds_385028,synthetic_bsds,,,,0.0,0.0,0.0,1.0,0.004547839334261443,0.04984668456017971,0,4
mixed_groupcv_psnr_benefit_V8_mlp_505,mixed_groupcv,psnr_benefit,V8,mlp,505,bsds_41004,synthetic_bsds,0.33333333333333337,0.3333333333333333,0.5,0.0,0.0,0.0,0.75,0.24201323902114572,0.23079565516673028,1,4
mixed_groupcv_psnr_benefit_V8_mlp_505,mixed_groupcv,psnr_benefit,V8,mlp,505,bsds_45077,synthetic_bsds,,,,0.0,0.0,0.0,1.0,0.00015977112866902337,0.01216535281855613,0,4
mixed_groupcv_psnr_benefit_V8_mlp_505,mixed_groupcv,psnr_benefit,V8,mlp,505,bsds_46076,synthetic_bsds,0.6666666666666667,0.5,0.5,0.0,0.0,0.0,0.75,0.2262289229098896,0.2064660438336432,1,4
mixed_groupcv_psnr_benefit_V8_mlp_505,mixed_groupcv,psnr_benefit,V8,mlp,505,bsds_59078,synthetic_bsds,,,,0.0,0.0,0.0,1.0,0.0010068758864144331,0.03030481794849038,0,4
mixed_groupcv_psnr_benefit_V8_mlp_505,mixed_groupcv,psnr_benefit,V8,mlp,505,bsds_61086,synthetic_bsds,,,,0.0,0.0,0.0,1.0,0.00012363789019174465,0.009905465878546238,0,4
mixed_groupcv_psnr_benefit_V8_mlp_505,mixed_groupcv,psnr_benefit,V8,mlp,505,bsds_76002,synthetic_bsds,,,,0.0,0.0,0.0,1.0,0.011840436894940368,0.09738806076347828,0,4
mixed_groupcv_psnr_benefit_V8_mlp_505,mixed_groupcv,psnr_benefit,V8,mlp,505,bsds_80099,synthetic_bsds,,,,0.0,0.0,0.0,1.0,0.001055493108567803,0.019961967132985592,0,4
mixed_groupcv_psnr_benefit_V8_mlp_505,mixed_groupcv,psnr_benefit,V8,mlp,505,bsds_92059,synthetic_bsds,,,,0.0,0.0,0.0,1.0,0.0032977658535622576,0.05059543577954173,0,4
mixed_groupcv_psnr_benefit_V8_mlp_506,mixed_groupcv,psnr_benefit,V8,mlp,506,case1,real_csig,,,,0.0,0.0,0.0,1.0,9.826698975278353e-05,0.009256490955522167,0,192
mixed_groupcv_psnr_benefit_V8_mlp_506,mixed_groupcv,psnr_benefit,V8,mlp,506,case2,real_csig,0.3815789473684211,0.012854317732366513,0.5,0.0,0.0,0.0,0.9895833333333334,0.011417428091260416,0.022244092941643128,2,192
mixed_groupcv_psnr_benefit_V8_mlp_506,mixed_groupcv,psnr_benefit,V8,mlp,506,case3,real_csig,,,,0.0,0.0,0.0,1.0,0.0014731233493933346,0.027687987733467406,0,192
mixed_groupcv_psnr_benefit_V8_mlp_506,mixed_groupcv,psnr_benefit,V8,mlp,506,case4,real_csig,,,,0.0,0.0,0.0,1.0,0.00011929451291751792,0.009056776977862077,0,192
mixed_groupcv_psnr_benefit_V8_mlp_506,mixed_groupcv,psnr_benefit,V8,mlp,506,case5,real_csig,0.41397849462365593,0.02940926353461712,0.5,0.0,0.0,0.0,0.96875,0.03129103113496491,0.019140153086482314,6,192
mixed_groupcv_psnr_benefit_V8_mlp_506,mixed_groupcv,psnr_benefit,V8,mlp,506,bsds_100098,synthetic_bsds,,,,0.0,0.0,0.0,1.0,0.019356078752035183,0.1343763768672943,0,4
mixed_groupcv_psnr_benefit_V8_mlp_506,mixed_groupcv,psnr_benefit,V8,mlp,506,bsds_106025,synthetic_bsds,,,,0.0,0.0,0.0,1.0,0.0027587080711257046,0.05146711226552725,0,4
mixed_groupcv_psnr_benefit_V8_mlp_506,mixed_groupcv,psnr_benefit,V8,mlp,506,bsds_112082,synthetic_bsds,,,,0.0,0.0,0.0,1.0,0.0012764279576555453,0.035303943790495396,0,4
mixed_groupcv_psnr_benefit_V8_mlp_506,mixed_groupcv,psnr_benefit,V8,mlp,506,bsds_138078,synthetic_bsds,,,,0.0,0.0,0.0,1.0,0.006327742486726813,0.06635618442669511,0,4
mixed_groupcv_psnr_benefit_V8_mlp_506,mixed_groupcv,psnr_benefit,V8,mlp,506,bsds_140055,synthetic_bsds,,,,0.0,0.0,0.0,1.0,0.003944194484820841,0.057966528460383415,0,4
mixed_groupcv_psnr_benefit_V8_mlp_506,mixed_groupcv,psnr_benefit,V8,mlp,506,bsds_147021,synthetic_bsds,,,,0.0,0.0,0.0,1.0,0.004308300381105413,0.04461192386224866,0,4
mixed_groupcv_psnr_benefit_V8_mlp_506,mixed_groupcv,psnr_benefit,V8,mlp,506,bsds_153077,synthetic_bsds,,,,0.0,0.0,0.0,1.0,0.0007216760871594085,0.025361210806295276,0,4
mixed_groupcv_psnr_benefit_V8_mlp_506,mixed_groupcv,psnr_benefit,V8,mlp,506,bsds_159029,synthetic_bsds,,,,0.0,0.0,0.0,1.0,0.0026287613807337885,0.04788361210376024,0,4
mixed_groupcv_psnr_benefit_V8_mlp_506,mixed_groupcv,psnr_benefit,V8,mlp,506,bsds_159045,synthetic_bsds,,,,0.0,0.0,0.0,1.0,0.0028900898057737734,0.049334429670125246,0,4
mixed_groupcv_psnr_benefit_V8_mlp_506,mixed_groupcv,psnr_benefit,V8,mlp,506,bsds_159091,synthetic_bsds,,,,0.0,0.0,0.0,1.0,0.0007465322740621257,0.021587953437119722,0,4
mixed_groupcv_psnr_benefit_V8_mlp_506,mixed_groupcv,psnr_benefit,V8,mlp,506,bsds_164074,synthetic_bsds,,,,0.0,0.0,0.0,1.0,0.018781043239076367,0.128835067152977,0,4
mixed_groupcv_psnr_benefit_V8_mlp_506,mixed_groupcv,psnr_benefit,V8,mlp,506,bsds_166081,synthetic_bsds,,,,0.0,0.0,0.0,1.0,0.0004095317068088052,0.017965547391213477,0,4
mixed_groupcv_psnr_benefit_V8_mlp_506,mixed_groupcv,psnr_benefit,V8,mlp,506,bsds_176039,synthetic_bsds,,,,0.0,0.0,0.0,1.0,0.03619013313432112,0.1690571792423725,0,4
mixed_groupcv_psnr_benefit_V8_mlp_506,mixed_groupcv,psnr_benefit,V8,mlp,506,bsds_183055,synthetic_bsds,,,,0.0,0.0,0.0,1.0,0.004175437092871438,0.05772067932412028,0,4
mixed_groupcv_psnr_benefit_V8_mlp_506,mixed_groupcv,psnr_benefit,V8,mlp,506,bsds_187029,synthetic_bsds,,,,0.0,0.0,0.0,1.0,0.0014427670268958,0.03630337258800864,0,4
mixed_groupcv_psnr_benefit_V8_mlp_506,mixed_groupcv,psnr_benefit,V8,mlp,506,bsds_188063,synthetic_bsds,,,,0.0,0.0,0.0,1.0,0.01001655144714754,0.09343374706804752,0,4
mixed_groupcv_psnr_benefit_V8_mlp_506,mixed_groupcv,psnr_benefit,V8,mlp,506,bsds_198023,synthetic_bsds,0.0,0.6388888888888888,0.5,0.0,0.0,0.0,0.25,0.7152296830598606,0.7191811129450798,3,4
mixed_groupcv_psnr_benefit_V8_mlp_506,mixed_groupcv,psnr_benefit,V8,mlp,506,bsds_198054,synthetic_bsds,,,,0.0,0.0,0.0,1.0,0.10064881590109209,0.3140697777271271,0,4
mixed_groupcv_psnr_benefit_V8_mlp_506,mixed_groupcv,psnr_benefit,V8,mlp,506,bsds_20008,synthetic_bsds,,,,0.0,0.0,0.0,1.0,0.0025095656935936565,0.04534559231251478,0,4
mixed_groupcv_psnr_benefit_V8_mlp_506,mixed_groupcv,psnr_benefit,V8,mlp,506,bsds_216041,synthetic_bsds,,,,0.0,0.0,0.0,1.0,0.0013425462984643125,0.03165252250619233,0,4
mixed_groupcv_psnr_benefit_V8_mlp_506,mixed_groupcv,psnr_benefit,V8,mlp,506,bsds_225017,synthetic_bsds,,,,0.0,0.0,0.0,1.0,0.0008562134800719468,0.02295176114421338,0,4
mixed_groupcv_psnr_benefit_V8_mlp_506,mixed_groupcv,psnr_benefit,V8,mlp,506,bsds_23025,synthetic_bsds,,,,0.0,0.0,0.0,1.0,0.0008312565427099907,0.025287279626354575,0,4
mixed_groupcv_psnr_benefit_V8_mlp_506,mixed_groupcv,psnr_benefit,V8,mlp,506,bsds_23080,synthetic_bsds,,,,0.0,0.0,0.0,1.0,0.001303140789061589,0.03461055411025882,0,4
mixed_groupcv_psnr_benefit_V8_mlp_506,mixed_groupcv,psnr_benefit,V8,mlp,506,bsds_231015,synthetic_bsds,,,,0.0,0.0,0.0,1.0,0.002345716214273954,0.04640719946473837,0,4
mixed_groupcv_psnr_benefit_V8_mlp_506,mixed_groupcv,psnr_benefit,V8,mlp,506,bsds_236017,synthetic_bsds,,,,0.0,0.0,0.0,1.0,0.008748435630979587,0.07614056579768658,0,4
mixed_groupcv_psnr_benefit_V8_mlp_506,mixed_groupcv,psnr_benefit,V8,mlp,506,bsds_245051,synthetic_bsds,,,,0.0,0.0,0.0,1.0,0.018698047325068315,0.1303009632974863,0,4
mixed_groupcv_psnr_benefit_V8_mlp_506,mixed_groupcv,psnr_benefit,V8,mlp,506,bsds_246016,synthetic_bsds,,,,0.0,0.0,0.0,1.0,0.006044464162574457,0.06970040407031775,0,4
mixed_groupcv_psnr_benefit_V8_mlp_506,mixed_groupcv,psnr_benefit,V8,mlp,506,bsds_249061,synthetic_bsds,,,,0.0,0.0,0.0,1.0,0.0065804499834596145,0.07839696295559406,0,4
mixed_groupcv_psnr_benefit_V8_mlp_506,mixed_groupcv,psnr_benefit,V8,mlp,506,bsds_25098,synthetic_bsds,,,,0.0,0.0,0.0,1.0,0.0462002245330619,0.20240523479878902,0,4
mixed_groupcv_psnr_benefit_V8_mlp_506,mixed_groupcv,psnr_benefit,V8,mlp,506,bsds_253036,synthetic_bsds,,,,0.0,0.0,0.0,1.0,0.0023639722363923152,0.04545095143839717,0,4
mixed_groupcv_psnr_benefit_V8_mlp_506,mixed_groupcv,psnr_benefit,V8,mlp,506,bsds_254054,synthetic_bsds,,,,0.0,0.0,0.0,1.0,0.00046976665130208967,0.019665107363834977,0,4
mixed_groupcv_psnr_benefit_V8_mlp_506,mixed_groupcv,psnr_benefit,V8,mlp,506,bsds_27059,synthetic_bsds,,,,0.0,0.0,0.0,1.0,0.0003699384338005638,0.016793493647128344,0,4
mixed_groupcv_psnr_benefit_V8_mlp_506,mixed_groupcv,psnr_benefit,V8,mlp,506,bsds_271008,synthetic_bsds,,,,0.0,0.0,0.0,1.0,0.0005489268478541284,0.02140570303890854,0,4
mixed_groupcv_psnr_benefit_V8_mlp_506,mixed_groupcv,psnr_benefit,V8,mlp,506,bsds_274007,synthetic_bsds,,,,0.0,0.0,0.0,1.0,0.009010860628937474,0.08215795829892159,0,4
mixed_groupcv_psnr_benefit_V8_mlp_506,mixed_groupcv,psnr_benefit,V8,mlp,506,bsds_286092,synthetic_bsds,,,,0.0,0.0,0.0,1.0,0.01770872499403013,0.13135705702006817,0,4
mixed_groupcv_psnr_benefit_V8_mlp_506,mixed_groupcv,psnr_benefit,V8,mlp,506,bsds_309004,synthetic_bsds,,,,0.0,0.0,0.0,1.0,0.03312721126384088,0.16398531198501587,0,4
mixed_groupcv_psnr_benefit_V8_mlp_506,mixed_groupcv,psnr_benefit,V8,mlp,506,bsds_311081,synthetic_bsds,,,,0.0,0.0,0.0,1.0,0.001846932001780443,0.04165280517190695,0,4
mixed_groupcv_psnr_benefit_V8_mlp_506,mixed_groupcv,psnr_benefit,V8,mlp,506,bsds_314016,synthetic_bsds,,,,0.0,0.0,0.0,1.0,0.001811196769842976,0.041538911405950785,0,4
mixed_groupcv_psnr_benefit_V8_mlp_506,mixed_groupcv,psnr_benefit,V8,mlp,506,bsds_323016,synthetic_bsds,,,,0.0,0.0,0.0,1.0,0.010924348711439994,0.08276220364496112,0,4
mixed_groupcv_psnr_benefit_V8_mlp_506,mixed_groupcv,psnr_benefit,V8,mlp,506,bsds_368078,synthetic_bsds,,,,0.0,0.0,0.0,1.0,0.005950269794240945,0.07441498897969723,0,4
mixed_groupcv_psnr_benefit_V8_mlp_506,mixed_groupcv,psnr_benefit,V8,mlp,506,bsds_374020,synthetic_bsds,,,,0.0,0.0,0.0,1.0,0.0024704222880926746,0.04601900838315487,0,4
mixed_groupcv_psnr_benefit_V8_mlp_506,mixed_groupcv,psnr_benefit,V8,mlp,506,bsds_385028,synthetic_bsds,,,,0.0,0.0,0.0,1.0,0.0012863761944177491,0.030191073892638087,0,4
mixed_groupcv_psnr_benefit_V8_mlp_506,mixed_groupcv,psnr_benefit,V8,mlp,506,bsds_41004,synthetic_bsds,0.33333333333333337,0.3333333333333333,0.5,0.0,0.0,0.0,0.75,0.24360993335898298,0.2307626297697425,1,4
mixed_groupcv_psnr_benefit_V8_mlp_506,mixed_groupcv,psnr_benefit,V8,mlp,506,bsds_45077,synthetic_bsds,,,,0.0,0.0,0.0,1.0,0.0006925510707771667,0.0258707357570529,0,4
mixed_groupcv_psnr_benefit_V8_mlp_506,mixed_groupcv,psnr_benefit,V8,mlp,506,bsds_46076,synthetic_bsds,0.6666666666666667,0.5,0.5,0.0,0.0,0.0,0.75,0.23680186768774525,0.22271436359733343,1,4
mixed_groupcv_psnr_benefit_V8_mlp_506,mixed_groupcv,psnr_benefit,V8,mlp,506,bsds_59078,synthetic_bsds,,,,0.0,0.0,0.0,1.0,0.001361720450492999,0.03543736971914768,0,4
mixed_groupcv_psnr_benefit_V8_mlp_506,mixed_groupcv,psnr_benefit,V8,mlp,506,bsds_61086,synthetic_bsds,,,,0.0,0.0,0.0,1.0,9.208988352800673e-05,0.009277895209379494,0,4
mixed_groupcv_psnr_benefit_V8_mlp_506,mixed_groupcv,psnr_benefit,V8,mlp,506,bsds_76002,synthetic_bsds,,,,0.0,0.0,0.0,1.0,0.008994380571570055,0.08736198302358389,0,4
mixed_groupcv_psnr_benefit_V8_mlp_506,mixed_groupcv,psnr_benefit,V8,mlp,506,bsds_80099,synthetic_bsds,,,,0.0,0.0,0.0,1.0,0.0004833026534262841,0.014505221042782068,0,4
mixed_groupcv_psnr_benefit_V8_mlp_506,mixed_groupcv,psnr_benefit,V8,mlp,506,bsds_92059,synthetic_bsds,,,,0.0,0.0,0.0,1.0,0.004243711541003187,0.05764911416918039,0,4
mixed_groupcv_psnr_benefit_V8_mlp_507,mixed_groupcv,psnr_benefit,V8,mlp,507,case1,real_csig,,,,0.0,0.0,0.0,1.0,0.0009092440166111717,0.028104815729117643,0,192
mixed_groupcv_psnr_benefit_V8_mlp_507,mixed_groupcv,psnr_benefit,V8,mlp,507,case2,real_csig,0.4447368421052632,0.013634290925672594,0.5,0.0,0.0,0.0,0.9895833333333334,0.014560860965133164,0.05195625405273556,2,192
mixed_groupcv_psnr_benefit_V8_mlp_507,mixed_groupcv,psnr_benefit,V8,mlp,507,case3,real_csig,,,,0.0,0.0,0.0,1.0,0.0027661614255694612,0.04369069918660291,0,192
mixed_groupcv_psnr_benefit_V8_mlp_507,mixed_groupcv,psnr_benefit,V8,mlp,507,case4,real_csig,,,,0.0,0.0,0.0,1.0,0.00246188322386108,0.043193222030822646,0,192
mixed_groupcv_psnr_benefit_V8_mlp_507,mixed_groupcv,psnr_benefit,V8,mlp,507,case5,real_csig,0.507168458781362,0.03524105684563145,0.5,0.0,0.0,0.0,0.96875,0.03118537628084378,0.0061529555096058175,6,192
mixed_groupcv_psnr_benefit_V8_mlp_507,mixed_groupcv,psnr_benefit,V8,mlp,507,bsds_100098,synthetic_bsds,,,,0.0,0.0,0.0,1.0,0.0584930647787565,0.2173235323280096,0,4
mixed_groupcv_psnr_benefit_V8_mlp_507,mixed_groupcv,psnr_benefit,V8,mlp,507,bsds_106025,synthetic_bsds,,,,0.0,0.0,0.0,1.0,0.05482639653224408,0.2224821001291275,0,4
mixed_groupcv_psnr_benefit_V8_mlp_507,mixed_groupcv,psnr_benefit,V8,mlp,507,bsds_112082,synthetic_bsds,,,,0.0,0.0,0.0,1.0,0.0011386386296811171,0.03184119425714016,0,4
mixed_groupcv_psnr_benefit_V8_mlp_507,mixed_groupcv,psnr_benefit,V8,mlp,507,bsds_138078,synthetic_bsds,,,,0.0,0.0,0.0,1.0,0.01848819271438117,0.11933674570173025,0,4
mixed_groupcv_psnr_benefit_V8_mlp_507,mixed_groupcv,psnr_benefit,V8,mlp,507,bsds_140055,synthetic_bsds,,,,0.0,0.0,0.0,1.0,0.03143994571186892,0.16461539268493652,0,4
mixed_groupcv_psnr_benefit_V8_mlp_507,mixed_groupcv,psnr_benefit,V8,mlp,507,bsds_147021,synthetic_bsds,,,,0.0,0.0,0.0,1.0,0.020905198618788704,0.126361514441669,0,4
mixed_groupcv_psnr_benefit_V8_mlp_507,mixed_groupcv,psnr_benefit,V8,mlp,507,bsds_153077,synthetic_bsds,,,,0.0,0.0,0.0,1.0,0.01342854831489762,0.11377746239304543,0,4
mixed_groupcv_psnr_benefit_V8_mlp_507,mixed_groupcv,psnr_benefit,V8,mlp,507,bsds_159029,synthetic_bsds,,,,0.0,0.0,0.0,1.0,0.00922117897306654,0.09254120290279388,0,4
mixed_groupcv_psnr_benefit_V8_mlp_507,mixed_groupcv,psnr_benefit,V8,mlp,507,bsds_159045,synthetic_bsds,,,,0.0,0.0,0.0,1.0,0.004583632905995477,0.06553773954510689,0,4
mixed_groupcv_psnr_benefit_V8_mlp_507,mixed_groupcv,psnr_benefit,V8,mlp,507,bsds_159091,synthetic_bsds,,,,0.0,0.0,0.0,1.0,0.0030612078871891397,0.05134246777743101,0,4
mixed_groupcv_psnr_benefit_V8_mlp_507,mixed_groupcv,psnr_benefit,V8,mlp,507,bsds_164074,synthetic_bsds,,,,0.0,0.0,0.0,1.0,0.09005036988526216,0.2930210530757904,0,4
mixed_groupcv_psnr_benefit_V8_mlp_507,mixed_groupcv,psnr_benefit,V8,mlp,507,bsds_166081,synthetic_bsds,,,,0.0,0.0,0.0,1.0,0.0033055990254390356,0.05243775341659784,0,4
mixed_groupcv_psnr_benefit_V8_mlp_507,mixed_groupcv,psnr_benefit,V8,mlp,507,bsds_176039,synthetic_bsds,,,,0.0,0.0,0.0,1.0,0.056834552337090005,0.22423801571130753,0,4
mixed_groupcv_psnr_benefit_V8_mlp_507,mixed_groupcv,psnr_benefit,V8,mlp,507,bsds_183055,synthetic_bsds,,,,0.0,0.0,0.0,1.0,0.009532784968756217,0.09404060803353786,0,4
mixed_groupcv_psnr_benefit_V8_mlp_507,mixed_groupcv,psnr_benefit,V8,mlp,507,bsds_187029,synthetic_bsds,,,,0.0,0.0,0.0,1.0,0.011989953155692637,0.10624333657324314,0,4
mixed_groupcv_psnr_benefit_V8_mlp_507,mixed_groupcv,psnr_benefit,V8,mlp,507,bsds_188063,synthetic_bsds,,,,0.0,0.0,0.0,1.0,0.020560951710714495,0.1424423437565565,0,4
mixed_groupcv_psnr_benefit_V8_mlp_507,mixed_groupcv,psnr_benefit,V8,mlp,507,bsds_198023,synthetic_bsds,0.0,0.6388888888888888,0.5,0.0,0.0,0.0,0.25,0.6114766815509438,0.6286233719438314,3,4
mixed_groupcv_psnr_benefit_V8_mlp_507,mixed_groupcv,psnr_benefit,V8,mlp,507,bsds_198054,synthetic_bsds,,,,0.0,0.0,0.0,1.0,0.1580472407302813,0.3948756158351898,0,4
mixed_groupcv_psnr_benefit_V8_mlp_507,mixed_groupcv,psnr_benefit,V8,mlp,507,bsds_20008,synthetic_bsds,,,,0.0,0.0,0.0,1.0,0.015401111293196115,0.11339225433766842,0,4
mixed_groupcv_psnr_benefit_V8_mlp_507,mixed_groupcv,psnr_benefit,V8,mlp,507,bsds_216041,synthetic_bsds,,,,0.0,0.0,0.0,1.0,0.030379426864818995,0.16245081089437008,0,4
mixed_groupcv_psnr_benefit_V8_mlp_507,mixed_groupcv,psnr_benefit,V8,mlp,507,bsds_225017,synthetic_bsds,,,,0.0,0.0,0.0,1.0,0.01096328079251995,0.08663250622339547,0,4
mixed_groupcv_psnr_benefit_V8_mlp_507,mixed_groupcv,psnr_benefit,V8,mlp,507,bsds_23025,synthetic_bsds,,,,0.0,0.0,0.0,1.0,0.004969795078455866,0.06715363450348377,0,4
mixed_groupcv_psnr_benefit_V8_mlp_507,mixed_groupcv,psnr_benefit,V8,mlp,507,bsds_23080,synthetic_bsds,,,,0.0,0.0,0.0,1.0,0.023129722199924874,0.14402620121836662,0,4
mixed_groupcv_psnr_benefit_V8_mlp_507,mixed_groupcv,psnr_benefit,V8,mlp,507,bsds_231015,synthetic_bsds,,,,0.0,0.0,0.0,1.0,0.018134431297602782,0.128692876547575,0,4
mixed_groupcv_psnr_benefit_V8_mlp_507,mixed_groupcv,psnr_benefit,V8,mlp,507,bsds_236017,synthetic_bsds,,,,0.0,0.0,0.0,1.0,0.016633554553912806,0.10539048910140991,0,4
mixed_groupcv_psnr_benefit_V8_mlp_507,mixed_groupcv,psnr_benefit,V8,mlp,507,bsds_245051,synthetic_bsds,,,,0.0,0.0,0.0,1.0,0.021608751369945958,0.14050650410354137,0,4
mixed_groupcv_psnr_benefit_V8_mlp_507,mixed_groupcv,psnr_benefit,V8,mlp,507,bsds_246016,synthetic_bsds,,,,0.0,0.0,0.0,1.0,0.027846461418602267,0.14522390998899937,0,4
mixed_groupcv_psnr_benefit_V8_mlp_507,mixed_groupcv,psnr_benefit,V8,mlp,507,bsds_249061,synthetic_bsds,,,,0.0,0.0,0.0,1.0,0.020892046624120045,0.1371419709175825,0,4
mixed_groupcv_psnr_benefit_V8_mlp_507,mixed_groupcv,psnr_benefit,V8,mlp,507,bsds_25098,synthetic_bsds,,,,0.0,0.0,0.0,1.0,0.07665096527910903,0.26922478899359703,0,4
mixed_groupcv_psnr_benefit_V8_mlp_507,mixed_groupcv,psnr_benefit,V8,mlp,507,bsds_253036,synthetic_bsds,,,,0.0,0.0,0.0,1.0,0.013209296917804439,0.1112381387501955,0,4
mixed_groupcv_psnr_benefit_V8_mlp_507,mixed_groupcv,psnr_benefit,V8,mlp,507,bsds_254054,synthetic_bsds,,,,0.0,0.0,0.0,1.0,0.005342698691317954,0.07151593640446663,0,4
mixed_groupcv_psnr_benefit_V8_mlp_507,mixed_groupcv,psnr_benefit,V8,mlp,507,bsds_27059,synthetic_bsds,,,,0.0,0.0,0.0,1.0,0.006984354158086868,0.07394794165156782,0,4
mixed_groupcv_psnr_benefit_V8_mlp_507,mixed_groupcv,psnr_benefit,V8,mlp,507,bsds_271008,synthetic_bsds,,,,0.0,0.0,0.0,1.0,0.0005728088157054409,0.022596868220716715,0,4
mixed_groupcv_psnr_benefit_V8_mlp_507,mixed_groupcv,psnr_benefit,V8,mlp,507,bsds_274007,synthetic_bsds,,,,0.0,0.0,0.0,1.0,0.03790574879578573,0.14560625329613686,0,4
mixed_groupcv_psnr_benefit_V8_mlp_507,mixed_groupcv,psnr_benefit,V8,mlp,507,bsds_286092,synthetic_bsds,,,,0.0,0.0,0.0,1.0,0.07994803932246142,0.2797636464238167,0,4
mixed_groupcv_psnr_benefit_V8_mlp_507,mixed_groupcv,psnr_benefit,V8,mlp,507,bsds_309004,synthetic_bsds,,,,0.0,0.0,0.0,1.0,0.0907448925812957,0.2887303754687309,0,4
mixed_groupcv_psnr_benefit_V8_mlp_507,mixed_groupcv,psnr_benefit,V8,mlp,507,bsds_311081,synthetic_bsds,,,,0.0,0.0,0.0,1.0,0.00800951495047128,0.07390454737469554,0,4
mixed_groupcv_psnr_benefit_V8_mlp_507,mixed_groupcv,psnr_benefit,V8,mlp,507,bsds_314016,synthetic_bsds,,,,0.0,0.0,0.0,1.0,0.0058386618525763795,0.07548360340297222,0,4
mixed_groupcv_psnr_benefit_V8_mlp_507,mixed_groupcv,psnr_benefit,V8,mlp,507,bsds_323016,synthetic_bsds,,,,0.0,0.0,0.0,1.0,0.026142953621024437,0.1528481263667345,0,4
mixed_groupcv_psnr_benefit_V8_mlp_507,mixed_groupcv,psnr_benefit,V8,mlp,507,bsds_368078,synthetic_bsds,,,,0.0,0.0,0.0,1.0,0.0622959636374128,0.23759326711297035,0,4
mixed_groupcv_psnr_benefit_V8_mlp_507,mixed_groupcv,psnr_benefit,V8,mlp,507,bsds_374020,synthetic_bsds,,,,0.0,0.0,0.0,1.0,0.007491460658874585,0.08328438736498356,0,4
mixed_groupcv_psnr_benefit_V8_mlp_507,mixed_groupcv,psnr_benefit,V8,mlp,507,bsds_385028,synthetic_bsds,,,,0.0,0.0,0.0,1.0,0.04074333398123581,0.18641763553023338,0,4
mixed_groupcv_psnr_benefit_V8_mlp_507,mixed_groupcv,psnr_benefit,V8,mlp,507,bsds_41004,synthetic_bsds,0.33333333333333337,0.3333333333333333,0.5,0.0,0.0,0.0,0.75,0.23712201357317936,0.21025402611121535,1,4
mixed_groupcv_psnr_benefit_V8_mlp_507,mixed_groupcv,psnr_benefit,V8,mlp,507,bsds_45077,synthetic_bsds,,,,0.0,0.0,0.0,1.0,0.0025069119448875273,0.047923746053129435,0,4
mixed_groupcv_psnr_benefit_V8_mlp_507,mixed_groupcv,psnr_benefit,V8,mlp,507,bsds_46076,synthetic_bsds,1.0,1.0,0.5,0.0,0.0,0.0,0.75,0.19810248219353993,0.2695536157116294,1,4
mixed_groupcv_psnr_benefit_V8_mlp_507,mixed_groupcv,psnr_benefit,V8,mlp,507,bsds_59078,synthetic_bsds,,,,0.0,0.0,0.0,1.0,0.01025112592131006,0.09368387330323458,0,4
mixed_groupcv_psnr_benefit_V8_mlp_507,mixed_groupcv,psnr_benefit,V8,mlp,507,bsds_61086,synthetic_bsds,,,,0.0,0.0,0.0,1.0,0.0026839245537914934,0.047776380088180304,0,4
mixed_groupcv_psnr_benefit_V8_mlp_507,mixed_groupcv,psnr_benefit,V8,mlp,507,bsds_76002,synthetic_bsds,,,,0.0,0.0,0.0,1.0,0.01642343917276569,0.12257265113294125,0,4
mixed_groupcv_psnr_benefit_V8_mlp_507,mixed_groupcv,psnr_benefit,V8,mlp,507,bsds_80099,synthetic_bsds,,,,0.0,0.0,0.0,1.0,0.003388880714402626,0.03754197736270726,0,4
mixed_groupcv_psnr_benefit_V8_mlp_507,mixed_groupcv,psnr_benefit,V8,mlp,507,bsds_92059,synthetic_bsds,,,,0.0,0.0,0.0,1.0,0.017040570406901774,0.10720485588535666,0,4
mixed_groupcv_psnr_benefit_C1_lq_logistic_505,mixed_groupcv,psnr_benefit,C1_lq,logistic,505,case1,real_csig,,,,0.0,0.0,0.0,1.0,0.00014712470449630783,0.010061184920410193,0,192
mixed_groupcv_psnr_benefit_C1_lq_logistic_505,mixed_groupcv,psnr_benefit,C1_lq,logistic,505,case2,real_csig,0.9236842105263159,0.09166666666666667,0.5,0.0,0.0,0.0,0.9895833333333334,0.010294118606786827,0.00805189948909132,2,192
mixed_groupcv_psnr_benefit_C1_lq_logistic_505,mixed_groupcv,psnr_benefit,C1_lq,logistic,505,case3,real_csig,,,,0.0,0.0,0.0,1.0,2.56940796019173e-05,0.004199306760566716,0,192
mixed_groupcv_psnr_benefit_C1_lq_logistic_505,mixed_groupcv,psnr_benefit,C1_lq,logistic,505,case4,real_csig,,,,0.0,0.0,0.0,1.0,3.759703950842872e-06,0.001495685484814182,0,192
mixed_groupcv_psnr_benefit_C1_lq_logistic_505,mixed_groupcv,psnr_benefit,C1_lq,logistic,505,case5,real_csig,0.3996415770609319,0.029858864352462995,0.5,0.0,0.0,0.0,0.96875,0.030998230522896537,0.02108756927176907,6,192
mixed_groupcv_psnr_benefit_C1_lq_logistic_505,mixed_groupcv,psnr_benefit,C1_lq,logistic,505,bsds_100098,synthetic_bsds,,,,0.0,0.0,0.0,1.0,0.00018638113354740114,0.0075350868696147585,0,4
mixed_groupcv_psnr_benefit_C1_lq_logistic_505,mixed_groupcv,psnr_benefit,C1_lq,logistic,505,bsds_106025,synthetic_bsds,,,,0.0,0.0,0.0,1.0,0.00013286324597017591,0.006948415300614084,0,4
mixed_groupcv_psnr_benefit_C1_lq_logistic_505,mixed_groupcv,psnr_benefit,C1_lq,logistic,505,bsds_112082,synthetic_bsds,,,,0.0,0.0,0.0,1.0,1.2092800690399184e-07,0.0002953670242587882,0,4
mixed_groupcv_psnr_benefit_C1_lq_logistic_505,mixed_groupcv,psnr_benefit,C1_lq,logistic,505,bsds_138078,synthetic_bsds,,,,0.0,0.0,0.0,1.0,0.00011890514479921118,0.007372347214806255,0,4
mixed_groupcv_psnr_benefit_C1_lq_logistic_505,mixed_groupcv,psnr_benefit,C1_lq,logistic,505,bsds_140055,synthetic_bsds,,,,0.0,0.0,0.0,1.0,5.252081888024358e-06,0.0018385214901343457,0,4
mixed_groupcv_psnr_benefit_C1_lq_logistic_505,mixed_groupcv,psnr_benefit,C1_lq,logistic,505,bsds_147021,synthetic_bsds,,,,0.0,0.0,0.0,1.0,1.9352994173763637e-06,0.0008556246240843794,0,4
mixed_groupcv_psnr_benefit_C1_lq_logistic_505,mixed_groupcv,psnr_benefit,C1_lq,logistic,505,bsds_153077,synthetic_bsds,,,,0.0,0.0,0.0,1.0,8.535471526419803e-08,0.000267147959821073,0,4
mixed_groupcv_psnr_benefit_C1_lq_logistic_505,mixed_groupcv,psnr_benefit,C1_lq,logistic,505,bsds_159029,synthetic_bsds,,,,0.0,0.0,0.0,1.0,4.408364721300764e-07,0.00059157464059272,0,4
mixed_groupcv_psnr_benefit_C1_lq_logistic_505,mixed_groupcv,psnr_benefit,C1_lq,logistic,505,bsds_159045,synthetic_bsds,,,,0.0,0.0,0.0,1.0,5.10596344176112e-07,0.0006552122922484104,0,4
mixed_groupcv_psnr_benefit_C1_lq_logistic_505,mixed_groupcv,psnr_benefit,C1_lq,logistic,505,bsds_159091,synthetic_bsds,,,,0.0,0.0,0.0,1.0,6.85103432669113e-08,0.00022411863803416647,0,4
mixed_groupcv_psnr_benefit_C1_lq_logistic_505,mixed_groupcv,psnr_benefit,C1_lq,logistic,505,bsds_164074,synthetic_bsds,,,,0.0,0.0,0.0,1.0,0.00010397626557029035,0.00882125903968756,0,4
mixed_groupcv_psnr_benefit_C1_lq_logistic_505,mixed_groupcv,psnr_benefit,C1_lq,logistic,505,bsds_166081,synthetic_bsds,,,,0.0,0.0,0.0,1.0,3.2563335557349495e-08,0.0001483112723884295,0,4
mixed_groupcv_psnr_benefit_C1_lq_logistic_505,mixed_groupcv,psnr_benefit,C1_lq,logistic,505,bsds_176039,synthetic_bsds,,,,0.0,0.0,0.0,1.0,2.8265380656346655e-05,0.0038428666911340306,0,4
mixed_groupcv_psnr_benefit_C1_lq_logistic_505,mixed_groupcv,psnr_benefit,C1_lq,logistic,505,bsds_183055,synthetic_bsds,,,,0.0,0.0,0.0,1.0,2.0998906785893836e-06,0.0011387054503430563,0,4
mixed_groupcv_psnr_benefit_C1_lq_logistic_505,mixed_groupcv,psnr_benefit,C1_lq,logistic,505,bsds_187029,synthetic_bsds,,,,0.0,0.0,0.0,1.0,1.172618005627094e-05,0.0026892707119288346,0,4
mixed_groupcv_psnr_benefit_C1_lq_logistic_505,mixed_groupcv,psnr_benefit,C1_lq,logistic,505,bsds_188063,synthetic_bsds,,,,0.0,0.0,0.0,1.0,2.294799777901023e-07,0.00038384741224301364,0,4
mixed_groupcv_psnr_benefit_C1_lq_logistic_505,mixed_groupcv,psnr_benefit,C1_lq,logistic,505,bsds_198023,synthetic_bsds,0.6666666666666666,0.9166666666666665,0.5,0.0,0.0,0.0,0.25,0.7491878458300717,0.7495551485308517,3,4
mixed_groupcv_psnr_benefit_C1_lq_logistic_505,mixed_groupcv,psnr_benefit,C1_lq,logistic,505,bsds_198054,synthetic_bsds,,,,0.0,0.0,0.0,1.0,9.000462913119433e-06,0.002907630200700626,0,4
mixed_groupcv_psnr_benefit_C1_lq_logistic_505,mixed_groupcv,psnr_benefit,C1_lq,logistic,505,bsds_20008,synthetic_bsds,,,,0.0,0.0,0.0,1.0,0.001960459628761094,0.027201801010113442,0,4
mixed_groupcv_psnr_benefit_C1_lq_logistic_505,mixed_groupcv,psnr_benefit,C1_lq,logistic,505,bsds_216041,synthetic_bsds,,,,0.0,0.0,0.0,1.0,1.3063547198248435e-05,0.0024623780270367464,0,4
mixed_groupcv_psnr_benefit_C1_lq_logistic_505,mixed_groupcv,psnr_benefit,C1_lq,logistic,505,bsds_225017,synthetic_bsds,,,,0.0,0.0,0.0,1.0,2.8587708055504086e-05,0.0032353597214305895,0,4
mixed_groupcv_psnr_benefit_C1_lq_logistic_505,mixed_groupcv,psnr_benefit,C1_lq,logistic,505,bsds_23025,synthetic_bsds,,,,0.0,0.0,0.0,1.0,5.500137203848658e-07,0.0005810794568616771,0,4
mixed_groupcv_psnr_benefit_C1_lq_logistic_505,mixed_groupcv,psnr_benefit,C1_lq,logistic,505,bsds_23080,synthetic_bsds,,,,0.0,0.0,0.0,1.0,6.524884289703956e-05,0.005482509216070487,0,4
mixed_groupcv_psnr_benefit_C1_lq_logistic_505,mixed_groupcv,psnr_benefit,C1_lq,logistic,505,bsds_231015,synthetic_bsds,,,,0.0,0.0,0.0,1.0,4.811626086737349e-07,0.0006033040705799347,0,4
mixed_groupcv_psnr_benefit_C1_lq_logistic_505,mixed_groupcv,psnr_benefit,C1_lq,logistic,505,bsds_236017,synthetic_bsds,,,,0.0,0.0,0.0,1.0,0.0008701820543749901,0.016653278802515433,0,4
mixed_groupcv_psnr_benefit_C1_lq_logistic_505,mixed_groupcv,psnr_benefit,C1_lq,logistic,505,bsds_245051,synthetic_bsds,,,,0.0,0.0,0.0,1.0,3.7615264329692417e-07,0.0004495396335367618,0,4
mixed_groupcv_psnr_benefit_C1_lq_logistic_505,mixed_groupcv,psnr_benefit,C1_lq,logistic,505,bsds_246016,synthetic_bsds,,,,0.0,0.0,0.0,1.0,1.3351692985713275e-05,0.002825753016227746,0,4
mixed_groupcv_psnr_benefit_C1_lq_logistic_505,mixed_groupcv,psnr_benefit,C1_lq,logistic,505,bsds_249061,synthetic_bsds,,,,0.0,0.0,0.0,1.0,2.581342662549746e-06,0.0014007554566872248,0,4
mixed_groupcv_psnr_benefit_C1_lq_logistic_505,mixed_groupcv,psnr_benefit,C1_lq,logistic,505,bsds_25098,synthetic_bsds,,,,0.0,0.0,0.0,1.0,1.221321252498777e-06,0.0008507709236094829,0,4
mixed_groupcv_psnr_benefit_C1_lq_logistic_505,mixed_groupcv,psnr_benefit,C1_lq,logistic,505,bsds_253036,synthetic_bsds,,,,0.0,0.0,0.0,1.0,0.0002535763001363093,0.014679158517654979,0,4
mixed_groupcv_psnr_benefit_C1_lq_logistic_505,mixed_groupcv,psnr_benefit,C1_lq,logistic,505,bsds_254054,synthetic_bsds,,,,0.0,0.0,0.0,1.0,3.791682252324952e-07,0.0004715048416268689,0,4
mixed_groupcv_psnr_benefit_C1_lq_logistic_505,mixed_groupcv,psnr_benefit,C1_lq,logistic,505,bsds_27059,synthetic_bsds,,,,0.0,0.0,0.0,1.0,1.6437695505333175e-06,0.0010538039202176413,0,4
mixed_groupcv_psnr_benefit_C1_lq_logistic_505,mixed_groupcv,psnr_benefit,C1_lq,logistic,505,bsds_271008,synthetic_bsds,,,,0.0,0.0,0.0,1.0,1.2440690248164124e-09,2.969781286239506e-05,0,4
mixed_groupcv_psnr_benefit_C1_lq_logistic_505,mixed_groupcv,psnr_benefit,C1_lq,logistic,505,bsds_274007,synthetic_bsds,,,,0.0,0.0,0.0,1.0,5.157146834553661e-06,0.0017966214962470074,0,4
mixed_groupcv_psnr_benefit_C1_lq_logistic_505,mixed_groupcv,psnr_benefit,C1_lq,logistic,505,bsds_286092,synthetic_bsds,,,,0.0,0.0,0.0,1.0,1.5085428122693051e-06,0.0011667536968727086,0,4
mixed_groupcv_psnr_benefit_C1_lq_logistic_505,mixed_groupcv,psnr_benefit,C1_lq,logistic,505,bsds_309004,synthetic_bsds,,,,0.0,0.0,0.0,1.0,3.2935697760918796e-05,0.0047806080152934536,0,4
mixed_groupcv_psnr_benefit_C1_lq_logistic_505,mixed_groupcv,psnr_benefit,C1_lq,logistic,505,bsds_311081,synthetic_bsds,,,,0.0,0.0,0.0,1.0,2.2739011766049547e-05,0.004326327277788125,0,4
mixed_groupcv_psnr_benefit_C1_lq_logistic_505,mixed_groupcv,psnr_benefit,C1_lq,logistic,505,bsds_314016,synthetic_bsds,,,,0.0,0.0,0.0,1.0,3.219678820878887e-07,0.0005071357729251,0,4
mixed_groupcv_psnr_benefit_C1_lq_logistic_505,mixed_groupcv,psnr_benefit,C1_lq,logistic,505,bsds_323016,synthetic_bsds,,,,0.0,0.0,0.0,1.0,1.3772735237564522e-05,0.002971835468761151,0,4
mixed_groupcv_psnr_benefit_C1_lq_logistic_505,mixed_groupcv,psnr_benefit,C1_lq,logistic,505,bsds_368078,synthetic_bsds,,,,0.0,0.0,0.0,1.0,2.186686895364185e-06,0.0011966304739364046,0,4
mixed_groupcv_psnr_benefit_C1_lq_logistic_505,mixed_groupcv,psnr_benefit,C1_lq,logistic,505,bsds_374020,synthetic_bsds,,,,0.0,0.0,0.0,1.0,4.9821953179659066e-08,0.00018728957361762203,0,4
mixed_groupcv_psnr_benefit_C1_lq_logistic_505,mixed_groupcv,psnr_benefit,C1_lq,logistic,505,bsds_385028,synthetic_bsds,,,,0.0,0.0,0.0,1.0,4.369909152187197e-08,0.00017654378320151816,0,4
mixed_groupcv_psnr_benefit_C1_lq_logistic_505,mixed_groupcv,psnr_benefit,C1_lq,logistic,505,bsds_41004,synthetic_bsds,0.6666666666666667,0.5,0.5,0.0,0.0,0.0,0.75,0.24987819466464298,0.24961435560037853,1,4
mixed_groupcv_psnr_benefit_C1_lq_logistic_505,mixed_groupcv,psnr_benefit,C1_lq,logistic,505,bsds_45077,synthetic_bsds,,,,0.0,0.0,0.0,1.0,1.805767179062948e-07,0.00037441347315723825,0,4
mixed_groupcv_psnr_benefit_C1_lq_logistic_505,mixed_groupcv,psnr_benefit,C1_lq,logistic,505,bsds_46076,synthetic_bsds,0.6666666666666667,0.5,0.5,0.0,0.0,0.0,0.75,0.24902455192766515,0.2481215982921885,1,4
mixed_groupcv_psnr_benefit_C1_lq_logistic_505,mixed_groupcv,psnr_benefit,C1_lq,logistic,505,bsds_59078,synthetic_bsds,,,,0.0,0.0,0.0,1.0,5.17589294271903e-07,0.0006783645270149732,0,4
mixed_groupcv_psnr_benefit_C1_lq_logistic_505,mixed_groupcv,psnr_benefit,C1_lq,logistic,505,bsds_61086,synthetic_bsds,,,,0.0,0.0,0.0,1.0,8.174357634371874e-07,0.0006980026652908055,0,4
mixed_groupcv_psnr_benefit_C1_lq_logistic_505,mixed_groupcv,psnr_benefit,C1_lq,logistic,505,bsds_76002,synthetic_bsds,,,,0.0,0.0,0.0,1.0,1.4595982055016934e-07,0.00032344515540253286,0,4
mixed_groupcv_psnr_benefit_C1_lq_logistic_505,mixed_groupcv,psnr_benefit,C1_lq,logistic,505,bsds_80099,synthetic_bsds,,,,0.0,0.0,0.0,1.0,1.4130118025585993e-07,0.0002870884698644089,0,4
mixed_groupcv_psnr_benefit_C1_lq_logistic_505,mixed_groupcv,psnr_benefit,C1_lq,logistic,505,bsds_92059,synthetic_bsds,,,,0.0,0.0,0.0,1.0,4.736523634294954e-06,0.0019041921865965517,0,4
mixed_groupcv_psnr_benefit_C1_lq_mlp_505,mixed_groupcv,psnr_benefit,C1_lq,mlp,505,case1,real_csig,,,,0.0,0.0,0.0,1.0,0.06972489441153068,0.2576841735281051,0,192
mixed_groupcv_psnr_benefit_C1_lq_mlp_505,mixed_groupcv,psnr_benefit,C1_lq,mlp,505,case2,real_csig,0.45263157894736844,0.01384949896010588,0.5,0.0,0.0,0.0,0.9895833333333334,0.0762253886179431,0.2458113694253067,2,192
mixed_groupcv_psnr_benefit_C1_lq_mlp_505,mixed_groupcv,psnr_benefit,C1_lq,mlp,505,case3,real_csig,,,,0.0,0.0,0.0,1.0,0.059361147488122636,0.23609226220287383,0,192
mixed_groupcv_psnr_benefit_C1_lq_mlp_505,mixed_groupcv,psnr_benefit,C1_lq,mlp,505,case4,real_csig,,,,0.0,0.0,0.0,1.0,0.05470099301136993,0.22443277443138263,0,192
mixed_groupcv_psnr_benefit_C1_lq_mlp_505,mixed_groupcv,psnr_benefit,C1_lq,mlp,505,case5,real_csig,0.260752688172043,0.023210183901963517,0.5,0.0,0.0,0.0,0.96875,0.09197182427346969,0.23494945024140182,6,192
mixed_groupcv_psnr_benefit_C1_lq_mlp_505,mixed_groupcv,psnr_benefit,C1_lq,mlp,505,bsds_100098,synthetic_bsds,,,,0.0,0.0,0.0,1.0,0.05663814457438282,0.23638616129755974,0,4
mixed_groupcv_psnr_benefit_C1_lq_mlp_505,mixed_groupcv,psnr_benefit,C1_lq,mlp,505,bsds_106025,synthetic_bsds,,,,0.0,0.0,0.0,1.0,0.08947281849724176,0.2940893918275833,0,4
mixed_groupcv_psnr_benefit_C1_lq_mlp_505,mixed_groupcv,psnr_benefit,C1_lq,mlp,505,bsds_112082,synthetic_bsds,,,,0.0,0.0,0.0,1.0,0.06769288924631178,0.258684977889061,0,4
mixed_groupcv_psnr_benefit_C1_lq_mlp_505,mixed_groupcv,psnr_benefit,C1_lq,mlp,505,bsds_138078,synthetic_bsds,,,,0.0,0.0,0.0,1.0,0.13286073840129875,0.36203429102897644,0,4
mixed_groupcv_psnr_benefit_C1_lq_mlp_505,mixed_groupcv,psnr_benefit,C1_lq,mlp,505,bsds_140055,synthetic_bsds,,,,0.0,0.0,0.0,1.0,0.12587084578275515,0.3469345085322857,0,4
mixed_groupcv_psnr_benefit_C1_lq_mlp_505,mixed_groupcv,psnr_benefit,C1_lq,mlp,505,bsds_147021,synthetic_bsds,,,,0.0,0.0,0.0,1.0,0.14674307585606994,0.3801206424832344,0,4
mixed_groupcv_psnr_benefit_C1_lq_mlp_505,mixed_groupcv,psnr_benefit,C1_lq,mlp,505,bsds_153077,synthetic_bsds,,,,0.0,0.0,0.0,1.0,0.09583010940873549,0.2958759739995003,0,4
mixed_groupcv_psnr_benefit_C1_lq_mlp_505,mixed_groupcv,psnr_benefit,C1_lq,mlp,505,bsds_159029,synthetic_bsds,,,,0.0,0.0,0.0,1.0,0.07098536950798234,0.2648123539984226,0,4
mixed_groupcv_psnr_benefit_C1_lq_mlp_505,mixed_groupcv,psnr_benefit,C1_lq,mlp,505,bsds_159045,synthetic_bsds,,,,0.0,0.0,0.0,1.0,0.16848321066841043,0.4100978821516037,0,4
mixed_groupcv_psnr_benefit_C1_lq_mlp_505,mixed_groupcv,psnr_benefit,C1_lq,mlp,505,bsds_159091,synthetic_bsds,,,,0.0,0.0,0.0,1.0,0.08475388559612951,0.28717659413814545,0,4
mixed_groupcv_psnr_benefit_C1_lq_mlp_505,mixed_groupcv,psnr_benefit,C1_lq,mlp,505,bsds_164074,synthetic_bsds,,,,0.0,0.0,0.0,1.0,0.09964743983359226,0.31340470910072327,0,4
mixed_groupcv_psnr_benefit_C1_lq_mlp_505,mixed_groupcv,psnr_benefit,C1_lq,mlp,505,bsds_166081,synthetic_bsds,,,,0.0,0.0,0.0,1.0,0.06365145505533953,0.2437826320528984,0,4
mixed_groupcv_psnr_benefit_C1_lq_mlp_505,mixed_groupcv,psnr_benefit,C1_lq,mlp,505,bsds_176039,synthetic_bsds,,,,0.0,0.0,0.0,1.0,0.10397329023680446,0.32041286677122116,0,4
mixed_groupcv_psnr_benefit_C1_lq_mlp_505,mixed_groupcv,psnr_benefit,C1_lq,mlp,505,bsds_183055,synthetic_bsds,,,,0.0,0.0,0.0,1.0,0.07976203197408105,0.2805742844939232,0,4
mixed_groupcv_psnr_benefit_C1_lq_mlp_505,mixed_groupcv,psnr_benefit,C1_lq,mlp,505,bsds_187029,synthetic_bsds,,,,0.0,0.0,0.0,1.0,0.14487432217462004,0.3794175237417221,0,4
mixed_groupcv_psnr_benefit_C1_lq_mlp_505,mixed_groupcv,psnr_benefit,C1_lq,mlp,505,bsds_188063,synthetic_bsds,,,,0.0,0.0,0.0,1.0,0.12971472895214786,0.3550322949886322,0,4
mixed_groupcv_psnr_benefit_C1_lq_mlp_505,mixed_groupcv,psnr_benefit,C1_lq,mlp,505,bsds_198023,synthetic_bsds,0.0,0.6388888888888888,0.5,0.0,0.0,0.0,0.25,0.38388571184523745,0.6114229932427406,3,4
mixed_groupcv_psnr_benefit_C1_lq_mlp_505,mixed_groupcv,psnr_benefit,C1_lq,mlp,505,bsds_198054,synthetic_bsds,,,,0.0,0.0,0.0,0.5,0.19592258437795218,0.4353005439043045,0,4
mixed_groupcv_psnr_benefit_C1_lq_mlp_505,mixed_groupcv,psnr_benefit,C1_lq,mlp,505,bsds_20008,synthetic_bsds,,,,0.0,0.0,0.0,0.75,0.21404905945125496,0.45784834772348404,0,4
mixed_groupcv_psnr_benefit_C1_lq_mlp_505,mixed_groupcv,psnr_benefit,C1_lq,mlp,505,bsds_216041,synthetic_bsds,,,,0.0,0.0,0.0,1.0,0.14451930790232242,0.36831121519207954,0,4
mixed_groupcv_psnr_benefit_C1_lq_mlp_505,mixed_groupcv,psnr_benefit,C1_lq,mlp,505,bsds_225017,synthetic_bsds,,,,0.0,0.0,0.0,1.0,0.10537022559872705,0.3162093721330166,0,4
mixed_groupcv_psnr_benefit_C1_lq_mlp_505,mixed_groupcv,psnr_benefit,C1_lq,mlp,505,bsds_23025,synthetic_bsds,,,,0.0,0.0,0.0,1.0,0.09628001957987192,0.30193497613072395,0,4
mixed_groupcv_psnr_benefit_C1_lq_mlp_505,mixed_groupcv,psnr_benefit,C1_lq,mlp,505,bsds_23080,synthetic_bsds,,,,0.0,0.0,0.0,1.0,0.09123696008686377,0.28836728632450104,0,4
mixed_groupcv_psnr_benefit_C1_lq_mlp_505,mixed_groupcv,psnr_benefit,C1_lq,mlp,505,bsds_231015,synthetic_bsds,,,,0.0,0.0,0.0,1.0,0.09588913544943889,0.3055085837841034,0,4
mixed_groupcv_psnr_benefit_C1_lq_mlp_505,mixed_groupcv,psnr_benefit,C1_lq,mlp,505,bsds_236017,synthetic_bsds,,,,0.0,0.0,0.0,1.0,0.13278408014780707,0.3438948392868042,0,4
mixed_groupcv_psnr_benefit_C1_lq_mlp_505,mixed_groupcv,psnr_benefit,C1_lq,mlp,505,bsds_245051,synthetic_bsds,,,,0.0,0.0,0.0,1.0,0.1715872098477269,0.4113098680973053,0,4
mixed_groupcv_psnr_benefit_C1_lq_mlp_505,mixed_groupcv,psnr_benefit,C1_lq,mlp,505,bsds_246016,synthetic_bsds,,,,0.0,0.0,0.0,1.0,0.13238491823284826,0.3632395341992378,0,4
mixed_groupcv_psnr_benefit_C1_lq_mlp_505,mixed_groupcv,psnr_benefit,C1_lq,mlp,505,bsds_249061,synthetic_bsds,,,,0.0,0.0,0.0,1.0,0.1434952945973298,0.37591584026813507,0,4
mixed_groupcv_psnr_benefit_C1_lq_mlp_505,mixed_groupcv,psnr_benefit,C1_lq,mlp,505,bsds_25098,synthetic_bsds,,,,0.0,0.0,0.0,1.0,0.12974011847058842,0.35707786679267883,0,4
mixed_groupcv_psnr_benefit_C1_lq_mlp_505,mixed_groupcv,psnr_benefit,C1_lq,mlp,505,bsds_253036,synthetic_bsds,,,,0.0,0.0,0.0,1.0,0.11850600901789266,0.34399621188640594,0,4
mixed_groupcv_psnr_benefit_C1_lq_mlp_505,mixed_groupcv,psnr_benefit,C1_lq,mlp,505,bsds_254054,synthetic_bsds,,,,0.0,0.0,0.0,1.0,0.07314042905860307,0.26646631211042404,0,4
mixed_groupcv_psnr_benefit_C1_lq_mlp_505,mixed_groupcv,psnr_benefit,C1_lq,mlp,505,bsds_27059,synthetic_bsds,,,,0.0,0.0,0.0,1.0,0.08270199630847852,0.2698314040899277,0,4
mixed_groupcv_psnr_benefit_C1_lq_mlp_505,mixed_groupcv,psnr_benefit,C1_lq,mlp,505,bsds_271008,synthetic_bsds,,,,0.0,0.0,0.0,1.0,0.09113075243573016,0.29389240965247154,0,4
mixed_groupcv_psnr_benefit_C1_lq_mlp_505,mixed_groupcv,psnr_benefit,C1_lq,mlp,505,bsds_274007,synthetic_bsds,,,,0.0,0.0,0.0,1.0,0.07523998677541655,0.26024120301008224,0,4
mixed_groupcv_psnr_benefit_C1_lq_mlp_505,mixed_groupcv,psnr_benefit,C1_lq,mlp,505,bsds_286092,synthetic_bsds,,,,0.0,0.0,0.0,1.0,0.21476283132194274,0.46122489869594574,0,4
mixed_groupcv_psnr_benefit_C1_lq_mlp_505,mixed_groupcv,psnr_benefit,C1_lq,mlp,505,bsds_309004,synthetic_bsds,,,,0.0,0.0,0.0,1.0,0.10402883362021531,0.32074344903230667,0,4
mixed_groupcv_psnr_benefit_C1_lq_mlp_505,mixed_groupcv,psnr_benefit,C1_lq,mlp,505,bsds_311081,synthetic_bsds,,,,0.0,0.0,0.0,1.0,0.09419027570766825,0.2801695689558983,0,4
mixed_groupcv_psnr_benefit_C1_lq_mlp_505,mixed_groupcv,psnr_benefit,C1_lq,mlp,505,bsds_314016,synthetic_bsds,,,,0.0,0.0,0.0,1.0,0.13587104746663692,0.367740698158741,0,4
mixed_groupcv_psnr_benefit_C1_lq_mlp_505,mixed_groupcv,psnr_benefit,C1_lq,mlp,505,bsds_323016,synthetic_bsds,,,,0.0,0.0,0.0,1.0,0.1635921009706811,0.4020475596189499,0,4
mixed_groupcv_psnr_benefit_C1_lq_mlp_505,mixed_groupcv,psnr_benefit,C1_lq,mlp,505,bsds_368078,synthetic_bsds,,,,0.0,0.0,0.0,1.0,0.1498567286081227,0.37827927619218826,0,4
mixed_groupcv_psnr_benefit_C1_lq_mlp_505,mixed_groupcv,psnr_benefit,C1_lq,mlp,505,bsds_374020,synthetic_bsds,,,,0.0,0.0,0.0,1.0,0.06761178614383634,0.25861062854528427,0,4
mixed_groupcv_psnr_benefit_C1_lq_mlp_505,mixed_groupcv,psnr_benefit,C1_lq,mlp,505,bsds_385028,synthetic_bsds,,,,0.0,0.0,0.0,1.0,0.10333628473822559,0.3163825236260891,0,4
mixed_groupcv_psnr_benefit_C1_lq_mlp_505,mixed_groupcv,psnr_benefit,C1_lq,mlp,505,bsds_41004,synthetic_bsds,0.0,0.25,0.5,0.0,0.0,0.0,0.75,0.202652416012697,0.417127825319767,1,4
mixed_groupcv_psnr_benefit_C1_lq_mlp_505,mixed_groupcv,psnr_benefit,C1_lq,mlp,505,bsds_45077,synthetic_bsds,,,,0.0,0.0,0.0,1.0,0.161384088412444,0.40096403658390045,0,4
mixed_groupcv_psnr_benefit_C1_lq_mlp_505,mixed_groupcv,psnr_benefit,C1_lq,mlp,505,bsds_46076,synthetic_bsds,0.6666666666666667,0.5,0.5,0.0,0.0,0.0,0.75,0.18342633496450778,0.22889568656682968,1,4
mixed_groupcv_psnr_benefit_C1_lq_mlp_505,mixed_groupcv,psnr_benefit,C1_lq,mlp,505,bsds_59078,synthetic_bsds,,,,0.0,0.0,0.0,1.0,0.09145302625581131,0.2919129431247711,0,4
mixed_groupcv_psnr_benefit_C1_lq_mlp_505,mixed_groupcv,psnr_benefit,C1_lq,mlp,505,bsds_61086,synthetic_bsds,,,,0.0,0.0,0.0,1.0,0.1335165274478316,0.3619467094540596,0,4
mixed_groupcv_psnr_benefit_C1_lq_mlp_505,mixed_groupcv,psnr_benefit,C1_lq,mlp,505,bsds_76002,synthetic_bsds,,,,0.0,0.0,0.0,1.0,0.10834501292663279,0.3280054107308388,0,4
mixed_groupcv_psnr_benefit_C1_lq_mlp_505,mixed_groupcv,psnr_benefit,C1_lq,mlp,505,bsds_80099,synthetic_bsds,,,,0.0,0.0,0.0,1.0,0.07900510374480235,0.2676074840128422,0,4
mixed_groupcv_psnr_benefit_C1_lq_mlp_505,mixed_groupcv,psnr_benefit,C1_lq,mlp,505,bsds_92059,synthetic_bsds,,,,0.0,0.0,0.0,1.0,0.07477017110543427,0.26462939381599426,0,4
mixed_groupcv_psnr_benefit_C1_lq_mlp_506,mixed_groupcv,psnr_benefit,C1_lq,mlp,506,case1,real_csig,,,,0.0,0.0,0.0,1.0,0.05295968734333243,0.22499501786660406,0,192
mixed_groupcv_psnr_benefit_C1_lq_mlp_506,mixed_groupcv,psnr_benefit,C1_lq,mlp,506,case2,real_csig,0.8342105263157894,0.04673913043478261,0.5,0.0,0.0,0.0,0.9895833333333334,0.05090725304652455,0.1964821917548155,2,192
mixed_groupcv_psnr_benefit_C1_lq_mlp_506,mixed_groupcv,psnr_benefit,C1_lq,mlp,506,case3,real_csig,,,,0.0,0.0,0.0,1.0,0.030960627411966396,0.1677502569897721,0,192
mixed_groupcv_psnr_benefit_C1_lq_mlp_506,mixed_groupcv,psnr_benefit,C1_lq,mlp,506,case4,real_csig,,,,0.0,0.0,0.0,1.0,0.03902797820301623,0.18972348363604394,0,192
mixed_groupcv_psnr_benefit_C1_lq_mlp_506,mixed_groupcv,psnr_benefit,C1_lq,mlp,506,case5,real_csig,0.4229390681003584,0.0299052497747525,0.5,0.0,0.0,0.0,0.96875,0.05390745463732344,0.1450714779784903,6,192
mixed_groupcv_psnr_benefit_C1_lq_mlp_506,mixed_groupcv,psnr_benefit,C1_lq,mlp,506,bsds_100098,synthetic_bsds,,,,0.0,0.0,0.0,1.0,0.036573886963786495,0.18949584662914276,0,4
mixed_groupcv_psnr_benefit_C1_lq_mlp_506,mixed_groupcv,psnr_benefit,C1_lq,mlp,506,bsds_106025,synthetic_bsds,,,,0.0,0.0,0.0,1.0,0.106944034577801,0.3267759084701538,0,4
mixed_groupcv_psnr_benefit_C1_lq_mlp_506,mixed_groupcv,psnr_benefit,C1_lq,mlp,506,bsds_112082,synthetic_bsds,,,,0.0,0.0,0.0,1.0,0.03768087831074979,0.1924663968384266,0,4
mixed_groupcv_psnr_benefit_C1_lq_mlp_506,mixed_groupcv,psnr_benefit,C1_lq,mlp,506,bsds_138078,synthetic_bsds,,,,0.0,0.0,0.0,1.0,0.11290656525010229,0.3314707837998867,0,4
mixed_groupcv_psnr_benefit_C1_lq_mlp_506,mixed_groupcv,psnr_benefit,C1_lq,mlp,506,bsds_140055,synthetic_bsds,,,,0.0,0.0,0.0,1.0,0.14342497925677344,0.3774028718471527,0,4
mixed_groupcv_psnr_benefit_C1_lq_mlp_506,mixed_groupcv,psnr_benefit,C1_lq,mlp,506,bsds_147021,synthetic_bsds,,,,0.0,0.0,0.0,1.0,0.11442986970419877,0.33216528594493866,0,4
mixed_groupcv_psnr_benefit_C1_lq_mlp_506,mixed_groupcv,psnr_benefit,C1_lq,mlp,506,bsds_153077,synthetic_bsds,,,,0.0,0.0,0.0,1.0,0.06429009906931737,0.24722515046596527,0,4
mixed_groupcv_psnr_benefit_C1_lq_mlp_506,mixed_groupcv,psnr_benefit,C1_lq,mlp,506,bsds_159029,synthetic_bsds,,,,0.0,0.0,0.0,1.0,0.10781663473138448,0.3219618946313858,0,4
mixed_groupcv_psnr_benefit_C1_lq_mlp_506,mixed_groupcv,psnr_benefit,C1_lq,mlp,506,bsds_159045,synthetic_bsds,,,,0.0,0.0,0.0,1.0,0.07287786148294845,0.26938534155488014,0,4
mixed_groupcv_psnr_benefit_C1_lq_mlp_506,mixed_groupcv,psnr_benefit,C1_lq,mlp,506,bsds_159091,synthetic_bsds,,,,0.0,0.0,0.0,1.0,0.044290591696775794,0.20899247005581856,0,4
mixed_groupcv_psnr_benefit_C1_lq_mlp_506,mixed_groupcv,psnr_benefit,C1_lq,mlp,506,bsds_164074,synthetic_bsds,,,,0.0,0.0,0.0,1.0,0.11723442328317502,0.33658885955810547,0,4
mixed_groupcv_psnr_benefit_C1_lq_mlp_506,mixed_groupcv,psnr_benefit,C1_lq,mlp,506,bsds_166081,synthetic_bsds,,,,0.0,0.0,0.0,1.0,0.15392099909547552,0.39180363714694977,0,4
mixed_groupcv_psnr_benefit_C1_lq_mlp_506,mixed_groupcv,psnr_benefit,C1_lq,mlp,506,bsds_176039,synthetic_bsds,,,,0.0,0.0,0.0,1.0,0.09360240381723384,0.30420950800180435,0,4
mixed_groupcv_psnr_benefit_C1_lq_mlp_506,mixed_groupcv,psnr_benefit,C1_lq,mlp,506,bsds_183055,synthetic_bsds,,,,0.0,0.0,0.0,1.0,0.03658407804402414,0.18827031180262566,0,4
mixed_groupcv_psnr_benefit_C1_lq_mlp_506,mixed_groupcv,psnr_benefit,C1_lq,mlp,506,bsds_187029,synthetic_bsds,,,,0.0,0.0,0.0,1.0,0.1362252854575241,0.36831193417310715,0,4
mixed_groupcv_psnr_benefit_C1_lq_mlp_506,mixed_groupcv,psnr_benefit,C1_lq,mlp,506,bsds_188063,synthetic_bsds,,,,0.0,0.0,0.0,1.0,0.02657328256846571,0.15610219724476337,0,4
mixed_groupcv_psnr_benefit_C1_lq_mlp_506,mixed_groupcv,psnr_benefit,C1_lq,mlp,506,bsds_198023,synthetic_bsds,0.6666666666666666,0.9166666666666665,0.5,0.0,0.0,0.0,0.25,0.3480556063958218,0.4033496007323265,3,4
mixed_groupcv_psnr_benefit_C1_lq_mlp_506,mixed_groupcv,psnr_benefit,C1_lq,mlp,506,bsds_198054,synthetic_bsds,,,,0.0,0.0,0.0,1.0,0.16451331553034287,0.4032740220427513,0,4
mixed_groupcv_psnr_benefit_C1_lq_mlp_506,mixed_groupcv,psnr_benefit,C1_lq,mlp,506,bsds_20008,synthetic_bsds,,,,0.0,0.0,0.0,1.0,0.12751233404915086,0.34679657220840454,0,4
mixed_groupcv_psnr_benefit_C1_lq_mlp_506,mixed_groupcv,psnr_benefit,C1_lq,mlp,506,bsds_216041,synthetic_bsds,,,,0.0,0.0,0.0,1.0,0.06238070382235278,0.24126116558909416,0,4
mixed_groupcv_psnr_benefit_C1_lq_mlp_506,mixed_groupcv,psnr_benefit,C1_lq,mlp,506,bsds_225017,synthetic_bsds,,,,0.0,0.0,0.0,1.0,0.06644770333127392,0.24585063010454178,0,4
mixed_groupcv_psnr_benefit_C1_lq_mlp_506,mixed_groupcv,psnr_benefit,C1_lq,mlp,506,bsds_23025,synthetic_bsds,,,,0.0,0.0,0.0,1.0,0.12999641609363732,0.3578520491719246,0,4
mixed_groupcv_psnr_benefit_C1_lq_mlp_506,mixed_groupcv,psnr_benefit,C1_lq,mlp,506,bsds_23080,synthetic_bsds,,,,0.0,0.0,0.0,1.0,0.11534638590215263,0.3348696678876877,0,4
mixed_groupcv_psnr_benefit_C1_lq_mlp_506,mixed_groupcv,psnr_benefit,C1_lq,mlp,506,bsds_231015,synthetic_bsds,,,,0.0,0.0,0.0,1.0,0.09666382063914214,0.3060237243771553,0,4
mixed_groupcv_psnr_benefit_C1_lq_mlp_506,mixed_groupcv,psnr_benefit,C1_lq,mlp,506,bsds_236017,synthetic_bsds,,,,0.0,0.0,0.0,1.0,0.13538268548476884,0.35894913971424103,0,4
mixed_groupcv_psnr_benefit_C1_lq_mlp_506,mixed_groupcv,psnr_benefit,C1_lq,mlp,506,bsds_245051,synthetic_bsds,,,,0.0,0.0,0.0,1.0,0.06267127911671866,0.2429564744234085,0,4
mixed_groupcv_psnr_benefit_C1_lq_mlp_506,mixed_groupcv,psnr_benefit,C1_lq,mlp,506,bsds_246016,synthetic_bsds,,,,0.0,0.0,0.0,1.0,0.0722805094335619,0.26021406799554825,0,4
mixed_groupcv_psnr_benefit_C1_lq_mlp_506,mixed_groupcv,psnr_benefit,C1_lq,mlp,506,bsds_249061,synthetic_bsds,,,,0.0,0.0,0.0,1.0,0.1811033959092223,0.4218205139040947,0,4
mixed_groupcv_psnr_benefit_C1_lq_mlp_506,mixed_groupcv,psnr_benefit,C1_lq,mlp,506,bsds_25098,synthetic_bsds,,,,0.0,0.0,0.0,1.0,0.1602425775496843,0.3977953940629959,0,4
mixed_groupcv_psnr_benefit_C1_lq_mlp_506,mixed_groupcv,psnr_benefit,C1_lq,mlp,506,bsds_253036,synthetic_bsds,,,,0.0,0.0,0.0,1.0,0.12726282601075378,0.35640309005975723,0,4
mixed_groupcv_psnr_benefit_C1_lq_mlp_506,mixed_groupcv,psnr_benefit,C1_lq,mlp,506,bsds_254054,synthetic_bsds,,,,0.0,0.0,0.0,1.0,0.06046240203569114,0.23853493109345436,0,4
mixed_groupcv_psnr_benefit_C1_lq_mlp_506,mixed_groupcv,psnr_benefit,C1_lq,mlp,506,bsds_27059,synthetic_bsds,,,,0.0,0.0,0.0,0.75,0.16218502951122127,0.3972829803824425,0,4
mixed_groupcv_psnr_benefit_C1_lq_mlp_506,mixed_groupcv,psnr_benefit,C1_lq,mlp,506,bsds_271008,synthetic_bsds,,,,0.0,0.0,0.0,1.0,0.0805027319201288,0.2758376821875572,0,4
mixed_groupcv_psnr_benefit_C1_lq_mlp_506,mixed_groupcv,psnr_benefit,C1_lq,mlp,506,bsds_274007,synthetic_bsds,,,,0.0,0.0,0.0,1.0,0.11146127291810792,0.33325082063674927,0,4
mixed_groupcv_psnr_benefit_C1_lq_mlp_506,mixed_groupcv,psnr_benefit,C1_lq,mlp,506,bsds_286092,synthetic_bsds,,,,0.0,0.0,0.0,1.0,0.05272222171656277,0.2278612069785595,0,4
mixed_groupcv_psnr_benefit_C1_lq_mlp_506,mixed_groupcv,psnr_benefit,C1_lq,mlp,506,bsds_309004,synthetic_bsds,,,,0.0,0.0,0.0,1.0,0.07214344157919955,0.2608642913401127,0,4
mixed_groupcv_psnr_benefit_C1_lq_mlp_506,mixed_groupcv,psnr_benefit,C1_lq,mlp,506,bsds_311081,synthetic_bsds,,,,0.0,0.0,0.0,1.0,0.14698980428494535,0.37910735607147217,0,4
mixed_groupcv_psnr_benefit_C1_lq_mlp_506,mixed_groupcv,psnr_benefit,C1_lq,mlp,506,bsds_314016,synthetic_bsds,,,,0.0,0.0,0.0,1.0,0.10378208131535849,0.31859204918146133,0,4
mixed_groupcv_psnr_benefit_C1_lq_mlp_506,mixed_groupcv,psnr_benefit,C1_lq,mlp,506,bsds_323016,synthetic_bsds,,,,0.0,0.0,0.0,1.0,0.1402202093365501,0.36820392310619354,0,4
mixed_groupcv_psnr_benefit_C1_lq_mlp_506,mixed_groupcv,psnr_benefit,C1_lq,mlp,506,bsds_368078,synthetic_bsds,,,,0.0,0.0,0.0,1.0,0.09244864130829411,0.3000632971525192,0,4
mixed_groupcv_psnr_benefit_C1_lq_mlp_506,mixed_groupcv,psnr_benefit,C1_lq,mlp,506,bsds_374020,synthetic_bsds,,,,0.0,0.0,0.0,1.0,0.12702277002360396,0.3541281595826149,0,4
mixed_groupcv_psnr_benefit_C1_lq_mlp_506,mixed_groupcv,psnr_benefit,C1_lq,mlp,506,bsds_385028,synthetic_bsds,,,,0.0,0.0,0.0,1.0,0.14294074530691292,0.377313569188118,0,4
mixed_groupcv_psnr_benefit_C1_lq_mlp_506,mixed_groupcv,psnr_benefit,C1_lq,mlp,506,bsds_41004,synthetic_bsds,0.6666666666666667,0.5,0.5,0.0,0.0,0.0,0.75,0.19198289193615492,0.18462933599948883,1,4
mixed_groupcv_psnr_benefit_C1_lq_mlp_506,mixed_groupcv,psnr_benefit,C1_lq,mlp,506,bsds_45077,synthetic_bsds,,,,0.0,0.0,0.0,1.0,0.10698132434905316,0.32588113844394684,0,4
mixed_groupcv_psnr_benefit_C1_lq_mlp_506,mixed_groupcv,psnr_benefit,C1_lq,mlp,506,bsds_46076,synthetic_bsds,1.0,1.0,0.5,0.0,0.0,0.0,0.75,0.16708579636631904,0.20437947660684586,1,4
mixed_groupcv_psnr_benefit_C1_lq_mlp_506,mixed_groupcv,psnr_benefit,C1_lq,mlp,506,bsds_59078,synthetic_bsds,,,,0.0,0.0,0.0,1.0,0.10958623447739635,0.3295751214027405,0,4
mixed_groupcv_psnr_benefit_C1_lq_mlp_506,mixed_groupcv,psnr_benefit,C1_lq,mlp,506,bsds_61086,synthetic_bsds,,,,0.0,0.0,0.0,1.0,0.1007545683475557,0.3104337826371193,0,4
mixed_groupcv_psnr_benefit_C1_lq_mlp_506,mixed_groupcv,psnr_benefit,C1_lq,mlp,506,bsds_76002,synthetic_bsds,,,,0.0,0.0,0.0,1.0,0.1334564153795441,0.36308620125055313,0,4
mixed_groupcv_psnr_benefit_C1_lq_mlp_506,mixed_groupcv,psnr_benefit,C1_lq,mlp,506,bsds_80099,synthetic_bsds,,,,0.0,0.0,0.0,1.0,0.06727103127441653,0.2555189020931721,0,4
mixed_groupcv_psnr_benefit_C1_lq_mlp_506,mixed_groupcv,psnr_benefit,C1_lq,mlp,506,bsds_92059,synthetic_bsds,,,,0.0,0.0,0.0,1.0,0.077168370573244,0.26927967369556427,0,4
mixed_groupcv_psnr_benefit_C1_lq_mlp_507,mixed_groupcv,psnr_benefit,C1_lq,mlp,507,case1,real_csig,,,,0.0,0.0,0.0,1.0,0.06001837074339528,0.23933574153731269,0,192
mixed_groupcv_psnr_benefit_C1_lq_mlp_507,mixed_groupcv,psnr_benefit,C1_lq,mlp,507,case2,real_csig,0.9447368421052631,0.125,0.5,0.0,0.0,0.0,0.9895833333333334,0.06571682826693753,0.23316419811453667,2,192
mixed_groupcv_psnr_benefit_C1_lq_mlp_507,mixed_groupcv,psnr_benefit,C1_lq,mlp,507,case3,real_csig,,,,0.0,0.0,0.0,1.0,0.06280003064972409,0.2436534060786168,0,192
mixed_groupcv_psnr_benefit_C1_lq_mlp_507,mixed_groupcv,psnr_benefit,C1_lq,mlp,507,case4,real_csig,,,,0.0,0.0,0.0,1.0,0.035868757929679675,0.18292083226454758,0,192
mixed_groupcv_psnr_benefit_C1_lq_mlp_507,mixed_groupcv,psnr_benefit,C1_lq,mlp,507,case5,real_csig,0.5206093189964158,0.037539124664540874,0.5,0.0,0.0,0.0,0.96875,0.07173494708147267,0.19687898092282316,6,192
mixed_groupcv_psnr_benefit_C1_lq_mlp_507,mixed_groupcv,psnr_benefit,C1_lq,mlp,507,bsds_100098,synthetic_bsds,,,,0.0,0.0,0.0,1.0,0.05923184682348459,0.23500906676054,0,4
mixed_groupcv_psnr_benefit_C1_lq_mlp_507,mixed_groupcv,psnr_benefit,C1_lq,mlp,507,bsds_106025,synthetic_bsds,,,,0.0,0.0,0.0,1.0,0.09185197959917568,0.3004867285490036,0,4
mixed_groupcv_psnr_benefit_C1_lq_mlp_507,mixed_groupcv,psnr_benefit,C1_lq,mlp,507,bsds_112082,synthetic_bsds,,,,0.0,0.0,0.0,1.0,0.08520484154251862,0.2867363318800926,0,4
mixed_groupcv_psnr_benefit_C1_lq_mlp_507,mixed_groupcv,psnr_benefit,C1_lq,mlp,507,bsds_138078,synthetic_bsds,,,,0.0,0.0,0.0,1.0,0.10374482175727917,0.319250263273716,0,4
mixed_groupcv_psnr_benefit_C1_lq_mlp_507,mixed_groupcv,psnr_benefit,C1_lq,mlp,507,bsds_140055,synthetic_bsds,,,,0.0,0.0,0.0,1.0,0.07563278883235852,0.2726732902228832,0,4
mixed_groupcv_psnr_benefit_C1_lq_mlp_507,mixed_groupcv,psnr_benefit,C1_lq,mlp,507,bsds_147021,synthetic_bsds,,,,0.0,0.0,0.0,1.0,0.09169949848823156,0.3003489151597023,0,4
mixed_groupcv_psnr_benefit_C1_lq_mlp_507,mixed_groupcv,psnr_benefit,C1_lq,mlp,507,bsds_153077,synthetic_bsds,,,,0.0,0.0,0.0,1.0,0.11527945211750512,0.339273639023304,0,4
mixed_groupcv_psnr_benefit_C1_lq_mlp_507,mixed_groupcv,psnr_benefit,C1_lq,mlp,507,bsds_159029,synthetic_bsds,,,,0.0,0.0,0.0,1.0,0.11544927096628,0.3352641463279724,0,4
mixed_groupcv_psnr_benefit_C1_lq_mlp_507,mixed_groupcv,psnr_benefit,C1_lq,mlp,507,bsds_159045,synthetic_bsds,,,,0.0,0.0,0.0,1.0,0.10211068582575455,0.31874607503414154,0,4
mixed_groupcv_psnr_benefit_C1_lq_mlp_507,mixed_groupcv,psnr_benefit,C1_lq,mlp,507,bsds_159091,synthetic_bsds,,,,0.0,0.0,0.0,1.0,0.051647445890042054,0.22282425686717033,0,4
mixed_groupcv_psnr_benefit_C1_lq_mlp_507,mixed_groupcv,psnr_benefit,C1_lq,mlp,507,bsds_164074,synthetic_bsds,,,,0.0,0.0,0.0,1.0,0.1385740781458309,0.3604525178670883,0,4
mixed_groupcv_psnr_benefit_C1_lq_mlp_507,mixed_groupcv,psnr_benefit,C1_lq,mlp,507,bsds_166081,synthetic_bsds,,,,0.0,0.0,0.0,1.0,0.04525254067007134,0.21180899441242218,0,4
mixed_groupcv_psnr_benefit_C1_lq_mlp_507,mixed_groupcv,psnr_benefit,C1_lq,mlp,507,bsds_176039,synthetic_bsds,,,,0.0,0.0,0.0,1.0,0.09815819054473596,0.31067845970392227,0,4
mixed_groupcv_psnr_benefit_C1_lq_mlp_507,mixed_groupcv,psnr_benefit,C1_lq,mlp,507,bsds_183055,synthetic_bsds,,,,0.0,0.0,0.0,1.0,0.08864143047702289,0.29379725456237793,0,4
mixed_groupcv_psnr_benefit_C1_lq_mlp_507,mixed_groupcv,psnr_benefit,C1_lq,mlp,507,bsds_187029,synthetic_bsds,,,,0.0,0.0,0.0,1.0,0.1685220025878873,0.4024900868535042,0,4
mixed_groupcv_psnr_benefit_C1_lq_mlp_507,mixed_groupcv,psnr_benefit,C1_lq,mlp,507,bsds_188063,synthetic_bsds,,,,0.0,0.0,0.0,1.0,0.07491497391890523,0.2683785408735275,0,4
mixed_groupcv_psnr_benefit_C1_lq_mlp_507,mixed_groupcv,psnr_benefit,C1_lq,mlp,507,bsds_198023,synthetic_bsds,0.3333333333333333,0.8055555555555556,0.5,0.0,0.0,0.0,0.25,0.38680694946252636,0.43702334165573115,3,4
mixed_groupcv_psnr_benefit_C1_lq_mlp_507,mixed_groupcv,psnr_benefit,C1_lq,mlp,507,bsds_198054,synthetic_bsds,,,,0.0,0.0,0.0,1.0,0.10619222387721039,0.3255332186818123,0,4
mixed_groupcv_psnr_benefit_C1_lq_mlp_507,mixed_groupcv,psnr_benefit,C1_lq,mlp,507,bsds_20008,synthetic_bsds,,,,0.0,0.0,0.0,1.0,0.13356732509609226,0.35925383120775223,0,4
mixed_groupcv_psnr_benefit_C1_lq_mlp_507,mixed_groupcv,psnr_benefit,C1_lq,mlp,507,bsds_216041,synthetic_bsds,,,,0.0,0.0,0.0,1.0,0.09534402561589839,0.29520154744386673,0,4
mixed_groupcv_psnr_benefit_C1_lq_mlp_507,mixed_groupcv,psnr_benefit,C1_lq,mlp,507,bsds_225017,synthetic_bsds,,,,0.0,0.0,0.0,1.0,0.10550703132876693,0.3220653086900711,0,4
mixed_groupcv_psnr_benefit_C1_lq_mlp_507,mixed_groupcv,psnr_benefit,C1_lq,mlp,507,bsds_23025,synthetic_bsds,,,,0.0,0.0,0.0,1.0,0.0674082217399235,0.25635938718914986,0,4
mixed_groupcv_psnr_benefit_C1_lq_mlp_507,mixed_groupcv,psnr_benefit,C1_lq,mlp,507,bsds_23080,synthetic_bsds,,,,0.0,0.0,0.0,1.0,0.11387128032913685,0.3362591117620468,0,4
mixed_groupcv_psnr_benefit_C1_lq_mlp_507,mixed_groupcv,psnr_benefit,C1_lq,mlp,507,bsds_231015,synthetic_bsds,,,,0.0,0.0,0.0,1.0,0.09237303985352896,0.3035620376467705,0,4
mixed_groupcv_psnr_benefit_C1_lq_mlp_507,mixed_groupcv,psnr_benefit,C1_lq,mlp,507,bsds_236017,synthetic_bsds,,,,0.0,0.0,0.0,1.0,0.10927840235167019,0.31849970668554306,0,4
mixed_groupcv_psnr_benefit_C1_lq_mlp_507,mixed_groupcv,psnr_benefit,C1_lq,mlp,507,bsds_245051,synthetic_bsds,,,,0.0,0.0,0.0,1.0,0.07239420612517083,0.26695891842246056,0,4
mixed_groupcv_psnr_benefit_C1_lq_mlp_507,mixed_groupcv,psnr_benefit,C1_lq,mlp,507,bsds_246016,synthetic_bsds,,,,0.0,0.0,0.0,1.0,0.08196800461420645,0.28312306478619576,0,4
mixed_groupcv_psnr_benefit_C1_lq_mlp_507,mixed_groupcv,psnr_benefit,C1_lq,mlp,507,bsds_249061,synthetic_bsds,,,,0.0,0.0,0.0,1.0,0.0918409714661324,0.30022111162543297,0,4
mixed_groupcv_psnr_benefit_C1_lq_mlp_507,mixed_groupcv,psnr_benefit,C1_lq,mlp,507,bsds_25098,synthetic_bsds,,,,0.0,0.0,0.0,1.0,0.09894554205846662,0.3131433427333832,0,4
mixed_groupcv_psnr_benefit_C1_lq_mlp_507,mixed_groupcv,psnr_benefit,C1_lq,mlp,507,bsds_253036,synthetic_bsds,,,,0.0,0.0,0.0,1.0,0.16767795009327946,0.4062953442335129,0,4
mixed_groupcv_psnr_benefit_C1_lq_mlp_507,mixed_groupcv,psnr_benefit,C1_lq,mlp,507,bsds_254054,synthetic_bsds,,,,0.0,0.0,0.0,1.0,0.04561646686131615,0.2062692642211914,0,4
mixed_groupcv_psnr_benefit_C1_lq_mlp_507,mixed_groupcv,psnr_benefit,C1_lq,mlp,507,bsds_27059,synthetic_bsds,,,,0.0,0.0,0.0,1.0,0.096505634664525,0.29977571964263916,0,4
mixed_groupcv_psnr_benefit_C1_lq_mlp_507,mixed_groupcv,psnr_benefit,C1_lq,mlp,507,bsds_271008,synthetic_bsds,,,,0.0,0.0,0.0,1.0,0.07010008901546377,0.25574514642357826,0,4
mixed_groupcv_psnr_benefit_C1_lq_mlp_507,mixed_groupcv,psnr_benefit,C1_lq,mlp,507,bsds_274007,synthetic_bsds,,,,0.0,0.0,0.0,1.0,0.07527104645405303,0.26411402225494385,0,4
mixed_groupcv_psnr_benefit_C1_lq_mlp_507,mixed_groupcv,psnr_benefit,C1_lq,mlp,507,bsds_286092,synthetic_bsds,,,,0.0,0.0,0.0,1.0,0.1711365985165545,0.4108608588576317,0,4
mixed_groupcv_psnr_benefit_C1_lq_mlp_507,mixed_groupcv,psnr_benefit,C1_lq,mlp,507,bsds_309004,synthetic_bsds,,,,0.0,0.0,0.0,1.0,0.1139789774106797,0.33132336661219597,0,4
mixed_groupcv_psnr_benefit_C1_lq_mlp_507,mixed_groupcv,psnr_benefit,C1_lq,mlp,507,bsds_311081,synthetic_bsds,,,,0.0,0.0,0.0,1.0,0.12289116145681472,0.3326258026063442,0,4
mixed_groupcv_psnr_benefit_C1_lq_mlp_507,mixed_groupcv,psnr_benefit,C1_lq,mlp,507,bsds_314016,synthetic_bsds,,,,0.0,0.0,0.0,1.0,0.10617785564007365,0.3224918246269226,0,4
mixed_groupcv_psnr_benefit_C1_lq_mlp_507,mixed_groupcv,psnr_benefit,C1_lq,mlp,507,bsds_323016,synthetic_bsds,,,,0.0,0.0,0.0,1.0,0.16466380186238272,0.40340082347393036,0,4
mixed_groupcv_psnr_benefit_C1_lq_mlp_507,mixed_groupcv,psnr_benefit,C1_lq,mlp,507,bsds_368078,synthetic_bsds,,,,0.0,0.0,0.0,1.0,0.10423364942028052,0.31873446330428123,0,4
mixed_groupcv_psnr_benefit_C1_lq_mlp_507,mixed_groupcv,psnr_benefit,C1_lq,mlp,507,bsds_374020,synthetic_bsds,,,,0.0,0.0,0.0,1.0,0.058066398802739116,0.23216908425092697,0,4
mixed_groupcv_psnr_benefit_C1_lq_mlp_507,mixed_groupcv,psnr_benefit,C1_lq,mlp,507,bsds_385028,synthetic_bsds,,,,0.0,0.0,0.0,1.0,0.07457888458648682,0.27242760732769966,0,4
mixed_groupcv_psnr_benefit_C1_lq_mlp_507,mixed_groupcv,psnr_benefit,C1_lq,mlp,507,bsds_41004,synthetic_bsds,0.6666666666666667,0.5,0.5,0.0,0.0,0.0,0.75,0.1947222048006252,0.26215558499097824,1,4
mixed_groupcv_psnr_benefit_C1_lq_mlp_507,mixed_groupcv,psnr_benefit,C1_lq,mlp,507,bsds_45077,synthetic_bsds,,,,0.0,0.0,0.0,1.0,0.08648101331177449,0.2878529503941536,0,4
mixed_groupcv_psnr_benefit_C1_lq_mlp_507,mixed_groupcv,psnr_benefit,C1_lq,mlp,507,bsds_46076,synthetic_bsds,0.6666666666666667,0.5,0.5,0.0,0.0,0.0,0.75,0.18783881833450616,0.14784361049532888,1,4
mixed_groupcv_psnr_benefit_C1_lq_mlp_507,mixed_groupcv,psnr_benefit,C1_lq,mlp,507,bsds_59078,synthetic_bsds,,,,0.0,0.0,0.0,1.0,0.07329684553592619,0.26277966797351837,0,4
mixed_groupcv_psnr_benefit_C1_lq_mlp_507,mixed_groupcv,psnr_benefit,C1_lq,mlp,507,bsds_61086,synthetic_bsds,,,,0.0,0.0,0.0,1.0,0.08942661143937275,0.29209596291184425,0,4
mixed_groupcv_psnr_benefit_C1_lq_mlp_507,mixed_groupcv,psnr_benefit,C1_lq,mlp,507,bsds_76002,synthetic_bsds,,,,0.0,0.0,0.0,1.0,0.056445581727217975,0.2354406826198101,0,4
mixed_groupcv_psnr_benefit_C1_lq_mlp_507,mixed_groupcv,psnr_benefit,C1_lq,mlp,507,bsds_80099,synthetic_bsds,,,,0.0,0.0,0.0,1.0,0.05420590481691878,0.22712822258472443,0,4
mixed_groupcv_psnr_benefit_C1_lq_mlp_507,mixed_groupcv,psnr_benefit,C1_lq,mlp,507,bsds_92059,synthetic_bsds,,,,0.0,0.0,0.0,1.0,0.07804248661781499,0.2688627243041992,0,4
mixed_groupcv_psnr_benefit_C1_restored_logistic_505,mixed_groupcv,psnr_benefit,C1_restored,logistic,505,case1,real_csig,,,,0.0,0.0,0.0,1.0,2.8263053103820854e-05,0.0041147209211638905,0,192
mixed_groupcv_psnr_benefit_C1_restored_logistic_505,mixed_groupcv,psnr_benefit,C1_restored,logistic,505,case2,real_csig,0.6815789473684211,0.03083333333333333,0.5,0.0,0.0,0.0,0.9895833333333334,0.01031940631316215,0.0031497985716206923,2,192
mixed_groupcv_psnr_benefit_C1_restored_logistic_505,mixed_groupcv,psnr_benefit,C1_restored,logistic,505,case3,real_csig,,,,0.0,0.0,0.0,1.0,5.119963440848075e-06,0.0012375989655756116,0,192
mixed_groupcv_psnr_benefit_C1_restored_logistic_505,mixed_groupcv,psnr_benefit,C1_restored,logistic,505,case4,real_csig,,,,0.0,0.0,0.0,1.0,6.7762455838679135e-06,0.0014370357808176561,0,192
mixed_groupcv_psnr_benefit_C1_restored_logistic_505,mixed_groupcv,psnr_benefit,C1_restored,logistic,505,case5,real_csig,0.489247311827957,0.035163501827527824,0.5,0.0,0.0,0.0,0.96875,0.031121489844496596,0.028000328231638574,6,192
mixed_groupcv_psnr_benefit_C1_restored_logistic_505,mixed_groupcv,psnr_benefit,C1_restored,logistic,505,bsds_100098,synthetic_bsds,,,,0.0,0.0,0.0,1.0,8.75587309376492e-05,0.006171378005941781,0,4
mixed_groupcv_psnr_benefit_C1_restored_logistic_505,mixed_groupcv,psnr_benefit,C1_restored,logistic,505,bsds_106025,synthetic_bsds,,,,0.0,0.0,0.0,1.0,8.186658680552011e-05,0.006101960735089342,0,4
mixed_groupcv_psnr_benefit_C1_restored_logistic_505,mixed_groupcv,psnr_benefit,C1_restored,logistic,505,bsds_112082,synthetic_bsds,,,,0.0,0.0,0.0,1.0,2.808044984233e-07,0.0004945842842403366,0,4
mixed_groupcv_psnr_benefit_C1_restored_logistic_505,mixed_groupcv,psnr_benefit,C1_restored,logistic,505,bsds_138078,synthetic_bsds,,,,0.0,0.0,0.0,1.0,1.0730794153095717e-05,0.002700023557997405,0,4
mixed_groupcv_psnr_benefit_C1_restored_logistic_505,mixed_groupcv,psnr_benefit,C1_restored,logistic,505,bsds_140055,synthetic_bsds,,,,0.0,0.0,0.0,1.0,1.5283382357206135e-07,0.0003517399121597107,0,4
mixed_groupcv_psnr_benefit_C1_restored_logistic_505,mixed_groupcv,psnr_benefit,C1_restored,logistic,505,bsds_147021,synthetic_bsds,,,,0.0,0.0,0.0,1.0,0.00010413001007852162,0.005926959708412115,0,4
mixed_groupcv_psnr_benefit_C1_restored_logistic_505,mixed_groupcv,psnr_benefit,C1_restored,logistic,505,bsds_153077,synthetic_bsds,,,,0.0,0.0,0.0,1.0,6.821820368422257e-07,0.0007418847825964318,0,4
mixed_groupcv_psnr_benefit_C1_restored_logistic_505,mixed_groupcv,psnr_benefit,C1_restored,logistic,505,bsds_159029,synthetic_bsds,,,,0.0,0.0,0.0,1.0,5.262403996980155e-07,0.0007166016849287472,0,4
mixed_groupcv_psnr_benefit_C1_restored_logistic_505,mixed_groupcv,psnr_benefit,C1_restored,logistic,505,bsds_159045,synthetic_bsds,,,,0.0,0.0,0.0,1.0,9.840919004810322e-06,0.0029026543404070512,0,4
mixed_groupcv_psnr_benefit_C1_restored_logistic_505,mixed_groupcv,psnr_benefit,C1_restored,logistic,505,bsds_159091,synthetic_bsds,,,,0.0,0.0,0.0,1.0,1.4300918120928826e-07,0.00034664330491157607,0,4
mixed_groupcv_psnr_benefit_C1_restored_logistic_505,mixed_groupcv,psnr_benefit,C1_restored,logistic,505,bsds_164074,synthetic_bsds,,,,0.0,0.0,0.0,1.0,2.0054684018367736e-05,0.003643831388420909,0,4
mixed_groupcv_psnr_benefit_C1_restored_logistic_505,mixed_groupcv,psnr_benefit,C1_restored,logistic,505,bsds_166081,synthetic_bsds,,,,0.0,0.0,0.0,1.0,2.5822499411539815e-06,0.0011497126922150368,0,4
mixed_groupcv_psnr_benefit_C1_restored_logistic_505,mixed_groupcv,psnr_benefit,C1_restored,logistic,505,bsds_176039,synthetic_bsds,,,,0.0,0.0,0.0,1.0,0.00023053396165686302,0.010506378916204246,0,4
mixed_groupcv_psnr_benefit_C1_restored_logistic_505,mixed_groupcv,psnr_benefit,C1_restored,logistic,505,bsds_183055,synthetic_bsds,,,,0.0,0.0,0.0,1.0,6.386645201456467e-07,0.0007176863129003726,0,4
mixed_groupcv_psnr_benefit_C1_restored_logistic_505,mixed_groupcv,psnr_benefit,C1_restored,logistic,505,bsds_187029,synthetic_bsds,,,,0.0,0.0,0.0,1.0,1.4066547594387875e-06,0.0009903309763098528,0,4
mixed_groupcv_psnr_benefit_C1_restored_logistic_505,mixed_groupcv,psnr_benefit,C1_restored,logistic,505,bsds_188063,synthetic_bsds,,,,0.0,0.0,0.0,1.0,6.199605092297071e-07,0.0006875072969003151,0,4
mixed_groupcv_psnr_benefit_C1_restored_logistic_505,mixed_groupcv,psnr_benefit,C1_restored,logistic,505,bsds_198023,synthetic_bsds,0.6666666666666666,0.9166666666666665,0.5,0.0,0.0,0.0,0.25,0.7487874472447226,0.7492166372752919,3,4
mixed_groupcv_psnr_benefit_C1_restored_logistic_505,mixed_groupcv,psnr_benefit,C1_restored,logistic,505,bsds_198054,synthetic_bsds,,,,0.0,0.0,0.0,1.0,0.0024868833479588497,0.039498210818162016,0,4
mixed_groupcv_psnr_benefit_C1_restored_logistic_505,mixed_groupcv,psnr_benefit,C1_restored,logistic,505,bsds_20008,synthetic_bsds,,,,0.0,0.0,0.0,1.0,6.792954493972536e-05,0.005771435457641354,0,4
mixed_groupcv_psnr_benefit_C1_restored_logistic_505,mixed_groupcv,psnr_benefit,C1_restored,logistic,505,bsds_216041,synthetic_bsds,,,,0.0,0.0,0.0,1.0,5.849740252326066e-08,0.00022426309579451115,0,4
mixed_groupcv_psnr_benefit_C1_restored_logistic_505,mixed_groupcv,psnr_benefit,C1_restored,logistic,505,bsds_225017,synthetic_bsds,,,,0.0,0.0,0.0,1.0,1.2204862261450302e-05,0.002642155638375351,0,4
mixed_groupcv_psnr_benefit_C1_restored_logistic_505,mixed_groupcv,psnr_benefit,C1_restored,logistic,505,bsds_23025,synthetic_bsds,,,,0.0,0.0,0.0,1.0,1.4208950322044638e-06,0.001119642453090762,0,4
mixed_groupcv_psnr_benefit_C1_restored_logistic_505,mixed_groupcv,psnr_benefit,C1_restored,logistic,505,bsds_23080,synthetic_bsds,,,,0.0,0.0,0.0,1.0,5.29592304926993e-05,0.005001591706017566,0,4
mixed_groupcv_psnr_benefit_C1_restored_logistic_505,mixed_groupcv,psnr_benefit,C1_restored,logistic,505,bsds_231015,synthetic_bsds,,,,0.0,0.0,0.0,1.0,2.1717519622126476e-07,0.00042605259569355276,0,4
mixed_groupcv_psnr_benefit_C1_restored_logistic_505,mixed_groupcv,psnr_benefit,C1_restored,logistic,505,bsds_236017,synthetic_bsds,,,,0.0,0.0,0.0,1.0,0.00012818238495781705,0.0060236035522605105,0,4
mixed_groupcv_psnr_benefit_C1_restored_logistic_505,mixed_groupcv,psnr_benefit,C1_restored,logistic,505,bsds_245051,synthetic_bsds,,,,0.0,0.0,0.0,1.0,4.663775136715998e-07,0.0005624930257427598,0,4
mixed_groupcv_psnr_benefit_C1_restored_logistic_505,mixed_groupcv,psnr_benefit,C1_restored,logistic,505,bsds_246016,synthetic_bsds,,,,0.0,0.0,0.0,1.0,0.0009757717165625626,0.01721055304113138,0,4
mixed_groupcv_psnr_benefit_C1_restored_logistic_505,mixed_groupcv,psnr_benefit,C1_restored,logistic,505,bsds_249061,synthetic_bsds,,,,0.0,0.0,0.0,1.0,9.8496780998856e-07,0.0008096125611450634,0,4
mixed_groupcv_psnr_benefit_C1_restored_logistic_505,mixed_groupcv,psnr_benefit,C1_restored,logistic,505,bsds_25098,synthetic_bsds,,,,0.0,0.0,0.0,1.0,6.682670995322737e-06,0.001564850718084261,0,4
mixed_groupcv_psnr_benefit_C1_restored_logistic_505,mixed_groupcv,psnr_benefit,C1_restored,logistic,505,bsds_253036,synthetic_bsds,,,,0.0,0.0,0.0,1.0,1.4776079733493707e-06,0.0011869241866118883,0,4
mixed_groupcv_psnr_benefit_C1_restored_logistic_505,mixed_groupcv,psnr_benefit,C1_restored,logistic,505,bsds_254054,synthetic_bsds,,,,0.0,0.0,0.0,1.0,3.4749085671494206e-07,0.0005546915267507987,0,4
mixed_groupcv_psnr_benefit_C1_restored_logistic_505,mixed_groupcv,psnr_benefit,C1_restored,logistic,505,bsds_27059,synthetic_bsds,,,,0.0,0.0,0.0,1.0,3.0284616506675843e-06,0.0016371138268373416,0,4
mixed_groupcv_psnr_benefit_C1_restored_logistic_505,mixed_groupcv,psnr_benefit,C1_restored,logistic,505,bsds_271008,synthetic_bsds,,,,0.0,0.0,0.0,1.0,3.143246813366824e-09,4.814520125401943e-05,0,4
mixed_groupcv_psnr_benefit_C1_restored_logistic_505,mixed_groupcv,psnr_benefit,C1_restored,logistic,505,bsds_274007,synthetic_bsds,,,,0.0,0.0,0.0,1.0,5.7071202019074845e-05,0.006548245658931874,0,4
mixed_groupcv_psnr_benefit_C1_restored_logistic_505,mixed_groupcv,psnr_benefit,C1_restored,logistic,505,bsds_286092,synthetic_bsds,,,,0.0,0.0,0.0,1.0,2.4385237942841967e-06,0.0015141767035871262,0,4
mixed_groupcv_psnr_benefit_C1_restored_logistic_505,mixed_groupcv,psnr_benefit,C1_restored,logistic,505,bsds_309004,synthetic_bsds,,,,0.0,0.0,0.0,1.0,0.00014232368528273876,0.009630891281049494,0,4
mixed_groupcv_psnr_benefit_C1_restored_logistic_505,mixed_groupcv,psnr_benefit,C1_restored,logistic,505,bsds_311081,synthetic_bsds,,,,0.0,0.0,0.0,1.0,5.6436779618247465e-06,0.0021526785487148052,0,4
mixed_groupcv_psnr_benefit_C1_restored_logistic_505,mixed_groupcv,psnr_benefit,C1_restored,logistic,505,bsds_314016,synthetic_bsds,,,,0.0,0.0,0.0,1.0,1.958164340957637e-06,0.0012988746737901406,0,4
mixed_groupcv_psnr_benefit_C1_restored_logistic_505,mixed_groupcv,psnr_benefit,C1_restored,logistic,505,bsds_323016,synthetic_bsds,,,,0.0,0.0,0.0,1.0,4.538279311975171e-06,0.0020359321592845815,0,4
mixed_groupcv_psnr_benefit_C1_restored_logistic_505,mixed_groupcv,psnr_benefit,C1_restored,logistic,505,bsds_368078,synthetic_bsds,,,,0.0,0.0,0.0,1.0,3.0574535960906274e-07,0.0004911643684301548,0,4
mixed_groupcv_psnr_benefit_C1_restored_logistic_505,mixed_groupcv,psnr_benefit,C1_restored,logistic,505,bsds_374020,synthetic_bsds,,,,0.0,0.0,0.0,1.0,2.338327378836941e-08,0.00013980426930387772,0,4
mixed_groupcv_psnr_benefit_C1_restored_logistic_505,mixed_groupcv,psnr_benefit,C1_restored,logistic,505,bsds_385028,synthetic_bsds,,,,0.0,0.0,0.0,1.0,4.806501858212283e-07,0.0006524621804984146,0,4
mixed_groupcv_psnr_benefit_C1_restored_logistic_505,mixed_groupcv,psnr_benefit,C1_restored,logistic,505,bsds_41004,synthetic_bsds,0.0,0.25,0.5,0.0,0.0,0.0,0.75,0.24996912913108327,0.24957063287473646,1,4
mixed_groupcv_psnr_benefit_C1_restored_logistic_505,mixed_groupcv,psnr_benefit,C1_restored,logistic,505,bsds_45077,synthetic_bsds,,,,0.0,0.0,0.0,1.0,4.231946065975972e-06,0.0018851042703424007,0,4
mixed_groupcv_psnr_benefit_C1_restored_logistic_505,mixed_groupcv,psnr_benefit,C1_restored,logistic,505,bsds_46076,synthetic_bsds,0.0,0.25,0.5,0.0,0.0,0.0,0.75,0.24988108076800838,0.24957419358624475,1,4
mixed_groupcv_psnr_benefit_C1_restored_logistic_505,mixed_groupcv,psnr_benefit,C1_restored,logistic,505,bsds_59078,synthetic_bsds,,,,0.0,0.0,0.0,1.0,8.894621929817566e-05,0.006288368204133985,0,4
mixed_groupcv_psnr_benefit_C1_restored_logistic_505,mixed_groupcv,psnr_benefit,C1_restored,logistic,505,bsds_61086,synthetic_bsds,,,,0.0,0.0,0.0,1.0,1.2692279776792296e-06,0.0009791033973055175,0,4
mixed_groupcv_psnr_benefit_C1_restored_logistic_505,mixed_groupcv,psnr_benefit,C1_restored,logistic,505,bsds_76002,synthetic_bsds,,,,0.0,0.0,0.0,1.0,5.443955067485374e-07,0.0007206887484925713,0,4
mixed_groupcv_psnr_benefit_C1_restored_logistic_505,mixed_groupcv,psnr_benefit,C1_restored,logistic,505,bsds_80099,synthetic_bsds,,,,0.0,0.0,0.0,1.0,2.392960405598108e-06,0.0009480852538106207,0,4
mixed_groupcv_psnr_benefit_C1_restored_logistic_505,mixed_groupcv,psnr_benefit,C1_restored,logistic,505,bsds_92059,synthetic_bsds,,,,0.0,0.0,0.0,1.0,1.28075943691819e-07,0.0003221033746413524,0,4
mixed_groupcv_psnr_benefit_C1_restored_mlp_505,mixed_groupcv,psnr_benefit,C1_restored,mlp,505,case1,real_csig,,,,0.0,0.0,0.0,0.9947916666666666,0.12168727994618234,0.34365015740816796,0,192
mixed_groupcv_psnr_benefit_C1_restored_mlp_505,mixed_groupcv,psnr_benefit,C1_restored,mlp,505,case2,real_csig,0.1631578947368421,0.009181286549707603,0.5,0.0,0.0,0.0,0.9895833333333334,0.11672190753177238,0.3179370850945512,2,192
mixed_groupcv_psnr_benefit_C1_restored_mlp_505,mixed_groupcv,psnr_benefit,C1_restored,mlp,505,case3,real_csig,,,,0.0,0.0,0.0,1.0,0.06623363298297914,0.24627967877313495,0,192
mixed_groupcv_psnr_benefit_C1_restored_mlp_505,mixed_groupcv,psnr_benefit,C1_restored,mlp,505,case4,real_csig,,,,0.0,0.0,0.0,0.96875,0.15091901102933683,0.38220229147312546,0,192
mixed_groupcv_psnr_benefit_C1_restored_mlp_505,mixed_groupcv,psnr_benefit,C1_restored,mlp,505,case5,real_csig,0.4560931899641577,0.031937273858299975,0.4838709677419355,0.0,0.0,0.0,0.9375,0.1435324819770454,0.32761618215590715,6,192
mixed_groupcv_psnr_benefit_C1_restored_mlp_505,mixed_groupcv,psnr_benefit,C1_restored,mlp,505,bsds_100098,synthetic_bsds,,,,0.0,0.0,0.0,1.0,0.16319888076314681,0.39992380142211914,0,4
mixed_groupcv_psnr_benefit_C1_restored_mlp_505,mixed_groupcv,psnr_benefit,C1_restored,mlp,505,bsds_106025,synthetic_bsds,,,,0.0,0.0,0.0,1.0,0.10223134100641174,0.3118371069431305,0,4
mixed_groupcv_psnr_benefit_C1_restored_mlp_505,mixed_groupcv,psnr_benefit,C1_restored,mlp,505,bsds_112082,synthetic_bsds,,,,0.0,0.0,0.0,1.0,0.09283969001390552,0.3023689351975918,0,4
mixed_groupcv_psnr_benefit_C1_restored_mlp_505,mixed_groupcv,psnr_benefit,C1_restored,mlp,505,bsds_138078,synthetic_bsds,,,,0.0,0.0,0.0,1.0,0.1933650351482401,0.43733472377061844,0,4
mixed_groupcv_psnr_benefit_C1_restored_mlp_505,mixed_groupcv,psnr_benefit,C1_restored,mlp,505,bsds_140055,synthetic_bsds,,,,0.0,0.0,0.0,1.0,0.14548072101598342,0.3802736699581146,0,4
mixed_groupcv_psnr_benefit_C1_restored_mlp_505,mixed_groupcv,psnr_benefit,C1_restored,mlp,505,bsds_147021,synthetic_bsds,,,,0.0,0.0,0.0,0.5,0.22509001778659288,0.47171546518802643,0,4
mixed_groupcv_psnr_benefit_C1_restored_mlp_505,mixed_groupcv,psnr_benefit,C1_restored,mlp,505,bsds_153077,synthetic_bsds,,,,0.0,0.0,0.0,1.0,0.0923759872443255,0.29931680858135223,0,4
mixed_groupcv_psnr_benefit_C1_restored_mlp_505,mixed_groupcv,psnr_benefit,C1_restored,mlp,505,bsds_159029,synthetic_bsds,,,,0.0,0.0,0.0,1.0,0.0963664402250699,0.3080745339393616,0,4
mixed_groupcv_psnr_benefit_C1_restored_mlp_505,mixed_groupcv,psnr_benefit,C1_restored,mlp,505,bsds_159045,synthetic_bsds,,,,0.0,0.0,0.0,1.0,0.12490071212133946,0.35267865657806396,0,4
mixed_groupcv_psnr_benefit_C1_restored_mlp_505,mixed_groupcv,psnr_benefit,C1_restored,mlp,505,bsds_159091,synthetic_bsds,,,,0.0,0.0,0.0,1.0,0.10103479540264138,0.3167176693677902,0,4
mixed_groupcv_psnr_benefit_C1_restored_mlp_505,mixed_groupcv,psnr_benefit,C1_restored,mlp,505,bsds_164074,synthetic_bsds,,,,0.0,0.0,0.0,1.0,0.18000606646302364,0.4227646291255951,0,4
mixed_groupcv_psnr_benefit_C1_restored_mlp_505,mixed_groupcv,psnr_benefit,C1_restored,mlp,505,bsds_166081,synthetic_bsds,,,,0.0,0.0,0.0,1.0,0.049940561463543365,0.21775932982563972,0,4
mixed_groupcv_psnr_benefit_C1_restored_mlp_505,mixed_groupcv,psnr_benefit,C1_restored,mlp,505,bsds_176039,synthetic_bsds,,,,0.0,0.0,0.0,1.0,0.16378599686523154,0.39953069388866425,0,4
mixed_groupcv_psnr_benefit_C1_restored_mlp_505,mixed_groupcv,psnr_benefit,C1_restored,mlp,505,bsds_183055,synthetic_bsds,,,,0.0,0.0,0.0,1.0,0.10198311831889023,0.3129083774983883,0,4
mixed_groupcv_psnr_benefit_C1_restored_mlp_505,mixed_groupcv,psnr_benefit,C1_restored,mlp,505,bsds_187029,synthetic_bsds,,,,0.0,0.0,0.0,1.0,0.11879888432255425,0.34414583444595337,0,4
mixed_groupcv_psnr_benefit_C1_restored_mlp_505,mixed_groupcv,psnr_benefit,C1_restored,mlp,505,bsds_188063,synthetic_bsds,,,,0.0,0.0,0.0,0.75,0.18655823391717719,0.4271445646882057,0,4
mixed_groupcv_psnr_benefit_C1_restored_mlp_505,mixed_groupcv,psnr_benefit,C1_restored,mlp,505,bsds_198023,synthetic_bsds,0.3333333333333333,0.8055555555555556,0.5,0.0,0.0,0.0,0.25,0.38048226243648076,0.4135704338550567,3,4
mixed_groupcv_psnr_benefit_C1_restored_mlp_505,mixed_groupcv,psnr_benefit,C1_restored,mlp,505,bsds_198054,synthetic_bsds,,,,0.0,0.0,0.0,0.75,0.24040782827770113,0.4893498942255974,0,4
mixed_groupcv_psnr_benefit_C1_restored_mlp_505,mixed_groupcv,psnr_benefit,C1_restored,mlp,505,bsds_20008,synthetic_bsds,,,,0.0,0.0,0.0,0.5,0.19805169972033587,0.4378136843442917,0,4
mixed_groupcv_psnr_benefit_C1_restored_mlp_505,mixed_groupcv,psnr_benefit,C1_restored,mlp,505,bsds_216041,synthetic_bsds,,,,0.0,0.0,0.0,1.0,0.14174583177709943,0.37249548733234406,0,4
mixed_groupcv_psnr_benefit_C1_restored_mlp_505,mixed_groupcv,psnr_benefit,C1_restored,mlp,505,bsds_225017,synthetic_bsds,,,,0.0,0.0,0.0,1.0,0.10946724161671928,0.32343678921461105,0,4
mixed_groupcv_psnr_benefit_C1_restored_mlp_505,mixed_groupcv,psnr_benefit,C1_restored,mlp,505,bsds_23025,synthetic_bsds,,,,0.0,0.0,0.0,1.0,0.09207947706111219,0.3022085055708885,0,4
mixed_groupcv_psnr_benefit_C1_restored_mlp_505,mixed_groupcv,psnr_benefit,C1_restored,mlp,505,bsds_23080,synthetic_bsds,,,,0.0,0.0,0.0,1.0,0.09757274991550641,0.30579858645796776,0,4
mixed_groupcv_psnr_benefit_C1_restored_mlp_505,mixed_groupcv,psnr_benefit,C1_restored,mlp,505,bsds_231015,synthetic_bsds,,,,0.0,0.0,0.0,1.0,0.09482298391273308,0.29524167999625206,0,4
mixed_groupcv_psnr_benefit_C1_restored_mlp_505,mixed_groupcv,psnr_benefit,C1_restored,mlp,505,bsds_236017,synthetic_bsds,,,,0.0,0.0,0.0,1.0,0.09006746325033221,0.29805372655391693,0,4
mixed_groupcv_psnr_benefit_C1_restored_mlp_505,mixed_groupcv,psnr_benefit,C1_restored,mlp,505,bsds_245051,synthetic_bsds,,,,0.0,0.0,0.0,0.75,0.1803745021636094,0.42094704508781433,0,4
mixed_groupcv_psnr_benefit_C1_restored_mlp_505,mixed_groupcv,psnr_benefit,C1_restored,mlp,505,bsds_246016,synthetic_bsds,,,,0.0,0.0,0.0,1.0,0.14579972731554802,0.3786681145429611,0,4
mixed_groupcv_psnr_benefit_C1_restored_mlp_505,mixed_groupcv,psnr_benefit,C1_restored,mlp,505,bsds_249061,synthetic_bsds,,,,0.0,0.0,0.0,0.75,0.19427514311730687,0.4377714470028877,0,4
mixed_groupcv_psnr_benefit_C1_restored_mlp_505,mixed_groupcv,psnr_benefit,C1_restored,mlp,505,bsds_25098,synthetic_bsds,,,,0.0,0.0,0.0,1.0,0.11900061188772404,0.3434293642640114,0,4
mixed_groupcv_psnr_benefit_C1_restored_mlp_505,mixed_groupcv,psnr_benefit,C1_restored,mlp,505,bsds_253036,synthetic_bsds,,,,0.0,0.0,0.0,1.0,0.08593655210449191,0.2926400825381279,0,4
mixed_groupcv_psnr_benefit_C1_restored_mlp_505,mixed_groupcv,psnr_benefit,C1_restored,mlp,505,bsds_254054,synthetic_bsds,,,,0.0,0.0,0.0,1.0,0.14602358733969534,0.3817366138100624,0,4
mixed_groupcv_psnr_benefit_C1_restored_mlp_505,mixed_groupcv,psnr_benefit,C1_restored,mlp,505,bsds_27059,synthetic_bsds,,,,0.0,0.0,0.0,1.0,0.08831239143653141,0.29426806792616844,0,4
mixed_groupcv_psnr_benefit_C1_restored_mlp_505,mixed_groupcv,psnr_benefit,C1_restored,mlp,505,bsds_271008,synthetic_bsds,,,,0.0,0.0,0.0,1.0,0.06402776983074288,0.24568316340446472,0,4
mixed_groupcv_psnr_benefit_C1_restored_mlp_505,mixed_groupcv,psnr_benefit,C1_restored,mlp,505,bsds_274007,synthetic_bsds,,,,0.0,0.0,0.0,1.0,0.15641697066745786,0.3933741822838783,0,4
mixed_groupcv_psnr_benefit_C1_restored_mlp_505,mixed_groupcv,psnr_benefit,C1_restored,mlp,505,bsds_286092,synthetic_bsds,,,,0.0,0.0,0.0,0.75,0.2394764059137846,0.4890453368425369,0,4
mixed_groupcv_psnr_benefit_C1_restored_mlp_505,mixed_groupcv,psnr_benefit,C1_restored,mlp,505,bsds_309004,synthetic_bsds,,,,0.0,0.0,0.0,1.0,0.1455053073006356,0.37674783170223236,0,4
mixed_groupcv_psnr_benefit_C1_restored_mlp_505,mixed_groupcv,psnr_benefit,C1_restored,mlp,505,bsds_311081,synthetic_bsds,,,,0.0,0.0,0.0,1.0,0.08058382131509895,0.28216805681586266,0,4
mixed_groupcv_psnr_benefit_C1_restored_mlp_505,mixed_groupcv,psnr_benefit,C1_restored,mlp,505,bsds_314016,synthetic_bsds,,,,0.0,0.0,0.0,1.0,0.1797069792523156,0.42348554730415344,0,4
mixed_groupcv_psnr_benefit_C1_restored_mlp_505,mixed_groupcv,psnr_benefit,C1_restored,mlp,505,bsds_323016,synthetic_bsds,,,,0.0,0.0,0.0,1.0,0.20360128868202354,0.45078854262828827,0,4
mixed_groupcv_psnr_benefit_C1_restored_mlp_505,mixed_groupcv,psnr_benefit,C1_restored,mlp,505,bsds_368078,synthetic_bsds,,,,0.0,0.0,0.0,1.0,0.1454758814741708,0.37878963351249695,0,4
mixed_groupcv_psnr_benefit_C1_restored_mlp_505,mixed_groupcv,psnr_benefit,C1_restored,mlp,505,bsds_374020,synthetic_bsds,,,,0.0,0.0,0.0,1.0,0.08086465357755773,0.28129491582512856,0,4
mixed_groupcv_psnr_benefit_C1_restored_mlp_505,mixed_groupcv,psnr_benefit,C1_restored,mlp,505,bsds_385028,synthetic_bsds,,,,0.0,0.0,0.0,1.0,0.14228406064371257,0.3762271776795387,0,4
mixed_groupcv_psnr_benefit_C1_restored_mlp_505,mixed_groupcv,psnr_benefit,C1_restored,mlp,505,bsds_41004,synthetic_bsds,0.0,0.25,0.5,0.0,0.0,0.0,0.75,0.22233522791843952,0.41173046827316284,1,4
mixed_groupcv_psnr_benefit_C1_restored_mlp_505,mixed_groupcv,psnr_benefit,C1_restored,mlp,505,bsds_45077,synthetic_bsds,,,,0.0,0.0,0.0,1.0,0.16079261584973037,0.3998653218150139,0,4
mixed_groupcv_psnr_benefit_C1_restored_mlp_505,mixed_groupcv,psnr_benefit,C1_restored,mlp,505,bsds_46076,synthetic_bsds,1.0,1.0,0.5,0.0,0.0,0.0,0.75,0.20151959479673098,0.1712761148810387,1,4
mixed_groupcv_psnr_benefit_C1_restored_mlp_505,mixed_groupcv,psnr_benefit,C1_restored,mlp,505,bsds_59078,synthetic_bsds,,,,0.0,0.0,0.0,1.0,0.1298987343439415,0.35828863084316254,0,4
mixed_groupcv_psnr_benefit_C1_restored_mlp_505,mixed_groupcv,psnr_benefit,C1_restored,mlp,505,bsds_61086,synthetic_bsds,,,,0.0,0.0,0.0,1.0,0.1742931368713978,0.4169839471578598,0,4
mixed_groupcv_psnr_benefit_C1_restored_mlp_505,mixed_groupcv,psnr_benefit,C1_restored,mlp,505,bsds_76002,synthetic_bsds,,,,0.0,0.0,0.0,1.0,0.18033829260350087,0.4198978692293167,0,4
mixed_groupcv_psnr_benefit_C1_restored_mlp_505,mixed_groupcv,psnr_benefit,C1_restored,mlp,505,bsds_80099,synthetic_bsds,,,,0.0,0.0,0.0,1.0,0.08588716886791214,0.2915130704641342,0,4
mixed_groupcv_psnr_benefit_C1_restored_mlp_505,mixed_groupcv,psnr_benefit,C1_restored,mlp,505,bsds_92059,synthetic_bsds,,,,0.0,0.0,0.0,1.0,0.12219653251596291,0.33716974779963493,0,4
mixed_groupcv_psnr_benefit_C1_restored_mlp_506,mixed_groupcv,psnr_benefit,C1_restored,mlp,506,case1,real_csig,,,,0.0,0.0,0.0,1.0,0.06640903171757397,0.2509724812892576,0,192
mixed_groupcv_psnr_benefit_C1_restored_mlp_506,mixed_groupcv,psnr_benefit,C1_restored,mlp,506,case2,real_csig,0.26842105263157895,0.010386857445680974,0.5,0.0,0.0,0.0,0.9895833333333334,0.08716301559738093,0.265380864070418,2,192
mixed_groupcv_psnr_benefit_C1_restored_mlp_506,mixed_groupcv,psnr_benefit,C1_restored,mlp,506,case3,real_csig,,,,0.0,0.0,0.0,1.0,0.05688073249204708,0.23233564104884863,0,192
mixed_groupcv_psnr_benefit_C1_restored_mlp_506,mixed_groupcv,psnr_benefit,C1_restored,mlp,506,case4,real_csig,,,,0.0,0.0,0.0,0.9947916666666666,0.12096962223165438,0.3416273610200733,0,192
mixed_groupcv_psnr_benefit_C1_restored_mlp_506,mixed_groupcv,psnr_benefit,C1_restored,mlp,506,case5,real_csig,0.4910394265232975,0.033692373644840984,0.5,0.0,0.0,0.0,0.96875,0.0816038214242782,0.21551275936265787,6,192
mixed_groupcv_psnr_benefit_C1_restored_mlp_506,mixed_groupcv,psnr_benefit,C1_restored,mlp,506,bsds_100098,synthetic_bsds,,,,0.0,0.0,0.0,1.0,0.0618447916071746,0.2476615235209465,0,4
mixed_groupcv_psnr_benefit_C1_restored_mlp_506,mixed_groupcv,psnr_benefit,C1_restored,mlp,506,bsds_106025,synthetic_bsds,,,,0.0,0.0,0.0,1.0,0.12249300996427648,0.3414513021707535,0,4
mixed_groupcv_psnr_benefit_C1_restored_mlp_506,mixed_groupcv,psnr_benefit,C1_restored,mlp,506,bsds_112082,synthetic_bsds,,,,0.0,0.0,0.0,1.0,0.0660946286967255,0.2546522058546543,0,4
mixed_groupcv_psnr_benefit_C1_restored_mlp_506,mixed_groupcv,psnr_benefit,C1_restored,mlp,506,bsds_138078,synthetic_bsds,,,,0.0,0.0,0.0,1.0,0.1259289016215963,0.34495503455400467,0,4
mixed_groupcv_psnr_benefit_C1_restored_mlp_506,mixed_groupcv,psnr_benefit,C1_restored,mlp,506,bsds_140055,synthetic_bsds,,,,0.0,0.0,0.0,1.0,0.12575848410079393,0.3519553244113922,0,4
mixed_groupcv_psnr_benefit_C1_restored_mlp_506,mixed_groupcv,psnr_benefit,C1_restored,mlp,506,bsds_147021,synthetic_bsds,,,,0.0,0.0,0.0,1.0,0.09848036181856501,0.3067145571112633,0,4
mixed_groupcv_psnr_benefit_C1_restored_mlp_506,mixed_groupcv,psnr_benefit,C1_restored,mlp,506,bsds_153077,synthetic_bsds,,,,0.0,0.0,0.0,1.0,0.08143290275172826,0.2844258062541485,0,4
mixed_groupcv_psnr_benefit_C1_restored_mlp_506,mixed_groupcv,psnr_benefit,C1_restored,mlp,506,bsds_159029,synthetic_bsds,,,,0.0,0.0,0.0,1.0,0.1182631702130883,0.34184445440769196,0,4
mixed_groupcv_psnr_benefit_C1_restored_mlp_506,mixed_groupcv,psnr_benefit,C1_restored,mlp,506,bsds_159045,synthetic_bsds,,,,0.0,0.0,0.0,1.0,0.10774892708745099,0.32700731605291367,0,4
mixed_groupcv_psnr_benefit_C1_restored_mlp_506,mixed_groupcv,psnr_benefit,C1_restored,mlp,506,bsds_159091,synthetic_bsds,,,,0.0,0.0,0.0,1.0,0.103526102678559,0.3175285756587982,0,4
mixed_groupcv_psnr_benefit_C1_restored_mlp_506,mixed_groupcv,psnr_benefit,C1_restored,mlp,506,bsds_164074,synthetic_bsds,,,,0.0,0.0,0.0,1.0,0.10516828061566175,0.32288892567157745,0,4
mixed_groupcv_psnr_benefit_C1_restored_mlp_506,mixed_groupcv,psnr_benefit,C1_restored,mlp,506,bsds_166081,synthetic_bsds,,,,0.0,0.0,0.0,1.0,0.10687856210446928,0.3231486417353153,0,4
mixed_groupcv_psnr_benefit_C1_restored_mlp_506,mixed_groupcv,psnr_benefit,C1_restored,mlp,506,bsds_176039,synthetic_bsds,,,,0.0,0.0,0.0,1.0,0.14554637905479528,0.37439633160829544,0,4
mixed_groupcv_psnr_benefit_C1_restored_mlp_506,mixed_groupcv,psnr_benefit,C1_restored,mlp,506,bsds_183055,synthetic_bsds,,,,0.0,0.0,0.0,1.0,0.07629303755132405,0.2717694230377674,0,4
mixed_groupcv_psnr_benefit_C1_restored_mlp_506,mixed_groupcv,psnr_benefit,C1_restored,mlp,506,bsds_187029,synthetic_bsds,,,,0.0,0.0,0.0,1.0,0.15184651528330684,0.3887956961989403,0,4
mixed_groupcv_psnr_benefit_C1_restored_mlp_506,mixed_groupcv,psnr_benefit,C1_restored,mlp,506,bsds_188063,synthetic_bsds,,,,0.0,0.0,0.0,1.0,0.056452319806589435,0.23307744041085243,0,4
mixed_groupcv_psnr_benefit_C1_restored_mlp_506,mixed_groupcv,psnr_benefit,C1_restored,mlp,506,bsds_198023,synthetic_bsds,0.0,0.6388888888888888,0.5,0.0,0.0,0.0,0.25,0.39577551319343174,0.41983862221241,3,4
mixed_groupcv_psnr_benefit_C1_restored_mlp_506,mixed_groupcv,psnr_benefit,C1_restored,mlp,506,bsds_198054,synthetic_bsds,,,,0.0,0.0,0.0,0.75,0.2333200903443713,0.4783754125237465,0,4
mixed_groupcv_psnr_benefit_C1_restored_mlp_506,mixed_groupcv,psnr_benefit,C1_restored,mlp,506,bsds_20008,synthetic_bsds,,,,0.0,0.0,0.0,1.0,0.1199151010619477,0.34335509687662125,0,4
mixed_groupcv_psnr_benefit_C1_restored_mlp_506,mixed_groupcv,psnr_benefit,C1_restored,mlp,506,bsds_216041,synthetic_bsds,,,,0.0,0.0,0.0,1.0,0.12249101023770992,0.34913022816181183,0,4
mixed_groupcv_psnr_benefit_C1_restored_mlp_506,mixed_groupcv,psnr_benefit,C1_restored,mlp,506,bsds_225017,synthetic_bsds,,,,0.0,0.0,0.0,1.0,0.09665216909292523,0.30384332314133644,0,4
mixed_groupcv_psnr_benefit_C1_restored_mlp_506,mixed_groupcv,psnr_benefit,C1_restored,mlp,506,bsds_23025,synthetic_bsds,,,,0.0,0.0,0.0,1.0,0.09656675441403523,0.3066897504031658,0,4
mixed_groupcv_psnr_benefit_C1_restored_mlp_506,mixed_groupcv,psnr_benefit,C1_restored,mlp,506,bsds_23080,synthetic_bsds,,,,0.0,0.0,0.0,1.0,0.09902448534292607,0.3128717467188835,0,4
mixed_groupcv_psnr_benefit_C1_restored_mlp_506,mixed_groupcv,psnr_benefit,C1_restored,mlp,506,bsds_231015,synthetic_bsds,,,,0.0,0.0,0.0,1.0,0.07127954983514373,0.2646012008190155,0,4
mixed_groupcv_psnr_benefit_C1_restored_mlp_506,mixed_groupcv,psnr_benefit,C1_restored,mlp,506,bsds_236017,synthetic_bsds,,,,0.0,0.0,0.0,1.0,0.10750691720983618,0.32071105390787125,0,4
mixed_groupcv_psnr_benefit_C1_restored_mlp_506,mixed_groupcv,psnr_benefit,C1_restored,mlp,506,bsds_245051,synthetic_bsds,,,,0.0,0.0,0.0,1.0,0.10594775580458249,0.32285329699516296,0,4
mixed_groupcv_psnr_benefit_C1_restored_mlp_506,mixed_groupcv,psnr_benefit,C1_restored,mlp,506,bsds_246016,synthetic_bsds,,,,0.0,0.0,0.0,1.0,0.07140120243988962,0.2583249621093273,0,4
mixed_groupcv_psnr_benefit_C1_restored_mlp_506,mixed_groupcv,psnr_benefit,C1_restored,mlp,506,bsds_249061,synthetic_bsds,,,,0.0,0.0,0.0,1.0,0.1763579979290486,0.4156898111104965,0,4
mixed_groupcv_psnr_benefit_C1_restored_mlp_506,mixed_groupcv,psnr_benefit,C1_restored,mlp,506,bsds_25098,synthetic_bsds,,,,0.0,0.0,0.0,1.0,0.19440511241768288,0.4406999945640564,0,4
mixed_groupcv_psnr_benefit_C1_restored_mlp_506,mixed_groupcv,psnr_benefit,C1_restored,mlp,506,bsds_253036,synthetic_bsds,,,,0.0,0.0,0.0,1.0,0.07884498008720048,0.27673085406422615,0,4
mixed_groupcv_psnr_benefit_C1_restored_mlp_506,mixed_groupcv,psnr_benefit,C1_restored,mlp,506,bsds_254054,synthetic_bsds,,,,0.0,0.0,0.0,1.0,0.1316994562391567,0.36126910895109177,0,4
mixed_groupcv_psnr_benefit_C1_restored_mlp_506,mixed_groupcv,psnr_benefit,C1_restored,mlp,506,bsds_27059,synthetic_bsds,,,,0.0,0.0,0.0,1.0,0.16882631840544726,0.40771854668855667,0,4
mixed_groupcv_psnr_benefit_C1_restored_mlp_506,mixed_groupcv,psnr_benefit,C1_restored,mlp,506,bsds_271008,synthetic_bsds,,,,0.0,0.0,0.0,1.0,0.09292432722778776,0.3024613484740257,0,4
mixed_groupcv_psnr_benefit_C1_restored_mlp_506,mixed_groupcv,psnr_benefit,C1_restored,mlp,506,bsds_274007,synthetic_bsds,,,,0.0,0.0,0.0,1.0,0.18189654611860062,0.423492968082428,0,4
mixed_groupcv_psnr_benefit_C1_restored_mlp_506,mixed_groupcv,psnr_benefit,C1_restored,mlp,506,bsds_286092,synthetic_bsds,,,,0.0,0.0,0.0,1.0,0.10337070269600201,0.3197055980563164,0,4
mixed_groupcv_psnr_benefit_C1_restored_mlp_506,mixed_groupcv,psnr_benefit,C1_restored,mlp,506,bsds_309004,synthetic_bsds,,,,0.0,0.0,0.0,1.0,0.07853245209967757,0.276009988039732,0,4
mixed_groupcv_psnr_benefit_C1_restored_mlp_506,mixed_groupcv,psnr_benefit,C1_restored,mlp,506,bsds_311081,synthetic_bsds,,,,0.0,0.0,0.0,1.0,0.1545845894585669,0.38950514048337936,0,4
mixed_groupcv_psnr_benefit_C1_restored_mlp_506,mixed_groupcv,psnr_benefit,C1_restored,mlp,506,bsds_314016,synthetic_bsds,,,,0.0,0.0,0.0,1.0,0.13809055498301803,0.36984986811876297,0,4
mixed_groupcv_psnr_benefit_C1_restored_mlp_506,mixed_groupcv,psnr_benefit,C1_restored,mlp,506,bsds_323016,synthetic_bsds,,,,0.0,0.0,0.0,1.0,0.14032058871595532,0.3725636526942253,0,4
mixed_groupcv_psnr_benefit_C1_restored_mlp_506,mixed_groupcv,psnr_benefit,C1_restored,mlp,506,bsds_368078,synthetic_bsds,,,,0.0,0.0,0.0,1.0,0.11003013096157321,0.33060093224048615,0,4
mixed_groupcv_psnr_benefit_C1_restored_mlp_506,mixed_groupcv,psnr_benefit,C1_restored,mlp,506,bsds_374020,synthetic_bsds,,,,0.0,0.0,0.0,1.0,0.10392929935042594,0.3221210166811943,0,4
mixed_groupcv_psnr_benefit_C1_restored_mlp_506,mixed_groupcv,psnr_benefit,C1_restored,mlp,506,bsds_385028,synthetic_bsds,,,,0.0,0.0,0.0,1.0,0.12524956988651992,0.34956739842891693,0,4
mixed_groupcv_psnr_benefit_C1_restored_mlp_506,mixed_groupcv,psnr_benefit,C1_restored,mlp,506,bsds_41004,synthetic_bsds,0.0,0.25,0.5,0.0,0.0,0.0,0.75,0.21163981411628158,0.1880711279809475,1,4
mixed_groupcv_psnr_benefit_C1_restored_mlp_506,mixed_groupcv,psnr_benefit,C1_restored,mlp,506,bsds_45077,synthetic_bsds,,,,0.0,0.0,0.0,1.0,0.07454600972612324,0.26564475893974304,0,4
mixed_groupcv_psnr_benefit_C1_restored_mlp_506,mixed_groupcv,psnr_benefit,C1_restored,mlp,506,bsds_46076,synthetic_bsds,0.6666666666666667,0.5,0.5,0.0,0.0,0.0,0.75,0.20407411656960606,0.13824818283319473,1,4
mixed_groupcv_psnr_benefit_C1_restored_mlp_506,mixed_groupcv,psnr_benefit,C1_restored,mlp,506,bsds_59078,synthetic_bsds,,,,0.0,0.0,0.0,1.0,0.13410179988778825,0.36485327780246735,0,4
mixed_groupcv_psnr_benefit_C1_restored_mlp_506,mixed_groupcv,psnr_benefit,C1_restored,mlp,506,bsds_61086,synthetic_bsds,,,,0.0,0.0,0.0,1.0,0.09790483781086468,0.3118101432919502,0,4
mixed_groupcv_psnr_benefit_C1_restored_mlp_506,mixed_groupcv,psnr_benefit,C1_restored,mlp,506,bsds_76002,synthetic_bsds,,,,0.0,0.0,0.0,1.0,0.15600057946502877,0.394464947283268,0,4
mixed_groupcv_psnr_benefit_C1_restored_mlp_506,mixed_groupcv,psnr_benefit,C1_restored,mlp,506,bsds_80099,synthetic_bsds,,,,0.0,0.0,0.0,1.0,0.07194512045927459,0.2656629830598831,0,4
mixed_groupcv_psnr_benefit_C1_restored_mlp_506,mixed_groupcv,psnr_benefit,C1_restored,mlp,506,bsds_92059,synthetic_bsds,,,,0.0,0.0,0.0,1.0,0.09007051496879287,0.2882672809064388,0,4
mixed_groupcv_psnr_benefit_C1_restored_mlp_507,mixed_groupcv,psnr_benefit,C1_restored,mlp,507,case1,real_csig,,,,0.0,0.0,0.0,1.0,0.09674139512150733,0.30258462034786743,0,192
mixed_groupcv_psnr_benefit_C1_restored_mlp_507,mixed_groupcv,psnr_benefit,C1_restored,mlp,507,case2,real_csig,0.65,0.025240384615384616,0.5,0.0,0.0,0.0,0.9895833333333334,0.09360396309386597,0.2832407323488345,2,192
mixed_groupcv_psnr_benefit_C1_restored_mlp_507,mixed_groupcv,psnr_benefit,C1_restored,mlp,507,case3,real_csig,,,,0.0,0.0,0.0,1.0,0.08968008091425274,0.2942314803755532,0,192
mixed_groupcv_psnr_benefit_C1_restored_mlp_507,mixed_groupcv,psnr_benefit,C1_restored,mlp,507,case4,real_csig,,,,0.0,0.0,0.0,0.9947916666666666,0.12282054178765626,0.3434862998935084,0,192
mixed_groupcv_psnr_benefit_C1_restored_mlp_507,mixed_groupcv,psnr_benefit,C1_restored,mlp,507,case5,real_csig,0.47491039426523296,0.03922347593171496,0.49731182795698925,0.0,0.0,0.0,0.9635416666666666,0.10529479524312267,0.26525639533065254,6,192
mixed_groupcv_psnr_benefit_C1_restored_mlp_507,mixed_groupcv,psnr_benefit,C1_restored,mlp,507,bsds_100098,synthetic_bsds,,,,0.0,0.0,0.0,1.0,0.14008487585846874,0.36974236369132996,0,4
mixed_groupcv_psnr_benefit_C1_restored_mlp_507,mixed_groupcv,psnr_benefit,C1_restored,mlp,507,bsds_106025,synthetic_bsds,,,,0.0,0.0,0.0,1.0,0.09322865281840587,0.3050599545240402,0,4
mixed_groupcv_psnr_benefit_C1_restored_mlp_507,mixed_groupcv,psnr_benefit,C1_restored,mlp,507,bsds_112082,synthetic_bsds,,,,0.0,0.0,0.0,1.0,0.08271037104412027,0.282144270837307,0,4
mixed_groupcv_psnr_benefit_C1_restored_mlp_507,mixed_groupcv,psnr_benefit,C1_restored,mlp,507,bsds_138078,synthetic_bsds,,,,0.0,0.0,0.0,1.0,0.13714162802406027,0.3613845780491829,0,4
mixed_groupcv_psnr_benefit_C1_restored_mlp_507,mixed_groupcv,psnr_benefit,C1_restored,mlp,507,bsds_140055,synthetic_bsds,,,,0.0,0.0,0.0,1.0,0.0774035042311978,0.27681834250688553,0,4
mixed_groupcv_psnr_benefit_C1_restored_mlp_507,mixed_groupcv,psnr_benefit,C1_restored,mlp,507,bsds_147021,synthetic_bsds,,,,0.0,0.0,0.0,1.0,0.1007493228951557,0.31662140041589737,0,4
mixed_groupcv_psnr_benefit_C1_restored_mlp_507,mixed_groupcv,psnr_benefit,C1_restored,mlp,507,bsds_153077,synthetic_bsds,,,,0.0,0.0,0.0,1.0,0.08312684369561651,0.2876635789871216,0,4
mixed_groupcv_psnr_benefit_C1_restored_mlp_507,mixed_groupcv,psnr_benefit,C1_restored,mlp,507,bsds_159029,synthetic_bsds,,,,0.0,0.0,0.0,1.0,0.12264575243544273,0.347658708691597,0,4
mixed_groupcv_psnr_benefit_C1_restored_mlp_507,mixed_groupcv,psnr_benefit,C1_restored,mlp,507,bsds_159045,synthetic_bsds,,,,0.0,0.0,0.0,1.0,0.09599733053651849,0.30528610199689865,0,4
mixed_groupcv_psnr_benefit_C1_restored_mlp_507,mixed_groupcv,psnr_benefit,C1_restored,mlp,507,bsds_159091,synthetic_bsds,,,,0.0,0.0,0.0,1.0,0.08379946741656674,0.28857070207595825,0,4
mixed_groupcv_psnr_benefit_C1_restored_mlp_507,mixed_groupcv,psnr_benefit,C1_restored,mlp,507,bsds_164074,synthetic_bsds,,,,0.0,0.0,0.0,1.0,0.14435267352894754,0.3741179332137108,0,4
mixed_groupcv_psnr_benefit_C1_restored_mlp_507,mixed_groupcv,psnr_benefit,C1_restored,mlp,507,bsds_166081,synthetic_bsds,,,,0.0,0.0,0.0,1.0,0.0633789648518504,0.24519696459174156,0,4
mixed_groupcv_psnr_benefit_C1_restored_mlp_507,mixed_groupcv,psnr_benefit,C1_restored,mlp,507,bsds_176039,synthetic_bsds,,,,0.0,0.0,0.0,1.0,0.18372018684629943,0.4243846535682678,0,4
mixed_groupcv_psnr_benefit_C1_restored_mlp_507,mixed_groupcv,psnr_benefit,C1_restored,mlp,507,bsds_183055,synthetic_bsds,,,,0.0,0.0,0.0,1.0,0.13433084179292853,0.3614359349012375,0,4
mixed_groupcv_psnr_benefit_C1_restored_mlp_507,mixed_groupcv,psnr_benefit,C1_restored,mlp,507,bsds_187029,synthetic_bsds,,,,0.0,0.0,0.0,1.0,0.06748917452294251,0.2523749954998493,0,4
mixed_groupcv_psnr_benefit_C1_restored_mlp_507,mixed_groupcv,psnr_benefit,C1_restored,mlp,507,bsds_188063,synthetic_bsds,,,,0.0,0.0,0.0,1.0,0.1247501260477546,0.3449590504169464,0,4
mixed_groupcv_psnr_benefit_C1_restored_mlp_507,mixed_groupcv,psnr_benefit,C1_restored,mlp,507,bsds_198023,synthetic_bsds,0.0,0.6388888888888888,0.5,0.0,0.0,0.0,0.25,0.3947891723845376,0.4298858046531677,3,4
mixed_groupcv_psnr_benefit_C1_restored_mlp_507,mixed_groupcv,psnr_benefit,C1_restored,mlp,507,bsds_198054,synthetic_bsds,,,,0.0,0.0,0.0,0.75,0.16068615575307743,0.3916677311062813,0,4
mixed_groupcv_psnr_benefit_C1_restored_mlp_507,mixed_groupcv,psnr_benefit,C1_restored,mlp,507,bsds_20008,synthetic_bsds,,,,0.0,0.0,0.0,1.0,0.11353570319763606,0.3331260606646538,0,4
mixed_groupcv_psnr_benefit_C1_restored_mlp_507,mixed_groupcv,psnr_benefit,C1_restored,mlp,507,bsds_216041,synthetic_bsds,,,,0.0,0.0,0.0,1.0,0.07759239315488997,0.26968564838171005,0,4
mixed_groupcv_psnr_benefit_C1_restored_mlp_507,mixed_groupcv,psnr_benefit,C1_restored,mlp,507,bsds_225017,synthetic_bsds,,,,0.0,0.0,0.0,1.0,0.1256741251590101,0.35101037472486496,0,4
mixed_groupcv_psnr_benefit_C1_restored_mlp_507,mixed_groupcv,psnr_benefit,C1_restored,mlp,507,bsds_23025,synthetic_bsds,,,,0.0,0.0,0.0,1.0,0.08002957148204165,0.2798139564692974,0,4
mixed_groupcv_psnr_benefit_C1_restored_mlp_507,mixed_groupcv,psnr_benefit,C1_restored,mlp,507,bsds_23080,synthetic_bsds,,,,0.0,0.0,0.0,1.0,0.083845669374504,0.28886139392852783,0,4
mixed_groupcv_psnr_benefit_C1_restored_mlp_507,mixed_groupcv,psnr_benefit,C1_restored,mlp,507,bsds_231015,synthetic_bsds,,,,0.0,0.0,0.0,1.0,0.10798084815805176,0.32591870427131653,0,4
mixed_groupcv_psnr_benefit_C1_restored_mlp_507,mixed_groupcv,psnr_benefit,C1_restored,mlp,507,bsds_236017,synthetic_bsds,,,,0.0,0.0,0.0,1.0,0.12122324789039651,0.34101907163858414,0,4
mixed_groupcv_psnr_benefit_C1_restored_mlp_507,mixed_groupcv,psnr_benefit,C1_restored,mlp,507,bsds_245051,synthetic_bsds,,,,0.0,0.0,0.0,1.0,0.10751204264950509,0.3270739018917084,0,4
mixed_groupcv_psnr_benefit_C1_restored_mlp_507,mixed_groupcv,psnr_benefit,C1_restored,mlp,507,bsds_246016,synthetic_bsds,,,,0.0,0.0,0.0,1.0,0.09833094389193109,0.306668296456337,0,4
mixed_groupcv_psnr_benefit_C1_restored_mlp_507,mixed_groupcv,psnr_benefit,C1_restored,mlp,507,bsds_249061,synthetic_bsds,,,,0.0,0.0,0.0,1.0,0.13540240115157975,0.3650210276246071,0,4
mixed_groupcv_psnr_benefit_C1_restored_mlp_507,mixed_groupcv,psnr_benefit,C1_restored,mlp,507,bsds_25098,synthetic_bsds,,,,0.0,0.0,0.0,1.0,0.0957466704637231,0.30828533321619034,0,4
mixed_groupcv_psnr_benefit_C1_restored_mlp_507,mixed_groupcv,psnr_benefit,C1_restored,mlp,507,bsds_253036,synthetic_bsds,,,,0.0,0.0,0.0,1.0,0.10462259718053368,0.3224968686699867,0,4
mixed_groupcv_psnr_benefit_C1_restored_mlp_507,mixed_groupcv,psnr_benefit,C1_restored,mlp,507,bsds_254054,synthetic_bsds,,,,0.0,0.0,0.0,1.0,0.12180645095088627,0.34261080622673035,0,4
mixed_groupcv_psnr_benefit_C1_restored_mlp_507,mixed_groupcv,psnr_benefit,C1_restored,mlp,507,bsds_27059,synthetic_bsds,,,,0.0,0.0,0.0,1.0,0.13643050862626827,0.3688088580965996,0,4
mixed_groupcv_psnr_benefit_C1_restored_mlp_507,mixed_groupcv,psnr_benefit,C1_restored,mlp,507,bsds_271008,synthetic_bsds,,,,0.0,0.0,0.0,1.0,0.11365136483576821,0.3330831080675125,0,4
mixed_groupcv_psnr_benefit_C1_restored_mlp_507,mixed_groupcv,psnr_benefit,C1_restored,mlp,507,bsds_274007,synthetic_bsds,,,,0.0,0.0,0.0,1.0,0.10745825992771674,0.3258243575692177,0,4
mixed_groupcv_psnr_benefit_C1_restored_mlp_507,mixed_groupcv,psnr_benefit,C1_restored,mlp,507,bsds_286092,synthetic_bsds,,,,0.0,0.0,0.0,0.75,0.1968616006420476,0.4402563348412514,0,4
mixed_groupcv_psnr_benefit_C1_restored_mlp_507,mixed_groupcv,psnr_benefit,C1_restored,mlp,507,bsds_309004,synthetic_bsds,,,,0.0,0.0,0.0,1.0,0.09946813615764105,0.3112103343009949,0,4
mixed_groupcv_psnr_benefit_C1_restored_mlp_507,mixed_groupcv,psnr_benefit,C1_restored,mlp,507,bsds_311081,synthetic_bsds,,,,0.0,0.0,0.0,1.0,0.15947008799482498,0.39331769943237305,0,4
mixed_groupcv_psnr_benefit_C1_restored_mlp_507,mixed_groupcv,psnr_benefit,C1_restored,mlp,507,bsds_314016,synthetic_bsds,,,,0.0,0.0,0.0,1.0,0.13891719862400853,0.3704524338245392,0,4
mixed_groupcv_psnr_benefit_C1_restored_mlp_507,mixed_groupcv,psnr_benefit,C1_restored,mlp,507,bsds_323016,synthetic_bsds,,,,0.0,0.0,0.0,1.0,0.12953284643310226,0.3574710860848427,0,4
mixed_groupcv_psnr_benefit_C1_restored_mlp_507,mixed_groupcv,psnr_benefit,C1_restored,mlp,507,bsds_368078,synthetic_bsds,,,,0.0,0.0,0.0,1.0,0.058148145149844954,0.23940807208418846,0,4
mixed_groupcv_psnr_benefit_C1_restored_mlp_507,mixed_groupcv,psnr_benefit,C1_restored,mlp,507,bsds_374020,synthetic_bsds,,,,0.0,0.0,0.0,1.0,0.06711631580321942,0.25718528777360916,0,4
mixed_groupcv_psnr_benefit_C1_restored_mlp_507,mixed_groupcv,psnr_benefit,C1_restored,mlp,507,bsds_385028,synthetic_bsds,,,,0.0,0.0,0.0,1.0,0.08744435372724046,0.29054397344589233,0,4
mixed_groupcv_psnr_benefit_C1_restored_mlp_507,mixed_groupcv,psnr_benefit,C1_restored,mlp,507,bsds_41004,synthetic_bsds,0.0,0.25,0.5,0.0,0.0,0.0,0.75,0.21666705199163228,0.4354909434914589,1,4
mixed_groupcv_psnr_benefit_C1_restored_mlp_507,mixed_groupcv,psnr_benefit,C1_restored,mlp,507,bsds_45077,synthetic_bsds,,,,0.0,0.0,0.0,1.0,0.15556804297704252,0.39129647612571716,0,4
mixed_groupcv_psnr_benefit_C1_restored_mlp_507,mixed_groupcv,psnr_benefit,C1_restored,mlp,507,bsds_46076,synthetic_bsds,1.0,1.0,0.5,0.0,0.0,0.0,0.75,0.18441700124275928,0.10819900780916214,1,4
mixed_groupcv_psnr_benefit_C1_restored_mlp_507,mixed_groupcv,psnr_benefit,C1_restored,mlp,507,bsds_59078,synthetic_bsds,,,,0.0,0.0,0.0,1.0,0.10055273124996345,0.30991698056459427,0,4
mixed_groupcv_psnr_benefit_C1_restored_mlp_507,mixed_groupcv,psnr_benefit,C1_restored,mlp,507,bsds_61086,synthetic_bsds,,,,0.0,0.0,0.0,1.0,0.13312494883756476,0.3637052848935127,0,4
mixed_groupcv_psnr_benefit_C1_restored_mlp_507,mixed_groupcv,psnr_benefit,C1_restored,mlp,507,bsds_76002,synthetic_bsds,,,,0.0,0.0,0.0,1.0,0.099988882779311,0.3112996406853199,0,4
mixed_groupcv_psnr_benefit_C1_restored_mlp_507,mixed_groupcv,psnr_benefit,C1_restored,mlp,507,bsds_80099,synthetic_bsds,,,,0.0,0.0,0.0,1.0,0.10043963243108012,0.3127843290567398,0,4
mixed_groupcv_psnr_benefit_C1_restored_mlp_507,mixed_groupcv,psnr_benefit,C1_restored,mlp,507,bsds_92059,synthetic_bsds,,,,0.0,0.0,0.0,1.0,0.09999628289831819,0.29883473366498947,0,4
mixed_groupcv_psnr_benefit_C1_absdiff_logistic_505,mixed_groupcv,psnr_benefit,C1_absdiff,logistic,505,case1,real_csig,,,,0.0,0.0,0.0,1.0,1.3054876002094139e-05,0.0023612712077660013,0,192
mixed_groupcv_psnr_benefit_C1_absdiff_logistic_505,mixed_groupcv,psnr_benefit,C1_absdiff,logistic,505,case2,real_csig,0.12368421052631584,0.008692365835222978,0.5,0.0,0.0,0.0,0.9895833333333334,0.01042848452352386,0.007243840668130504,2,192
mixed_groupcv_psnr_benefit_C1_absdiff_logistic_505,mixed_groupcv,psnr_benefit,C1_absdiff,logistic,505,case3,real_csig,,,,0.0,0.0,0.0,1.0,2.42947932654943e-05,0.0034704752835675503,0,192
mixed_groupcv_psnr_benefit_C1_absdiff_logistic_505,mixed_groupcv,psnr_benefit,C1_absdiff,logistic,505,case4,real_csig,,,,0.0,0.0,0.0,1.0,3.981431315680335e-05,0.0032804132539302616,0,192
mixed_groupcv_psnr_benefit_C1_absdiff_logistic_505,mixed_groupcv,psnr_benefit,C1_absdiff,logistic,505,case5,real_csig,0.5349462365591398,0.03692476843851524,0.5,0.0,0.0,0.0,0.96875,0.031200117428085206,0.029270228827040792,6,192
mixed_groupcv_psnr_benefit_C1_absdiff_logistic_505,mixed_groupcv,psnr_benefit,C1_absdiff,logistic,505,bsds_100098,synthetic_bsds,,,,0.0,0.0,0.0,1.0,2.0694330039244908e-05,0.003067030650456704,0,4
mixed_groupcv_psnr_benefit_C1_absdiff_logistic_505,mixed_groupcv,psnr_benefit,C1_absdiff,logistic,505,bsds_106025,synthetic_bsds,,,,0.0,0.0,0.0,1.0,6.296004335927568e-06,0.001803589364992808,0,4
mixed_groupcv_psnr_benefit_C1_absdiff_logistic_505,mixed_groupcv,psnr_benefit,C1_absdiff,logistic,505,bsds_112082,synthetic_bsds,,,,0.0,0.0,0.0,1.0,7.1133457737762795e-06,0.0024291974817105006,0,4
mixed_groupcv_psnr_benefit_C1_absdiff_logistic_505,mixed_groupcv,psnr_benefit,C1_absdiff,logistic,505,bsds_138078,synthetic_bsds,,,,0.0,0.0,0.0,1.0,4.052925351261424e-06,0.0017082765299940962,0,4
mixed_groupcv_psnr_benefit_C1_absdiff_logistic_505,mixed_groupcv,psnr_benefit,C1_absdiff,logistic,505,bsds_140055,synthetic_bsds,,,,0.0,0.0,0.0,1.0,5.803002006579872e-05,0.00579856912119181,0,4
mixed_groupcv_psnr_benefit_C1_absdiff_logistic_505,mixed_groupcv,psnr_benefit,C1_absdiff,logistic,505,bsds_147021,synthetic_bsds,,,,0.0,0.0,0.0,1.0,1.0609034620385932e-05,0.0023365176969304077,0,4
mixed_groupcv_psnr_benefit_C1_absdiff_logistic_505,mixed_groupcv,psnr_benefit,C1_absdiff,logistic,505,bsds_153077,synthetic_bsds,,,,0.0,0.0,0.0,1.0,3.9973090804922445e-06,0.0014369915988871043,0,4
mixed_groupcv_psnr_benefit_C1_absdiff_logistic_505,mixed_groupcv,psnr_benefit,C1_absdiff,logistic,505,bsds_159029,synthetic_bsds,,,,0.0,0.0,0.0,1.0,0.00042546728088110365,0.015554516223721112,0,4
mixed_groupcv_psnr_benefit_C1_absdiff_logistic_505,mixed_groupcv,psnr_benefit,C1_absdiff,logistic,505,bsds_159045,synthetic_bsds,,,,0.0,0.0,0.0,1.0,4.7709588028034854e-05,0.0048260615594098956,0,4
mixed_groupcv_psnr_benefit_C1_absdiff_logistic_505,mixed_groupcv,psnr_benefit,C1_absdiff,logistic,505,bsds_159091,synthetic_bsds,,,,0.0,0.0,0.0,1.0,4.470854816367544e-06,0.0017093665932885753,0,4
mixed_groupcv_psnr_benefit_C1_absdiff_logistic_505,mixed_groupcv,psnr_benefit,C1_absdiff,logistic,505,bsds_164074,synthetic_bsds,,,,0.0,0.0,0.0,1.0,3.386422555072436e-05,0.004540774611980247,0,4
mixed_groupcv_psnr_benefit_C1_absdiff_logistic_505,mixed_groupcv,psnr_benefit,C1_absdiff,logistic,505,bsds_166081,synthetic_bsds,,,,0.0,0.0,0.0,1.0,2.230464370495979e-05,0.00338933995857201,0,4
mixed_groupcv_psnr_benefit_C1_absdiff_logistic_505,mixed_groupcv,psnr_benefit,C1_absdiff,logistic,505,bsds_176039,synthetic_bsds,,,,0.0,0.0,0.0,1.0,2.081149801777082e-06,0.00129451194640868,0,4
mixed_groupcv_psnr_benefit_C1_absdiff_logistic_505,mixed_groupcv,psnr_benefit,C1_absdiff,logistic,505,bsds_183055,synthetic_bsds,,,,0.0,0.0,0.0,1.0,1.7913566461344864e-05,0.004182134420981378,0,4
mixed_groupcv_psnr_benefit_C1_absdiff_logistic_505,mixed_groupcv,psnr_benefit,C1_absdiff,logistic,505,bsds_187029,synthetic_bsds,,,,0.0,0.0,0.0,1.0,3.1424805526006723e-06,0.0011397793939313496,0,4
mixed_groupcv_psnr_benefit_C1_absdiff_logistic_505,mixed_groupcv,psnr_benefit,C1_absdiff,logistic,505,bsds_188063,synthetic_bsds,,,,0.0,0.0,0.0,1.0,3.7426496605519433e-06,0.001521473203207341,0,4
mixed_groupcv_psnr_benefit_C1_absdiff_logistic_505,mixed_groupcv,psnr_benefit,C1_absdiff,logistic,505,bsds_198023,synthetic_bsds,0.0,0.6388888888888888,0.5,0.0,0.0,0.0,0.25,0.747552495825513,0.7476302334253697,3,4
mixed_groupcv_psnr_benefit_C1_absdiff_logistic_505,mixed_groupcv,psnr_benefit,C1_absdiff,logistic,505,bsds_198054,synthetic_bsds,,,,0.0,0.0,0.0,1.0,0.00014043201173023239,0.00904954765262722,0,4
mixed_groupcv_psnr_benefit_C1_absdiff_logistic_505,mixed_groupcv,psnr_benefit,C1_absdiff,logistic,505,bsds_20008,synthetic_bsds,,,,0.0,0.0,0.0,1.0,6.890940155187396e-06,0.0021680296747914663,0,4
mixed_groupcv_psnr_benefit_C1_absdiff_logistic_505,mixed_groupcv,psnr_benefit,C1_absdiff,logistic,505,bsds_216041,synthetic_bsds,,,,0.0,0.0,0.0,1.0,8.429972494211344e-07,0.000675158443444072,0,4
mixed_groupcv_psnr_benefit_C1_absdiff_logistic_505,mixed_groupcv,psnr_benefit,C1_absdiff,logistic,505,bsds_225017,synthetic_bsds,,,,0.0,0.0,0.0,1.0,1.4874276164713299e-05,0.002935976949689953,0,4
mixed_groupcv_psnr_benefit_C1_absdiff_logistic_505,mixed_groupcv,psnr_benefit,C1_absdiff,logistic,505,bsds_23025,synthetic_bsds,,,,0.0,0.0,0.0,1.0,1.7855189053352933e-06,0.0011924353692213362,0,4
mixed_groupcv_psnr_benefit_C1_absdiff_logistic_505,mixed_groupcv,psnr_benefit,C1_absdiff,logistic,505,bsds_23080,synthetic_bsds,,,,0.0,0.0,0.0,1.0,0.00017055124928696313,0.01129279687893237,0,4
mixed_groupcv_psnr_benefit_C1_absdiff_logistic_505,mixed_groupcv,psnr_benefit,C1_absdiff,logistic,505,bsds_231015,synthetic_bsds,,,,0.0,0.0,0.0,1.0,1.876375457721558e-05,0.003819088859863561,0,4
mixed_groupcv_psnr_benefit_C1_absdiff_logistic_505,mixed_groupcv,psnr_benefit,C1_absdiff,logistic,505,bsds_236017,synthetic_bsds,,,,0.0,0.0,0.0,1.0,1.751775538219005e-06,0.0009552142538755332,0,4
mixed_groupcv_psnr_benefit_C1_absdiff_logistic_505,mixed_groupcv,psnr_benefit,C1_absdiff,logistic,505,bsds_245051,synthetic_bsds,,,,0.0,0.0,0.0,1.0,9.884019566645381e-06,0.002630429379116616,0,4
mixed_groupcv_psnr_benefit_C1_absdiff_logistic_505,mixed_groupcv,psnr_benefit,C1_absdiff,logistic,505,bsds_246016,synthetic_bsds,,,,0.0,0.0,0.0,1.0,2.0040511340743873e-06,0.0013841191274604778,0,4
mixed_groupcv_psnr_benefit_C1_absdiff_logistic_505,mixed_groupcv,psnr_benefit,C1_absdiff,logistic,505,bsds_249061,synthetic_bsds,,,,0.0,0.0,0.0,1.0,6.877955257537524e-06,0.0016735761854212957,0,4
mixed_groupcv_psnr_benefit_C1_absdiff_logistic_505,mixed_groupcv,psnr_benefit,C1_absdiff,logistic,505,bsds_25098,synthetic_bsds,,,,0.0,0.0,0.0,1.0,0.00033800994783653496,0.015292134006986789,0,4
mixed_groupcv_psnr_benefit_C1_absdiff_logistic_505,mixed_groupcv,psnr_benefit,C1_absdiff,logistic,505,bsds_253036,synthetic_bsds,,,,0.0,0.0,0.0,1.0,3.222791659521809e-05,0.004846683365192233,0,4
mixed_groupcv_psnr_benefit_C1_absdiff_logistic_505,mixed_groupcv,psnr_benefit,C1_absdiff,logistic,505,bsds_254054,synthetic_bsds,,,,0.0,0.0,0.0,1.0,1.0108130133585157e-05,0.0024986781391851324,0,4
mixed_groupcv_psnr_benefit_C1_absdiff_logistic_505,mixed_groupcv,psnr_benefit,C1_absdiff,logistic,505,bsds_27059,synthetic_bsds,,,,0.0,0.0,0.0,1.0,2.5908913094539374e-06,0.001348814690503835,0,4
mixed_groupcv_psnr_benefit_C1_absdiff_logistic_505,mixed_groupcv,psnr_benefit,C1_absdiff,logistic,505,bsds_271008,synthetic_bsds,,,,0.0,0.0,0.0,1.0,4.312227725895961e-06,0.00173260445711906,0,4
mixed_groupcv_psnr_benefit_C1_absdiff_logistic_505,mixed_groupcv,psnr_benefit,C1_absdiff,logistic,505,bsds_274007,synthetic_bsds,,,,0.0,0.0,0.0,1.0,1.5463371558197246e-05,0.003468831001522577,0,4
mixed_groupcv_psnr_benefit_C1_absdiff_logistic_505,mixed_groupcv,psnr_benefit,C1_absdiff,logistic,505,bsds_286092,synthetic_bsds,,,,0.0,0.0,0.0,1.0,2.8762297651327508e-06,0.0014259029960858975,0,4
mixed_groupcv_psnr_benefit_C1_absdiff_logistic_505,mixed_groupcv,psnr_benefit,C1_absdiff,logistic,505,bsds_309004,synthetic_bsds,,,,0.0,0.0,0.0,1.0,3.965546999082174e-06,0.0016845022343659863,0,4
mixed_groupcv_psnr_benefit_C1_absdiff_logistic_505,mixed_groupcv,psnr_benefit,C1_absdiff,logistic,505,bsds_311081,synthetic_bsds,,,,0.0,0.0,0.0,1.0,9.544935791261444e-07,0.0008805958227282877,0,4
mixed_groupcv_psnr_benefit_C1_absdiff_logistic_505,mixed_groupcv,psnr_benefit,C1_absdiff,logistic,505,bsds_314016,synthetic_bsds,,,,0.0,0.0,0.0,1.0,1.0946848573049633e-06,0.000994403397410617,0,4
mixed_groupcv_psnr_benefit_C1_absdiff_logistic_505,mixed_groupcv,psnr_benefit,C1_absdiff,logistic,505,bsds_323016,synthetic_bsds,,,,0.0,0.0,0.0,1.0,1.0881361734244975e-05,0.002885548043830144,0,4
mixed_groupcv_psnr_benefit_C1_absdiff_logistic_505,mixed_groupcv,psnr_benefit,C1_absdiff,logistic,505,bsds_368078,synthetic_bsds,,,,0.0,0.0,0.0,1.0,1.3704525700788992e-06,0.0008177043898534948,0,4
mixed_groupcv_psnr_benefit_C1_absdiff_logistic_505,mixed_groupcv,psnr_benefit,C1_absdiff,logistic,505,bsds_374020,synthetic_bsds,,,,0.0,0.0,0.0,1.0,5.472569533380331e-05,0.006875116318470197,0,4
mixed_groupcv_psnr_benefit_C1_absdiff_logistic_505,mixed_groupcv,psnr_benefit,C1_absdiff,logistic,505,bsds_385028,synthetic_bsds,,,,0.0,0.0,0.0,1.0,6.42838081523974e-07,0.0007589097269124357,0,4
mixed_groupcv_psnr_benefit_C1_absdiff_logistic_505,mixed_groupcv,psnr_benefit,C1_absdiff,logistic,505,bsds_41004,synthetic_bsds,1.0,1.0,0.5,0.0,0.0,0.0,0.75,0.24916600243186635,0.24874177217501675,1,4
mixed_groupcv_psnr_benefit_C1_absdiff_logistic_505,mixed_groupcv,psnr_benefit,C1_absdiff,logistic,505,bsds_45077,synthetic_bsds,,,,0.0,0.0,0.0,1.0,0.00019595905878003628,0.01143110707932577,0,4
mixed_groupcv_psnr_benefit_C1_absdiff_logistic_505,mixed_groupcv,psnr_benefit,C1_absdiff,logistic,505,bsds_46076,synthetic_bsds,0.6666666666666667,0.5,0.5,0.0,0.0,0.0,0.75,0.2495900019091435,0.24499873467719507,1,4
mixed_groupcv_psnr_benefit_C1_absdiff_logistic_505,mixed_groupcv,psnr_benefit,C1_absdiff,logistic,505,bsds_59078,synthetic_bsds,,,,0.0,0.0,0.0,1.0,1.1602760716248511e-05,0.0025406428559533825,0,4
mixed_groupcv_psnr_benefit_C1_absdiff_logistic_505,mixed_groupcv,psnr_benefit,C1_absdiff,logistic,505,bsds_61086,synthetic_bsds,,,,0.0,0.0,0.0,1.0,5.1703800755174434e-06,0.001994313711428949,0,4
mixed_groupcv_psnr_benefit_C1_absdiff_logistic_505,mixed_groupcv,psnr_benefit,C1_absdiff,logistic,505,bsds_76002,synthetic_bsds,,,,0.0,0.0,0.0,1.0,8.117733627044525e-06,0.0026388182943990384,0,4
mixed_groupcv_psnr_benefit_C1_absdiff_logistic_505,mixed_groupcv,psnr_benefit,C1_absdiff,logistic,505,bsds_80099,synthetic_bsds,,,,0.0,0.0,0.0,1.0,8.297246110179216e-05,0.006024567206932544,0,4
mixed_groupcv_psnr_benefit_C1_absdiff_logistic_505,mixed_groupcv,psnr_benefit,C1_absdiff,logistic,505,bsds_92059,synthetic_bsds,,,,0.0,0.0,0.0,1.0,1.1866059097919669e-06,0.0009331457960418179,0,4
mixed_groupcv_psnr_benefit_C1_absdiff_mlp_505,mixed_groupcv,psnr_benefit,C1_absdiff,mlp,505,case1,real_csig,,,,0.0,0.0,0.0,1.0,0.08438948113120832,0.2669430779060349,0,192
mixed_groupcv_psnr_benefit_C1_absdiff_mlp_505,mixed_groupcv,psnr_benefit,C1_absdiff,mlp,505,case2,real_csig,0.37105263157894736,0.012221841834988017,0.4921052631578947,0.0,0.0,0.0,0.9739583333333334,0.08604098293993707,0.22405327651358675,2,192
mixed_groupcv_psnr_benefit_C1_absdiff_mlp_505,mixed_groupcv,psnr_benefit,C1_absdiff,mlp,505,case3,real_csig,,,,0.0,0.0,0.0,0.9895833333333334,0.0680126436927878,0.21407133464284314,0,192
mixed_groupcv_psnr_benefit_C1_absdiff_mlp_505,mixed_groupcv,psnr_benefit,C1_absdiff,mlp,505,case4,real_csig,,,,0.0,0.0,0.0,1.0,0.002416907012992982,0.02683149698229196,0,192
mixed_groupcv_psnr_benefit_C1_absdiff_mlp_505,mixed_groupcv,psnr_benefit,C1_absdiff,mlp,505,case5,real_csig,0.5869175627240144,0.047012038250633645,0.5,0.0,0.0,0.0,0.96875,0.061046824360428985,0.13440189638640732,6,192
mixed_groupcv_psnr_benefit_C1_absdiff_mlp_505,mixed_groupcv,psnr_benefit,C1_absdiff,mlp,505,bsds_100098,synthetic_bsds,,,,0.0,0.0,0.0,1.0,0.04825050051027817,0.16726362518966198,0,4
mixed_groupcv_psnr_benefit_C1_absdiff_mlp_505,mixed_groupcv,psnr_benefit,C1_absdiff,mlp,505,bsds_106025,synthetic_bsds,,,,0.0,0.0,0.0,0.75,0.1042628030360842,0.2859608419239521,0,4
mixed_groupcv_psnr_benefit_C1_absdiff_mlp_505,mixed_groupcv,psnr_benefit,C1_absdiff,mlp,505,bsds_112082,synthetic_bsds,,,,0.0,0.0,0.0,0.75,0.10867069768046347,0.2768452651798725,0,4
mixed_groupcv_psnr_benefit_C1_absdiff_mlp_505,mixed_groupcv,psnr_benefit,C1_absdiff,mlp,505,bsds_138078,synthetic_bsds,,,,0.0,0.0,0.0,1.0,0.05742439553079812,0.19181317370384932,0,4
mixed_groupcv_psnr_benefit_C1_absdiff_mlp_505,mixed_groupcv,psnr_benefit,C1_absdiff,mlp,505,bsds_140055,synthetic_bsds,,,,0.0,0.0,0.0,1.0,0.032477363959554945,0.13234063144773245,0,4
mixed_groupcv_psnr_benefit_C1_absdiff_mlp_505,mixed_groupcv,psnr_benefit,C1_absdiff,mlp,505,bsds_147021,synthetic_bsds,,,,0.0,0.0,0.0,1.0,0.09653707190478117,0.2944781221449375,0,4
mixed_groupcv_psnr_benefit_C1_absdiff_mlp_505,mixed_groupcv,psnr_benefit,C1_absdiff,mlp,505,bsds_153077,synthetic_bsds,,,,0.0,0.0,0.0,1.0,0.16864757310961354,0.40921345353126526,0,4
mixed_groupcv_psnr_benefit_C1_absdiff_mlp_505,mixed_groupcv,psnr_benefit,C1_absdiff,mlp,505,bsds_159029,synthetic_bsds,,,,0.0,0.0,0.0,1.0,0.025985566055732063,0.13785978686064482,0,4
mixed_groupcv_psnr_benefit_C1_absdiff_mlp_505,mixed_groupcv,psnr_benefit,C1_absdiff,mlp,505,bsds_159045,synthetic_bsds,,,,0.0,0.0,0.0,1.0,0.021879195906624183,0.14138899371027946,0,4
mixed_groupcv_psnr_benefit_C1_absdiff_mlp_505,mixed_groupcv,psnr_benefit,C1_absdiff,mlp,505,bsds_159091,synthetic_bsds,,,,0.0,0.0,0.0,1.0,0.0850481785912244,0.24993609637022018,0,4
mixed_groupcv_psnr_benefit_C1_absdiff_mlp_505,mixed_groupcv,psnr_benefit,C1_absdiff,mlp,505,bsds_164074,synthetic_bsds,,,,0.0,0.0,0.0,0.75,0.17834709470449273,0.4003099650144577,0,4
mixed_groupcv_psnr_benefit_C1_absdiff_mlp_505,mixed_groupcv,psnr_benefit,C1_absdiff,mlp,505,bsds_166081,synthetic_bsds,,,,0.0,0.0,0.0,1.0,0.06999404704376105,0.21520669385790825,0,4
mixed_groupcv_psnr_benefit_C1_absdiff_mlp_505,mixed_groupcv,psnr_benefit,C1_absdiff,mlp,505,bsds_176039,synthetic_bsds,,,,0.0,0.0,0.0,1.0,0.057827069132972087,0.20046461303718388,0,4
mixed_groupcv_psnr_benefit_C1_absdiff_mlp_505,mixed_groupcv,psnr_benefit,C1_absdiff,mlp,505,bsds_183055,synthetic_bsds,,,,0.0,0.0,0.0,0.75,0.13340390079190745,0.33834830671548843,0,4
mixed_groupcv_psnr_benefit_C1_absdiff_mlp_505,mixed_groupcv,psnr_benefit,C1_absdiff,mlp,505,bsds_187029,synthetic_bsds,,,,0.0,0.0,0.0,1.0,0.01851867281252999,0.12239076476544142,0,4
mixed_groupcv_psnr_benefit_C1_absdiff_mlp_505,mixed_groupcv,psnr_benefit,C1_absdiff,mlp,505,bsds_188063,synthetic_bsds,,,,0.0,0.0,0.0,1.0,0.12465082131056589,0.3085010605864227,0,4
mixed_groupcv_psnr_benefit_C1_absdiff_mlp_505,mixed_groupcv,psnr_benefit,C1_absdiff,mlp,505,bsds_198023,synthetic_bsds,0.0,0.6388888888888888,0.5,0.0,0.0,0.0,0.25,0.4364612171988765,0.4233635254204273,3,4
mixed_groupcv_psnr_benefit_C1_absdiff_mlp_505,mixed_groupcv,psnr_benefit,C1_absdiff,mlp,505,bsds_198054,synthetic_bsds,,,,0.0,0.0,0.0,1.0,0.010233459711547849,0.09568511322140694,0,4
mixed_groupcv_psnr_benefit_C1_absdiff_mlp_505,mixed_groupcv,psnr_benefit,C1_absdiff,mlp,505,bsds_20008,synthetic_bsds,,,,0.0,0.0,0.0,0.75,0.14804567171122507,0.36350566148757935,0,4
mixed_groupcv_psnr_benefit_C1_absdiff_mlp_505,mixed_groupcv,psnr_benefit,C1_absdiff,mlp,505,bsds_216041,synthetic_bsds,,,,0.0,0.0,0.0,1.0,0.0004943056670914823,0.0183364535914734,0,4
mixed_groupcv_psnr_benefit_C1_absdiff_mlp_505,mixed_groupcv,psnr_benefit,C1_absdiff,mlp,505,bsds_225017,synthetic_bsds,,,,0.0,0.0,0.0,1.0,0.08925417337811326,0.2810184955596924,0,4
mixed_groupcv_psnr_benefit_C1_absdiff_mlp_505,mixed_groupcv,psnr_benefit,C1_absdiff,mlp,505,bsds_23025,synthetic_bsds,,,,0.0,0.0,0.0,1.0,0.03672610571672384,0.16138156782835722,0,4
mixed_groupcv_psnr_benefit_C1_absdiff_mlp_505,mixed_groupcv,psnr_benefit,C1_absdiff,mlp,505,bsds_23080,synthetic_bsds,,,,0.0,0.0,0.0,1.0,0.1050717529022665,0.32066288962960243,0,4
mixed_groupcv_psnr_benefit_C1_absdiff_mlp_505,mixed_groupcv,psnr_benefit,C1_absdiff,mlp,505,bsds_231015,synthetic_bsds,,,,0.0,0.0,0.0,1.0,0.009759347436169628,0.06682431208901107,0,4
mixed_groupcv_psnr_benefit_C1_absdiff_mlp_505,mixed_groupcv,psnr_benefit,C1_absdiff,mlp,505,bsds_236017,synthetic_bsds,,,,0.0,0.0,0.0,1.0,0.043822721980059307,0.12057443126104772,0,4
mixed_groupcv_psnr_benefit_C1_absdiff_mlp_505,mixed_groupcv,psnr_benefit,C1_absdiff,mlp,505,bsds_245051,synthetic_bsds,,,,0.0,0.0,0.0,1.0,0.005551497542436675,0.057727445382624865,0,4
mixed_groupcv_psnr_benefit_C1_absdiff_mlp_505,mixed_groupcv,psnr_benefit,C1_absdiff,mlp,505,bsds_246016,synthetic_bsds,,,,0.0,0.0,0.0,1.0,0.003160669764785882,0.05530209746211767,0,4
mixed_groupcv_psnr_benefit_C1_absdiff_mlp_505,mixed_groupcv,psnr_benefit,C1_absdiff,mlp,505,bsds_249061,synthetic_bsds,,,,0.0,0.0,0.0,1.0,0.020281738688973205,0.13672097772359848,0,4
mixed_groupcv_psnr_benefit_C1_absdiff_mlp_505,mixed_groupcv,psnr_benefit,C1_absdiff,mlp,505,bsds_25098,synthetic_bsds,,,,0.0,0.0,0.0,1.0,0.05013994916091799,0.18400081526488066,0,4
mixed_groupcv_psnr_benefit_C1_absdiff_mlp_505,mixed_groupcv,psnr_benefit,C1_absdiff,mlp,505,bsds_253036,synthetic_bsds,,,,0.0,0.0,0.0,1.0,0.0338870717985561,0.17799067497253418,0,4
mixed_groupcv_psnr_benefit_C1_absdiff_mlp_505,mixed_groupcv,psnr_benefit,C1_absdiff,mlp,505,bsds_254054,synthetic_bsds,,,,0.0,0.0,0.0,1.0,0.04617268751064792,0.18000688310712576,0,4
mixed_groupcv_psnr_benefit_C1_absdiff_mlp_505,mixed_groupcv,psnr_benefit,C1_absdiff,mlp,505,bsds_27059,synthetic_bsds,,,,0.0,0.0,0.0,1.0,0.05093402712257643,0.16545337531715631,0,4
mixed_groupcv_psnr_benefit_C1_absdiff_mlp_505,mixed_groupcv,psnr_benefit,C1_absdiff,mlp,505,bsds_271008,synthetic_bsds,,,,0.0,0.0,0.0,1.0,0.035370143047997335,0.15372695121914148,0,4
mixed_groupcv_psnr_benefit_C1_absdiff_mlp_505,mixed_groupcv,psnr_benefit,C1_absdiff,mlp,505,bsds_274007,synthetic_bsds,,,,0.0,0.0,0.0,1.0,0.10376086449218015,0.2874907683581114,0,4
mixed_groupcv_psnr_benefit_C1_absdiff_mlp_505,mixed_groupcv,psnr_benefit,C1_absdiff,mlp,505,bsds_286092,synthetic_bsds,,,,0.0,0.0,0.0,1.0,0.09132555207649706,0.2771693989634514,0,4
mixed_groupcv_psnr_benefit_C1_absdiff_mlp_505,mixed_groupcv,psnr_benefit,C1_absdiff,mlp,505,bsds_309004,synthetic_bsds,,,,0.0,0.0,0.0,0.75,0.1336189873769723,0.31726090610027313,0,4
mixed_groupcv_psnr_benefit_C1_absdiff_mlp_505,mixed_groupcv,psnr_benefit,C1_absdiff,mlp,505,bsds_311081,synthetic_bsds,,,,0.0,0.0,0.0,1.0,0.11140136573262724,0.28451173286885023,0,4
mixed_groupcv_psnr_benefit_C1_absdiff_mlp_505,mixed_groupcv,psnr_benefit,C1_absdiff,mlp,505,bsds_314016,synthetic_bsds,,,,0.0,0.0,0.0,1.0,0.1294964683803861,0.34101949632167816,0,4
mixed_groupcv_psnr_benefit_C1_absdiff_mlp_505,mixed_groupcv,psnr_benefit,C1_absdiff,mlp,505,bsds_323016,synthetic_bsds,,,,0.0,0.0,0.0,1.0,0.0008370303252727479,0.028461193200200796,0,4
mixed_groupcv_psnr_benefit_C1_absdiff_mlp_505,mixed_groupcv,psnr_benefit,C1_absdiff,mlp,505,bsds_368078,synthetic_bsds,,,,0.0,0.0,0.0,1.0,0.1126872756896047,0.3083325941115618,0,4
mixed_groupcv_psnr_benefit_C1_absdiff_mlp_505,mixed_groupcv,psnr_benefit,C1_absdiff,mlp,505,bsds_374020,synthetic_bsds,,,,0.0,0.0,0.0,1.0,0.0029307054991770283,0.05149972904473543,0,4
mixed_groupcv_psnr_benefit_C1_absdiff_mlp_505,mixed_groupcv,psnr_benefit,C1_absdiff,mlp,505,bsds_385028,synthetic_bsds,,,,0.0,0.0,0.0,1.0,0.02378431554997256,0.1105551179498434,0,4
mixed_groupcv_psnr_benefit_C1_absdiff_mlp_505,mixed_groupcv,psnr_benefit,C1_absdiff,mlp,505,bsds_41004,synthetic_bsds,1.0,1.0,0.5,0.0,0.0,0.0,0.75,0.14742126802030647,0.29936688020825386,1,4
mixed_groupcv_psnr_benefit_C1_absdiff_mlp_505,mixed_groupcv,psnr_benefit,C1_absdiff,mlp,505,bsds_45077,synthetic_bsds,,,,0.0,0.0,0.0,1.0,0.07390450115787972,0.25495632737874985,0,4
mixed_groupcv_psnr_benefit_C1_absdiff_mlp_505,mixed_groupcv,psnr_benefit,C1_absdiff,mlp,505,bsds_46076,synthetic_bsds,0.33333333333333337,0.3333333333333333,0.5,0.0,0.0,0.0,0.75,0.22670124624624843,0.2771191094070673,1,4
mixed_groupcv_psnr_benefit_C1_absdiff_mlp_505,mixed_groupcv,psnr_benefit,C1_absdiff,mlp,505,bsds_59078,synthetic_bsds,,,,0.0,0.0,0.0,1.0,0.004099026429903077,0.06278562359511852,0,4
mixed_groupcv_psnr_benefit_C1_absdiff_mlp_505,mixed_groupcv,psnr_benefit,C1_absdiff,mlp,505,bsds_61086,synthetic_bsds,,,,0.0,0.0,0.0,1.0,0.1062438647709345,0.27798666059970856,0,4
mixed_groupcv_psnr_benefit_C1_absdiff_mlp_505,mixed_groupcv,psnr_benefit,C1_absdiff,mlp,505,bsds_76002,synthetic_bsds,,,,0.0,0.0,0.0,1.0,0.07292769434891429,0.24531627632677555,0,4
mixed_groupcv_psnr_benefit_C1_absdiff_mlp_505,mixed_groupcv,psnr_benefit,C1_absdiff,mlp,505,bsds_80099,synthetic_bsds,,,,0.0,0.0,0.0,1.0,0.03864812803551604,0.18034568056464195,0,4
mixed_groupcv_psnr_benefit_C1_absdiff_mlp_505,mixed_groupcv,psnr_benefit,C1_absdiff,mlp,505,bsds_92059,synthetic_bsds,,,,0.0,0.0,0.0,1.0,0.0038079715832428644,0.05165554059203714,0,4
mixed_groupcv_psnr_benefit_C1_absdiff_mlp_506,mixed_groupcv,psnr_benefit,C1_absdiff,mlp,506,case1,real_csig,,,,0.0,0.0,0.0,1.0,0.08385480507140201,0.26135806133000494,0,192
mixed_groupcv_psnr_benefit_C1_absdiff_mlp_506,mixed_groupcv,psnr_benefit,C1_absdiff,mlp,506,case2,real_csig,0.3631578947368421,0.012086004273504274,0.49736842105263157,0.0,0.0,0.0,0.984375,0.06844345609277207,0.19058621293273362,2,192
mixed_groupcv_psnr_benefit_C1_absdiff_mlp_506,mixed_groupcv,psnr_benefit,C1_absdiff,mlp,506,case3,real_csig,,,,0.0,0.0,0.0,1.0,0.051404214049418966,0.18349706701701504,0,192
mixed_groupcv_psnr_benefit_C1_absdiff_mlp_506,mixed_groupcv,psnr_benefit,C1_absdiff,mlp,506,case4,real_csig,,,,0.0,0.0,0.0,1.0,0.00208556253778555,0.022481341337879716,0,192
mixed_groupcv_psnr_benefit_C1_absdiff_mlp_506,mixed_groupcv,psnr_benefit,C1_absdiff,mlp,506,case5,real_csig,0.568100358422939,0.04102572147212167,0.5,0.0,0.0,0.0,0.96875,0.05094971053641686,0.0863727582557961,6,192
mixed_groupcv_psnr_benefit_C1_absdiff_mlp_506,mixed_groupcv,psnr_benefit,C1_absdiff,mlp,506,bsds_100098,synthetic_bsds,,,,0.0,0.0,0.0,1.0,0.0319362339334002,0.13697174098342657,0,4
mixed_groupcv_psnr_benefit_C1_absdiff_mlp_506,mixed_groupcv,psnr_benefit,C1_absdiff,mlp,506,bsds_106025,synthetic_bsds,,,,0.0,0.0,0.0,1.0,0.06229605715147231,0.2218130510300398,0,4
mixed_groupcv_psnr_benefit_C1_absdiff_mlp_506,mixed_groupcv,psnr_benefit,C1_absdiff,mlp,506,bsds_112082,synthetic_bsds,,,,0.0,0.0,0.0,1.0,0.07032771727647305,0.22104047890752554,0,4
mixed_groupcv_psnr_benefit_C1_absdiff_mlp_506,mixed_groupcv,psnr_benefit,C1_absdiff,mlp,506,bsds_138078,synthetic_bsds,,,,0.0,0.0,0.0,1.0,0.03842103075815191,0.15341132692992687,0,4
mixed_groupcv_psnr_benefit_C1_absdiff_mlp_506,mixed_groupcv,psnr_benefit,C1_absdiff,mlp,506,bsds_140055,synthetic_bsds,,,,0.0,0.0,0.0,1.0,0.032767178594861654,0.1165038044564426,0,4
mixed_groupcv_psnr_benefit_C1_absdiff_mlp_506,mixed_groupcv,psnr_benefit,C1_absdiff,mlp,506,bsds_147021,synthetic_bsds,,,,0.0,0.0,0.0,1.0,0.057683027372493534,0.23271618783473969,0,4
mixed_groupcv_psnr_benefit_C1_absdiff_mlp_506,mixed_groupcv,psnr_benefit,C1_absdiff,mlp,506,bsds_153077,synthetic_bsds,,,,0.0,0.0,0.0,1.0,0.15277615401124423,0.38624512404203415,0,4
mixed_groupcv_psnr_benefit_C1_absdiff_mlp_506,mixed_groupcv,psnr_benefit,C1_absdiff,mlp,506,bsds_159029,synthetic_bsds,,,,0.0,0.0,0.0,1.0,0.037766348871887054,0.15209156554192305,0,4
mixed_groupcv_psnr_benefit_C1_absdiff_mlp_506,mixed_groupcv,psnr_benefit,C1_absdiff,mlp,506,bsds_159045,synthetic_bsds,,,,0.0,0.0,0.0,1.0,0.017260178672691986,0.12386372499167919,0,4
mixed_groupcv_psnr_benefit_C1_absdiff_mlp_506,mixed_groupcv,psnr_benefit,C1_absdiff,mlp,506,bsds_159091,synthetic_bsds,,,,0.0,0.0,0.0,1.0,0.061089854804788,0.197425146587193,0,4
mixed_groupcv_psnr_benefit_C1_absdiff_mlp_506,mixed_groupcv,psnr_benefit,C1_absdiff,mlp,506,bsds_164074,synthetic_bsds,,,,0.0,0.0,0.0,1.0,0.10904461734014181,0.3123120293021202,0,4
mixed_groupcv_psnr_benefit_C1_absdiff_mlp_506,mixed_groupcv,psnr_benefit,C1_absdiff,mlp,506,bsds_166081,synthetic_bsds,,,,0.0,0.0,0.0,1.0,0.06903177790687455,0.21118176449090242,0,4
mixed_groupcv_psnr_benefit_C1_absdiff_mlp_506,mixed_groupcv,psnr_benefit,C1_absdiff,mlp,506,bsds_176039,synthetic_bsds,,,,0.0,0.0,0.0,1.0,0.04187442169199024,0.1602814300567843,0,4
mixed_groupcv_psnr_benefit_C1_absdiff_mlp_506,mixed_groupcv,psnr_benefit,C1_absdiff,mlp,506,bsds_183055,synthetic_bsds,,,,0.0,0.0,0.0,1.0,0.08762947714337038,0.2582387514412403,0,4
mixed_groupcv_psnr_benefit_C1_absdiff_mlp_506,mixed_groupcv,psnr_benefit,C1_absdiff,mlp,506,bsds_187029,synthetic_bsds,,,,0.0,0.0,0.0,1.0,0.014020712604550529,0.10330720711499453,0,4
mixed_groupcv_psnr_benefit_C1_absdiff_mlp_506,mixed_groupcv,psnr_benefit,C1_absdiff,mlp,506,bsds_188063,synthetic_bsds,,,,0.0,0.0,0.0,1.0,0.10906473574506828,0.28012033575214446,0,4
mixed_groupcv_psnr_benefit_C1_absdiff_mlp_506,mixed_groupcv,psnr_benefit,C1_absdiff,mlp,506,bsds_198023,synthetic_bsds,0.0,0.6388888888888888,0.5,0.0,0.0,0.0,0.25,0.5073600735302206,0.6889350805431604,3,4
mixed_groupcv_psnr_benefit_C1_absdiff_mlp_506,mixed_groupcv,psnr_benefit,C1_absdiff,mlp,506,bsds_198054,synthetic_bsds,,,,0.0,0.0,0.0,1.0,0.004474363383083383,0.0646532541140914,0,4
mixed_groupcv_psnr_benefit_C1_absdiff_mlp_506,mixed_groupcv,psnr_benefit,C1_absdiff,mlp,506,bsds_20008,synthetic_bsds,,,,0.0,0.0,0.0,1.0,0.12257110966562079,0.3348933309316635,0,4
mixed_groupcv_psnr_benefit_C1_absdiff_mlp_506,mixed_groupcv,psnr_benefit,C1_absdiff,mlp,506,bsds_216041,synthetic_bsds,,,,0.0,0.0,0.0,1.0,0.00013377290124710504,0.009795694524655119,0,4
mixed_groupcv_psnr_benefit_C1_absdiff_mlp_506,mixed_groupcv,psnr_benefit,C1_absdiff,mlp,506,bsds_225017,synthetic_bsds,,,,0.0,0.0,0.0,1.0,0.08577199535290858,0.26274584978818893,0,4
mixed_groupcv_psnr_benefit_C1_absdiff_mlp_506,mixed_groupcv,psnr_benefit,C1_absdiff,mlp,506,bsds_23025,synthetic_bsds,,,,0.0,0.0,0.0,1.0,0.037982458058582594,0.15811091009527445,0,4
mixed_groupcv_psnr_benefit_C1_absdiff_mlp_506,mixed_groupcv,psnr_benefit,C1_absdiff,mlp,506,bsds_23080,synthetic_bsds,,,,0.0,0.0,0.0,1.0,0.0790473237417566,0.2720138877630234,0,4
mixed_groupcv_psnr_benefit_C1_absdiff_mlp_506,mixed_groupcv,psnr_benefit,C1_absdiff,mlp,506,bsds_231015,synthetic_bsds,,,,0.0,0.0,0.0,1.0,0.005347253066108647,0.05112918606027961,0,4
mixed_groupcv_psnr_benefit_C1_absdiff_mlp_506,mixed_groupcv,psnr_benefit,C1_absdiff,mlp,506,bsds_236017,synthetic_bsds,,,,0.0,0.0,0.0,1.0,0.02788872856375824,0.09098888594598975,0,4
mixed_groupcv_psnr_benefit_C1_absdiff_mlp_506,mixed_groupcv,psnr_benefit,C1_absdiff,mlp,506,bsds_245051,synthetic_bsds,,,,0.0,0.0,0.0,1.0,0.001981510692009335,0.035493569914251566,0,4
mixed_groupcv_psnr_benefit_C1_absdiff_mlp_506,mixed_groupcv,psnr_benefit,C1_absdiff,mlp,506,bsds_246016,synthetic_bsds,,,,0.0,0.0,0.0,1.0,0.0018644106783862607,0.04219145141541958,0,4
mixed_groupcv_psnr_benefit_C1_absdiff_mlp_506,mixed_groupcv,psnr_benefit,C1_absdiff,mlp,506,bsds_249061,synthetic_bsds,,,,0.0,0.0,0.0,1.0,0.019449783909307322,0.12737171351909637,0,4
mixed_groupcv_psnr_benefit_C1_absdiff_mlp_506,mixed_groupcv,psnr_benefit,C1_absdiff,mlp,506,bsds_25098,synthetic_bsds,,,,0.0,0.0,0.0,1.0,0.033309176372509644,0.1430968176573515,0,4
mixed_groupcv_psnr_benefit_C1_absdiff_mlp_506,mixed_groupcv,psnr_benefit,C1_absdiff,mlp,506,bsds_253036,synthetic_bsds,,,,0.0,0.0,0.0,1.0,0.019258364211499526,0.1319447997957468,0,4
mixed_groupcv_psnr_benefit_C1_absdiff_mlp_506,mixed_groupcv,psnr_benefit,C1_absdiff,mlp,506,bsds_254054,synthetic_bsds,,,,0.0,0.0,0.0,1.0,0.034661754534975595,0.14978353213518858,0,4
mixed_groupcv_psnr_benefit_C1_absdiff_mlp_506,mixed_groupcv,psnr_benefit,C1_absdiff,mlp,506,bsds_27059,synthetic_bsds,,,,0.0,0.0,0.0,1.0,0.046344910010840776,0.14262619987130165,0,4
mixed_groupcv_psnr_benefit_C1_absdiff_mlp_506,mixed_groupcv,psnr_benefit,C1_absdiff,mlp,506,bsds_271008,synthetic_bsds,,,,0.0,0.0,0.0,1.0,0.02983856803431563,0.13719277270138264,0,4
mixed_groupcv_psnr_benefit_C1_absdiff_mlp_506,mixed_groupcv,psnr_benefit,C1_absdiff,mlp,506,bsds_274007,synthetic_bsds,,,,0.0,0.0,0.0,1.0,0.07856906536560766,0.243640361353755,0,4
mixed_groupcv_psnr_benefit_C1_absdiff_mlp_506,mixed_groupcv,psnr_benefit,C1_absdiff,mlp,506,bsds_286092,synthetic_bsds,,,,0.0,0.0,0.0,1.0,0.07122359094848862,0.2380623072385788,0,4
mixed_groupcv_psnr_benefit_C1_absdiff_mlp_506,mixed_groupcv,psnr_benefit,C1_absdiff,mlp,506,bsds_309004,synthetic_bsds,,,,0.0,0.0,0.0,1.0,0.08038023537770018,0.23899872787296772,0,4
mixed_groupcv_psnr_benefit_C1_absdiff_mlp_506,mixed_groupcv,psnr_benefit,C1_absdiff,mlp,506,bsds_311081,synthetic_bsds,,,,0.0,0.0,0.0,1.0,0.0854961186893499,0.2513144421391189,0,4
mixed_groupcv_psnr_benefit_C1_absdiff_mlp_506,mixed_groupcv,psnr_benefit,C1_absdiff,mlp,506,bsds_314016,synthetic_bsds,,,,0.0,0.0,0.0,1.0,0.0929255585678555,0.2931136153638363,0,4
mixed_groupcv_psnr_benefit_C1_absdiff_mlp_506,mixed_groupcv,psnr_benefit,C1_absdiff,mlp,506,bsds_323016,synthetic_bsds,,,,0.0,0.0,0.0,1.0,0.0009542111201082202,0.030631907284259796,0,4
mixed_groupcv_psnr_benefit_C1_absdiff_mlp_506,mixed_groupcv,psnr_benefit,C1_absdiff,mlp,506,bsds_368078,synthetic_bsds,,,,0.0,0.0,0.0,1.0,0.0753688159541972,0.2583286464214325,0,4
mixed_groupcv_psnr_benefit_C1_absdiff_mlp_506,mixed_groupcv,psnr_benefit,C1_absdiff,mlp,506,bsds_374020,synthetic_bsds,,,,0.0,0.0,0.0,1.0,0.0018146189391331476,0.039390741381794214,0,4
mixed_groupcv_psnr_benefit_C1_absdiff_mlp_506,mixed_groupcv,psnr_benefit,C1_absdiff,mlp,506,bsds_385028,synthetic_bsds,,,,0.0,0.0,0.0,1.0,0.016994028578664614,0.09031147859059274,0,4
mixed_groupcv_psnr_benefit_C1_absdiff_mlp_506,mixed_groupcv,psnr_benefit,C1_absdiff,mlp,506,bsds_41004,synthetic_bsds,1.0,1.0,0.5,0.0,0.0,0.0,0.75,0.16703880798714277,0.29066568799316883,1,4
mixed_groupcv_psnr_benefit_C1_absdiff_mlp_506,mixed_groupcv,psnr_benefit,C1_absdiff,mlp,506,bsds_45077,synthetic_bsds,,,,0.0,0.0,0.0,1.0,0.06872936792553686,0.24148529022932053,0,4
mixed_groupcv_psnr_benefit_C1_absdiff_mlp_506,mixed_groupcv,psnr_benefit,C1_absdiff,mlp,506,bsds_46076,synthetic_bsds,0.33333333333333337,0.3333333333333333,0.5,0.0,0.0,0.0,0.75,0.24742077742554358,0.2557156551629305,1,4
mixed_groupcv_psnr_benefit_C1_absdiff_mlp_506,mixed_groupcv,psnr_benefit,C1_absdiff,mlp,506,bsds_59078,synthetic_bsds,,,,0.0,0.0,0.0,1.0,0.004146610909778765,0.06326052825897932,0,4
mixed_groupcv_psnr_benefit_C1_absdiff_mlp_506,mixed_groupcv,psnr_benefit,C1_absdiff,mlp,506,bsds_61086,synthetic_bsds,,,,0.0,0.0,0.0,1.0,0.08591707094355451,0.23916723392903805,0,4
mixed_groupcv_psnr_benefit_C1_absdiff_mlp_506,mixed_groupcv,psnr_benefit,C1_absdiff,mlp,506,bsds_76002,synthetic_bsds,,,,0.0,0.0,0.0,1.0,0.05922042407275496,0.21690116822719574,0,4
mixed_groupcv_psnr_benefit_C1_absdiff_mlp_506,mixed_groupcv,psnr_benefit,C1_absdiff,mlp,506,bsds_80099,synthetic_bsds,,,,0.0,0.0,0.0,1.0,0.019320523552724136,0.1339996438473463,0,4
mixed_groupcv_psnr_benefit_C1_absdiff_mlp_506,mixed_groupcv,psnr_benefit,C1_absdiff,mlp,506,bsds_92059,synthetic_bsds,,,,0.0,0.0,0.0,1.0,0.0019713373240232606,0.03765041392762214,0,4
mixed_groupcv_psnr_benefit_C1_absdiff_mlp_507,mixed_groupcv,psnr_benefit,C1_absdiff,mlp,507,case1,real_csig,,,,0.0,0.0,0.0,1.0,0.07415316823119282,0.24452445438995102,0,192
mixed_groupcv_psnr_benefit_C1_absdiff_mlp_507,mixed_groupcv,psnr_benefit,C1_absdiff,mlp,507,case2,real_csig,0.5684210526315789,0.017458920187793426,0.49736842105263157,0.0,0.0,0.0,0.984375,0.05844788757973509,0.16380367133873128,2,192
mixed_groupcv_psnr_benefit_C1_absdiff_mlp_507,mixed_groupcv,psnr_benefit,C1_absdiff,mlp,507,case3,real_csig,,,,0.0,0.0,0.0,1.0,0.0531063730587189,0.17188947289802553,0,192
mixed_groupcv_psnr_benefit_C1_absdiff_mlp_507,mixed_groupcv,psnr_benefit,C1_absdiff,mlp,507,case4,real_csig,,,,0.0,0.0,0.0,1.0,0.0003937725960326094,0.006254249014697658,0,192
mixed_groupcv_psnr_benefit_C1_absdiff_mlp_507,mixed_groupcv,psnr_benefit,C1_absdiff,mlp,507,case5,real_csig,0.5663082437275986,0.04351360728557768,0.5,0.0,0.0,0.0,0.96875,0.04762040425648986,0.05401567307914471,6,192
mixed_groupcv_psnr_benefit_C1_absdiff_mlp_507,mixed_groupcv,psnr_benefit,C1_absdiff,mlp,507,bsds_100098,synthetic_bsds,,,,0.0,0.0,0.0,1.0,0.0351590806105823,0.13549989741295576,0,4
mixed_groupcv_psnr_benefit_C1_absdiff_mlp_507,mixed_groupcv,psnr_benefit,C1_absdiff,mlp,507,bsds_106025,synthetic_bsds,,,,0.0,0.0,0.0,1.0,0.06425540619710707,0.2345692403614521,0,4
mixed_groupcv_psnr_benefit_C1_absdiff_mlp_507,mixed_groupcv,psnr_benefit,C1_absdiff,mlp,507,bsds_112082,synthetic_bsds,,,,0.0,0.0,0.0,1.0,0.10256555621679736,0.2754947654902935,0,4
mixed_groupcv_psnr_benefit_C1_absdiff_mlp_507,mixed_groupcv,psnr_benefit,C1_absdiff,mlp,507,bsds_138078,synthetic_bsds,,,,0.0,0.0,0.0,1.0,0.05059377819212574,0.19199258834123611,0,4
mixed_groupcv_psnr_benefit_C1_absdiff_mlp_507,mixed_groupcv,psnr_benefit,C1_absdiff,mlp,507,bsds_140055,synthetic_bsds,,,,0.0,0.0,0.0,1.0,0.015807101732103188,0.06986941257491708,0,4
mixed_groupcv_psnr_benefit_C1_absdiff_mlp_507,mixed_groupcv,psnr_benefit,C1_absdiff,mlp,507,bsds_147021,synthetic_bsds,,,,0.0,0.0,0.0,1.0,0.12294199362717584,0.33998996764421463,0,4
mixed_groupcv_psnr_benefit_C1_absdiff_mlp_507,mixed_groupcv,psnr_benefit,C1_absdiff,mlp,507,bsds_153077,synthetic_bsds,,,,0.0,0.0,0.0,1.0,0.1460498733017912,0.3755924627184868,0,4
mixed_groupcv_psnr_benefit_C1_absdiff_mlp_507,mixed_groupcv,psnr_benefit,C1_absdiff,mlp,507,bsds_159029,synthetic_bsds,,,,0.0,0.0,0.0,1.0,0.012056398638642673,0.08591727027669549,0,4
mixed_groupcv_psnr_benefit_C1_absdiff_mlp_507,mixed_groupcv,psnr_benefit,C1_absdiff,mlp,507,bsds_159045,synthetic_bsds,,,,0.0,0.0,0.0,1.0,0.029340991057315302,0.1668245755136013,0,4
mixed_groupcv_psnr_benefit_C1_absdiff_mlp_507,mixed_groupcv,psnr_benefit,C1_absdiff,mlp,507,bsds_159091,synthetic_bsds,,,,0.0,0.0,0.0,1.0,0.0727825401067859,0.20042825944256037,0,4
mixed_groupcv_psnr_benefit_C1_absdiff_mlp_507,mixed_groupcv,psnr_benefit,C1_absdiff,mlp,507,bsds_164074,synthetic_bsds,,,,0.0,0.0,0.0,1.0,0.14521418342389514,0.3683599457144737,0,4
mixed_groupcv_psnr_benefit_C1_absdiff_mlp_507,mixed_groupcv,psnr_benefit,C1_absdiff,mlp,507,bsds_166081,synthetic_bsds,,,,0.0,0.0,0.0,1.0,0.06903033381775514,0.2105926019139588,0,4
mixed_groupcv_psnr_benefit_C1_absdiff_mlp_507,mixed_groupcv,psnr_benefit,C1_absdiff,mlp,507,bsds_176039,synthetic_bsds,,,,0.0,0.0,0.0,1.0,0.06978370109717408,0.22108886404748773,0,4
mixed_groupcv_psnr_benefit_C1_absdiff_mlp_507,mixed_groupcv,psnr_benefit,C1_absdiff,mlp,507,bsds_183055,synthetic_bsds,,,,0.0,0.0,0.0,1.0,0.08774314365307778,0.2410280928015709,0,4
mixed_groupcv_psnr_benefit_C1_absdiff_mlp_507,mixed_groupcv,psnr_benefit,C1_absdiff,mlp,507,bsds_187029,synthetic_bsds,,,,0.0,0.0,0.0,1.0,0.010310469713538904,0.07959415391087532,0,4
mixed_groupcv_psnr_benefit_C1_absdiff_mlp_507,mixed_groupcv,psnr_benefit,C1_absdiff,mlp,507,bsds_188063,synthetic_bsds,,,,0.0,0.0,0.0,1.0,0.08902279078762511,0.26593404449522495,0,4
mixed_groupcv_psnr_benefit_C1_absdiff_mlp_507,mixed_groupcv,psnr_benefit,C1_absdiff,mlp,507,bsds_198023,synthetic_bsds,0.0,0.6388888888888888,0.5,0.0,0.0,0.0,0.25,0.46740305734556703,0.6713118962943554,3,4
mixed_groupcv_psnr_benefit_C1_absdiff_mlp_507,mixed_groupcv,psnr_benefit,C1_absdiff,mlp,507,bsds_198054,synthetic_bsds,,,,0.0,0.0,0.0,1.0,0.01427166389288731,0.11511075124144554,0,4
mixed_groupcv_psnr_benefit_C1_absdiff_mlp_507,mixed_groupcv,psnr_benefit,C1_absdiff,mlp,507,bsds_20008,synthetic_bsds,,,,0.0,0.0,0.0,1.0,0.11073028343028046,0.319342665374279,0,4
mixed_groupcv_psnr_benefit_C1_absdiff_mlp_507,mixed_groupcv,psnr_benefit,C1_absdiff,mlp,507,bsds_216041,synthetic_bsds,,,,0.0,0.0,0.0,1.0,1.8744349415618613e-05,0.003028318947144726,0,4
mixed_groupcv_psnr_benefit_C1_absdiff_mlp_507,mixed_groupcv,psnr_benefit,C1_absdiff,mlp,507,bsds_225017,synthetic_bsds,,,,0.0,0.0,0.0,1.0,0.08762343345203072,0.26771146804094315,0,4
mixed_groupcv_psnr_benefit_C1_absdiff_mlp_507,mixed_groupcv,psnr_benefit,C1_absdiff,mlp,507,bsds_23025,synthetic_bsds,,,,0.0,0.0,0.0,1.0,0.04090960343184931,0.17366334982216358,0,4
mixed_groupcv_psnr_benefit_C1_absdiff_mlp_507,mixed_groupcv,psnr_benefit,C1_absdiff,mlp,507,bsds_23080,synthetic_bsds,,,,0.0,0.0,0.0,1.0,0.13288736894566222,0.35502561926841736,0,4
mixed_groupcv_psnr_benefit_C1_absdiff_mlp_507,mixed_groupcv,psnr_benefit,C1_absdiff,mlp,507,bsds_231015,synthetic_bsds,,,,0.0,0.0,0.0,1.0,0.012229440088648954,0.07800064655020833,0,4
mixed_groupcv_psnr_benefit_C1_absdiff_mlp_507,mixed_groupcv,psnr_benefit,C1_absdiff,mlp,507,bsds_236017,synthetic_bsds,,,,0.0,0.0,0.0,1.0,0.02044472518007921,0.07252712569561481,0,4
mixed_groupcv_psnr_benefit_C1_absdiff_mlp_507,mixed_groupcv,psnr_benefit,C1_absdiff,mlp,507,bsds_245051,synthetic_bsds,,,,0.0,0.0,0.0,1.0,0.00466396554103351,0.059307926800101995,0,4
mixed_groupcv_psnr_benefit_C1_absdiff_mlp_507,mixed_groupcv,psnr_benefit,C1_absdiff,mlp,507,bsds_246016,synthetic_bsds,,,,0.0,0.0,0.0,1.0,0.005897663707420439,0.07519933395087719,0,4
mixed_groupcv_psnr_benefit_C1_absdiff_mlp_507,mixed_groupcv,psnr_benefit,C1_absdiff,mlp,507,bsds_249061,synthetic_bsds,,,,0.0,0.0,0.0,1.0,0.026882963305322874,0.15949619375169277,0,4
mixed_groupcv_psnr_benefit_C1_absdiff_mlp_507,mixed_groupcv,psnr_benefit,C1_absdiff,mlp,507,bsds_25098,synthetic_bsds,,,,0.0,0.0,0.0,1.0,0.0666871808993072,0.2138216458261013,0,4
mixed_groupcv_psnr_benefit_C1_absdiff_mlp_507,mixed_groupcv,psnr_benefit,C1_absdiff,mlp,507,bsds_253036,synthetic_bsds,,,,0.0,0.0,0.0,1.0,0.01109877629861317,0.08893669303506613,0,4
mixed_groupcv_psnr_benefit_C1_absdiff_mlp_507,mixed_groupcv,psnr_benefit,C1_absdiff,mlp,507,bsds_254054,synthetic_bsds,,,,0.0,0.0,0.0,1.0,0.02755329769768168,0.14819067157804966,0,4
mixed_groupcv_psnr_benefit_C1_absdiff_mlp_507,mixed_groupcv,psnr_benefit,C1_absdiff,mlp,507,bsds_27059,synthetic_bsds,,,,0.0,0.0,0.0,0.75,0.0672587436866581,0.15578721754718572,0,4
mixed_groupcv_psnr_benefit_C1_absdiff_mlp_507,mixed_groupcv,psnr_benefit,C1_absdiff,mlp,507,bsds_271008,synthetic_bsds,,,,0.0,0.0,0.0,1.0,0.027808143664601895,0.1268280539661646,0,4
mixed_groupcv_psnr_benefit_C1_absdiff_mlp_507,mixed_groupcv,psnr_benefit,C1_absdiff,mlp,507,bsds_274007,synthetic_bsds,,,,0.0,0.0,0.0,1.0,0.07334204562033043,0.2554203253239393,0,4
mixed_groupcv_psnr_benefit_C1_absdiff_mlp_507,mixed_groupcv,psnr_benefit,C1_absdiff,mlp,507,bsds_286092,synthetic_bsds,,,,0.0,0.0,0.0,1.0,0.07747597760920541,0.23773896181955934,0,4
mixed_groupcv_psnr_benefit_C1_absdiff_mlp_507,mixed_groupcv,psnr_benefit,C1_absdiff,mlp,507,bsds_309004,synthetic_bsds,,,,0.0,0.0,0.0,1.0,0.0721699875091853,0.2415076680481434,0,4
mixed_groupcv_psnr_benefit_C1_absdiff_mlp_507,mixed_groupcv,psnr_benefit,C1_absdiff,mlp,507,bsds_311081,synthetic_bsds,,,,0.0,0.0,0.0,1.0,0.05330197699643874,0.1985241435468197,0,4
mixed_groupcv_psnr_benefit_C1_absdiff_mlp_507,mixed_groupcv,psnr_benefit,C1_absdiff,mlp,507,bsds_314016,synthetic_bsds,,,,0.0,0.0,0.0,1.0,0.09318321449842176,0.2998776249587536,0,4
mixed_groupcv_psnr_benefit_C1_absdiff_mlp_507,mixed_groupcv,psnr_benefit,C1_absdiff,mlp,507,bsds_323016,synthetic_bsds,,,,0.0,0.0,0.0,1.0,0.0027194566419949176,0.050680095329880714,0,4
mixed_groupcv_psnr_benefit_C1_absdiff_mlp_507,mixed_groupcv,psnr_benefit,C1_absdiff,mlp,507,bsds_368078,synthetic_bsds,,,,0.0,0.0,0.0,1.0,0.06742310704210419,0.2228972166776657,0,4
mixed_groupcv_psnr_benefit_C1_absdiff_mlp_507,mixed_groupcv,psnr_benefit,C1_absdiff,mlp,507,bsds_374020,synthetic_bsds,,,,0.0,0.0,0.0,1.0,0.0049325718391026105,0.0678950808942318,0,4
mixed_groupcv_psnr_benefit_C1_absdiff_mlp_507,mixed_groupcv,psnr_benefit,C1_absdiff,mlp,507,bsds_385028,synthetic_bsds,,,,0.0,0.0,0.0,1.0,0.018810124418152028,0.11194659676402807,0,4
mixed_groupcv_psnr_benefit_C1_absdiff_mlp_507,mixed_groupcv,psnr_benefit,C1_absdiff,mlp,507,bsds_41004,synthetic_bsds,1.0,1.0,0.5,0.0,0.0,0.0,0.75,0.14315214822604677,0.31131070479750633,1,4
mixed_groupcv_psnr_benefit_C1_absdiff_mlp_507,mixed_groupcv,psnr_benefit,C1_absdiff,mlp,507,bsds_45077,synthetic_bsds,,,,0.0,0.0,0.0,1.0,0.05370058724471033,0.22316120937466621,0,4
mixed_groupcv_psnr_benefit_C1_absdiff_mlp_507,mixed_groupcv,psnr_benefit,C1_absdiff,mlp,507,bsds_46076,synthetic_bsds,0.33333333333333337,0.3333333333333333,0.5,0.0,0.0,0.0,0.75,0.284622521932725,0.37743660993874073,1,4
mixed_groupcv_psnr_benefit_C1_absdiff_mlp_507,mixed_groupcv,psnr_benefit,C1_absdiff,mlp,507,bsds_59078,synthetic_bsds,,,,0.0,0.0,0.0,1.0,0.003740835538713858,0.04861386073753238,0,4
mixed_groupcv_psnr_benefit_C1_absdiff_mlp_507,mixed_groupcv,psnr_benefit,C1_absdiff,mlp,507,bsds_61086,synthetic_bsds,,,,0.0,0.0,0.0,1.0,0.08933338648862332,0.25945770740509033,0,4
mixed_groupcv_psnr_benefit_C1_absdiff_mlp_507,mixed_groupcv,psnr_benefit,C1_absdiff,mlp,507,bsds_76002,synthetic_bsds,,,,0.0,0.0,0.0,1.0,0.10047638903719147,0.2983707934617996,0,4
mixed_groupcv_psnr_benefit_C1_absdiff_mlp_507,mixed_groupcv,psnr_benefit,C1_absdiff,mlp,507,bsds_80099,synthetic_bsds,,,,0.0,0.0,0.0,1.0,0.02198619405655658,0.13704541698098183,0,4
mixed_groupcv_psnr_benefit_C1_absdiff_mlp_507,mixed_groupcv,psnr_benefit,C1_absdiff,mlp,507,bsds_92059,synthetic_bsds,,,,0.0,0.0,0.0,1.0,0.0006333449903266645,0.01649630469728436,0,4
mixed_groupcv_psnr_benefit_C3_token256_logistic_505,mixed_groupcv,psnr_benefit,C3_token256,logistic,505,case1,real_csig,,,,0.0,0.0,0.0,1.0,0.003016528696579135,0.0366801154672539,0,192
mixed_groupcv_psnr_benefit_C3_token256_logistic_505,mixed_groupcv,psnr_benefit,C3_token256,logistic,505,case2,real_csig,0.9394736842105263,0.17045454545454547,0.5,0.0,0.0,0.0,0.9895833333333334,0.010029893015925358,0.0024872377150742166,2,192
mixed_groupcv_psnr_benefit_C3_token256_logistic_505,mixed_groupcv,psnr_benefit,C3_token256,logistic,505,case3,real_csig,,,,0.0,0.0,0.0,1.0,0.006758638603362125,0.05229020948303912,0,192
mixed_groupcv_psnr_benefit_C3_token256_logistic_505,mixed_groupcv,psnr_benefit,C3_token256,logistic,505,case4,real_csig,,,,0.0,0.0,0.0,1.0,7.389338676415137e-06,0.0017722013552538985,0,192
mixed_groupcv_psnr_benefit_C3_token256_logistic_505,mixed_groupcv,psnr_benefit,C3_token256,logistic,505,case5,real_csig,0.3279569892473118,0.026965761920387306,0.5,0.0,0.0,0.0,0.96875,0.0311919715842404,0.018608801734698366,6,192
mixed_groupcv_psnr_benefit_C3_token256_logistic_505,mixed_groupcv,psnr_benefit,C3_token256,logistic,505,bsds_100098,synthetic_bsds,,,,0.0,0.0,0.0,1.0,0.00024167348824864117,0.009447828259566719,0,4
mixed_groupcv_psnr_benefit_C3_token256_logistic_505,mixed_groupcv,psnr_benefit,C3_token256,logistic,505,bsds_106025,synthetic_bsds,,,,0.0,0.0,0.0,1.0,0.0004447691077343312,0.01800754837770092,0,4
mixed_groupcv_psnr_benefit_C3_token256_logistic_505,mixed_groupcv,psnr_benefit,C3_token256,logistic,505,bsds_112082,synthetic_bsds,,,,0.0,0.0,0.0,1.0,0.0003165194681347066,0.014609726051512948,0,4
mixed_groupcv_psnr_benefit_C3_token256_logistic_505,mixed_groupcv,psnr_benefit,C3_token256,logistic,505,bsds_138078,synthetic_bsds,,,,0.0,0.0,0.0,1.0,0.0011693506072993373,0.026584256888171433,0,4
mixed_groupcv_psnr_benefit_C3_token256_logistic_505,mixed_groupcv,psnr_benefit,C3_token256,logistic,505,bsds_140055,synthetic_bsds,,,,0.0,0.0,0.0,1.0,4.9938761079040954e-06,0.0019677632640151036,0,4
mixed_groupcv_psnr_benefit_C3_token256_logistic_505,mixed_groupcv,psnr_benefit,C3_token256,logistic,505,bsds_147021,synthetic_bsds,,,,0.0,0.0,0.0,1.0,0.001964531895625549,0.0360942195390178,0,4
mixed_groupcv_psnr_benefit_C3_token256_logistic_505,mixed_groupcv,psnr_benefit,C3_token256,logistic,505,bsds_153077,synthetic_bsds,,,,0.0,0.0,0.0,1.0,0.00011439572368724768,0.009433118933681298,0,4
mixed_groupcv_psnr_benefit_C3_token256_logistic_505,mixed_groupcv,psnr_benefit,C3_token256,logistic,505,bsds_159029,synthetic_bsds,,,,0.0,0.0,0.0,1.0,0.0013946298253488928,0.02106798855633278,0,4
mixed_groupcv_psnr_benefit_C3_token256_logistic_505,mixed_groupcv,psnr_benefit,C3_token256,logistic,505,bsds_159045,synthetic_bsds,,,,0.0,0.0,0.0,1.0,0.0004951740733965493,0.021997791100041804,0,4
mixed_groupcv_psnr_benefit_C3_token256_logistic_505,mixed_groupcv,psnr_benefit,C3_token256,logistic,505,bsds_159091,synthetic_bsds,,,,0.0,0.0,0.0,1.0,0.0006193691911984826,0.018294980076307227,0,4
mixed_groupcv_psnr_benefit_C3_token256_logistic_505,mixed_groupcv,psnr_benefit,C3_token256,logistic,505,bsds_164074,synthetic_bsds,,,,0.0,0.0,0.0,1.0,0.0012522557603409637,0.031133739106708032,0,4
mixed_groupcv_psnr_benefit_C3_token256_logistic_505,mixed_groupcv,psnr_benefit,C3_token256,logistic,505,bsds_166081,synthetic_bsds,,,,0.0,0.0,0.0,1.0,0.00021999805842197267,0.013114311844943344,0,4
mixed_groupcv_psnr_benefit_C3_token256_logistic_505,mixed_groupcv,psnr_benefit,C3_token256,logistic,505,bsds_176039,synthetic_bsds,,,,0.0,0.0,0.0,1.0,0.0008331962770596413,0.0241433430783435,0,4
mixed_groupcv_psnr_benefit_C3_token256_logistic_505,mixed_groupcv,psnr_benefit,C3_token256,logistic,505,bsds_183055,synthetic_bsds,,,,0.0,0.0,0.0,1.0,0.006733979799017228,0.061278947590548694,0,4
mixed_groupcv_psnr_benefit_C3_token256_logistic_505,mixed_groupcv,psnr_benefit,C3_token256,logistic,505,bsds_187029,synthetic_bsds,,,,0.0,0.0,0.0,1.0,0.00010573523985357941,0.008535461178228308,0,4
mixed_groupcv_psnr_benefit_C3_token256_logistic_505,mixed_groupcv,psnr_benefit,C3_token256,logistic,505,bsds_188063,synthetic_bsds,,,,0.0,0.0,0.0,1.0,0.0009154193516010538,0.02382127915615192,0,4
mixed_groupcv_psnr_benefit_C3_token256_logistic_505,mixed_groupcv,psnr_benefit,C3_token256,logistic,505,bsds_198023,synthetic_bsds,0.3333333333333333,0.8055555555555556,0.5,0.0,0.0,0.0,0.25,0.6961711803767481,0.7161077849808531,3,4
mixed_groupcv_psnr_benefit_C3_token256_logistic_505,mixed_groupcv,psnr_benefit,C3_token256,logistic,505,bsds_198054,synthetic_bsds,,,,0.0,0.0,0.0,1.0,0.015366039899600514,0.10986767951017096,0,4
mixed_groupcv_psnr_benefit_C3_token256_logistic_505,mixed_groupcv,psnr_benefit,C3_token256,logistic,505,bsds_20008,synthetic_bsds,,,,0.0,0.0,0.0,1.0,0.000251071435762319,0.01246651933450775,0,4
mixed_groupcv_psnr_benefit_C3_token256_logistic_505,mixed_groupcv,psnr_benefit,C3_token256,logistic,505,bsds_216041,synthetic_bsds,,,,0.0,0.0,0.0,1.0,1.25349704465918e-06,0.0006542113939897046,0,4
mixed_groupcv_psnr_benefit_C3_token256_logistic_505,mixed_groupcv,psnr_benefit,C3_token256,logistic,505,bsds_225017,synthetic_bsds,,,,0.0,0.0,0.0,1.0,0.0006621785225921531,0.021621550929830403,0,4
mixed_groupcv_psnr_benefit_C3_token256_logistic_505,mixed_groupcv,psnr_benefit,C3_token256,logistic,505,bsds_23025,synthetic_bsds,,,,0.0,0.0,0.0,1.0,0.00020373778608577954,0.012462999887969978,0,4
mixed_groupcv_psnr_benefit_C3_token256_logistic_505,mixed_groupcv,psnr_benefit,C3_token256,logistic,505,bsds_23080,synthetic_bsds,,,,0.0,0.0,0.0,1.0,3.399549855661678e-05,0.0052696305028468214,0,4
mixed_groupcv_psnr_benefit_C3_token256_logistic_505,mixed_groupcv,psnr_benefit,C3_token256,logistic,505,bsds_231015,synthetic_bsds,,,,0.0,0.0,0.0,1.0,0.0009328099970578207,0.027031303340972042,0,4
mixed_groupcv_psnr_benefit_C3_token256_logistic_505,mixed_groupcv,psnr_benefit,C3_token256,logistic,505,bsds_236017,synthetic_bsds,,,,0.0,0.0,0.0,1.0,9.754443327930212e-06,0.0019292849286465454,0,4
mixed_groupcv_psnr_benefit_C3_token256_logistic_505,mixed_groupcv,psnr_benefit,C3_token256,logistic,505,bsds_245051,synthetic_bsds,,,,0.0,0.0,0.0,1.0,0.0013954193818117998,0.02808752425804101,0,4
mixed_groupcv_psnr_benefit_C3_token256_logistic_505,mixed_groupcv,psnr_benefit,C3_token256,logistic,505,bsds_246016,synthetic_bsds,,,,0.0,0.0,0.0,1.0,0.00024047867615143838,0.014342823489171451,0,4
mixed_groupcv_psnr_benefit_C3_token256_logistic_505,mixed_groupcv,psnr_benefit,C3_token256,logistic,505,bsds_249061,synthetic_bsds,,,,0.0,0.0,0.0,1.0,0.0011299387325244155,0.03072340703850497,0,4
mixed_groupcv_psnr_benefit_C3_token256_logistic_505,mixed_groupcv,psnr_benefit,C3_token256,logistic,505,bsds_25098,synthetic_bsds,,,,0.0,0.0,0.0,1.0,0.00012822064027294037,0.009512035562145435,0,4
mixed_groupcv_psnr_benefit_C3_token256_logistic_505,mixed_groupcv,psnr_benefit,C3_token256,logistic,505,bsds_253036,synthetic_bsds,,,,0.0,0.0,0.0,1.0,3.3026707281817734e-05,0.0051117207719724635,0,4
mixed_groupcv_psnr_benefit_C3_token256_logistic_505,mixed_groupcv,psnr_benefit,C3_token256,logistic,505,bsds_254054,synthetic_bsds,,,,0.0,0.0,0.0,1.0,0.005872888630143303,0.05684952300318896,0,4
mixed_groupcv_psnr_benefit_C3_token256_logistic_505,mixed_groupcv,psnr_benefit,C3_token256,logistic,505,bsds_27059,synthetic_bsds,,,,0.0,0.0,0.0,1.0,0.0001560131714976734,0.009275042125494012,0,4
mixed_groupcv_psnr_benefit_C3_token256_logistic_505,mixed_groupcv,psnr_benefit,C3_token256,logistic,505,bsds_271008,synthetic_bsds,,,,0.0,0.0,0.0,1.0,8.802463499574333e-05,0.008013257534124971,0,4
mixed_groupcv_psnr_benefit_C3_token256_logistic_505,mixed_groupcv,psnr_benefit,C3_token256,logistic,505,bsds_274007,synthetic_bsds,,,,0.0,0.0,0.0,1.0,5.489036025668061e-05,0.006962407710757698,0,4
mixed_groupcv_psnr_benefit_C3_token256_logistic_505,mixed_groupcv,psnr_benefit,C3_token256,logistic,505,bsds_286092,synthetic_bsds,,,,0.0,0.0,0.0,1.0,2.4955128838050645e-06,0.0011010579945444467,0,4
mixed_groupcv_psnr_benefit_C3_token256_logistic_505,mixed_groupcv,psnr_benefit,C3_token256,logistic,505,bsds_309004,synthetic_bsds,,,,0.0,0.0,0.0,1.0,0.00022622013793478232,0.012239569940551597,0,4
mixed_groupcv_psnr_benefit_C3_token256_logistic_505,mixed_groupcv,psnr_benefit,C3_token256,logistic,505,bsds_311081,synthetic_bsds,,,,0.0,0.0,0.0,1.0,0.0003247518610796809,0.016720154722854146,0,4
mixed_groupcv_psnr_benefit_C3_token256_logistic_505,mixed_groupcv,psnr_benefit,C3_token256,logistic,505,bsds_314016,synthetic_bsds,,,,0.0,0.0,0.0,1.0,0.010530999280680969,0.09475274127614505,0,4
mixed_groupcv_psnr_benefit_C3_token256_logistic_505,mixed_groupcv,psnr_benefit,C3_token256,logistic,505,bsds_323016,synthetic_bsds,,,,0.0,0.0,0.0,1.0,0.008440195112329137,0.08451489815834601,0,4
mixed_groupcv_psnr_benefit_C3_token256_logistic_505,mixed_groupcv,psnr_benefit,C3_token256,logistic,505,bsds_368078,synthetic_bsds,,,,0.0,0.0,0.0,1.0,3.227552536012588e-05,0.0038827309977203955,0,4
mixed_groupcv_psnr_benefit_C3_token256_logistic_505,mixed_groupcv,psnr_benefit,C3_token256,logistic,505,bsds_374020,synthetic_bsds,,,,0.0,0.0,0.0,1.0,0.00011469879767491502,0.007742028811681884,0,4
mixed_groupcv_psnr_benefit_C3_token256_logistic_505,mixed_groupcv,psnr_benefit,C3_token256,logistic,505,bsds_385028,synthetic_bsds,,,,0.0,0.0,0.0,1.0,0.0002565732264346537,0.014660095176085314,0,4
mixed_groupcv_psnr_benefit_C3_token256_logistic_505,mixed_groupcv,psnr_benefit,C3_token256,logistic,505,bsds_41004,synthetic_bsds,1.0,1.0,0.5,0.0,0.0,0.0,0.75,0.20191775888950064,0.24467372231110418,1,4
mixed_groupcv_psnr_benefit_C3_token256_logistic_505,mixed_groupcv,psnr_benefit,C3_token256,logistic,505,bsds_45077,synthetic_bsds,,,,0.0,0.0,0.0,1.0,0.0007746966279711168,0.019518594941255785,0,4
mixed_groupcv_psnr_benefit_C3_token256_logistic_505,mixed_groupcv,psnr_benefit,C3_token256,logistic,505,bsds_46076,synthetic_bsds,0.6666666666666667,0.5,0.5,0.0,0.0,0.0,0.75,0.24730660320853065,0.24545004512346594,1,4
mixed_groupcv_psnr_benefit_C3_token256_logistic_505,mixed_groupcv,psnr_benefit,C3_token256,logistic,505,bsds_59078,synthetic_bsds,,,,0.0,0.0,0.0,1.0,3.4510118230750094e-05,0.005118707986399896,0,4
mixed_groupcv_psnr_benefit_C3_token256_logistic_505,mixed_groupcv,psnr_benefit,C3_token256,logistic,505,bsds_61086,synthetic_bsds,,,,0.0,0.0,0.0,1.0,0.0001236381189385114,0.010578523610445334,0,4
mixed_groupcv_psnr_benefit_C3_token256_logistic_505,mixed_groupcv,psnr_benefit,C3_token256,logistic,505,bsds_76002,synthetic_bsds,,,,0.0,0.0,0.0,1.0,0.00036813794190849655,0.016349267034535618,0,4
mixed_groupcv_psnr_benefit_C3_token256_logistic_505,mixed_groupcv,psnr_benefit,C3_token256,logistic,505,bsds_80099,synthetic_bsds,,,,0.0,0.0,0.0,1.0,0.00020738792056605796,0.010729772208685115,0,4
mixed_groupcv_psnr_benefit_C3_token256_logistic_505,mixed_groupcv,psnr_benefit,C3_token256,logistic,505,bsds_92059,synthetic_bsds,,,,0.0,0.0,0.0,1.0,8.558887930693446e-05,0.006385522405856719,0,4
mixed_groupcv_psnr_benefit_C3_token256_mlp_505,mixed_groupcv,psnr_benefit,C3_token256,mlp,505,case1,real_csig,,,,0.0,0.0,0.0,1.0,0.16682210294988375,0.40749069303274155,0,192
mixed_groupcv_psnr_benefit_C3_token256_mlp_505,mixed_groupcv,psnr_benefit,C3_token256,mlp,505,case2,real_csig,0.24736842105263163,0.010167402690767177,0.5,0.0,0.0,0.0,0.9895833333333334,0.16857233608762992,0.39518067721898353,2,192
mixed_groupcv_psnr_benefit_C3_token256_mlp_505,mixed_groupcv,psnr_benefit,C3_token256,mlp,505,case3,real_csig,,,,0.0,0.0,0.0,1.0,0.14349972310215467,0.37559031594234205,0,192
mixed_groupcv_psnr_benefit_C3_token256_mlp_505,mixed_groupcv,psnr_benefit,C3_token256,mlp,505,case4,real_csig,,,,0.0,0.0,0.0,1.0,0.05969074606300504,0.24055301949071387,0,192
mixed_groupcv_psnr_benefit_C3_token256_mlp_505,mixed_groupcv,psnr_benefit,C3_token256,mlp,505,case5,real_csig,0.4758064516129032,0.03380983474889525,0.5,0.0,0.0,0.0,0.96875,0.15472705061105282,0.3508973165104787,6,192
mixed_groupcv_psnr_benefit_C3_token256_mlp_505,mixed_groupcv,psnr_benefit,C3_token256,mlp,505,bsds_100098,synthetic_bsds,,,,0.0,0.0,0.0,1.0,0.15122815293795844,0.38803863525390625,0,4
mixed_groupcv_psnr_benefit_C3_token256_mlp_505,mixed_groupcv,psnr_benefit,C3_token256,mlp,505,bsds_106025,synthetic_bsds,,,,0.0,0.0,0.0,1.0,0.14451199444427454,0.37282662093639374,0,4
mixed_groupcv_psnr_benefit_C3_token256_mlp_505,mixed_groupcv,psnr_benefit,C3_token256,mlp,505,bsds_112082,synthetic_bsds,,,,0.0,0.0,0.0,1.0,0.15555632077527903,0.39184072613716125,0,4
mixed_groupcv_psnr_benefit_C3_token256_mlp_505,mixed_groupcv,psnr_benefit,C3_token256,mlp,505,bsds_138078,synthetic_bsds,,,,0.0,0.0,0.0,1.0,0.1512099255408914,0.3851570263504982,0,4
mixed_groupcv_psnr_benefit_C3_token256_mlp_505,mixed_groupcv,psnr_benefit,C3_token256,mlp,505,bsds_140055,synthetic_bsds,,,,0.0,0.0,0.0,1.0,0.15814292330718782,0.3942241370677948,0,4
mixed_groupcv_psnr_benefit_C3_token256_mlp_505,mixed_groupcv,psnr_benefit,C3_token256,mlp,505,bsds_147021,synthetic_bsds,,,,0.0,0.0,0.0,1.0,0.1768527492034273,0.41968434303998947,0,4
mixed_groupcv_psnr_benefit_C3_token256_mlp_505,mixed_groupcv,psnr_benefit,C3_token256,mlp,505,bsds_153077,synthetic_bsds,,,,0.0,0.0,0.0,1.0,0.17160612185899216,0.41237010806798935,0,4
mixed_groupcv_psnr_benefit_C3_token256_mlp_505,mixed_groupcv,psnr_benefit,C3_token256,mlp,505,bsds_159029,synthetic_bsds,,,,0.0,0.0,0.0,1.0,0.16850270801010447,0.40748535096645355,0,4
mixed_groupcv_psnr_benefit_C3_token256_mlp_505,mixed_groupcv,psnr_benefit,C3_token256,mlp,505,bsds_159045,synthetic_bsds,,,,0.0,0.0,0.0,1.0,0.14644543042771452,0.3818320259451866,0,4
mixed_groupcv_psnr_benefit_C3_token256_mlp_505,mixed_groupcv,psnr_benefit,C3_token256,mlp,505,bsds_159091,synthetic_bsds,,,,0.0,0.0,0.0,1.0,0.15549817516246667,0.39290473610162735,0,4
mixed_groupcv_psnr_benefit_C3_token256_mlp_505,mixed_groupcv,psnr_benefit,C3_token256,mlp,505,bsds_164074,synthetic_bsds,,,,0.0,0.0,0.0,1.0,0.2014170545866787,0.4484194442629814,0,4
mixed_groupcv_psnr_benefit_C3_token256_mlp_505,mixed_groupcv,psnr_benefit,C3_token256,mlp,505,bsds_166081,synthetic_bsds,,,,0.0,0.0,0.0,1.0,0.14511596736087418,0.37892551720142365,0,4
mixed_groupcv_psnr_benefit_C3_token256_mlp_505,mixed_groupcv,psnr_benefit,C3_token256,mlp,505,bsds_176039,synthetic_bsds,,,,0.0,0.0,0.0,1.0,0.14218122222533558,0.3717196211218834,0,4
mixed_groupcv_psnr_benefit_C3_token256_mlp_505,mixed_groupcv,psnr_benefit,C3_token256,mlp,505,bsds_183055,synthetic_bsds,,,,0.0,0.0,0.0,1.0,0.16132041010941278,0.4009338393807411,0,4
mixed_groupcv_psnr_benefit_C3_token256_mlp_505,mixed_groupcv,psnr_benefit,C3_token256,mlp,505,bsds_187029,synthetic_bsds,,,,0.0,0.0,0.0,1.0,0.18569673777568352,0.4305393621325493,0,4
mixed_groupcv_psnr_benefit_C3_token256_mlp_505,mixed_groupcv,psnr_benefit,C3_token256,mlp,505,bsds_188063,synthetic_bsds,,,,0.0,0.0,0.0,1.0,0.17918727034326865,0.41999805718660355,0,4
mixed_groupcv_psnr_benefit_C3_token256_mlp_505,mixed_groupcv,psnr_benefit,C3_token256,mlp,505,bsds_198023,synthetic_bsds,0.6666666666666666,0.9166666666666665,0.5,0.0,0.0,0.0,0.25,0.36525571760777487,0.4361244887113571,3,4
mixed_groupcv_psnr_benefit_C3_token256_mlp_505,mixed_groupcv,psnr_benefit,C3_token256,mlp,505,bsds_198054,synthetic_bsds,,,,0.0,0.0,0.0,1.0,0.08737910895525447,0.29408834874629974,0,4
mixed_groupcv_psnr_benefit_C3_token256_mlp_505,mixed_groupcv,psnr_benefit,C3_token256,mlp,505,bsds_20008,synthetic_bsds,,,,0.0,0.0,0.0,1.0,0.18963315712240236,0.4351739138364792,0,4
mixed_groupcv_psnr_benefit_C3_token256_mlp_505,mixed_groupcv,psnr_benefit,C3_token256,mlp,505,bsds_216041,synthetic_bsds,,,,0.0,0.0,0.0,1.0,0.10125498599816374,0.3095659837126732,0,4
mixed_groupcv_psnr_benefit_C3_token256_mlp_505,mixed_groupcv,psnr_benefit,C3_token256,mlp,505,bsds_225017,synthetic_bsds,,,,0.0,0.0,0.0,1.0,0.19396275767176463,0.43959713727235794,0,4
mixed_groupcv_psnr_benefit_C3_token256_mlp_505,mixed_groupcv,psnr_benefit,C3_token256,mlp,505,bsds_23025,synthetic_bsds,,,,0.0,0.0,0.0,1.0,0.163530571919418,0.402053065598011,0,4
mixed_groupcv_psnr_benefit_C3_token256_mlp_505,mixed_groupcv,psnr_benefit,C3_token256,mlp,505,bsds_23080,synthetic_bsds,,,,0.0,0.0,0.0,1.0,0.17891015241273345,0.4208718314766884,0,4
mixed_groupcv_psnr_benefit_C3_token256_mlp_505,mixed_groupcv,psnr_benefit,C3_token256,mlp,505,bsds_231015,synthetic_bsds,,,,0.0,0.0,0.0,1.0,0.12980896871786118,0.35653597116470337,0,4
mixed_groupcv_psnr_benefit_C3_token256_mlp_505,mixed_groupcv,psnr_benefit,C3_token256,mlp,505,bsds_236017,synthetic_bsds,,,,0.0,0.0,0.0,1.0,0.1303628241486703,0.3433607593178749,0,4
mixed_groupcv_psnr_benefit_C3_token256_mlp_505,mixed_groupcv,psnr_benefit,C3_token256,mlp,505,bsds_245051,synthetic_bsds,,,,0.0,0.0,0.0,1.0,0.13144466239915986,0.3586834594607353,0,4
mixed_groupcv_psnr_benefit_C3_token256_mlp_505,mixed_groupcv,psnr_benefit,C3_token256,mlp,505,bsds_246016,synthetic_bsds,,,,0.0,0.0,0.0,1.0,0.11224587095910432,0.32822135835886,0,4
mixed_groupcv_psnr_benefit_C3_token256_mlp_505,mixed_groupcv,psnr_benefit,C3_token256,mlp,505,bsds_249061,synthetic_bsds,,,,0.0,0.0,0.0,1.0,0.15105465415052177,0.38696929067373276,0,4
mixed_groupcv_psnr_benefit_C3_token256_mlp_505,mixed_groupcv,psnr_benefit,C3_token256,mlp,505,bsds_25098,synthetic_bsds,,,,0.0,0.0,0.0,1.0,0.1539696168040683,0.3903926908969879,0,4
mixed_groupcv_psnr_benefit_C3_token256_mlp_505,mixed_groupcv,psnr_benefit,C3_token256,mlp,505,bsds_253036,synthetic_bsds,,,,0.0,0.0,0.0,1.0,0.20419358102144214,0.4513893723487854,0,4
mixed_groupcv_psnr_benefit_C3_token256_mlp_505,mixed_groupcv,psnr_benefit,C3_token256,mlp,505,bsds_254054,synthetic_bsds,,,,0.0,0.0,0.0,1.0,0.16584181055741176,0.4045923948287964,0,4
mixed_groupcv_psnr_benefit_C3_token256_mlp_505,mixed_groupcv,psnr_benefit,C3_token256,mlp,505,bsds_27059,synthetic_bsds,,,,0.0,0.0,0.0,1.0,0.15610678899725738,0.394029401242733,0,4
mixed_groupcv_psnr_benefit_C3_token256_mlp_505,mixed_groupcv,psnr_benefit,C3_token256,mlp,505,bsds_271008,synthetic_bsds,,,,0.0,0.0,0.0,1.0,0.15075764951708037,0.38732726126909256,0,4
mixed_groupcv_psnr_benefit_C3_token256_mlp_505,mixed_groupcv,psnr_benefit,C3_token256,mlp,505,bsds_274007,synthetic_bsds,,,,0.0,0.0,0.0,1.0,0.19333659621677435,0.4387199506163597,0,4
mixed_groupcv_psnr_benefit_C3_token256_mlp_505,mixed_groupcv,psnr_benefit,C3_token256,mlp,505,bsds_286092,synthetic_bsds,,,,0.0,0.0,0.0,1.0,0.16593883447501478,0.40613796561956406,0,4
mixed_groupcv_psnr_benefit_C3_token256_mlp_505,mixed_groupcv,psnr_benefit,C3_token256,mlp,505,bsds_309004,synthetic_bsds,,,,0.0,0.0,0.0,1.0,0.20040898015106579,0.44708964973688126,0,4
mixed_groupcv_psnr_benefit_C3_token256_mlp_505,mixed_groupcv,psnr_benefit,C3_token256,mlp,505,bsds_311081,synthetic_bsds,,,,0.0,0.0,0.0,1.0,0.16630438911356005,0.40644069761037827,0,4
mixed_groupcv_psnr_benefit_C3_token256_mlp_505,mixed_groupcv,psnr_benefit,C3_token256,mlp,505,bsds_314016,synthetic_bsds,,,,0.0,0.0,0.0,1.0,0.12124931662055638,0.34584469348192215,0,4
mixed_groupcv_psnr_benefit_C3_token256_mlp_505,mixed_groupcv,psnr_benefit,C3_token256,mlp,505,bsds_323016,synthetic_bsds,,,,0.0,0.0,0.0,1.0,0.07552657613736452,0.27274585142731667,0,4
mixed_groupcv_psnr_benefit_C3_token256_mlp_505,mixed_groupcv,psnr_benefit,C3_token256,mlp,505,bsds_368078,synthetic_bsds,,,,0.0,0.0,0.0,1.0,0.18909860443094662,0.43442201614379883,0,4
mixed_groupcv_psnr_benefit_C3_token256_mlp_505,mixed_groupcv,psnr_benefit,C3_token256,mlp,505,bsds_374020,synthetic_bsds,,,,0.0,0.0,0.0,1.0,0.19756356498330763,0.4433397576212883,0,4
mixed_groupcv_psnr_benefit_C3_token256_mlp_505,mixed_groupcv,psnr_benefit,C3_token256,mlp,505,bsds_385028,synthetic_bsds,,,,0.0,0.0,0.0,1.0,0.14893558514063177,0.38200993835926056,0,4
mixed_groupcv_psnr_benefit_C3_token256_mlp_505,mixed_groupcv,psnr_benefit,C3_token256,mlp,505,bsds_41004,synthetic_bsds,0.0,0.25,0.5,0.0,0.0,0.0,0.75,0.21868361402182912,0.10719702392816544,1,4
mixed_groupcv_psnr_benefit_C3_token256_mlp_505,mixed_groupcv,psnr_benefit,C3_token256,mlp,505,bsds_45077,synthetic_bsds,,,,0.0,0.0,0.0,1.0,0.16421484143531506,0.40454672276973724,0,4
mixed_groupcv_psnr_benefit_C3_token256_mlp_505,mixed_groupcv,psnr_benefit,C3_token256,mlp,505,bsds_46076,synthetic_bsds,1.0,1.0,0.5,0.0,0.0,0.0,0.75,0.22709186516261992,0.2107829749584198,1,4
mixed_groupcv_psnr_benefit_C3_token256_mlp_505,mixed_groupcv,psnr_benefit,C3_token256,mlp,505,bsds_59078,synthetic_bsds,,,,0.0,0.0,0.0,1.0,0.16765592275347196,0.4093131646513939,0,4
mixed_groupcv_psnr_benefit_C3_token256_mlp_505,mixed_groupcv,psnr_benefit,C3_token256,mlp,505,bsds_61086,synthetic_bsds,,,,0.0,0.0,0.0,1.0,0.17809737991367847,0.41912487149238586,0,4
mixed_groupcv_psnr_benefit_C3_token256_mlp_505,mixed_groupcv,psnr_benefit,C3_token256,mlp,505,bsds_76002,synthetic_bsds,,,,0.0,0.0,0.0,1.0,0.17520015253019605,0.4166274443268776,0,4
mixed_groupcv_psnr_benefit_C3_token256_mlp_505,mixed_groupcv,psnr_benefit,C3_token256,mlp,505,bsds_80099,synthetic_bsds,,,,0.0,0.0,0.0,1.0,0.10822135773869301,0.32745227962732315,0,4
mixed_groupcv_psnr_benefit_C3_token256_mlp_505,mixed_groupcv,psnr_benefit,C3_token256,mlp,505,bsds_92059,synthetic_bsds,,,,0.0,0.0,0.0,1.0,0.1318195380122702,0.34986088424921036,0,4
mixed_groupcv_psnr_benefit_C3_token256_mlp_506,mixed_groupcv,psnr_benefit,C3_token256,mlp,506,case1,real_csig,,,,0.0,0.0,0.0,1.0,0.14803912114503123,0.3759700420778245,0,192
mixed_groupcv_psnr_benefit_C3_token256_mlp_506,mixed_groupcv,psnr_benefit,C3_token256,mlp,506,case2,real_csig,0.6210526315789474,0.02233220666344761,0.5,0.0,0.0,0.0,0.9895833333333334,0.16534578372453834,0.3882209389315297,2,192
mixed_groupcv_psnr_benefit_C3_token256_mlp_506,mixed_groupcv,psnr_benefit,C3_token256,mlp,506,case3,real_csig,,,,0.0,0.0,0.0,0.9895833333333334,0.1544796378590391,0.3835694530280307,0,192
mixed_groupcv_psnr_benefit_C3_token256_mlp_506,mixed_groupcv,psnr_benefit,C3_token256,mlp,506,case4,real_csig,,,,0.0,0.0,0.0,1.0,0.013199534755448349,0.1040434132834586,0,192
mixed_groupcv_psnr_benefit_C3_token256_mlp_506,mixed_groupcv,psnr_benefit,C3_token256,mlp,506,case5,real_csig,0.34587813620071683,0.026460028053000934,0.5,0.0,0.0,0.0,0.96875,0.13775297650809148,0.3213001731783151,6,192
mixed_groupcv_psnr_benefit_C3_token256_mlp_506,mixed_groupcv,psnr_benefit,C3_token256,mlp,506,bsds_100098,synthetic_bsds,,,,0.0,0.0,0.0,1.0,0.11963938260835105,0.3299656957387924,0,4
mixed_groupcv_psnr_benefit_C3_token256_mlp_506,mixed_groupcv,psnr_benefit,C3_token256,mlp,506,bsds_106025,synthetic_bsds,,,,0.0,0.0,0.0,0.75,0.21787126517022792,0.46593958884477615,0,4
mixed_groupcv_psnr_benefit_C3_token256_mlp_506,mixed_groupcv,psnr_benefit,C3_token256,mlp,506,bsds_112082,synthetic_bsds,,,,0.0,0.0,0.0,0.25,0.2418276940952655,0.49085381627082825,0,4
mixed_groupcv_psnr_benefit_C3_token256_mlp_506,mixed_groupcv,psnr_benefit,C3_token256,mlp,506,bsds_138078,synthetic_bsds,,,,0.0,0.0,0.0,0.25,0.24461135486827978,0.49403392523527145,0,4
mixed_groupcv_psnr_benefit_C3_token256_mlp_506,mixed_groupcv,psnr_benefit,C3_token256,mlp,506,bsds_140055,synthetic_bsds,,,,0.0,0.0,0.0,1.0,0.10813033484774093,0.31615427881479263,0,4
mixed_groupcv_psnr_benefit_C3_token256_mlp_506,mixed_groupcv,psnr_benefit,C3_token256,mlp,506,bsds_147021,synthetic_bsds,,,,0.0,0.0,0.0,0.75,0.22226012751320456,0.47041454166173935,0,4
mixed_groupcv_psnr_benefit_C3_token256_mlp_506,mixed_groupcv,psnr_benefit,C3_token256,mlp,506,bsds_153077,synthetic_bsds,,,,0.0,0.0,0.0,0.5,0.23218791967792662,0.48002590984106064,0,4
mixed_groupcv_psnr_benefit_C3_token256_mlp_506,mixed_groupcv,psnr_benefit,C3_token256,mlp,506,bsds_159029,synthetic_bsds,,,,0.0,0.0,0.0,1.0,0.19426827515343947,0.4381035640835762,0,4
mixed_groupcv_psnr_benefit_C3_token256_mlp_506,mixed_groupcv,psnr_benefit,C3_token256,mlp,506,bsds_159045,synthetic_bsds,,,,0.0,0.0,0.0,0.25,0.2567130184823665,0.5064596012234688,0,4
mixed_groupcv_psnr_benefit_C3_token256_mlp_506,mixed_groupcv,psnr_benefit,C3_token256,mlp,506,bsds_159091,synthetic_bsds,,,,0.0,0.0,0.0,0.75,0.17387341203747186,0.4056866392493248,0,4
mixed_groupcv_psnr_benefit_C3_token256_mlp_506,mixed_groupcv,psnr_benefit,C3_token256,mlp,506,bsds_164074,synthetic_bsds,,,,0.0,0.0,0.0,0.75,0.21654617546364374,0.4645030051469803,0,4
mixed_groupcv_psnr_benefit_C3_token256_mlp_506,mixed_groupcv,psnr_benefit,C3_token256,mlp,506,bsds_166081,synthetic_bsds,,,,0.0,0.0,0.0,1.0,0.14380921255041423,0.37067529559135437,0,4
mixed_groupcv_psnr_benefit_C3_token256_mlp_506,mixed_groupcv,psnr_benefit,C3_token256,mlp,506,bsds_176039,synthetic_bsds,,,,0.0,0.0,0.0,0.75,0.20313325887568423,0.4393182545900345,0,4
mixed_groupcv_psnr_benefit_C3_token256_mlp_506,mixed_groupcv,psnr_benefit,C3_token256,mlp,506,bsds_183055,synthetic_bsds,,,,0.0,0.0,0.0,0.75,0.2334496558325414,0.48259101808071136,0,4
mixed_groupcv_psnr_benefit_C3_token256_mlp_506,mixed_groupcv,psnr_benefit,C3_token256,mlp,506,bsds_187029,synthetic_bsds,,,,0.0,0.0,0.0,0.75,0.20012521776050307,0.4381222054362297,0,4
mixed_groupcv_psnr_benefit_C3_token256_mlp_506,mixed_groupcv,psnr_benefit,C3_token256,mlp,506,bsds_188063,synthetic_bsds,,,,0.0,0.0,0.0,0.5,0.22634087345400844,0.4731823429465294,0,4
mixed_groupcv_psnr_benefit_C3_token256_mlp_506,mixed_groupcv,psnr_benefit,C3_token256,mlp,506,bsds_198023,synthetic_bsds,0.6666666666666666,0.9166666666666665,0.6666666666666666,1.0,0.3333333333333333,0.5,0.5,0.26867340067069434,0.2801476940512657,3,4
mixed_groupcv_psnr_benefit_C3_token256_mlp_506,mixed_groupcv,psnr_benefit,C3_token256,mlp,506,bsds_198054,synthetic_bsds,,,,0.0,0.0,0.0,1.0,0.22964397036120543,0.47893062233924866,0,4
mixed_groupcv_psnr_benefit_C3_token256_mlp_506,mixed_groupcv,psnr_benefit,C3_token256,mlp,506,bsds_20008,synthetic_bsds,,,,0.0,0.0,0.0,0.5,0.19663435537337048,0.43691932410001755,0,4
mixed_groupcv_psnr_benefit_C3_token256_mlp_506,mixed_groupcv,psnr_benefit,C3_token256,mlp,506,bsds_216041,synthetic_bsds,,,,0.0,0.0,0.0,1.0,0.059791798167528803,0.21998360101133585,0,4
mixed_groupcv_psnr_benefit_C3_token256_mlp_506,mixed_groupcv,psnr_benefit,C3_token256,mlp,506,bsds_225017,synthetic_bsds,,,,0.0,0.0,0.0,0.75,0.23708891219396344,0.4863986074924469,0,4
mixed_groupcv_psnr_benefit_C3_token256_mlp_506,mixed_groupcv,psnr_benefit,C3_token256,mlp,506,bsds_23025,synthetic_bsds,,,,0.0,0.0,0.0,0.5,0.20400758002841446,0.44586171209812164,0,4
mixed_groupcv_psnr_benefit_C3_token256_mlp_506,mixed_groupcv,psnr_benefit,C3_token256,mlp,506,bsds_23080,synthetic_bsds,,,,0.0,0.0,0.0,0.5,0.245103581979631,0.49473413825035095,0,4
mixed_groupcv_psnr_benefit_C3_token256_mlp_506,mixed_groupcv,psnr_benefit,C3_token256,mlp,506,bsds_231015,synthetic_bsds,,,,0.0,0.0,0.0,0.25,0.23374409219288772,0.48105764389038086,0,4
mixed_groupcv_psnr_benefit_C3_token256_mlp_506,mixed_groupcv,psnr_benefit,C3_token256,mlp,506,bsds_236017,synthetic_bsds,,,,0.0,0.0,0.0,1.0,0.10709133784551461,0.26827842742204666,0,4
mixed_groupcv_psnr_benefit_C3_token256_mlp_506,mixed_groupcv,psnr_benefit,C3_token256,mlp,506,bsds_245051,synthetic_bsds,,,,0.0,0.0,0.0,0.5,0.23688704661135973,0.48548734933137894,0,4
mixed_groupcv_psnr_benefit_C3_token256_mlp_506,mixed_groupcv,psnr_benefit,C3_token256,mlp,506,bsds_246016,synthetic_bsds,,,,0.0,0.0,0.0,0.25,0.2606301316882629,0.5099996626377106,0,4
mixed_groupcv_psnr_benefit_C3_token256_mlp_506,mixed_groupcv,psnr_benefit,C3_token256,mlp,506,bsds_249061,synthetic_bsds,,,,0.0,0.0,0.0,0.25,0.2558738404399943,0.5056542754173279,0,4
mixed_groupcv_psnr_benefit_C3_token256_mlp_506,mixed_groupcv,psnr_benefit,C3_token256,mlp,506,bsds_25098,synthetic_bsds,,,,0.0,0.0,0.0,0.75,0.23669161356097423,0.4860483333468437,0,4
mixed_groupcv_psnr_benefit_C3_token256_mlp_506,mixed_groupcv,psnr_benefit,C3_token256,mlp,506,bsds_253036,synthetic_bsds,,,,0.0,0.0,0.0,1.0,0.17228089732036134,0.4111402630805969,0,4
mixed_groupcv_psnr_benefit_C3_token256_mlp_506,mixed_groupcv,psnr_benefit,C3_token256,mlp,506,bsds_254054,synthetic_bsds,,,,0.0,0.0,0.0,1.0,0.22138084624239496,0.469885878264904,0,4
mixed_groupcv_psnr_benefit_C3_token256_mlp_506,mixed_groupcv,psnr_benefit,C3_token256,mlp,506,bsds_27059,synthetic_bsds,,,,0.0,0.0,0.0,0.75,0.1683650761552442,0.3953782543540001,0,4
mixed_groupcv_psnr_benefit_C3_token256_mlp_506,mixed_groupcv,psnr_benefit,C3_token256,mlp,506,bsds_271008,synthetic_bsds,,,,0.0,0.0,0.0,0.75,0.1978999293509769,0.4416815713047981,0,4
mixed_groupcv_psnr_benefit_C3_token256_mlp_506,mixed_groupcv,psnr_benefit,C3_token256,mlp,506,bsds_274007,synthetic_bsds,,,,0.0,0.0,0.0,0.75,0.21656282119168346,0.46411069482564926,0,4
mixed_groupcv_psnr_benefit_C3_token256_mlp_506,mixed_groupcv,psnr_benefit,C3_token256,mlp,506,bsds_286092,synthetic_bsds,,,,0.0,0.0,0.0,1.0,0.12651315159209953,0.3391435295343399,0,4
mixed_groupcv_psnr_benefit_C3_token256_mlp_506,mixed_groupcv,psnr_benefit,C3_token256,mlp,506,bsds_309004,synthetic_bsds,,,,0.0,0.0,0.0,0.75,0.18927713885492126,0.43235575407743454,0,4
mixed_groupcv_psnr_benefit_C3_token256_mlp_506,mixed_groupcv,psnr_benefit,C3_token256,mlp,506,bsds_311081,synthetic_bsds,,,,0.0,0.0,0.0,1.0,0.1958743155515157,0.44210901111364365,0,4
mixed_groupcv_psnr_benefit_C3_token256_mlp_506,mixed_groupcv,psnr_benefit,C3_token256,mlp,506,bsds_314016,synthetic_bsds,,,,0.0,0.0,0.0,1.0,0.21498419140481162,0.4633796140551567,0,4
mixed_groupcv_psnr_benefit_C3_token256_mlp_506,mixed_groupcv,psnr_benefit,C3_token256,mlp,506,bsds_323016,synthetic_bsds,,,,0.0,0.0,0.0,0.25,0.2554429831673073,0.505236990749836,0,4
mixed_groupcv_psnr_benefit_C3_token256_mlp_506,mixed_groupcv,psnr_benefit,C3_token256,mlp,506,bsds_368078,synthetic_bsds,,,,0.0,0.0,0.0,1.0,0.18181791302741646,0.4226035624742508,0,4
mixed_groupcv_psnr_benefit_C3_token256_mlp_506,mixed_groupcv,psnr_benefit,C3_token256,mlp,506,bsds_374020,synthetic_bsds,,,,0.0,0.0,0.0,1.0,0.19420383142928,0.43899859488010406,0,4
mixed_groupcv_psnr_benefit_C3_token256_mlp_506,mixed_groupcv,psnr_benefit,C3_token256,mlp,506,bsds_385028,synthetic_bsds,,,,0.0,0.0,0.0,0.5,0.24168530809504274,0.4912257194519043,0,4
mixed_groupcv_psnr_benefit_C3_token256_mlp_506,mixed_groupcv,psnr_benefit,C3_token256,mlp,506,bsds_41004,synthetic_bsds,0.6666666666666667,0.5,0.6666666666666666,0.3333333333333333,1.0,0.5,0.5,0.2503675394626719,0.2525576129555703,1,4
mixed_groupcv_psnr_benefit_C3_token256_mlp_506,mixed_groupcv,psnr_benefit,C3_token256,mlp,506,bsds_45077,synthetic_bsds,,,,0.0,0.0,0.0,1.0,0.13939545527704295,0.3443852327764034,0,4
mixed_groupcv_psnr_benefit_C3_token256_mlp_506,mixed_groupcv,psnr_benefit,C3_token256,mlp,506,bsds_46076,synthetic_bsds,0.6666666666666667,0.5,0.5,0.0,0.0,0.0,0.75,0.22351322234630144,0.19443319737911224,1,4
mixed_groupcv_psnr_benefit_C3_token256_mlp_506,mixed_groupcv,psnr_benefit,C3_token256,mlp,506,bsds_59078,synthetic_bsds,,,,0.0,0.0,0.0,0.75,0.159236432246054,0.3904605507850647,0,4
mixed_groupcv_psnr_benefit_C3_token256_mlp_506,mixed_groupcv,psnr_benefit,C3_token256,mlp,506,bsds_61086,synthetic_bsds,,,,0.0,0.0,0.0,1.0,0.23187398367956202,0.48116181790828705,0,4
mixed_groupcv_psnr_benefit_C3_token256_mlp_506,mixed_groupcv,psnr_benefit,C3_token256,mlp,506,bsds_76002,synthetic_bsds,,,,0.0,0.0,0.0,0.25,0.24332949109891366,0.49159449338912964,0,4
mixed_groupcv_psnr_benefit_C3_token256_mlp_506,mixed_groupcv,psnr_benefit,C3_token256,mlp,506,bsds_80099,synthetic_bsds,,,,0.0,0.0,0.0,1.0,0.08831473739070284,0.26624011248350143,0,4
mixed_groupcv_psnr_benefit_C3_token256_mlp_506,mixed_groupcv,psnr_benefit,C3_token256,mlp,506,bsds_92059,synthetic_bsds,,,,0.0,0.0,0.0,1.0,0.08144556018597977,0.25896734930574894,0,4
mixed_groupcv_psnr_benefit_C3_token256_mlp_507,mixed_groupcv,psnr_benefit,C3_token256,mlp,507,case1,real_csig,,,,0.0,0.0,0.0,1.0,0.15132346703693214,0.3869332076671223,0,192
mixed_groupcv_psnr_benefit_C3_token256_mlp_507,mixed_groupcv,psnr_benefit,C3_token256,mlp,507,case2,real_csig,0.1526315789473684,0.008968783972666563,0.49736842105263157,0.0,0.0,0.0,0.984375,0.15301904793375445,0.3720229491591453,2,192
mixed_groupcv_psnr_benefit_C3_token256_mlp_507,mixed_groupcv,psnr_benefit,C3_token256,mlp,507,case3,real_csig,,,,0.0,0.0,0.0,0.9947916666666666,0.12202653849265595,0.3433885835111141,0,192
mixed_groupcv_psnr_benefit_C3_token256_mlp_507,mixed_groupcv,psnr_benefit,C3_token256,mlp,507,case4,real_csig,,,,0.0,0.0,0.0,1.0,0.03260553690435341,0.1733932353090495,0,192
mixed_groupcv_psnr_benefit_C3_token256_mlp_507,mixed_groupcv,psnr_benefit,C3_token256,mlp,507,case5,real_csig,0.4381720430107527,0.031107118085277132,0.5,0.0,0.0,0.0,0.96875,0.13035971911199318,0.3121579819514106,6,192
mixed_groupcv_psnr_benefit_C3_token256_mlp_507,mixed_groupcv,psnr_benefit,C3_token256,mlp,507,bsds_100098,synthetic_bsds,,,,0.0,0.0,0.0,1.0,0.1733264285481877,0.4162398800253868,0,4
mixed_groupcv_psnr_benefit_C3_token256_mlp_507,mixed_groupcv,psnr_benefit,C3_token256,mlp,507,bsds_106025,synthetic_bsds,,,,0.0,0.0,0.0,1.0,0.12510941705020895,0.344964824616909,0,4
mixed_groupcv_psnr_benefit_C3_token256_mlp_507,mixed_groupcv,psnr_benefit,C3_token256,mlp,507,bsds_112082,synthetic_bsds,,,,0.0,0.0,0.0,1.0,0.15738549272789643,0.3839258812367916,0,4
mixed_groupcv_psnr_benefit_C3_token256_mlp_507,mixed_groupcv,psnr_benefit,C3_token256,mlp,507,bsds_138078,synthetic_bsds,,,,0.0,0.0,0.0,1.0,0.127845383649279,0.3479967787861824,0,4
mixed_groupcv_psnr_benefit_C3_token256_mlp_507,mixed_groupcv,psnr_benefit,C3_token256,mlp,507,bsds_140055,synthetic_bsds,,,,0.0,0.0,0.0,1.0,0.14702437897948384,0.37740518152713776,0,4
mixed_groupcv_psnr_benefit_C3_token256_mlp_507,mixed_groupcv,psnr_benefit,C3_token256,mlp,507,bsds_147021,synthetic_bsds,,,,0.0,0.0,0.0,1.0,0.1527061874965061,0.3903143107891083,0,4
mixed_groupcv_psnr_benefit_C3_token256_mlp_507,mixed_groupcv,psnr_benefit,C3_token256,mlp,507,bsds_153077,synthetic_bsds,,,,0.0,0.0,0.0,1.0,0.1450749892609129,0.3777766823768616,0,4
mixed_groupcv_psnr_benefit_C3_token256_mlp_507,mixed_groupcv,psnr_benefit,C3_token256,mlp,507,bsds_159029,synthetic_bsds,,,,0.0,0.0,0.0,1.0,0.17029152967305117,0.4039781913161278,0,4
mixed_groupcv_psnr_benefit_C3_token256_mlp_507,mixed_groupcv,psnr_benefit,C3_token256,mlp,507,bsds_159045,synthetic_bsds,,,,0.0,0.0,0.0,1.0,0.12461281460383633,0.3511262685060501,0,4
mixed_groupcv_psnr_benefit_C3_token256_mlp_507,mixed_groupcv,psnr_benefit,C3_token256,mlp,507,bsds_159091,synthetic_bsds,,,,0.0,0.0,0.0,1.0,0.1778463712681171,0.41855142265558243,0,4
mixed_groupcv_psnr_benefit_C3_token256_mlp_507,mixed_groupcv,psnr_benefit,C3_token256,mlp,507,bsds_164074,synthetic_bsds,,,,0.0,0.0,0.0,1.0,0.18278473366780834,0.4262462481856346,0,4
mixed_groupcv_psnr_benefit_C3_token256_mlp_507,mixed_groupcv,psnr_benefit,C3_token256,mlp,507,bsds_166081,synthetic_bsds,,,,0.0,0.0,0.0,1.0,0.13379329808515816,0.3627285659313202,0,4
mixed_groupcv_psnr_benefit_C3_token256_mlp_507,mixed_groupcv,psnr_benefit,C3_token256,mlp,507,bsds_176039,synthetic_bsds,,,,0.0,0.0,0.0,1.0,0.10285760951341155,0.3152701295912266,0,4
mixed_groupcv_psnr_benefit_C3_token256_mlp_507,mixed_groupcv,psnr_benefit,C3_token256,mlp,507,bsds_183055,synthetic_bsds,,,,0.0,0.0,0.0,1.0,0.14037020079935125,0.3704833686351776,0,4
mixed_groupcv_psnr_benefit_C3_token256_mlp_507,mixed_groupcv,psnr_benefit,C3_token256,mlp,507,bsds_187029,synthetic_bsds,,,,0.0,0.0,0.0,1.0,0.18439026406207026,0.42892081290483475,0,4
mixed_groupcv_psnr_benefit_C3_token256_mlp_507,mixed_groupcv,psnr_benefit,C3_token256,mlp,507,bsds_188063,synthetic_bsds,,,,0.0,0.0,0.0,1.0,0.1460855128935073,0.37282394990324974,0,4
mixed_groupcv_psnr_benefit_C3_token256_mlp_507,mixed_groupcv,psnr_benefit,C3_token256,mlp,507,bsds_198023,synthetic_bsds,0.6666666666666666,0.9166666666666665,0.5,0.0,0.0,0.0,0.25,0.42099282047496606,0.49591826274991035,3,4
mixed_groupcv_psnr_benefit_C3_token256_mlp_507,mixed_groupcv,psnr_benefit,C3_token256,mlp,507,bsds_198054,synthetic_bsds,,,,0.0,0.0,0.0,1.0,0.04464551068814121,0.20810112729668617,0,4
mixed_groupcv_psnr_benefit_C3_token256_mlp_507,mixed_groupcv,psnr_benefit,C3_token256,mlp,507,bsds_20008,synthetic_bsds,,,,0.0,0.0,0.0,1.0,0.18250753468076564,0.4250611960887909,0,4
mixed_groupcv_psnr_benefit_C3_token256_mlp_507,mixed_groupcv,psnr_benefit,C3_token256,mlp,507,bsds_216041,synthetic_bsds,,,,0.0,0.0,0.0,1.0,0.10792276415218871,0.3072826787829399,0,4
mixed_groupcv_psnr_benefit_C3_token256_mlp_507,mixed_groupcv,psnr_benefit,C3_token256,mlp,507,bsds_225017,synthetic_bsds,,,,0.0,0.0,0.0,1.0,0.1646976557133557,0.3997039124369621,0,4
mixed_groupcv_psnr_benefit_C3_token256_mlp_507,mixed_groupcv,psnr_benefit,C3_token256,mlp,507,bsds_23025,synthetic_bsds,,,,0.0,0.0,0.0,1.0,0.14002330467732826,0.36594826728105545,0,4
mixed_groupcv_psnr_benefit_C3_token256_mlp_507,mixed_groupcv,psnr_benefit,C3_token256,mlp,507,bsds_23080,synthetic_bsds,,,,0.0,0.0,0.0,1.0,0.16234835173001533,0.3916432596743107,0,4
mixed_groupcv_psnr_benefit_C3_token256_mlp_507,mixed_groupcv,psnr_benefit,C3_token256,mlp,507,bsds_231015,synthetic_bsds,,,,0.0,0.0,0.0,1.0,0.0983143551155164,0.30297890678048134,0,4
mixed_groupcv_psnr_benefit_C3_token256_mlp_507,mixed_groupcv,psnr_benefit,C3_token256,mlp,507,bsds_236017,synthetic_bsds,,,,0.0,0.0,0.0,1.0,0.13910463951617058,0.34815505892038345,0,4
mixed_groupcv_psnr_benefit_C3_token256_mlp_507,mixed_groupcv,psnr_benefit,C3_token256,mlp,507,bsds_245051,synthetic_bsds,,,,0.0,0.0,0.0,1.0,0.1171077368808181,0.32801997661590576,0,4
mixed_groupcv_psnr_benefit_C3_token256_mlp_507,mixed_groupcv,psnr_benefit,C3_token256,mlp,507,bsds_246016,synthetic_bsds,,,,0.0,0.0,0.0,1.0,0.08191216650591127,0.2723274976015091,0,4
mixed_groupcv_psnr_benefit_C3_token256_mlp_507,mixed_groupcv,psnr_benefit,C3_token256,mlp,507,bsds_249061,synthetic_bsds,,,,0.0,0.0,0.0,1.0,0.11300945342453406,0.3255866691470146,0,4
mixed_groupcv_psnr_benefit_C3_token256_mlp_507,mixed_groupcv,psnr_benefit,C3_token256,mlp,507,bsds_25098,synthetic_bsds,,,,0.0,0.0,0.0,1.0,0.14179837245661786,0.3706550821661949,0,4
mixed_groupcv_psnr_benefit_C3_token256_mlp_507,mixed_groupcv,psnr_benefit,C3_token256,mlp,507,bsds_253036,synthetic_bsds,,,,0.0,0.0,0.0,1.0,0.196793455275325,0.44305019080638885,0,4
mixed_groupcv_psnr_benefit_C3_token256_mlp_507,mixed_groupcv,psnr_benefit,C3_token256,mlp,507,bsds_254054,synthetic_bsds,,,,0.0,0.0,0.0,1.0,0.14589364212576172,0.37718311697244644,0,4
mixed_groupcv_psnr_benefit_C3_token256_mlp_507,mixed_groupcv,psnr_benefit,C3_token256,mlp,507,bsds_27059,synthetic_bsds,,,,0.0,0.0,0.0,1.0,0.1499023213084627,0.3842523321509361,0,4
mixed_groupcv_psnr_benefit_C3_token256_mlp_507,mixed_groupcv,psnr_benefit,C3_token256,mlp,507,bsds_271008,synthetic_bsds,,,,0.0,0.0,0.0,1.0,0.16084962972378136,0.39320048689842224,0,4
mixed_groupcv_psnr_benefit_C3_token256_mlp_507,mixed_groupcv,psnr_benefit,C3_token256,mlp,507,bsds_274007,synthetic_bsds,,,,0.0,0.0,0.0,1.0,0.1677119527460853,0.4039178490638733,0,4
mixed_groupcv_psnr_benefit_C3_token256_mlp_507,mixed_groupcv,psnr_benefit,C3_token256,mlp,507,bsds_286092,synthetic_bsds,,,,0.0,0.0,0.0,1.0,0.1899506230730308,0.4347631558775902,0,4
mixed_groupcv_psnr_benefit_C3_token256_mlp_507,mixed_groupcv,psnr_benefit,C3_token256,mlp,507,bsds_309004,synthetic_bsds,,,,0.0,0.0,0.0,1.0,0.19569634940985892,0.44067052751779556,0,4
mixed_groupcv_psnr_benefit_C3_token256_mlp_507,mixed_groupcv,psnr_benefit,C3_token256,mlp,507,bsds_311081,synthetic_bsds,,,,0.0,0.0,0.0,1.0,0.12942045793969648,0.35802558064460754,0,4
mixed_groupcv_psnr_benefit_C3_token256_mlp_507,mixed_groupcv,psnr_benefit,C3_token256,mlp,507,bsds_314016,synthetic_bsds,,,,0.0,0.0,0.0,1.0,0.09307072688429785,0.3003316894173622,0,4
mixed_groupcv_psnr_benefit_C3_token256_mlp_507,mixed_groupcv,psnr_benefit,C3_token256,mlp,507,bsds_323016,synthetic_bsds,,,,0.0,0.0,0.0,1.0,0.05751169153378055,0.2374246045947075,0,4
mixed_groupcv_psnr_benefit_C3_token256_mlp_507,mixed_groupcv,psnr_benefit,C3_token256,mlp,507,bsds_368078,synthetic_bsds,,,,0.0,0.0,0.0,1.0,0.20190036274341971,0.4478868469595909,0,4
mixed_groupcv_psnr_benefit_C3_token256_mlp_507,mixed_groupcv,psnr_benefit,C3_token256,mlp,507,bsds_374020,synthetic_bsds,,,,0.0,0.0,0.0,1.0,0.17313371799030874,0.4138510748744011,0,4
mixed_groupcv_psnr_benefit_C3_token256_mlp_507,mixed_groupcv,psnr_benefit,C3_token256,mlp,507,bsds_385028,synthetic_bsds,,,,0.0,0.0,0.0,1.0,0.1080692746538714,0.3227706030011177,0,4
mixed_groupcv_psnr_benefit_C3_token256_mlp_507,mixed_groupcv,psnr_benefit,C3_token256,mlp,507,bsds_41004,synthetic_bsds,0.33333333333333337,0.3333333333333333,0.5,0.0,0.0,0.0,0.75,0.22195889346148834,0.16923779994249344,1,4
mixed_groupcv_psnr_benefit_C3_token256_mlp_507,mixed_groupcv,psnr_benefit,C3_token256,mlp,507,bsds_45077,synthetic_bsds,,,,0.0,0.0,0.0,1.0,0.12171117412395493,0.347078375518322,0,4
mixed_groupcv_psnr_benefit_C3_token256_mlp_507,mixed_groupcv,psnr_benefit,C3_token256,mlp,507,bsds_46076,synthetic_bsds,0.6666666666666667,0.5,0.5,0.0,0.0,0.0,0.75,0.23275705477512165,0.21800823509693146,1,4
mixed_groupcv_psnr_benefit_C3_token256_mlp_507,mixed_groupcv,psnr_benefit,C3_token256,mlp,507,bsds_59078,synthetic_bsds,,,,0.0,0.0,0.0,1.0,0.15309908089405466,0.39068475365638733,0,4
mixed_groupcv_psnr_benefit_C3_token256_mlp_507,mixed_groupcv,psnr_benefit,C3_token256,mlp,507,bsds_61086,synthetic_bsds,,,,0.0,0.0,0.0,1.0,0.14836155974712306,0.3796498402953148,0,4
mixed_groupcv_psnr_benefit_C3_token256_mlp_507,mixed_groupcv,psnr_benefit,C3_token256,mlp,507,bsds_76002,synthetic_bsds,,,,0.0,0.0,0.0,1.0,0.158862466659907,0.39217961579561234,0,4
mixed_groupcv_psnr_benefit_C3_token256_mlp_507,mixed_groupcv,psnr_benefit,C3_token256,mlp,507,bsds_80099,synthetic_bsds,,,,0.0,0.0,0.0,1.0,0.09486352034010825,0.3070259764790535,0,4
mixed_groupcv_psnr_benefit_C3_token256_mlp_507,mixed_groupcv,psnr_benefit,C3_token256,mlp,507,bsds_92059,synthetic_bsds,,,,0.0,0.0,0.0,1.0,0.11515345922470255,0.32315197587013245,0,4
mixed_groupcv_psnr_benefit_C3_token512_logistic_505,mixed_groupcv,psnr_benefit,C3_token512,logistic,505,case1,real_csig,,,,0.0,0.0,0.0,1.0,0.00042648432927217764,0.017469245580614936,0,192
mixed_groupcv_psnr_benefit_C3_token512_logistic_505,mixed_groupcv,psnr_benefit,C3_token512,logistic,505,case2,real_csig,0.21052631578947373,0.009811616954474097,0.5,0.0,0.0,0.0,0.9895833333333334,0.010503206974241203,0.0035101302460087335,2,192
mixed_groupcv_psnr_benefit_C3_token512_logistic_505,mixed_groupcv,psnr_benefit,C3_token512,logistic,505,case3,real_csig,,,,0.0,0.0,0.0,0.9947916666666666,0.012499691231732876,0.06988162693139116,0,192
mixed_groupcv_psnr_benefit_C3_token512_logistic_505,mixed_groupcv,psnr_benefit,C3_token512,logistic,505,case4,real_csig,,,,0.0,0.0,0.0,1.0,6.070619153613688e-06,0.0011868951512605682,0,192
mixed_groupcv_psnr_benefit_C3_token512_logistic_505,mixed_groupcv,psnr_benefit,C3_token512,logistic,505,case5,real_csig,0.5582437275985663,0.06940857461629873,0.5,0.0,0.0,0.0,0.96875,0.030667325366893983,0.020939650356111415,6,192
mixed_groupcv_psnr_benefit_C3_token512_logistic_505,mixed_groupcv,psnr_benefit,C3_token512,logistic,505,bsds_100098,synthetic_bsds,,,,0.0,0.0,0.0,1.0,0.0019567137609267675,0.04091002018062395,0,4
mixed_groupcv_psnr_benefit_C3_token512_logistic_505,mixed_groupcv,psnr_benefit,C3_token512,logistic,505,bsds_106025,synthetic_bsds,,,,0.0,0.0,0.0,1.0,0.00013321441213428234,0.010624539851005718,0,4
mixed_groupcv_psnr_benefit_C3_token512_logistic_505,mixed_groupcv,psnr_benefit,C3_token512,logistic,505,bsds_112082,synthetic_bsds,,,,0.0,0.0,0.0,1.0,0.00021494382053609176,0.013425652903832687,0,4
mixed_groupcv_psnr_benefit_C3_token512_logistic_505,mixed_groupcv,psnr_benefit,C3_token512,logistic,505,bsds_138078,synthetic_bsds,,,,0.0,0.0,0.0,1.0,0.0013428954553578562,0.03646448914508116,0,4
mixed_groupcv_psnr_benefit_C3_token512_logistic_505,mixed_groupcv,psnr_benefit,C3_token512,logistic,505,bsds_140055,synthetic_bsds,,,,0.0,0.0,0.0,1.0,0.0003400286011110816,0.018397640420163036,0,4
mixed_groupcv_psnr_benefit_C3_token512_logistic_505,mixed_groupcv,psnr_benefit,C3_token512,logistic,505,bsds_147021,synthetic_bsds,,,,0.0,0.0,0.0,1.0,0.0011082586025464925,0.030971401194426287,0,4
mixed_groupcv_psnr_benefit_C3_token512_logistic_505,mixed_groupcv,psnr_benefit,C3_token512,logistic,505,bsds_153077,synthetic_bsds,,,,0.0,0.0,0.0,1.0,0.00014080675172122297,0.00905532081996141,0,4
mixed_groupcv_psnr_benefit_C3_token512_logistic_505,mixed_groupcv,psnr_benefit,C3_token512,logistic,505,bsds_159029,synthetic_bsds,,,,0.0,0.0,0.0,1.0,9.241412238075378e-05,0.008502774229074174,0,4
mixed_groupcv_psnr_benefit_C3_token512_logistic_505,mixed_groupcv,psnr_benefit,C3_token512,logistic,505,bsds_159045,synthetic_bsds,,,,0.0,0.0,0.0,1.0,0.0009754512527725373,0.03117386547526883,0,4
mixed_groupcv_psnr_benefit_C3_token512_logistic_505,mixed_groupcv,psnr_benefit,C3_token512,logistic,505,bsds_159091,synthetic_bsds,,,,0.0,0.0,0.0,1.0,0.0006048593441985712,0.024300427477773327,0,4
mixed_groupcv_psnr_benefit_C3_token512_logistic_505,mixed_groupcv,psnr_benefit,C3_token512,logistic,505,bsds_164074,synthetic_bsds,,,,0.0,0.0,0.0,1.0,0.0021744026877585504,0.04133166858319325,0,4
mixed_groupcv_psnr_benefit_C3_token512_logistic_505,mixed_groupcv,psnr_benefit,C3_token512,logistic,505,bsds_166081,synthetic_bsds,,,,0.0,0.0,0.0,1.0,0.0001184929723600293,0.008996915564185724,0,4
mixed_groupcv_psnr_benefit_C3_token512_logistic_505,mixed_groupcv,psnr_benefit,C3_token512,logistic,505,bsds_176039,synthetic_bsds,,,,0.0,0.0,0.0,1.0,0.023069472631487474,0.12654246209583409,0,4
mixed_groupcv_psnr_benefit_C3_token512_logistic_505,mixed_groupcv,psnr_benefit,C3_token512,logistic,505,bsds_183055,synthetic_bsds,,,,0.0,0.0,0.0,1.0,0.0003075647632233222,0.01597737422883213,0,4
mixed_groupcv_psnr_benefit_C3_token512_logistic_505,mixed_groupcv,psnr_benefit,C3_token512,logistic,505,bsds_187029,synthetic_bsds,,,,0.0,0.0,0.0,1.0,0.00041959921540826956,0.020024052634109897,0,4
mixed_groupcv_psnr_benefit_C3_token512_logistic_505,mixed_groupcv,psnr_benefit,C3_token512,logistic,505,bsds_188063,synthetic_bsds,,,,0.0,0.0,0.0,1.0,0.0033038172225877444,0.05471411052608504,0,4
mixed_groupcv_psnr_benefit_C3_token512_logistic_505,mixed_groupcv,psnr_benefit,C3_token512,logistic,505,bsds_198023,synthetic_bsds,0.3333333333333333,0.8055555555555556,0.5,0.0,0.0,0.0,0.25,0.7423946759437698,0.745478444236445,3,4
mixed_groupcv_psnr_benefit_C3_token512_logistic_505,mixed_groupcv,psnr_benefit,C3_token512,logistic,505,bsds_198054,synthetic_bsds,,,,0.0,0.0,0.0,1.0,0.022654961856413587,0.12628142413996313,0,4
mixed_groupcv_psnr_benefit_C3_token512_logistic_505,mixed_groupcv,psnr_benefit,C3_token512,logistic,505,bsds_20008,synthetic_bsds,,,,0.0,0.0,0.0,1.0,0.001042554437705569,0.031941116001551514,0,4
mixed_groupcv_psnr_benefit_C3_token512_logistic_505,mixed_groupcv,psnr_benefit,C3_token512,logistic,505,bsds_216041,synthetic_bsds,,,,0.0,0.0,0.0,1.0,0.0002915542487198189,0.01596075907118956,0,4
mixed_groupcv_psnr_benefit_C3_token512_logistic_505,mixed_groupcv,psnr_benefit,C3_token512,logistic,505,bsds_225017,synthetic_bsds,,,,0.0,0.0,0.0,1.0,0.0011606560420175673,0.03370630820788358,0,4
mixed_groupcv_psnr_benefit_C3_token512_logistic_505,mixed_groupcv,psnr_benefit,C3_token512,logistic,505,bsds_23025,synthetic_bsds,,,,0.0,0.0,0.0,1.0,6.550418735744159e-05,0.007060155144445371,0,4
mixed_groupcv_psnr_benefit_C3_token512_logistic_505,mixed_groupcv,psnr_benefit,C3_token512,logistic,505,bsds_23080,synthetic_bsds,,,,0.0,0.0,0.0,1.0,0.0009917878747615436,0.026041903453643288,0,4
mixed_groupcv_psnr_benefit_C3_token512_logistic_505,mixed_groupcv,psnr_benefit,C3_token512,logistic,505,bsds_231015,synthetic_bsds,,,,0.0,0.0,0.0,1.0,0.0010996365210472606,0.03307038704308765,0,4
mixed_groupcv_psnr_benefit_C3_token512_logistic_505,mixed_groupcv,psnr_benefit,C3_token512,logistic,505,bsds_236017,synthetic_bsds,,,,0.0,0.0,0.0,1.0,0.0003085955510233462,0.016521561381802503,0,4
mixed_groupcv_psnr_benefit_C3_token512_logistic_505,mixed_groupcv,psnr_benefit,C3_token512,logistic,505,bsds_245051,synthetic_bsds,,,,0.0,0.0,0.0,1.0,0.0035327352461875434,0.05910653948332473,0,4
mixed_groupcv_psnr_benefit_C3_token512_logistic_505,mixed_groupcv,psnr_benefit,C3_token512,logistic,505,bsds_246016,synthetic_bsds,,,,0.0,0.0,0.0,1.0,0.00011992044116378574,0.010419395846151727,0,4
mixed_groupcv_psnr_benefit_C3_token512_logistic_505,mixed_groupcv,psnr_benefit,C3_token512,logistic,505,bsds_249061,synthetic_bsds,,,,0.0,0.0,0.0,1.0,0.00043575590269472487,0.01678301725596763,0,4
mixed_groupcv_psnr_benefit_C3_token512_logistic_505,mixed_groupcv,psnr_benefit,C3_token512,logistic,505,bsds_25098,synthetic_bsds,,,,0.0,0.0,0.0,1.0,0.0016497897712382218,0.03980064617089889,0,4
mixed_groupcv_psnr_benefit_C3_token512_logistic_505,mixed_groupcv,psnr_benefit,C3_token512,logistic,505,bsds_253036,synthetic_bsds,,,,0.0,0.0,0.0,1.0,0.0003778122396486896,0.01822278828384156,0,4
mixed_groupcv_psnr_benefit_C3_token512_logistic_505,mixed_groupcv,psnr_benefit,C3_token512,logistic,505,bsds_254054,synthetic_bsds,,,,0.0,0.0,0.0,1.0,0.0004994725215985412,0.022006909110517718,0,4
mixed_groupcv_psnr_benefit_C3_token512_logistic_505,mixed_groupcv,psnr_benefit,C3_token512,logistic,505,bsds_27059,synthetic_bsds,,,,0.0,0.0,0.0,1.0,0.00016021737649065976,0.011514064754123322,0,4
mixed_groupcv_psnr_benefit_C3_token512_logistic_505,mixed_groupcv,psnr_benefit,C3_token512,logistic,505,bsds_271008,synthetic_bsds,,,,0.0,0.0,0.0,1.0,0.0005538858252552399,0.022556940970828603,0,4
mixed_groupcv_psnr_benefit_C3_token512_logistic_505,mixed_groupcv,psnr_benefit,C3_token512,logistic,505,bsds_274007,synthetic_bsds,,,,0.0,0.0,0.0,1.0,0.001007475276538615,0.03006196036653733,0,4
mixed_groupcv_psnr_benefit_C3_token512_logistic_505,mixed_groupcv,psnr_benefit,C3_token512,logistic,505,bsds_286092,synthetic_bsds,,,,0.0,0.0,0.0,1.0,0.00016230209605839804,0.012535587214457022,0,4
mixed_groupcv_psnr_benefit_C3_token512_logistic_505,mixed_groupcv,psnr_benefit,C3_token512,logistic,505,bsds_309004,synthetic_bsds,,,,0.0,0.0,0.0,1.0,0.0004551470118207104,0.02012954164918084,0,4
mixed_groupcv_psnr_benefit_C3_token512_logistic_505,mixed_groupcv,psnr_benefit,C3_token512,logistic,505,bsds_311081,synthetic_bsds,,,,0.0,0.0,0.0,1.0,5.861605241366775e-06,0.002178328936004868,0,4
mixed_groupcv_psnr_benefit_C3_token512_logistic_505,mixed_groupcv,psnr_benefit,C3_token512,logistic,505,bsds_314016,synthetic_bsds,,,,0.0,0.0,0.0,1.0,0.021753317518567006,0.11786710525502839,0,4
mixed_groupcv_psnr_benefit_C3_token512_logistic_505,mixed_groupcv,psnr_benefit,C3_token512,logistic,505,bsds_323016,synthetic_bsds,,,,0.0,0.0,0.0,1.0,0.0013393485305767398,0.03599715110592984,0,4
mixed_groupcv_psnr_benefit_C3_token512_logistic_505,mixed_groupcv,psnr_benefit,C3_token512,logistic,505,bsds_368078,synthetic_bsds,,,,0.0,0.0,0.0,1.0,0.0002628047910301573,0.01597780531312261,0,4
mixed_groupcv_psnr_benefit_C3_token512_logistic_505,mixed_groupcv,psnr_benefit,C3_token512,logistic,505,bsds_374020,synthetic_bsds,,,,0.0,0.0,0.0,1.0,0.0007378678333680765,0.025418990502504877,0,4
mixed_groupcv_psnr_benefit_C3_token512_logistic_505,mixed_groupcv,psnr_benefit,C3_token512,logistic,505,bsds_385028,synthetic_bsds,,,,0.0,0.0,0.0,1.0,0.00036242716433207607,0.017192795837674628,0,4
mixed_groupcv_psnr_benefit_C3_token512_logistic_505,mixed_groupcv,psnr_benefit,C3_token512,logistic,505,bsds_41004,synthetic_bsds,0.0,0.25,0.5,0.0,0.0,0.0,0.75,0.25149318369719953,0.21519619190943207,1,4
mixed_groupcv_psnr_benefit_C3_token512_logistic_505,mixed_groupcv,psnr_benefit,C3_token512,logistic,505,bsds_45077,synthetic_bsds,,,,0.0,0.0,0.0,1.0,0.0009812616745759936,0.02952619047278272,0,4
mixed_groupcv_psnr_benefit_C3_token512_logistic_505,mixed_groupcv,psnr_benefit,C3_token512,logistic,505,bsds_46076,synthetic_bsds,0.33333333333333337,0.3333333333333333,0.5,0.0,0.0,0.0,0.75,0.23447441546148357,0.2154838090583462,1,4
mixed_groupcv_psnr_benefit_C3_token512_logistic_505,mixed_groupcv,psnr_benefit,C3_token512,logistic,505,bsds_59078,synthetic_bsds,,,,0.0,0.0,0.0,1.0,0.0005463668963464345,0.02231766900114173,0,4
mixed_groupcv_psnr_benefit_C3_token512_logistic_505,mixed_groupcv,psnr_benefit,C3_token512,logistic,505,bsds_61086,synthetic_bsds,,,,0.0,0.0,0.0,1.0,5.319273501571308e-05,0.0068154696430384664,0,4
mixed_groupcv_psnr_benefit_C3_token512_logistic_505,mixed_groupcv,psnr_benefit,C3_token512,logistic,505,bsds_76002,synthetic_bsds,,,,0.0,0.0,0.0,1.0,0.00020381719177267775,0.011429474115567998,0,4
mixed_groupcv_psnr_benefit_C3_token512_logistic_505,mixed_groupcv,psnr_benefit,C3_token512,logistic,505,bsds_80099,synthetic_bsds,,,,0.0,0.0,0.0,1.0,0.0006418934089874908,0.023189828903433893,0,4
mixed_groupcv_psnr_benefit_C3_token512_logistic_505,mixed_groupcv,psnr_benefit,C3_token512,logistic,505,bsds_92059,synthetic_bsds,,,,0.0,0.0,0.0,1.0,0.00014633318453308064,0.011307621403457374,0,4
mixed_groupcv_psnr_benefit_C3_token512_mlp_505,mixed_groupcv,psnr_benefit,C3_token512,mlp,505,case1,real_csig,,,,0.0,0.0,0.0,1.0,0.14529891959642172,0.37781134791051346,0,192
mixed_groupcv_psnr_benefit_C3_token512_mlp_505,mixed_groupcv,psnr_benefit,C3_token512,mlp,505,case2,real_csig,0.6026315789473684,0.026392534266550013,0.5,0.0,0.0,0.0,0.9895833333333334,0.17186977540490359,0.39979945852731663,2,192
mixed_groupcv_psnr_benefit_C3_token512_mlp_505,mixed_groupcv,psnr_benefit,C3_token512,mlp,505,case3,real_csig,,,,0.0,0.0,0.0,1.0,0.13819784528949344,0.36623670641953743,0,192
mixed_groupcv_psnr_benefit_C3_token512_mlp_505,mixed_groupcv,psnr_benefit,C3_token512,mlp,505,case4,real_csig,,,,0.0,0.0,0.0,1.0,0.04612823581320211,0.21019652819571394,0,192
mixed_groupcv_psnr_benefit_C3_token512_mlp_505,mixed_groupcv,psnr_benefit,C3_token512,mlp,505,case5,real_csig,0.4838709677419355,0.03420591754286616,0.5,0.0,0.0,0.0,0.96875,0.13464042134197685,0.31914935455036664,6,192
mixed_groupcv_psnr_benefit_C3_token512_mlp_505,mixed_groupcv,psnr_benefit,C3_token512,mlp,505,bsds_100098,synthetic_bsds,,,,0.0,0.0,0.0,1.0,0.13051571211810198,0.3597855940461159,0,4
mixed_groupcv_psnr_benefit_C3_token512_mlp_505,mixed_groupcv,psnr_benefit,C3_token512,mlp,505,bsds_106025,synthetic_bsds,,,,0.0,0.0,0.0,1.0,0.12120342747300694,0.3430861607193947,0,4
mixed_groupcv_psnr_benefit_C3_token512_mlp_505,mixed_groupcv,psnr_benefit,C3_token512,mlp,505,bsds_112082,synthetic_bsds,,,,0.0,0.0,0.0,1.0,0.15407554497256304,0.3922243192791939,0,4
mixed_groupcv_psnr_benefit_C3_token512_mlp_505,mixed_groupcv,psnr_benefit,C3_token512,mlp,505,bsds_138078,synthetic_bsds,,,,0.0,0.0,0.0,1.0,0.10808042664935313,0.32800013571977615,0,4
mixed_groupcv_psnr_benefit_C3_token512_mlp_505,mixed_groupcv,psnr_benefit,C3_token512,mlp,505,bsds_140055,synthetic_bsds,,,,0.0,0.0,0.0,1.0,0.17333604883164222,0.4161159247159958,0,4
mixed_groupcv_psnr_benefit_C3_token512_mlp_505,mixed_groupcv,psnr_benefit,C3_token512,mlp,505,bsds_147021,synthetic_bsds,,,,0.0,0.0,0.0,1.0,0.19355181954238798,0.439426988363266,0,4
mixed_groupcv_psnr_benefit_C3_token512_mlp_505,mixed_groupcv,psnr_benefit,C3_token512,mlp,505,bsds_153077,synthetic_bsds,,,,0.0,0.0,0.0,1.0,0.1725161075919821,0.4134877547621727,0,4
mixed_groupcv_psnr_benefit_C3_token512_mlp_505,mixed_groupcv,psnr_benefit,C3_token512,mlp,505,bsds_159029,synthetic_bsds,,,,0.0,0.0,0.0,1.0,0.2017715427876523,0.44879085570573807,0,4
mixed_groupcv_psnr_benefit_C3_token512_mlp_505,mixed_groupcv,psnr_benefit,C3_token512,mlp,505,bsds_159045,synthetic_bsds,,,,0.0,0.0,0.0,1.0,0.1611616036852046,0.4012393280863762,0,4
mixed_groupcv_psnr_benefit_C3_token512_mlp_505,mixed_groupcv,psnr_benefit,C3_token512,mlp,505,bsds_159091,synthetic_bsds,,,,0.0,0.0,0.0,1.0,0.17726373822637487,0.4206472113728523,0,4
mixed_groupcv_psnr_benefit_C3_token512_mlp_505,mixed_groupcv,psnr_benefit,C3_token512,mlp,505,bsds_164074,synthetic_bsds,,,,0.0,0.0,0.0,1.0,0.18253430534228232,0.42405010014772415,0,4
mixed_groupcv_psnr_benefit_C3_token512_mlp_505,mixed_groupcv,psnr_benefit,C3_token512,mlp,505,bsds_166081,synthetic_bsds,,,,0.0,0.0,0.0,1.0,0.19416688018343398,0.44035693258047104,0,4
mixed_groupcv_psnr_benefit_C3_token512_mlp_505,mixed_groupcv,psnr_benefit,C3_token512,mlp,505,bsds_176039,synthetic_bsds,,,,0.0,0.0,0.0,1.0,0.10038053730103225,0.31424615532159805,0,4
mixed_groupcv_psnr_benefit_C3_token512_mlp_505,mixed_groupcv,psnr_benefit,C3_token512,mlp,505,bsds_183055,synthetic_bsds,,,,0.0,0.0,0.0,1.0,0.18143514630922897,0.42535827308893204,0,4
mixed_groupcv_psnr_benefit_C3_token512_mlp_505,mixed_groupcv,psnr_benefit,C3_token512,mlp,505,bsds_187029,synthetic_bsds,,,,0.0,0.0,0.0,1.0,0.19915173583690415,0.4459724947810173,0,4
mixed_groupcv_psnr_benefit_C3_token512_mlp_505,mixed_groupcv,psnr_benefit,C3_token512,mlp,505,bsds_188063,synthetic_bsds,,,,0.0,0.0,0.0,1.0,0.16784356878261453,0.40859679132699966,0,4
mixed_groupcv_psnr_benefit_C3_token512_mlp_505,mixed_groupcv,psnr_benefit,C3_token512,mlp,505,bsds_198023,synthetic_bsds,0.3333333333333333,0.8055555555555556,0.5,0.0,0.0,0.0,0.25,0.37330018226833306,0.4282939508557319,3,4
mixed_groupcv_psnr_benefit_C3_token512_mlp_505,mixed_groupcv,psnr_benefit,C3_token512,mlp,505,bsds_198054,synthetic_bsds,,,,0.0,0.0,0.0,1.0,0.06328105276954737,0.2484397478401661,0,4
mixed_groupcv_psnr_benefit_C3_token512_mlp_505,mixed_groupcv,psnr_benefit,C3_token512,mlp,505,bsds_20008,synthetic_bsds,,,,0.0,0.0,0.0,1.0,0.19691635768046356,0.4435284957289696,0,4
mixed_groupcv_psnr_benefit_C3_token512_mlp_505,mixed_groupcv,psnr_benefit,C3_token512,mlp,505,bsds_216041,synthetic_bsds,,,,0.0,0.0,0.0,1.0,0.13332226791598822,0.36418087780475616,0,4
mixed_groupcv_psnr_benefit_C3_token512_mlp_505,mixed_groupcv,psnr_benefit,C3_token512,mlp,505,bsds_225017,synthetic_bsds,,,,0.0,0.0,0.0,1.0,0.13423604769925102,0.35786405950784683,0,4
mixed_groupcv_psnr_benefit_C3_token512_mlp_505,mixed_groupcv,psnr_benefit,C3_token512,mlp,505,bsds_23025,synthetic_bsds,,,,0.0,0.0,0.0,1.0,0.16805616309044824,0.40798839926719666,0,4
mixed_groupcv_psnr_benefit_C3_token512_mlp_505,mixed_groupcv,psnr_benefit,C3_token512,mlp,505,bsds_23080,synthetic_bsds,,,,0.0,0.0,0.0,1.0,0.15914406113607726,0.3976742997765541,0,4
mixed_groupcv_psnr_benefit_C3_token512_mlp_505,mixed_groupcv,psnr_benefit,C3_token512,mlp,505,bsds_231015,synthetic_bsds,,,,0.0,0.0,0.0,1.0,0.1143407793151352,0.3375290259718895,0,4
mixed_groupcv_psnr_benefit_C3_token512_mlp_505,mixed_groupcv,psnr_benefit,C3_token512,mlp,505,bsds_236017,synthetic_bsds,,,,0.0,0.0,0.0,1.0,0.14622663434274719,0.3818489760160446,0,4
mixed_groupcv_psnr_benefit_C3_token512_mlp_505,mixed_groupcv,psnr_benefit,C3_token512,mlp,505,bsds_245051,synthetic_bsds,,,,0.0,0.0,0.0,1.0,0.15236012063925353,0.3901994824409485,0,4
mixed_groupcv_psnr_benefit_C3_token512_mlp_505,mixed_groupcv,psnr_benefit,C3_token512,mlp,505,bsds_246016,synthetic_bsds,,,,0.0,0.0,0.0,1.0,0.11129852320722611,0.3324686586856842,0,4
mixed_groupcv_psnr_benefit_C3_token512_mlp_505,mixed_groupcv,psnr_benefit,C3_token512,mlp,505,bsds_249061,synthetic_bsds,,,,0.0,0.0,0.0,1.0,0.19451115929126916,0.44061384350061417,0,4
mixed_groupcv_psnr_benefit_C3_token512_mlp_505,mixed_groupcv,psnr_benefit,C3_token512,mlp,505,bsds_25098,synthetic_bsds,,,,0.0,0.0,0.0,1.0,0.12958913398384841,0.35835810750722885,0,4
mixed_groupcv_psnr_benefit_C3_token512_mlp_505,mixed_groupcv,psnr_benefit,C3_token512,mlp,505,bsds_253036,synthetic_bsds,,,,0.0,0.0,0.0,1.0,0.16754864899335842,0.40915001183748245,0,4
mixed_groupcv_psnr_benefit_C3_token512_mlp_505,mixed_groupcv,psnr_benefit,C3_token512,mlp,505,bsds_254054,synthetic_bsds,,,,0.0,0.0,0.0,1.0,0.19893469951953802,0.4460119977593422,0,4
mixed_groupcv_psnr_benefit_C3_token512_mlp_505,mixed_groupcv,psnr_benefit,C3_token512,mlp,505,bsds_27059,synthetic_bsds,,,,0.0,0.0,0.0,1.0,0.1292455735562299,0.3587220683693886,0,4
mixed_groupcv_psnr_benefit_C3_token512_mlp_505,mixed_groupcv,psnr_benefit,C3_token512,mlp,505,bsds_271008,synthetic_bsds,,,,0.0,0.0,0.0,1.0,0.16128208035375247,0.4014163762331009,0,4
mixed_groupcv_psnr_benefit_C3_token512_mlp_505,mixed_groupcv,psnr_benefit,C3_token512,mlp,505,bsds_274007,synthetic_bsds,,,,0.0,0.0,0.0,1.0,0.20440989461422188,0.4520973712205887,0,4
mixed_groupcv_psnr_benefit_C3_token512_mlp_505,mixed_groupcv,psnr_benefit,C3_token512,mlp,505,bsds_286092,synthetic_bsds,,,,0.0,0.0,0.0,1.0,0.13117600247387018,0.3619494363665581,0,4
mixed_groupcv_psnr_benefit_C3_token512_mlp_505,mixed_groupcv,psnr_benefit,C3_token512,mlp,505,bsds_309004,synthetic_bsds,,,,0.0,0.0,0.0,1.0,0.17049313251637832,0.411722332239151,0,4
mixed_groupcv_psnr_benefit_C3_token512_mlp_505,mixed_groupcv,psnr_benefit,C3_token512,mlp,505,bsds_311081,synthetic_bsds,,,,0.0,0.0,0.0,1.0,0.1528715225011601,0.39057330042123795,0,4
mixed_groupcv_psnr_benefit_C3_token512_mlp_505,mixed_groupcv,psnr_benefit,C3_token512,mlp,505,bsds_314016,synthetic_bsds,,,,0.0,0.0,0.0,1.0,0.10216266104234006,0.31760960072278976,0,4
mixed_groupcv_psnr_benefit_C3_token512_mlp_505,mixed_groupcv,psnr_benefit,C3_token512,mlp,505,bsds_323016,synthetic_bsds,,,,0.0,0.0,0.0,1.0,0.08406200866719393,0.2892526090145111,0,4
mixed_groupcv_psnr_benefit_C3_token512_mlp_505,mixed_groupcv,psnr_benefit,C3_token512,mlp,505,bsds_368078,synthetic_bsds,,,,0.0,0.0,0.0,1.0,0.1953244128704763,0.4412153661251068,0,4
mixed_groupcv_psnr_benefit_C3_token512_mlp_505,mixed_groupcv,psnr_benefit,C3_token512,mlp,505,bsds_374020,synthetic_bsds,,,,0.0,0.0,0.0,1.0,0.1815010608876788,0.42355120182037354,0,4
mixed_groupcv_psnr_benefit_C3_token512_mlp_505,mixed_groupcv,psnr_benefit,C3_token512,mlp,505,bsds_385028,synthetic_bsds,,,,0.0,0.0,0.0,1.0,0.18692043673267578,0.4319128170609474,0,4
mixed_groupcv_psnr_benefit_C3_token512_mlp_505,mixed_groupcv,psnr_benefit,C3_token512,mlp,505,bsds_41004,synthetic_bsds,1.0,1.0,0.5,0.0,0.0,0.0,0.75,0.15707868555422788,0.38037486374378204,1,4
mixed_groupcv_psnr_benefit_C3_token512_mlp_505,mixed_groupcv,psnr_benefit,C3_token512,mlp,505,bsds_45077,synthetic_bsds,,,,0.0,0.0,0.0,1.0,0.18048429950270206,0.4244079142808914,0,4
mixed_groupcv_psnr_benefit_C3_token512_mlp_505,mixed_groupcv,psnr_benefit,C3_token512,mlp,505,bsds_46076,synthetic_bsds,1.0,1.0,0.5,0.0,0.0,0.0,0.75,0.2138334107922344,0.18739192932844162,1,4
mixed_groupcv_psnr_benefit_C3_token512_mlp_505,mixed_groupcv,psnr_benefit,C3_token512,mlp,505,bsds_59078,synthetic_bsds,,,,0.0,0.0,0.0,1.0,0.18745585638642526,0.4323402941226959,0,4
mixed_groupcv_psnr_benefit_C3_token512_mlp_505,mixed_groupcv,psnr_benefit,C3_token512,mlp,505,bsds_61086,synthetic_bsds,,,,0.0,0.0,0.0,1.0,0.1953306501192711,0.4416951388120651,0,4
mixed_groupcv_psnr_benefit_C3_token512_mlp_505,mixed_groupcv,psnr_benefit,C3_token512,mlp,505,bsds_76002,synthetic_bsds,,,,0.0,0.0,0.0,1.0,0.18502919251823102,0.4286779686808586,0,4
mixed_groupcv_psnr_benefit_C3_token512_mlp_505,mixed_groupcv,psnr_benefit,C3_token512,mlp,505,bsds_80099,synthetic_bsds,,,,0.0,0.0,0.0,1.0,0.14425118900449752,0.37776006758213043,0,4
mixed_groupcv_psnr_benefit_C3_token512_mlp_505,mixed_groupcv,psnr_benefit,C3_token512,mlp,505,bsds_92059,synthetic_bsds,,,,0.0,0.0,0.0,1.0,0.11138521287431113,0.32991591840982437,0,4
mixed_groupcv_psnr_benefit_C3_token512_mlp_506,mixed_groupcv,psnr_benefit,C3_token512,mlp,506,case1,real_csig,,,,0.0,0.0,0.0,1.0,0.10061806387152995,0.2975505116046406,0,192
mixed_groupcv_psnr_benefit_C3_token512_mlp_506,mixed_groupcv,psnr_benefit,C3_token512,mlp,506,case2,real_csig,0.8,0.039596273291925464,0.49473684210526314,0.0,0.0,0.0,0.9791666666666666,0.1555776885886833,0.37398294522427017,2,192
mixed_groupcv_psnr_benefit_C3_token512_mlp_506,mixed_groupcv,psnr_benefit,C3_token512,mlp,506,case3,real_csig,,,,0.0,0.0,0.0,0.9635416666666666,0.15673173254995929,0.3842636370876183,0,192
mixed_groupcv_psnr_benefit_C3_token512_mlp_506,mixed_groupcv,psnr_benefit,C3_token512,mlp,506,case4,real_csig,,,,0.0,0.0,0.0,1.0,0.01038913939068011,0.0930693498715603,0,192
mixed_groupcv_psnr_benefit_C3_token512_mlp_506,mixed_groupcv,psnr_benefit,C3_token512,mlp,506,case5,real_csig,0.478494623655914,0.03597056740677554,0.5,0.0,0.0,0.0,0.96875,0.10371302214309974,0.2610386206458012,6,192
mixed_groupcv_psnr_benefit_C3_token512_mlp_506,mixed_groupcv,psnr_benefit,C3_token512,mlp,506,bsds_100098,synthetic_bsds,,,,0.0,0.0,0.0,0.75,0.24062373960758143,0.4904457703232765,0,4
mixed_groupcv_psnr_benefit_C3_token512_mlp_506,mixed_groupcv,psnr_benefit,C3_token512,mlp,506,bsds_106025,synthetic_bsds,,,,0.0,0.0,0.0,1.0,0.20132375473920172,0.4482973664999008,0,4
mixed_groupcv_psnr_benefit_C3_token512_mlp_506,mixed_groupcv,psnr_benefit,C3_token512,mlp,506,bsds_112082,synthetic_bsds,,,,0.0,0.0,0.0,1.0,0.24183290406353697,0.49168436229228973,0,4
mixed_groupcv_psnr_benefit_C3_token512_mlp_506,mixed_groupcv,psnr_benefit,C3_token512,mlp,506,bsds_138078,synthetic_bsds,,,,0.0,0.0,0.0,1.0,0.2081450216826375,0.4561730623245239,0,4
mixed_groupcv_psnr_benefit_C3_token512_mlp_506,mixed_groupcv,psnr_benefit,C3_token512,mlp,506,bsds_140055,synthetic_bsds,,,,0.0,0.0,0.0,1.0,0.1208737627775518,0.3458434194326401,0,4
mixed_groupcv_psnr_benefit_C3_token512_mlp_506,mixed_groupcv,psnr_benefit,C3_token512,mlp,506,bsds_147021,synthetic_bsds,,,,0.0,0.0,0.0,0.5,0.23497379675430619,0.4826948791742325,0,4
mixed_groupcv_psnr_benefit_C3_token512_mlp_506,mixed_groupcv,psnr_benefit,C3_token512,mlp,506,bsds_153077,synthetic_bsds,,,,0.0,0.0,0.0,0.75,0.22640831735459366,0.47466789931058884,0,4
mixed_groupcv_psnr_benefit_C3_token512_mlp_506,mixed_groupcv,psnr_benefit,C3_token512,mlp,506,bsds_159029,synthetic_bsds,,,,0.0,0.0,0.0,0.5,0.2506647153436836,0.5004840567708015,0,4
mixed_groupcv_psnr_benefit_C3_token512_mlp_506,mixed_groupcv,psnr_benefit,C3_token512,mlp,506,bsds_159045,synthetic_bsds,,,,0.0,0.0,0.0,0.25,0.25772408856114826,0.5076109617948532,0,4
mixed_groupcv_psnr_benefit_C3_token512_mlp_506,mixed_groupcv,psnr_benefit,C3_token512,mlp,506,bsds_159091,synthetic_bsds,,,,0.0,0.0,0.0,1.0,0.15010692836657702,0.3822844922542572,0,4
mixed_groupcv_psnr_benefit_C3_token512_mlp_506,mixed_groupcv,psnr_benefit,C3_token512,mlp,506,bsds_164074,synthetic_bsds,,,,0.0,0.0,0.0,0.75,0.23432299646332067,0.48390021175146103,0,4
mixed_groupcv_psnr_benefit_C3_token512_mlp_506,mixed_groupcv,psnr_benefit,C3_token512,mlp,506,bsds_166081,synthetic_bsds,,,,0.0,0.0,0.0,1.0,0.2128582944589188,0.4612414538860321,0,4
mixed_groupcv_psnr_benefit_C3_token512_mlp_506,mixed_groupcv,psnr_benefit,C3_token512,mlp,506,bsds_176039,synthetic_bsds,,,,0.0,0.0,0.0,1.0,0.1815365061585239,0.42578674852848053,0,4
mixed_groupcv_psnr_benefit_C3_token512_mlp_506,mixed_groupcv,psnr_benefit,C3_token512,mlp,506,bsds_183055,synthetic_bsds,,,,0.0,0.0,0.0,0.5,0.24868375842303636,0.498616524040699,0,4
mixed_groupcv_psnr_benefit_C3_token512_mlp_506,mixed_groupcv,psnr_benefit,C3_token512,mlp,506,bsds_187029,synthetic_bsds,,,,0.0,0.0,0.0,1.0,0.17458478958518509,0.4104507267475128,0,4
mixed_groupcv_psnr_benefit_C3_token512_mlp_506,mixed_groupcv,psnr_benefit,C3_token512,mlp,506,bsds_188063,synthetic_bsds,,,,0.0,0.0,0.0,0.25,0.25689358622893543,0.5059881210327148,0,4
mixed_groupcv_psnr_benefit_C3_token512_mlp_506,mixed_groupcv,psnr_benefit,C3_token512,mlp,506,bsds_198023,synthetic_bsds,0.3333333333333333,0.8055555555555556,0.5,0.0,0.0,0.0,0.25,0.2855144273329209,0.3056929484009743,3,4
mixed_groupcv_psnr_benefit_C3_token512_mlp_506,mixed_groupcv,psnr_benefit,C3_token512,mlp,506,bsds_198054,synthetic_bsds,,,,0.0,0.0,0.0,1.0,0.17017275018072575,0.4110303893685341,0,4
mixed_groupcv_psnr_benefit_C3_token512_mlp_506,mixed_groupcv,psnr_benefit,C3_token512,mlp,506,bsds_20008,synthetic_bsds,,,,0.0,0.0,0.0,1.0,0.18951987703420348,0.4320002719759941,0,4
mixed_groupcv_psnr_benefit_C3_token512_mlp_506,mixed_groupcv,psnr_benefit,C3_token512,mlp,506,bsds_216041,synthetic_bsds,,,,0.0,0.0,0.0,1.0,0.022071993441564186,0.1408936306834221,0,4
mixed_groupcv_psnr_benefit_C3_token512_mlp_506,mixed_groupcv,psnr_benefit,C3_token512,mlp,506,bsds_225017,synthetic_bsds,,,,0.0,0.0,0.0,1.0,0.21346797962471298,0.4617989659309387,0,4
mixed_groupcv_psnr_benefit_C3_token512_mlp_506,mixed_groupcv,psnr_benefit,C3_token512,mlp,506,bsds_23025,synthetic_bsds,,,,0.0,0.0,0.0,0.5,0.24525712491408092,0.4950932562351227,0,4
mixed_groupcv_psnr_benefit_C3_token512_mlp_506,mixed_groupcv,psnr_benefit,C3_token512,mlp,506,bsds_23080,synthetic_bsds,,,,0.0,0.0,0.0,0.5,0.24053490647254705,0.48996829986572266,0,4
mixed_groupcv_psnr_benefit_C3_token512_mlp_506,mixed_groupcv,psnr_benefit,C3_token512,mlp,506,bsds_231015,synthetic_bsds,,,,0.0,0.0,0.0,1.0,0.22322358881974314,0.47226467728614807,0,4
mixed_groupcv_psnr_benefit_C3_token512_mlp_506,mixed_groupcv,psnr_benefit,C3_token512,mlp,506,bsds_236017,synthetic_bsds,,,,0.0,0.0,0.0,1.0,0.030494642052210655,0.16978026367723942,0,4
mixed_groupcv_psnr_benefit_C3_token512_mlp_506,mixed_groupcv,psnr_benefit,C3_token512,mlp,506,bsds_245051,synthetic_bsds,,,,0.0,0.0,0.0,0.5,0.24956339672996375,0.49950431287288666,0,4
mixed_groupcv_psnr_benefit_C3_token512_mlp_506,mixed_groupcv,psnr_benefit,C3_token512,mlp,506,bsds_246016,synthetic_bsds,,,,0.0,0.0,0.0,0.75,0.24310942326409868,0.49285247176885605,0,4
mixed_groupcv_psnr_benefit_C3_token512_mlp_506,mixed_groupcv,psnr_benefit,C3_token512,mlp,506,bsds_249061,synthetic_bsds,,,,0.0,0.0,0.0,1.0,0.2213553307681837,0.4702262505888939,0,4
mixed_groupcv_psnr_benefit_C3_token512_mlp_506,mixed_groupcv,psnr_benefit,C3_token512,mlp,506,bsds_25098,synthetic_bsds,,,,0.0,0.0,0.0,1.0,0.22787186567263662,0.4771288335323334,0,4
mixed_groupcv_psnr_benefit_C3_token512_mlp_506,mixed_groupcv,psnr_benefit,C3_token512,mlp,506,bsds_253036,synthetic_bsds,,,,0.0,0.0,0.0,1.0,0.07203321280709807,0.2637241780757904,0,4
mixed_groupcv_psnr_benefit_C3_token512_mlp_506,mixed_groupcv,psnr_benefit,C3_token512,mlp,506,bsds_254054,synthetic_bsds,,,,0.0,0.0,0.0,0.75,0.21306421705242795,0.4556014761328697,0,4
mixed_groupcv_psnr_benefit_C3_token512_mlp_506,mixed_groupcv,psnr_benefit,C3_token512,mlp,506,bsds_27059,synthetic_bsds,,,,0.0,0.0,0.0,0.75,0.19230926008682125,0.42300647497177124,0,4
mixed_groupcv_psnr_benefit_C3_token512_mlp_506,mixed_groupcv,psnr_benefit,C3_token512,mlp,506,bsds_271008,synthetic_bsds,,,,0.0,0.0,0.0,1.0,0.23796268138405963,0.4876934513449669,0,4
mixed_groupcv_psnr_benefit_C3_token512_mlp_506,mixed_groupcv,psnr_benefit,C3_token512,mlp,506,bsds_274007,synthetic_bsds,,,,0.0,0.0,0.0,0.75,0.22406099360222553,0.47178275883197784,0,4
mixed_groupcv_psnr_benefit_C3_token512_mlp_506,mixed_groupcv,psnr_benefit,C3_token512,mlp,506,bsds_286092,synthetic_bsds,,,,0.0,0.0,0.0,1.0,0.049569281599806614,0.22031312808394432,0,4
mixed_groupcv_psnr_benefit_C3_token512_mlp_506,mixed_groupcv,psnr_benefit,C3_token512,mlp,506,bsds_309004,synthetic_bsds,,,,0.0,0.0,0.0,1.0,0.11391041111863404,0.32156404480338097,0,4
mixed_groupcv_psnr_benefit_C3_token512_mlp_506,mixed_groupcv,psnr_benefit,C3_token512,mlp,506,bsds_311081,synthetic_bsds,,,,0.0,0.0,0.0,1.0,0.20522557265514196,0.4529716372489929,0,4
mixed_groupcv_psnr_benefit_C3_token512_mlp_506,mixed_groupcv,psnr_benefit,C3_token512,mlp,506,bsds_314016,synthetic_bsds,,,,0.0,0.0,0.0,1.0,0.2145783334304896,0.46303240209817886,0,4
mixed_groupcv_psnr_benefit_C3_token512_mlp_506,mixed_groupcv,psnr_benefit,C3_token512,mlp,506,bsds_323016,synthetic_bsds,,,,0.0,0.0,0.0,1.0,0.21367845297294696,0.4617014676332474,0,4
mixed_groupcv_psnr_benefit_C3_token512_mlp_506,mixed_groupcv,psnr_benefit,C3_token512,mlp,506,bsds_368078,synthetic_bsds,,,,0.0,0.0,0.0,1.0,0.1477120362039861,0.3831835016608238,0,4
mixed_groupcv_psnr_benefit_C3_token512_mlp_506,mixed_groupcv,psnr_benefit,C3_token512,mlp,506,bsds_374020,synthetic_bsds,,,,0.0,0.0,0.0,1.0,0.1635120270992177,0.39103251323103905,0,4
mixed_groupcv_psnr_benefit_C3_token512_mlp_506,mixed_groupcv,psnr_benefit,C3_token512,mlp,506,bsds_385028,synthetic_bsds,,,,0.0,0.0,0.0,0.75,0.1969876188773585,0.43314387649297714,0,4
mixed_groupcv_psnr_benefit_C3_token512_mlp_506,mixed_groupcv,psnr_benefit,C3_token512,mlp,506,bsds_41004,synthetic_bsds,0.0,0.25,0.5,0.0,0.0,0.0,0.75,0.2608302907260973,0.5065542310476303,1,4
mixed_groupcv_psnr_benefit_C3_token512_mlp_506,mixed_groupcv,psnr_benefit,C3_token512,mlp,506,bsds_45077,synthetic_bsds,,,,0.0,0.0,0.0,0.75,0.22175345429068338,0.4704926759004593,0,4
mixed_groupcv_psnr_benefit_C3_token512_mlp_506,mixed_groupcv,psnr_benefit,C3_token512,mlp,506,bsds_46076,synthetic_bsds,0.6666666666666667,0.5,0.5,0.0,0.0,0.0,0.75,0.1846247990875045,0.2382252961397171,1,4
mixed_groupcv_psnr_benefit_C3_token512_mlp_506,mixed_groupcv,psnr_benefit,C3_token512,mlp,506,bsds_59078,synthetic_bsds,,,,0.0,0.0,0.0,1.0,0.13922454469461476,0.3717930018901825,0,4
mixed_groupcv_psnr_benefit_C3_token512_mlp_506,mixed_groupcv,psnr_benefit,C3_token512,mlp,506,bsds_61086,synthetic_bsds,,,,0.0,0.0,0.0,0.75,0.20419748615943867,0.4495643675327301,0,4
mixed_groupcv_psnr_benefit_C3_token512_mlp_506,mixed_groupcv,psnr_benefit,C3_token512,mlp,506,bsds_76002,synthetic_bsds,,,,0.0,0.0,0.0,0.25,0.2600433941897313,0.509880043566227,0,4
mixed_groupcv_psnr_benefit_C3_token512_mlp_506,mixed_groupcv,psnr_benefit,C3_token512,mlp,506,bsds_80099,synthetic_bsds,,,,0.0,0.0,0.0,1.0,0.13530776876305062,0.3529268801212311,0,4
mixed_groupcv_psnr_benefit_C3_token512_mlp_506,mixed_groupcv,psnr_benefit,C3_token512,mlp,506,bsds_92059,synthetic_bsds,,,,0.0,0.0,0.0,1.0,0.036175476557754674,0.14967608265578747,0,4
mixed_groupcv_psnr_benefit_C3_token512_mlp_507,mixed_groupcv,psnr_benefit,C3_token512,mlp,507,case1,real_csig,,,,0.0,0.0,0.0,1.0,0.14317648863036522,0.37589045614004135,0,192
mixed_groupcv_psnr_benefit_C3_token512_mlp_507,mixed_groupcv,psnr_benefit,C3_token512,mlp,507,case2,real_csig,0.2657894736842105,0.01051498592482199,0.49736842105263157,0.0,0.0,0.0,0.984375,0.18268875870725276,0.41160516953095794,2,192
mixed_groupcv_psnr_benefit_C3_token512_mlp_507,mixed_groupcv,psnr_benefit,C3_token512,mlp,507,case3,real_csig,,,,0.0,0.0,0.0,0.9947916666666666,0.12050476233162098,0.3356331158817435,0,192
mixed_groupcv_psnr_benefit_C3_token512_mlp_507,mixed_groupcv,psnr_benefit,C3_token512,mlp,507,case4,real_csig,,,,0.0,0.0,0.0,1.0,0.04982222562471229,0.21889412046099702,0,192
mixed_groupcv_psnr_benefit_C3_token512_mlp_507,mixed_groupcv,psnr_benefit,C3_token512,mlp,507,case5,real_csig,0.33960573476702505,0.02639017485688762,0.5,0.0,0.0,0.0,0.96875,0.14065916489291985,0.3279320380340019,6,192
mixed_groupcv_psnr_benefit_C3_token512_mlp_507,mixed_groupcv,psnr_benefit,C3_token512,mlp,507,bsds_100098,synthetic_bsds,,,,0.0,0.0,0.0,1.0,0.08804108880816447,0.29327772930264473,0,4
mixed_groupcv_psnr_benefit_C3_token512_mlp_507,mixed_groupcv,psnr_benefit,C3_token512,mlp,507,bsds_106025,synthetic_bsds,,,,0.0,0.0,0.0,1.0,0.11013849534313125,0.32219744473695755,0,4
mixed_groupcv_psnr_benefit_C3_token512_mlp_507,mixed_groupcv,psnr_benefit,C3_token512,mlp,507,bsds_112082,synthetic_bsds,,,,0.0,0.0,0.0,1.0,0.10448851288351135,0.32108166068792343,0,4
mixed_groupcv_psnr_benefit_C3_token512_mlp_507,mixed_groupcv,psnr_benefit,C3_token512,mlp,507,bsds_138078,synthetic_bsds,,,,0.0,0.0,0.0,1.0,0.0770899135505696,0.27545183151960373,0,4
mixed_groupcv_psnr_benefit_C3_token512_mlp_507,mixed_groupcv,psnr_benefit,C3_token512,mlp,507,bsds_140055,synthetic_bsds,,,,0.0,0.0,0.0,1.0,0.17229519198720977,0.41392841935157776,0,4
mixed_groupcv_psnr_benefit_C3_token512_mlp_507,mixed_groupcv,psnr_benefit,C3_token512,mlp,507,bsds_147021,synthetic_bsds,,,,0.0,0.0,0.0,1.0,0.14775047092096338,0.3831273168325424,0,4
mixed_groupcv_psnr_benefit_C3_token512_mlp_507,mixed_groupcv,psnr_benefit,C3_token512,mlp,507,bsds_153077,synthetic_bsds,,,,0.0,0.0,0.0,1.0,0.1515717206451268,0.3843115121126175,0,4
mixed_groupcv_psnr_benefit_C3_token512_mlp_507,mixed_groupcv,psnr_benefit,C3_token512,mlp,507,bsds_159029,synthetic_bsds,,,,0.0,0.0,0.0,0.75,0.1924856480663346,0.4367147758603096,0,4
mixed_groupcv_psnr_benefit_C3_token512_mlp_507,mixed_groupcv,psnr_benefit,C3_token512,mlp,507,bsds_159045,synthetic_bsds,,,,0.0,0.0,0.0,1.0,0.1138240960854775,0.33605311810970306,0,4
mixed_groupcv_psnr_benefit_C3_token512_mlp_507,mixed_groupcv,psnr_benefit,C3_token512,mlp,507,bsds_159091,synthetic_bsds,,,,0.0,0.0,0.0,1.0,0.18863232861222534,0.43367477506399155,0,4
mixed_groupcv_psnr_benefit_C3_token512_mlp_507,mixed_groupcv,psnr_benefit,C3_token512,mlp,507,bsds_164074,synthetic_bsds,,,,0.0,0.0,0.0,1.0,0.15919178489104313,0.395139679312706,0,4
mixed_groupcv_psnr_benefit_C3_token512_mlp_507,mixed_groupcv,psnr_benefit,C3_token512,mlp,507,bsds_166081,synthetic_bsds,,,,0.0,0.0,0.0,1.0,0.1805704953688274,0.42259175330400467,0,4
mixed_groupcv_psnr_benefit_C3_token512_mlp_507,mixed_groupcv,psnr_benefit,C3_token512,mlp,507,bsds_176039,synthetic_bsds,,,,0.0,0.0,0.0,1.0,0.048684543422095494,0.21785704791545868,0,4
mixed_groupcv_psnr_benefit_C3_token512_mlp_507,mixed_groupcv,psnr_benefit,C3_token512,mlp,507,bsds_183055,synthetic_bsds,,,,0.0,0.0,0.0,1.0,0.17667922771300604,0.4187641367316246,0,4
mixed_groupcv_psnr_benefit_C3_token512_mlp_507,mixed_groupcv,psnr_benefit,C3_token512,mlp,507,bsds_187029,synthetic_bsds,,,,0.0,0.0,0.0,1.0,0.20607769298346934,0.4539192467927933,0,4
mixed_groupcv_psnr_benefit_C3_token512_mlp_507,mixed_groupcv,psnr_benefit,C3_token512,mlp,507,bsds_188063,synthetic_bsds,,,,0.0,0.0,0.0,1.0,0.11758028633307549,0.3415154740214348,0,4
mixed_groupcv_psnr_benefit_C3_token512_mlp_507,mixed_groupcv,psnr_benefit,C3_token512,mlp,507,bsds_198023,synthetic_bsds,0.6666666666666666,0.9166666666666665,0.5,0.0,0.0,0.0,0.25,0.41805169879060244,0.4856542944908142,3,4
mixed_groupcv_psnr_benefit_C3_token512_mlp_507,mixed_groupcv,psnr_benefit,C3_token512,mlp,507,bsds_198054,synthetic_bsds,,,,0.0,0.0,0.0,1.0,0.023544097973537972,0.14590306766331196,0,4
mixed_groupcv_psnr_benefit_C3_token512_mlp_507,mixed_groupcv,psnr_benefit,C3_token512,mlp,507,bsds_20008,synthetic_bsds,,,,0.0,0.0,0.0,1.0,0.20345494469179082,0.44963717460632324,0,4
mixed_groupcv_psnr_benefit_C3_token512_mlp_507,mixed_groupcv,psnr_benefit,C3_token512,mlp,507,bsds_216041,synthetic_bsds,,,,0.0,0.0,0.0,1.0,0.13076445360158284,0.3612922355532646,0,4
mixed_groupcv_psnr_benefit_C3_token512_mlp_507,mixed_groupcv,psnr_benefit,C3_token512,mlp,507,bsds_225017,synthetic_bsds,,,,0.0,0.0,0.0,1.0,0.11289938837578128,0.31244292110204697,0,4
mixed_groupcv_psnr_benefit_C3_token512_mlp_507,mixed_groupcv,psnr_benefit,C3_token512,mlp,507,bsds_23025,synthetic_bsds,,,,0.0,0.0,0.0,1.0,0.1458833268403843,0.3768008276820183,0,4
mixed_groupcv_psnr_benefit_C3_token512_mlp_507,mixed_groupcv,psnr_benefit,C3_token512,mlp,507,bsds_23080,synthetic_bsds,,,,0.0,0.0,0.0,1.0,0.12333623149726725,0.3492874652147293,0,4
mixed_groupcv_psnr_benefit_C3_token512_mlp_507,mixed_groupcv,psnr_benefit,C3_token512,mlp,507,bsds_231015,synthetic_bsds,,,,0.0,0.0,0.0,1.0,0.07551604134127254,0.27407605946063995,0,4
mixed_groupcv_psnr_benefit_C3_token512_mlp_507,mixed_groupcv,psnr_benefit,C3_token512,mlp,507,bsds_236017,synthetic_bsds,,,,0.0,0.0,0.0,1.0,0.16121212705192067,0.4011402949690819,0,4
mixed_groupcv_psnr_benefit_C3_token512_mlp_507,mixed_groupcv,psnr_benefit,C3_token512,mlp,507,bsds_245051,synthetic_bsds,,,,0.0,0.0,0.0,1.0,0.1265390547573788,0.3551216274499893,0,4
mixed_groupcv_psnr_benefit_C3_token512_mlp_507,mixed_groupcv,psnr_benefit,C3_token512,mlp,507,bsds_246016,synthetic_bsds,,,,0.0,0.0,0.0,1.0,0.058763968913765785,0.2396705225110054,0,4
mixed_groupcv_psnr_benefit_C3_token512_mlp_507,mixed_groupcv,psnr_benefit,C3_token512,mlp,507,bsds_249061,synthetic_bsds,,,,0.0,0.0,0.0,0.75,0.18744697105140973,0.42997901886701584,0,4
mixed_groupcv_psnr_benefit_C3_token512_mlp_507,mixed_groupcv,psnr_benefit,C3_token512,mlp,507,bsds_25098,synthetic_bsds,,,,0.0,0.0,0.0,1.0,0.09946449889458742,0.3105795159935951,0,4
mixed_groupcv_psnr_benefit_C3_token512_mlp_507,mixed_groupcv,psnr_benefit,C3_token512,mlp,507,bsds_253036,synthetic_bsds,,,,0.0,0.0,0.0,1.0,0.2018283826278997,0.44902176409959793,0,4
mixed_groupcv_psnr_benefit_C3_token512_mlp_507,mixed_groupcv,psnr_benefit,C3_token512,mlp,507,bsds_254054,synthetic_bsds,,,,0.0,0.0,0.0,1.0,0.19586890288315084,0.44255025684833527,0,4
mixed_groupcv_psnr_benefit_C3_token512_mlp_507,mixed_groupcv,psnr_benefit,C3_token512,mlp,507,bsds_27059,synthetic_bsds,,,,0.0,0.0,0.0,1.0,0.10445673490399199,0.3173780217766762,0,4
mixed_groupcv_psnr_benefit_C3_token512_mlp_507,mixed_groupcv,psnr_benefit,C3_token512,mlp,507,bsds_271008,synthetic_bsds,,,,0.0,0.0,0.0,1.0,0.14136730859888158,0.37508394569158554,0,4
mixed_groupcv_psnr_benefit_C3_token512_mlp_507,mixed_groupcv,psnr_benefit,C3_token512,mlp,507,bsds_274007,synthetic_bsds,,,,0.0,0.0,0.0,1.0,0.1791351613910619,0.42246517539024353,0,4
mixed_groupcv_psnr_benefit_C3_token512_mlp_507,mixed_groupcv,psnr_benefit,C3_token512,mlp,507,bsds_286092,synthetic_bsds,,,,0.0,0.0,0.0,1.0,0.16732554538992495,0.4089408740401268,0,4
mixed_groupcv_psnr_benefit_C3_token512_mlp_507,mixed_groupcv,psnr_benefit,C3_token512,mlp,507,bsds_309004,synthetic_bsds,,,,0.0,0.0,0.0,1.0,0.18079118979045106,0.42284175753593445,0,4
mixed_groupcv_psnr_benefit_C3_token512_mlp_507,mixed_groupcv,psnr_benefit,C3_token512,mlp,507,bsds_311081,synthetic_bsds,,,,0.0,0.0,0.0,1.0,0.11137493408310895,0.33337996155023575,0,4
mixed_groupcv_psnr_benefit_C3_token512_mlp_507,mixed_groupcv,psnr_benefit,C3_token512,mlp,507,bsds_314016,synthetic_bsds,,,,0.0,0.0,0.0,1.0,0.05826701277273949,0.23956342786550522,0,4
mixed_groupcv_psnr_benefit_C3_token512_mlp_507,mixed_groupcv,psnr_benefit,C3_token512,mlp,507,bsds_323016,synthetic_bsds,,,,0.0,0.0,0.0,1.0,0.03803003819314532,0.19369887560606003,0,4
mixed_groupcv_psnr_benefit_C3_token512_mlp_507,mixed_groupcv,psnr_benefit,C3_token512,mlp,507,bsds_368078,synthetic_bsds,,,,0.0,0.0,0.0,1.0,0.19473336542452158,0.44088535010814667,0,4
mixed_groupcv_psnr_benefit_C3_token512_mlp_507,mixed_groupcv,psnr_benefit,C3_token512,mlp,507,bsds_374020,synthetic_bsds,,,,0.0,0.0,0.0,1.0,0.1905443120705299,0.4329434782266617,0,4
mixed_groupcv_psnr_benefit_C3_token512_mlp_507,mixed_groupcv,psnr_benefit,C3_token512,mlp,507,bsds_385028,synthetic_bsds,,,,0.0,0.0,0.0,1.0,0.1627652851889887,0.40199369192123413,0,4
mixed_groupcv_psnr_benefit_C3_token512_mlp_507,mixed_groupcv,psnr_benefit,C3_token512,mlp,507,bsds_41004,synthetic_bsds,1.0,1.0,0.5,0.0,0.0,0.0,0.75,0.1353632631717785,0.3295135349035263,1,4
mixed_groupcv_psnr_benefit_C3_token512_mlp_507,mixed_groupcv,psnr_benefit,C3_token512,mlp,507,bsds_45077,synthetic_bsds,,,,0.0,0.0,0.0,1.0,0.15893743033699237,0.39420104771852493,0,4
mixed_groupcv_psnr_benefit_C3_token512_mlp_507,mixed_groupcv,psnr_benefit,C3_token512,mlp,507,bsds_46076,synthetic_bsds,0.6666666666666667,0.5,0.5,0.0,0.0,0.0,0.75,0.23282121411855972,0.21286384761333466,1,4
mixed_groupcv_psnr_benefit_C3_token512_mlp_507,mixed_groupcv,psnr_benefit,C3_token512,mlp,507,bsds_59078,synthetic_bsds,,,,0.0,0.0,0.0,1.0,0.190209565145119,0.43394310772418976,0,4
mixed_groupcv_psnr_benefit_C3_token512_mlp_507,mixed_groupcv,psnr_benefit,C3_token512,mlp,507,bsds_61086,synthetic_bsds,,,,0.0,0.0,0.0,0.75,0.22227014160140102,0.4707561060786247,0,4
mixed_groupcv_psnr_benefit_C3_token512_mlp_507,mixed_groupcv,psnr_benefit,C3_token512,mlp,507,bsds_76002,synthetic_bsds,,,,0.0,0.0,0.0,1.0,0.16596541168298407,0.404068723320961,0,4
mixed_groupcv_psnr_benefit_C3_token512_mlp_507,mixed_groupcv,psnr_benefit,C3_token512,mlp,507,bsds_80099,synthetic_bsds,,,,0.0,0.0,0.0,1.0,0.14165232567433939,0.37315335124731064,0,4
mixed_groupcv_psnr_benefit_C3_token512_mlp_507,mixed_groupcv,psnr_benefit,C3_token512,mlp,507,bsds_92059,synthetic_bsds,,,,0.0,0.0,0.0,1.0,0.12077245129826486,0.34193185716867447,0,4
mixed_groupcv_psnr_benefit_C5_pair_stability_logistic_505,mixed_groupcv,psnr_benefit,C5_pair_stability,logistic,505,case1,real_csig,,,,0.0,0.0,0.0,1.0,1.2820560492915292e-05,0.0029737965942425496,0,192
mixed_groupcv_psnr_benefit_C5_pair_stability_logistic_505,mixed_groupcv,psnr_benefit,C5_pair_stability,logistic,505,case2,real_csig,0.7605263157894737,0.03300865800865801,0.5,0.0,0.0,0.0,0.9895833333333334,0.01037537885045558,0.008059882535759176,2,192
mixed_groupcv_psnr_benefit_C5_pair_stability_logistic_505,mixed_groupcv,psnr_benefit,C5_pair_stability,logistic,505,case3,real_csig,,,,0.0,0.0,0.0,1.0,1.3701363871073512e-06,0.0008883268889150137,0,192
mixed_groupcv_psnr_benefit_C5_pair_stability_logistic_505,mixed_groupcv,psnr_benefit,C5_pair_stability,logistic,505,case4,real_csig,,,,0.0,0.0,0.0,1.0,4.95855096281989e-07,0.0005580038418321913,0,192
mixed_groupcv_psnr_benefit_C5_pair_stability_logistic_505,mixed_groupcv,psnr_benefit,C5_pair_stability,logistic,505,case5,real_csig,0.5573476702508962,0.04180093026786329,0.5,0.0,0.0,0.0,0.96875,0.031164433768540934,0.029786574900221865,6,192
mixed_groupcv_psnr_benefit_C5_pair_stability_logistic_505,mixed_groupcv,psnr_benefit,C5_pair_stability,logistic,505,bsds_100098,synthetic_bsds,,,,0.0,0.0,0.0,1.0,3.5630511467450653e-06,0.0010768652025785308,0,4
mixed_groupcv_psnr_benefit_C5_pair_stability_logistic_505,mixed_groupcv,psnr_benefit,C5_pair_stability,logistic,505,bsds_106025,synthetic_bsds,,,,0.0,0.0,0.0,1.0,7.807834207149027e-06,0.001972132495932617,0,4
mixed_groupcv_psnr_benefit_C5_pair_stability_logistic_505,mixed_groupcv,psnr_benefit,C5_pair_stability,logistic,505,bsds_112082,synthetic_bsds,,,,0.0,0.0,0.0,1.0,1.3515797875196925e-07,0.00035511286916260396,0,4
mixed_groupcv_psnr_benefit_C5_pair_stability_logistic_505,mixed_groupcv,psnr_benefit,C5_pair_stability,logistic,505,bsds_138078,synthetic_bsds,,,,0.0,0.0,0.0,1.0,1.5782639225126415e-06,0.0009011575052779871,0,4
mixed_groupcv_psnr_benefit_C5_pair_stability_logistic_505,mixed_groupcv,psnr_benefit,C5_pair_stability,logistic,505,bsds_140055,synthetic_bsds,,,,0.0,0.0,0.0,1.0,2.1065356661499408e-07,0.00044014807899497063,0,4
mixed_groupcv_psnr_benefit_C5_pair_stability_logistic_505,mixed_groupcv,psnr_benefit,C5_pair_stability,logistic,505,bsds_147021,synthetic_bsds,,,,0.0,0.0,0.0,1.0,1.9402599573672487e-06,0.0009434103678762662,0,4
mixed_groupcv_psnr_benefit_C5_pair_stability_logistic_505,mixed_groupcv,psnr_benefit,C5_pair_stability,logistic,505,bsds_153077,synthetic_bsds,,,,0.0,0.0,0.0,1.0,2.1862878273392082e-08,0.0001306942442179552,0,4
mixed_groupcv_psnr_benefit_C5_pair_stability_logistic_505,mixed_groupcv,psnr_benefit,C5_pair_stability,logistic,505,bsds_159029,synthetic_bsds,,,,0.0,0.0,0.0,1.0,9.133985843921982e-07,0.0008360861220712717,0,4
mixed_groupcv_psnr_benefit_C5_pair_stability_logistic_505,mixed_groupcv,psnr_benefit,C5_pair_stability,logistic,505,bsds_159045,synthetic_bsds,,,,0.0,0.0,0.0,1.0,2.5448198302724236e-07,0.0004529965320301579,0,4
mixed_groupcv_psnr_benefit_C5_pair_stability_logistic_505,mixed_groupcv,psnr_benefit,C5_pair_stability,logistic,505,bsds_159091,synthetic_bsds,,,,0.0,0.0,0.0,1.0,1.872143940340794e-08,0.00012540762536403146,0,4
mixed_groupcv_psnr_benefit_C5_pair_stability_logistic_505,mixed_groupcv,psnr_benefit,C5_pair_stability,logistic,505,bsds_164074,synthetic_bsds,,,,0.0,0.0,0.0,1.0,2.328670311113907e-06,0.0013603824124023883,0,4
mixed_groupcv_psnr_benefit_C5_pair_stability_logistic_505,mixed_groupcv,psnr_benefit,C5_pair_stability,logistic,505,bsds_166081,synthetic_bsds,,,,0.0,0.0,0.0,1.0,3.828275141957671e-08,0.00018211474053415552,0,4
mixed_groupcv_psnr_benefit_C5_pair_stability_logistic_505,mixed_groupcv,psnr_benefit,C5_pair_stability,logistic,505,bsds_176039,synthetic_bsds,,,,0.0,0.0,0.0,1.0,1.6357947666751573e-05,0.0029268109837910883,0,4
mixed_groupcv_psnr_benefit_C5_pair_stability_logistic_505,mixed_groupcv,psnr_benefit,C5_pair_stability,logistic,505,bsds_183055,synthetic_bsds,,,,0.0,0.0,0.0,1.0,6.943530862903853e-08,0.00023860441216985376,0,4
mixed_groupcv_psnr_benefit_C5_pair_stability_logistic_505,mixed_groupcv,psnr_benefit,C5_pair_stability,logistic,505,bsds_187029,synthetic_bsds,,,,0.0,0.0,0.0,1.0,2.4808992990849154e-07,0.0004243397454257526,0,4
mixed_groupcv_psnr_benefit_C5_pair_stability_logistic_505,mixed_groupcv,psnr_benefit,C5_pair_stability,logistic,505,bsds_188063,synthetic_bsds,,,,0.0,0.0,0.0,1.0,3.766548065212518e-08,0.00018334549501859031,0,4
mixed_groupcv_psnr_benefit_C5_pair_stability_logistic_505,mixed_groupcv,psnr_benefit,C5_pair_stability,logistic,505,bsds_198023,synthetic_bsds,0.6666666666666666,0.9166666666666665,0.5,0.0,0.0,0.0,0.25,0.7491672648613684,0.7494383089320715,3,4
mixed_groupcv_psnr_benefit_C5_pair_stability_logistic_505,mixed_groupcv,psnr_benefit,C5_pair_stability,logistic,505,bsds_198054,synthetic_bsds,,,,0.0,0.0,0.0,1.0,5.250528236656969e-05,0.006180917197589711,0,4
mixed_groupcv_psnr_benefit_C5_pair_stability_logistic_505,mixed_groupcv,psnr_benefit,C5_pair_stability,logistic,505,bsds_20008,synthetic_bsds,,,,0.0,0.0,0.0,1.0,3.1848362463625775e-06,0.0014630533319942318,0,4
mixed_groupcv_psnr_benefit_C5_pair_stability_logistic_505,mixed_groupcv,psnr_benefit,C5_pair_stability,logistic,505,bsds_216041,synthetic_bsds,,,,0.0,0.0,0.0,1.0,1.8712772638022218e-08,0.00013636679155562743,0,4
mixed_groupcv_psnr_benefit_C5_pair_stability_logistic_505,mixed_groupcv,psnr_benefit,C5_pair_stability,logistic,505,bsds_225017,synthetic_bsds,,,,0.0,0.0,0.0,1.0,1.8759959097061193e-06,0.0010368424537575424,0,4
mixed_groupcv_psnr_benefit_C5_pair_stability_logistic_505,mixed_groupcv,psnr_benefit,C5_pair_stability,logistic,505,bsds_23025,synthetic_bsds,,,,0.0,0.0,0.0,1.0,1.714806211910812e-07,0.0003686152636961816,0,4
mixed_groupcv_psnr_benefit_C5_pair_stability_logistic_505,mixed_groupcv,psnr_benefit,C5_pair_stability,logistic,505,bsds_23080,synthetic_bsds,,,,0.0,0.0,0.0,1.0,8.737277670301221e-06,0.001972732858798095,0,4
mixed_groupcv_psnr_benefit_C5_pair_stability_logistic_505,mixed_groupcv,psnr_benefit,C5_pair_stability,logistic,505,bsds_231015,synthetic_bsds,,,,0.0,0.0,0.0,1.0,4.8907930016872606e-08,0.00021761832530520046,0,4
mixed_groupcv_psnr_benefit_C5_pair_stability_logistic_505,mixed_groupcv,psnr_benefit,C5_pair_stability,logistic,505,bsds_236017,synthetic_bsds,,,,0.0,0.0,0.0,1.0,5.923189868943731e-06,0.0013605812459759733,0,4
mixed_groupcv_psnr_benefit_C5_pair_stability_logistic_505,mixed_groupcv,psnr_benefit,C5_pair_stability,logistic,505,bsds_245051,synthetic_bsds,,,,0.0,0.0,0.0,1.0,4.2703025124772547e-07,0.000443619745576687,0,4
mixed_groupcv_psnr_benefit_C5_pair_stability_logistic_505,mixed_groupcv,psnr_benefit,C5_pair_stability,logistic,505,bsds_246016,synthetic_bsds,,,,0.0,0.0,0.0,1.0,9.636402836420788e-06,0.002340249471792365,0,4
mixed_groupcv_psnr_benefit_C5_pair_stability_logistic_505,mixed_groupcv,psnr_benefit,C5_pair_stability,logistic,505,bsds_249061,synthetic_bsds,,,,0.0,0.0,0.0,1.0,1.7499229229228223e-07,0.0004008452133380659,0,4
mixed_groupcv_psnr_benefit_C5_pair_stability_logistic_505,mixed_groupcv,psnr_benefit,C5_pair_stability,logistic,505,bsds_25098,synthetic_bsds,,,,0.0,0.0,0.0,1.0,1.4482805292462125e-06,0.0009083679367251863,0,4
mixed_groupcv_psnr_benefit_C5_pair_stability_logistic_505,mixed_groupcv,psnr_benefit,C5_pair_stability,logistic,505,bsds_253036,synthetic_bsds,,,,0.0,0.0,0.0,1.0,6.167525845065794e-06,0.00232944165880436,0,4
mixed_groupcv_psnr_benefit_C5_pair_stability_logistic_505,mixed_groupcv,psnr_benefit,C5_pair_stability,logistic,505,bsds_254054,synthetic_bsds,,,,0.0,0.0,0.0,1.0,7.735412745822525e-08,0.0002463152510508706,0,4
mixed_groupcv_psnr_benefit_C5_pair_stability_logistic_505,mixed_groupcv,psnr_benefit,C5_pair_stability,logistic,505,bsds_27059,synthetic_bsds,,,,0.0,0.0,0.0,1.0,1.0397158734488279e-07,0.00030467026382169593,0,4
mixed_groupcv_psnr_benefit_C5_pair_stability_logistic_505,mixed_groupcv,psnr_benefit,C5_pair_stability,logistic,505,bsds_271008,synthetic_bsds,,,,0.0,0.0,0.0,1.0,1.0243983278615316e-09,2.9157365154050225e-05,0,4
mixed_groupcv_psnr_benefit_C5_pair_stability_logistic_505,mixed_groupcv,psnr_benefit,C5_pair_stability,logistic,505,bsds_274007,synthetic_bsds,,,,0.0,0.0,0.0,1.0,1.7180062601210475e-06,0.001170787967354526,0,4
mixed_groupcv_psnr_benefit_C5_pair_stability_logistic_505,mixed_groupcv,psnr_benefit,C5_pair_stability,logistic,505,bsds_286092,synthetic_bsds,,,,0.0,0.0,0.0,1.0,5.148023614655434e-07,0.0006278481522387902,0,4
mixed_groupcv_psnr_benefit_C5_pair_stability_logistic_505,mixed_groupcv,psnr_benefit,C5_pair_stability,logistic,505,bsds_309004,synthetic_bsds,,,,0.0,0.0,0.0,1.0,1.5054768939439284e-06,0.0011573755287371877,0,4
mixed_groupcv_psnr_benefit_C5_pair_stability_logistic_505,mixed_groupcv,psnr_benefit,C5_pair_stability,logistic,505,bsds_311081,synthetic_bsds,,,,0.0,0.0,0.0,1.0,4.092632263661673e-07,0.0006013371236982098,0,4
mixed_groupcv_psnr_benefit_C5_pair_stability_logistic_505,mixed_groupcv,psnr_benefit,C5_pair_stability,logistic,505,bsds_314016,synthetic_bsds,,,,0.0,0.0,0.0,1.0,3.744643705106433e-08,0.00019154278207182836,0,4
mixed_groupcv_psnr_benefit_C5_pair_stability_logistic_505,mixed_groupcv,psnr_benefit,C5_pair_stability,logistic,505,bsds_323016,synthetic_bsds,,,,0.0,0.0,0.0,1.0,1.289004290355437e-06,0.0009256609925351999,0,4
mixed_groupcv_psnr_benefit_C5_pair_stability_logistic_505,mixed_groupcv,psnr_benefit,C5_pair_stability,logistic,505,bsds_368078,synthetic_bsds,,,,0.0,0.0,0.0,1.0,1.0130181034664485e-07,0.00029674897662870044,0,4
mixed_groupcv_psnr_benefit_C5_pair_stability_logistic_505,mixed_groupcv,psnr_benefit,C5_pair_stability,logistic,505,bsds_374020,synthetic_bsds,,,,0.0,0.0,0.0,1.0,9.723422274538194e-09,9.205693866587036e-05,0,4
mixed_groupcv_psnr_benefit_C5_pair_stability_logistic_505,mixed_groupcv,psnr_benefit,C5_pair_stability,logistic,505,bsds_385028,synthetic_bsds,,,,0.0,0.0,0.0,1.0,8.864359931993971e-08,0.00027041625293006697,0,4
mixed_groupcv_psnr_benefit_C5_pair_stability_logistic_505,mixed_groupcv,psnr_benefit,C5_pair_stability,logistic,505,bsds_41004,synthetic_bsds,0.6666666666666667,0.5,0.5,0.0,0.0,0.0,0.75,0.24990174430606624,0.24975305839879736,1,4
mixed_groupcv_psnr_benefit_C5_pair_stability_logistic_505,mixed_groupcv,psnr_benefit,C5_pair_stability,logistic,505,bsds_45077,synthetic_bsds,,,,0.0,0.0,0.0,1.0,1.643799017673206e-06,0.00107469077690522,0,4
mixed_groupcv_psnr_benefit_C5_pair_stability_logistic_505,mixed_groupcv,psnr_benefit,C5_pair_stability,logistic,505,bsds_46076,synthetic_bsds,0.33333333333333337,0.3333333333333333,0.5,0.0,0.0,0.0,0.75,0.24989681486474286,0.24943523443188562,1,4
mixed_groupcv_psnr_benefit_C5_pair_stability_logistic_505,mixed_groupcv,psnr_benefit,C5_pair_stability,logistic,505,bsds_59078,synthetic_bsds,,,,0.0,0.0,0.0,1.0,6.041977888479033e-07,0.0006703382690866296,0,4
mixed_groupcv_psnr_benefit_C5_pair_stability_logistic_505,mixed_groupcv,psnr_benefit,C5_pair_stability,logistic,505,bsds_61086,synthetic_bsds,,,,0.0,0.0,0.0,1.0,2.2296347005475872e-07,0.00041905820327905227,0,4
mixed_groupcv_psnr_benefit_C5_pair_stability_logistic_505,mixed_groupcv,psnr_benefit,C5_pair_stability,logistic,505,bsds_76002,synthetic_bsds,,,,0.0,0.0,0.0,1.0,5.5153676908855885e-08,0.0002255417005332464,0,4
mixed_groupcv_psnr_benefit_C5_pair_stability_logistic_505,mixed_groupcv,psnr_benefit,C5_pair_stability,logistic,505,bsds_80099,synthetic_bsds,,,,0.0,0.0,0.0,1.0,2.1780255270525218e-07,0.00035744696241535117,0,4
mixed_groupcv_psnr_benefit_C5_pair_stability_logistic_505,mixed_groupcv,psnr_benefit,C5_pair_stability,logistic,505,bsds_92059,synthetic_bsds,,,,0.0,0.0,0.0,1.0,6.401536386003864e-08,0.00023338779849878466,0,4
mixed_groupcv_psnr_benefit_C5_pair_stability_mlp_505,mixed_groupcv,psnr_benefit,C5_pair_stability,mlp,505,case1,real_csig,,,,0.0,0.0,0.0,1.0,0.015269526947789333,0.10808318515288799,0,192
mixed_groupcv_psnr_benefit_C5_pair_stability_mlp_505,mixed_groupcv,psnr_benefit,C5_pair_stability,mlp,505,case2,real_csig,0.8973684210526316,0.06944444444444445,0.5,0.0,0.0,0.0,0.9895833333333334,0.020567419200049373,0.0789870293228887,2,192
mixed_groupcv_psnr_benefit_C5_pair_stability_mlp_505,mixed_groupcv,psnr_benefit,C5_pair_stability,mlp,505,case3,real_csig,,,,0.0,0.0,0.0,1.0,0.006412222324872481,0.06045889805803502,0,192
mixed_groupcv_psnr_benefit_C5_pair_stability_mlp_505,mixed_groupcv,psnr_benefit,C5_pair_stability,mlp,505,case4,real_csig,,,,0.0,0.0,0.0,1.0,0.00010374195254453311,0.0064770524683505455,0,192
mixed_groupcv_psnr_benefit_C5_pair_stability_mlp_505,mixed_groupcv,psnr_benefit,C5_pair_stability,mlp,505,case5,real_csig,0.6388888888888888,0.05770803270803271,0.5,0.0,0.0,0.0,0.96875,0.030454278694623183,0.008599370058315493,6,192
mixed_groupcv_psnr_benefit_C5_pair_stability_mlp_505,mixed_groupcv,psnr_benefit,C5_pair_stability,mlp,505,bsds_100098,synthetic_bsds,,,,0.0,0.0,0.0,1.0,0.006103125652398473,0.0715213930234313,0,4
mixed_groupcv_psnr_benefit_C5_pair_stability_mlp_505,mixed_groupcv,psnr_benefit,C5_pair_stability,mlp,505,bsds_106025,synthetic_bsds,,,,0.0,0.0,0.0,1.0,0.005297900429468938,0.0649682036601007,0,4
mixed_groupcv_psnr_benefit_C5_pair_stability_mlp_505,mixed_groupcv,psnr_benefit,C5_pair_stability,mlp,505,bsds_112082,synthetic_bsds,,,,0.0,0.0,0.0,1.0,0.026711047113815008,0.13487541116774082,0,4
mixed_groupcv_psnr_benefit_C5_pair_stability_mlp_505,mixed_groupcv,psnr_benefit,C5_pair_stability,mlp,505,bsds_138078,synthetic_bsds,,,,0.0,0.0,0.0,1.0,0.013029738042429505,0.09114542906172574,0,4
mixed_groupcv_psnr_benefit_C5_pair_stability_mlp_505,mixed_groupcv,psnr_benefit,C5_pair_stability,mlp,505,bsds_140055,synthetic_bsds,,,,0.0,0.0,0.0,1.0,0.019160545836374623,0.09856456192210317,0,4
mixed_groupcv_psnr_benefit_C5_pair_stability_mlp_505,mixed_groupcv,psnr_benefit,C5_pair_stability,mlp,505,bsds_147021,synthetic_bsds,,,,0.0,0.0,0.0,1.0,0.018011518397718917,0.13270238414406776,0,4
mixed_groupcv_psnr_benefit_C5_pair_stability_mlp_505,mixed_groupcv,psnr_benefit,C5_pair_stability,mlp,505,bsds_153077,synthetic_bsds,,,,0.0,0.0,0.0,1.0,0.019222490360529768,0.13189908303320408,0,4
mixed_groupcv_psnr_benefit_C5_pair_stability_mlp_505,mixed_groupcv,psnr_benefit,C5_pair_stability,mlp,505,bsds_159029,synthetic_bsds,,,,0.0,0.0,0.0,1.0,0.02073813242748327,0.12118886737152934,0,4
mixed_groupcv_psnr_benefit_C5_pair_stability_mlp_505,mixed_groupcv,psnr_benefit,C5_pair_stability,mlp,505,bsds_159045,synthetic_bsds,,,,0.0,0.0,0.0,1.0,0.005916422155960971,0.07236390933394432,0,4
mixed_groupcv_psnr_benefit_C5_pair_stability_mlp_505,mixed_groupcv,psnr_benefit,C5_pair_stability,mlp,505,bsds_159091,synthetic_bsds,,,,0.0,0.0,0.0,1.0,0.0048063799782252295,0.062069421634078026,0,4
mixed_groupcv_psnr_benefit_C5_pair_stability_mlp_505,mixed_groupcv,psnr_benefit,C5_pair_stability,mlp,505,bsds_164074,synthetic_bsds,,,,0.0,0.0,0.0,1.0,0.11581754526565363,0.29602373763918877,0,4
mixed_groupcv_psnr_benefit_C5_pair_stability_mlp_505,mixed_groupcv,psnr_benefit,C5_pair_stability,mlp,505,bsds_166081,synthetic_bsds,,,,0.0,0.0,0.0,1.0,0.021166624483838273,0.1176735139451921,0,4
mixed_groupcv_psnr_benefit_C5_pair_stability_mlp_505,mixed_groupcv,psnr_benefit,C5_pair_stability,mlp,505,bsds_176039,synthetic_bsds,,,,0.0,0.0,0.0,1.0,0.027595972521544394,0.14272791787516326,0,4
mixed_groupcv_psnr_benefit_C5_pair_stability_mlp_505,mixed_groupcv,psnr_benefit,C5_pair_stability,mlp,505,bsds_183055,synthetic_bsds,,,,0.0,0.0,0.0,1.0,0.005171695460554116,0.06749342661350965,0,4
mixed_groupcv_psnr_benefit_C5_pair_stability_mlp_505,mixed_groupcv,psnr_benefit,C5_pair_stability,mlp,505,bsds_187029,synthetic_bsds,,,,0.0,0.0,0.0,1.0,0.024277085114605745,0.13376241317018867,0,4
mixed_groupcv_psnr_benefit_C5_pair_stability_mlp_505,mixed_groupcv,psnr_benefit,C5_pair_stability,mlp,505,bsds_188063,synthetic_bsds,,,,0.0,0.0,0.0,1.0,0.016632711330909045,0.10926299879793078,0,4
mixed_groupcv_psnr_benefit_C5_pair_stability_mlp_505,mixed_groupcv,psnr_benefit,C5_pair_stability,mlp,505,bsds_198023,synthetic_bsds,0.3333333333333333,0.8055555555555556,0.5,0.0,0.0,0.0,0.25,0.6290805390102264,0.6466338122263551,3,4
mixed_groupcv_psnr_benefit_C5_pair_stability_mlp_505,mixed_groupcv,psnr_benefit,C5_pair_stability,mlp,505,bsds_198054,synthetic_bsds,,,,0.0,0.0,0.0,1.0,0.007928932552772442,0.08498863968998194,0,4
mixed_groupcv_psnr_benefit_C5_pair_stability_mlp_505,mixed_groupcv,psnr_benefit,C5_pair_stability,mlp,505,bsds_20008,synthetic_bsds,,,,0.0,0.0,0.0,1.0,0.04339369785175291,0.19420226104557514,0,4
mixed_groupcv_psnr_benefit_C5_pair_stability_mlp_505,mixed_groupcv,psnr_benefit,C5_pair_stability,mlp,505,bsds_216041,synthetic_bsds,,,,0.0,0.0,0.0,1.0,0.0009064484624430933,0.02483138020033948,0,4
mixed_groupcv_psnr_benefit_C5_pair_stability_mlp_505,mixed_groupcv,psnr_benefit,C5_pair_stability,mlp,505,bsds_225017,synthetic_bsds,,,,0.0,0.0,0.0,1.0,0.011269144128712633,0.09838839620351791,0,4
mixed_groupcv_psnr_benefit_C5_pair_stability_mlp_505,mixed_groupcv,psnr_benefit,C5_pair_stability,mlp,505,bsds_23025,synthetic_bsds,,,,0.0,0.0,0.0,1.0,0.0066596121599814305,0.06521776644513011,0,4
mixed_groupcv_psnr_benefit_C5_pair_stability_mlp_505,mixed_groupcv,psnr_benefit,C5_pair_stability,mlp,505,bsds_23080,synthetic_bsds,,,,0.0,0.0,0.0,1.0,0.024650535692763986,0.15368609130382538,0,4
mixed_groupcv_psnr_benefit_C5_pair_stability_mlp_505,mixed_groupcv,psnr_benefit,C5_pair_stability,mlp,505,bsds_231015,synthetic_bsds,,,,0.0,0.0,0.0,1.0,0.003975827613369962,0.03933249448891729,0,4
mixed_groupcv_psnr_benefit_C5_pair_stability_mlp_505,mixed_groupcv,psnr_benefit,C5_pair_stability,mlp,505,bsds_236017,synthetic_bsds,,,,0.0,0.0,0.0,1.0,0.031395587490674635,0.09515345616091508,0,4
mixed_groupcv_psnr_benefit_C5_pair_stability_mlp_505,mixed_groupcv,psnr_benefit,C5_pair_stability,mlp,505,bsds_245051,synthetic_bsds,,,,0.0,0.0,0.0,1.0,0.00013167430816768308,0.009914649999700487,0,4
mixed_groupcv_psnr_benefit_C5_pair_stability_mlp_505,mixed_groupcv,psnr_benefit,C5_pair_stability,mlp,505,bsds_246016,synthetic_bsds,,,,0.0,0.0,0.0,1.0,0.021060107131724393,0.10469260485842824,0,4
mixed_groupcv_psnr_benefit_C5_pair_stability_mlp_505,mixed_groupcv,psnr_benefit,C5_pair_stability,mlp,505,bsds_249061,synthetic_bsds,,,,0.0,0.0,0.0,1.0,0.0054459851130173155,0.06671179877594113,0,4
mixed_groupcv_psnr_benefit_C5_pair_stability_mlp_505,mixed_groupcv,psnr_benefit,C5_pair_stability,mlp,505,bsds_25098,synthetic_bsds,,,,0.0,0.0,0.0,1.0,0.015931896240861557,0.10208622645586729,0,4
mixed_groupcv_psnr_benefit_C5_pair_stability_mlp_505,mixed_groupcv,psnr_benefit,C5_pair_stability,mlp,505,bsds_253036,synthetic_bsds,,,,0.0,0.0,0.0,1.0,0.12459702694801988,0.33992213010787964,0,4
mixed_groupcv_psnr_benefit_C5_pair_stability_mlp_505,mixed_groupcv,psnr_benefit,C5_pair_stability,mlp,505,bsds_254054,synthetic_bsds,,,,0.0,0.0,0.0,1.0,0.016251431757899913,0.08046194002963603,0,4
mixed_groupcv_psnr_benefit_C5_pair_stability_mlp_505,mixed_groupcv,psnr_benefit,C5_pair_stability,mlp,505,bsds_27059,synthetic_bsds,,,,0.0,0.0,0.0,1.0,0.018638524717402315,0.10833914438262582,0,4
mixed_groupcv_psnr_benefit_C5_pair_stability_mlp_505,mixed_groupcv,psnr_benefit,C5_pair_stability,mlp,505,bsds_271008,synthetic_bsds,,,,0.0,0.0,0.0,1.0,0.0075657428626292106,0.06813353241886944,0,4
mixed_groupcv_psnr_benefit_C5_pair_stability_mlp_505,mixed_groupcv,psnr_benefit,C5_pair_stability,mlp,505,bsds_274007,synthetic_bsds,,,,0.0,0.0,0.0,1.0,0.030437617937247394,0.1550033213570714,0,4
mixed_groupcv_psnr_benefit_C5_pair_stability_mlp_505,mixed_groupcv,psnr_benefit,C5_pair_stability,mlp,505,bsds_286092,synthetic_bsds,,,,0.0,0.0,0.0,1.0,0.08772520807027585,0.28009106032550335,0,4
mixed_groupcv_psnr_benefit_C5_pair_stability_mlp_505,mixed_groupcv,psnr_benefit,C5_pair_stability,mlp,505,bsds_309004,synthetic_bsds,,,,0.0,0.0,0.0,1.0,0.12267962667481386,0.3231535814702511,0,4
mixed_groupcv_psnr_benefit_C5_pair_stability_mlp_505,mixed_groupcv,psnr_benefit,C5_pair_stability,mlp,505,bsds_311081,synthetic_bsds,,,,0.0,0.0,0.0,1.0,0.0355629182353155,0.15075493045151234,0,4
mixed_groupcv_psnr_benefit_C5_pair_stability_mlp_505,mixed_groupcv,psnr_benefit,C5_pair_stability,mlp,505,bsds_314016,synthetic_bsds,,,,0.0,0.0,0.0,1.0,0.020975343609174985,0.13558251317590475,0,4
mixed_groupcv_psnr_benefit_C5_pair_stability_mlp_505,mixed_groupcv,psnr_benefit,C5_pair_stability,mlp,505,bsds_323016,synthetic_bsds,,,,0.0,0.0,0.0,1.0,0.0003519077346717796,0.016990281408652663,0,4
mixed_groupcv_psnr_benefit_C5_pair_stability_mlp_505,mixed_groupcv,psnr_benefit,C5_pair_stability,mlp,505,bsds_368078,synthetic_bsds,,,,0.0,0.0,0.0,1.0,0.03162016337557351,0.16017195768654346,0,4
mixed_groupcv_psnr_benefit_C5_pair_stability_mlp_505,mixed_groupcv,psnr_benefit,C5_pair_stability,mlp,505,bsds_374020,synthetic_bsds,,,,0.0,0.0,0.0,1.0,0.0005367934561661301,0.02175407507456839,0,4
mixed_groupcv_psnr_benefit_C5_pair_stability_mlp_505,mixed_groupcv,psnr_benefit,C5_pair_stability,mlp,505,bsds_385028,synthetic_bsds,,,,0.0,0.0,0.0,1.0,0.020628219049480208,0.11699475534260273,0,4
mixed_groupcv_psnr_benefit_C5_pair_stability_mlp_505,mixed_groupcv,psnr_benefit,C5_pair_stability,mlp,505,bsds_41004,synthetic_bsds,0.33333333333333337,0.3333333333333333,0.5,0.0,0.0,0.0,0.75,0.19494151545032323,0.15783733129501343,1,4
mixed_groupcv_psnr_benefit_C5_pair_stability_mlp_505,mixed_groupcv,psnr_benefit,C5_pair_stability,mlp,505,bsds_45077,synthetic_bsds,,,,0.0,0.0,0.0,1.0,0.06998799098059355,0.2359178252518177,0,4
mixed_groupcv_psnr_benefit_C5_pair_stability_mlp_505,mixed_groupcv,psnr_benefit,C5_pair_stability,mlp,505,bsds_46076,synthetic_bsds,0.0,0.25,0.5,0.0,0.0,0.0,0.75,0.24105582380196805,0.319046963006258,1,4
mixed_groupcv_psnr_benefit_C5_pair_stability_mlp_505,mixed_groupcv,psnr_benefit,C5_pair_stability,mlp,505,bsds_59078,synthetic_bsds,,,,0.0,0.0,0.0,1.0,0.0007071139812358839,0.02619603695347905,0,4
mixed_groupcv_psnr_benefit_C5_pair_stability_mlp_505,mixed_groupcv,psnr_benefit,C5_pair_stability,mlp,505,bsds_61086,synthetic_bsds,,,,0.0,0.0,0.0,1.0,0.04066551948471038,0.1664948370307684,0,4
mixed_groupcv_psnr_benefit_C5_pair_stability_mlp_505,mixed_groupcv,psnr_benefit,C5_pair_stability,mlp,505,bsds_76002,synthetic_bsds,,,,0.0,0.0,0.0,1.0,0.015377350506609669,0.11184442602097988,0,4
mixed_groupcv_psnr_benefit_C5_pair_stability_mlp_505,mixed_groupcv,psnr_benefit,C5_pair_stability,mlp,505,bsds_80099,synthetic_bsds,,,,0.0,0.0,0.0,1.0,0.003859093518749649,0.0495557957328856,0,4
mixed_groupcv_psnr_benefit_C5_pair_stability_mlp_505,mixed_groupcv,psnr_benefit,C5_pair_stability,mlp,505,bsds_92059,synthetic_bsds,,,,0.0,0.0,0.0,1.0,0.00399343084341806,0.049892761919181794,0,4
mixed_groupcv_psnr_benefit_C5_pair_stability_mlp_506,mixed_groupcv,psnr_benefit,C5_pair_stability,mlp,506,case1,real_csig,,,,0.0,0.0,0.0,1.0,0.01138230613026942,0.09298083144434106,0,192
mixed_groupcv_psnr_benefit_C5_pair_stability_mlp_506,mixed_groupcv,psnr_benefit,C5_pair_stability,mlp,506,case2,real_csig,0.8815789473684211,0.06512605042016806,0.5,0.0,0.0,0.0,0.9895833333333334,0.013816809081869011,0.04889786201238167,2,192
mixed_groupcv_psnr_benefit_C5_pair_stability_mlp_506,mixed_groupcv,psnr_benefit,C5_pair_stability,mlp,506,case3,real_csig,,,,0.0,0.0,0.0,1.0,0.03495521487766331,0.14624413181021131,0,192
mixed_groupcv_psnr_benefit_C5_pair_stability_mlp_506,mixed_groupcv,psnr_benefit,C5_pair_stability,mlp,506,case4,real_csig,,,,0.0,0.0,0.0,1.0,4.992473940248047e-05,0.0037053856891967976,0,192
mixed_groupcv_psnr_benefit_C5_pair_stability_mlp_506,mixed_groupcv,psnr_benefit,C5_pair_stability,mlp,506,case5,real_csig,0.5403225806451613,0.038599313776704516,0.5,0.0,0.0,0.0,0.96875,0.031225329277898266,0.007921912834717658,6,192
mixed_groupcv_psnr_benefit_C5_pair_stability_mlp_506,mixed_groupcv,psnr_benefit,C5_pair_stability,mlp,506,bsds_100098,synthetic_bsds,,,,0.0,0.0,0.0,1.0,0.023287246294192834,0.13890635780990124,0,4
mixed_groupcv_psnr_benefit_C5_pair_stability_mlp_506,mixed_groupcv,psnr_benefit,C5_pair_stability,mlp,506,bsds_106025,synthetic_bsds,,,,0.0,0.0,0.0,1.0,0.010665930162663324,0.09168435307219625,0,4
mixed_groupcv_psnr_benefit_C5_pair_stability_mlp_506,mixed_groupcv,psnr_benefit,C5_pair_stability,mlp,506,bsds_112082,synthetic_bsds,,,,0.0,0.0,0.0,1.0,0.016848443966771334,0.11044217087328434,0,4
mixed_groupcv_psnr_benefit_C5_pair_stability_mlp_506,mixed_groupcv,psnr_benefit,C5_pair_stability,mlp,506,bsds_138078,synthetic_bsds,,,,0.0,0.0,0.0,1.0,0.05168964809628643,0.18267578538507223,0,4
mixed_groupcv_psnr_benefit_C5_pair_stability_mlp_506,mixed_groupcv,psnr_benefit,C5_pair_stability,mlp,506,bsds_140055,synthetic_bsds,,,,0.0,0.0,0.0,1.0,0.0596224238204031,0.17751342616975307,0,4
mixed_groupcv_psnr_benefit_C5_pair_stability_mlp_506,mixed_groupcv,psnr_benefit,C5_pair_stability,mlp,506,bsds_147021,synthetic_bsds,,,,0.0,0.0,0.0,1.0,0.02944354407393518,0.16667291149497032,0,4
mixed_groupcv_psnr_benefit_C5_pair_stability_mlp_506,mixed_groupcv,psnr_benefit,C5_pair_stability,mlp,506,bsds_153077,synthetic_bsds,,,,0.0,0.0,0.0,1.0,0.04246171979328557,0.19647126086056232,0,4
mixed_groupcv_psnr_benefit_C5_pair_stability_mlp_506,mixed_groupcv,psnr_benefit,C5_pair_stability,mlp,506,bsds_159029,synthetic_bsds,,,,0.0,0.0,0.0,1.0,0.04089496451622686,0.15198661293834448,0,4
mixed_groupcv_psnr_benefit_C5_pair_stability_mlp_506,mixed_groupcv,psnr_benefit,C5_pair_stability,mlp,506,bsds_159045,synthetic_bsds,,,,0.0,0.0,0.0,1.0,0.02941011868511656,0.15934225171804428,0,4
mixed_groupcv_psnr_benefit_C5_pair_stability_mlp_506,mixed_groupcv,psnr_benefit,C5_pair_stability,mlp,506,bsds_159091,synthetic_bsds,,,,0.0,0.0,0.0,1.0,0.028275956924981874,0.14976089634001255,0,4
mixed_groupcv_psnr_benefit_C5_pair_stability_mlp_506,mixed_groupcv,psnr_benefit,C5_pair_stability,mlp,506,bsds_164074,synthetic_bsds,,,,0.0,0.0,0.0,1.0,0.08610245655983652,0.2554088104516268,0,4
mixed_groupcv_psnr_benefit_C5_pair_stability_mlp_506,mixed_groupcv,psnr_benefit,C5_pair_stability,mlp,506,bsds_166081,synthetic_bsds,,,,0.0,0.0,0.0,1.0,0.03322430678512345,0.1468593655154109,0,4
mixed_groupcv_psnr_benefit_C5_pair_stability_mlp_506,mixed_groupcv,psnr_benefit,C5_pair_stability,mlp,506,bsds_176039,synthetic_bsds,,,,0.0,0.0,0.0,1.0,0.04868010810680167,0.18959870073013008,0,4
mixed_groupcv_psnr_benefit_C5_pair_stability_mlp_506,mixed_groupcv,psnr_benefit,C5_pair_stability,mlp,506,bsds_183055,synthetic_bsds,,,,0.0,0.0,0.0,1.0,0.0188011648544944,0.12025473639369011,0,4
mixed_groupcv_psnr_benefit_C5_pair_stability_mlp_506,mixed_groupcv,psnr_benefit,C5_pair_stability,mlp,506,bsds_187029,synthetic_bsds,,,,0.0,0.0,0.0,1.0,0.020598717695050967,0.11368092056363821,0,4
mixed_groupcv_psnr_benefit_C5_pair_stability_mlp_506,mixed_groupcv,psnr_benefit,C5_pair_stability,mlp,506,bsds_188063,synthetic_bsds,,,,0.0,0.0,0.0,1.0,0.011078885949053808,0.08898788411170244,0,4
mixed_groupcv_psnr_benefit_C5_pair_stability_mlp_506,mixed_groupcv,psnr_benefit,C5_pair_stability,mlp,506,bsds_198023,synthetic_bsds,0.0,0.6388888888888888,0.5,0.0,0.0,0.0,0.25,0.5957212378138756,0.7186537142843008,3,4
mixed_groupcv_psnr_benefit_C5_pair_stability_mlp_506,mixed_groupcv,psnr_benefit,C5_pair_stability,mlp,506,bsds_198054,synthetic_bsds,,,,0.0,0.0,0.0,1.0,0.02189831326775772,0.14076817966997623,0,4
mixed_groupcv_psnr_benefit_C5_pair_stability_mlp_506,mixed_groupcv,psnr_benefit,C5_pair_stability,mlp,506,bsds_20008,synthetic_bsds,,,,0.0,0.0,0.0,1.0,0.06282802681748863,0.21938340552151203,0,4
mixed_groupcv_psnr_benefit_C5_pair_stability_mlp_506,mixed_groupcv,psnr_benefit,C5_pair_stability,mlp,506,bsds_216041,synthetic_bsds,,,,0.0,0.0,0.0,1.0,0.0007782514792781482,0.021507745957933366,0,4
mixed_groupcv_psnr_benefit_C5_pair_stability_mlp_506,mixed_groupcv,psnr_benefit,C5_pair_stability,mlp,506,bsds_225017,synthetic_bsds,,,,0.0,0.0,0.0,1.0,0.012697066773498272,0.10891921445727348,0,4
mixed_groupcv_psnr_benefit_C5_pair_stability_mlp_506,mixed_groupcv,psnr_benefit,C5_pair_stability,mlp,506,bsds_23025,synthetic_bsds,,,,0.0,0.0,0.0,1.0,0.006273584596790359,0.06512030027806759,0,4
mixed_groupcv_psnr_benefit_C5_pair_stability_mlp_506,mixed_groupcv,psnr_benefit,C5_pair_stability,mlp,506,bsds_23080,synthetic_bsds,,,,0.0,0.0,0.0,1.0,0.02107727894201722,0.14370426163077354,0,4
mixed_groupcv_psnr_benefit_C5_pair_stability_mlp_506,mixed_groupcv,psnr_benefit,C5_pair_stability,mlp,506,bsds_231015,synthetic_bsds,,,,0.0,0.0,0.0,1.0,0.001243501401729257,0.022073174419347197,0,4
mixed_groupcv_psnr_benefit_C5_pair_stability_mlp_506,mixed_groupcv,psnr_benefit,C5_pair_stability,mlp,506,bsds_236017,synthetic_bsds,,,,0.0,0.0,0.0,1.0,0.050963738795237475,0.12707626490737312,0,4
mixed_groupcv_psnr_benefit_C5_pair_stability_mlp_506,mixed_groupcv,psnr_benefit,C5_pair_stability,mlp,506,bsds_245051,synthetic_bsds,,,,0.0,0.0,0.0,1.0,0.0006274532794306507,0.021595154656097293,0,4
mixed_groupcv_psnr_benefit_C5_pair_stability_mlp_506,mixed_groupcv,psnr_benefit,C5_pair_stability,mlp,506,bsds_246016,synthetic_bsds,,,,0.0,0.0,0.0,1.0,0.01094246179843908,0.09273287281394005,0,4
mixed_groupcv_psnr_benefit_C5_pair_stability_mlp_506,mixed_groupcv,psnr_benefit,C5_pair_stability,mlp,506,bsds_249061,synthetic_bsds,,,,0.0,0.0,0.0,1.0,0.00427333180238345,0.05965731851756573,0,4
mixed_groupcv_psnr_benefit_C5_pair_stability_mlp_506,mixed_groupcv,psnr_benefit,C5_pair_stability,mlp,506,bsds_25098,synthetic_bsds,,,,0.0,0.0,0.0,1.0,0.039720535428170854,0.164633612614125,0,4
mixed_groupcv_psnr_benefit_C5_pair_stability_mlp_506,mixed_groupcv,psnr_benefit,C5_pair_stability,mlp,506,bsds_253036,synthetic_bsds,,,,0.0,0.0,0.0,1.0,0.15154554133318104,0.3721795342862606,0,4
mixed_groupcv_psnr_benefit_C5_pair_stability_mlp_506,mixed_groupcv,psnr_benefit,C5_pair_stability,mlp,506,bsds_254054,synthetic_bsds,,,,0.0,0.0,0.0,1.0,0.02172732888173311,0.1048585360404104,0,4
mixed_groupcv_psnr_benefit_C5_pair_stability_mlp_506,mixed_groupcv,psnr_benefit,C5_pair_stability,mlp,506,bsds_27059,synthetic_bsds,,,,0.0,0.0,0.0,1.0,0.0190480364409452,0.1073023728094995,0,4
mixed_groupcv_psnr_benefit_C5_pair_stability_mlp_506,mixed_groupcv,psnr_benefit,C5_pair_stability,mlp,506,bsds_271008,synthetic_bsds,,,,0.0,0.0,0.0,1.0,0.003165369914052714,0.04992248164489865,0,4
mixed_groupcv_psnr_benefit_C5_pair_stability_mlp_506,mixed_groupcv,psnr_benefit,C5_pair_stability,mlp,506,bsds_274007,synthetic_bsds,,,,0.0,0.0,0.0,1.0,0.07125507620248955,0.2502405382692814,0,4
mixed_groupcv_psnr_benefit_C5_pair_stability_mlp_506,mixed_groupcv,psnr_benefit,C5_pair_stability,mlp,506,bsds_286092,synthetic_bsds,,,,0.0,0.0,0.0,1.0,0.15530285208763672,0.3642974253743887,0,4
mixed_groupcv_psnr_benefit_C5_pair_stability_mlp_506,mixed_groupcv,psnr_benefit,C5_pair_stability,mlp,506,bsds_309004,synthetic_bsds,,,,0.0,0.0,0.0,0.75,0.10537939243733647,0.28541874699294567,0,4
mixed_groupcv_psnr_benefit_C5_pair_stability_mlp_506,mixed_groupcv,psnr_benefit,C5_pair_stability,mlp,506,bsds_311081,synthetic_bsds,,,,0.0,0.0,0.0,1.0,0.016307125543623794,0.11500635277479887,0,4
mixed_groupcv_psnr_benefit_C5_pair_stability_mlp_506,mixed_groupcv,psnr_benefit,C5_pair_stability,mlp,506,bsds_314016,synthetic_bsds,,,,0.0,0.0,0.0,1.0,0.04985853905554728,0.2042378168553114,0,4
mixed_groupcv_psnr_benefit_C5_pair_stability_mlp_506,mixed_groupcv,psnr_benefit,C5_pair_stability,mlp,506,bsds_323016,synthetic_bsds,,,,0.0,0.0,0.0,1.0,0.0002933419465404163,0.017051685601472855,0,4
mixed_groupcv_psnr_benefit_C5_pair_stability_mlp_506,mixed_groupcv,psnr_benefit,C5_pair_stability,mlp,506,bsds_368078,synthetic_bsds,,,,0.0,0.0,0.0,1.0,0.03157686158876427,0.16187699139118195,0,4
mixed_groupcv_psnr_benefit_C5_pair_stability_mlp_506,mixed_groupcv,psnr_benefit,C5_pair_stability,mlp,506,bsds_374020,synthetic_bsds,,,,0.0,0.0,0.0,1.0,0.00038895556471230065,0.018602991942316294,0,4
mixed_groupcv_psnr_benefit_C5_pair_stability_mlp_506,mixed_groupcv,psnr_benefit,C5_pair_stability,mlp,506,bsds_385028,synthetic_bsds,,,,0.0,0.0,0.0,1.0,0.020212242950556642,0.11368251871317625,0,4
mixed_groupcv_psnr_benefit_C5_pair_stability_mlp_506,mixed_groupcv,psnr_benefit,C5_pair_stability,mlp,506,bsds_41004,synthetic_bsds,0.6666666666666667,0.5,0.5,0.0,0.0,0.0,0.75,0.18716490381970424,0.09801590256392956,1,4
mixed_groupcv_psnr_benefit_C5_pair_stability_mlp_506,mixed_groupcv,psnr_benefit,C5_pair_stability,mlp,506,bsds_45077,synthetic_bsds,,,,0.0,0.0,0.0,1.0,0.08321340839233095,0.2658177074044943,0,4
mixed_groupcv_psnr_benefit_C5_pair_stability_mlp_506,mixed_groupcv,psnr_benefit,C5_pair_stability,mlp,506,bsds_46076,synthetic_bsds,0.33333333333333337,0.3333333333333333,0.5,0.0,0.0,0.0,0.75,0.24590250044359754,0.3320485567674041,1,4
mixed_groupcv_psnr_benefit_C5_pair_stability_mlp_506,mixed_groupcv,psnr_benefit,C5_pair_stability,mlp,506,bsds_59078,synthetic_bsds,,,,0.0,0.0,0.0,1.0,0.002023385336942485,0.041701228357851505,0,4
mixed_groupcv_psnr_benefit_C5_pair_stability_mlp_506,mixed_groupcv,psnr_benefit,C5_pair_stability,mlp,506,bsds_61086,synthetic_bsds,,,,0.0,0.0,0.0,1.0,0.027935319147401026,0.13029530551284552,0,4
mixed_groupcv_psnr_benefit_C5_pair_stability_mlp_506,mixed_groupcv,psnr_benefit,C5_pair_stability,mlp,506,bsds_76002,synthetic_bsds,,,,0.0,0.0,0.0,1.0,0.008407135459073088,0.07916182419285178,0,4
mixed_groupcv_psnr_benefit_C5_pair_stability_mlp_506,mixed_groupcv,psnr_benefit,C5_pair_stability,mlp,506,bsds_80099,synthetic_bsds,,,,0.0,0.0,0.0,1.0,0.00344216717589867,0.04408369702287018,0,4
mixed_groupcv_psnr_benefit_C5_pair_stability_mlp_506,mixed_groupcv,psnr_benefit,C5_pair_stability,mlp,506,bsds_92059,synthetic_bsds,,,,0.0,0.0,0.0,1.0,0.00370464333726064,0.051032862917054445,0,4
mixed_groupcv_psnr_benefit_C5_pair_stability_mlp_507,mixed_groupcv,psnr_benefit,C5_pair_stability,mlp,507,case1,real_csig,,,,0.0,0.0,0.0,1.0,0.013756034965750676,0.10589641474264984,0,192
mixed_groupcv_psnr_benefit_C5_pair_stability_mlp_507,mixed_groupcv,psnr_benefit,C5_pair_stability,mlp,507,case2,real_csig,0.6710526315789473,0.02303921568627451,0.5,0.0,0.0,0.0,0.9895833333333334,0.043228071087214874,0.14434306016725412,2,192
mixed_groupcv_psnr_benefit_C5_pair_stability_mlp_507,mixed_groupcv,psnr_benefit,C5_pair_stability,mlp,507,case3,real_csig,,,,0.0,0.0,0.0,0.9947916666666666,0.030683344214834166,0.12939709404296687,0,192
mixed_groupcv_psnr_benefit_C5_pair_stability_mlp_507,mixed_groupcv,psnr_benefit,C5_pair_stability,mlp,507,case4,real_csig,,,,0.0,0.0,0.0,1.0,0.0001302197179444661,0.005985963833609276,0,192
mixed_groupcv_psnr_benefit_C5_pair_stability_mlp_507,mixed_groupcv,psnr_benefit,C5_pair_stability,mlp,507,case5,real_csig,0.4758064516129032,0.03575554891443621,0.5,0.0,0.0,0.0,0.96875,0.03293267652740807,0.022296262099795666,6,192
mixed_groupcv_psnr_benefit_C5_pair_stability_mlp_507,mixed_groupcv,psnr_benefit,C5_pair_stability,mlp,507,bsds_100098,synthetic_bsds,,,,0.0,0.0,0.0,1.0,0.04579289248718439,0.18791558407247066,0,4
mixed_groupcv_psnr_benefit_C5_pair_stability_mlp_507,mixed_groupcv,psnr_benefit,C5_pair_stability,mlp,507,bsds_106025,synthetic_bsds,,,,0.0,0.0,0.0,1.0,0.014983689732538375,0.11280298512428999,0,4
mixed_groupcv_psnr_benefit_C5_pair_stability_mlp_507,mixed_groupcv,psnr_benefit,C5_pair_stability,mlp,507,bsds_112082,synthetic_bsds,,,,0.0,0.0,0.0,1.0,0.03627512551505829,0.1708519607782364,0,4
mixed_groupcv_psnr_benefit_C5_pair_stability_mlp_507,mixed_groupcv,psnr_benefit,C5_pair_stability,mlp,507,bsds_138078,synthetic_bsds,,,,0.0,0.0,0.0,1.0,0.0301890447761769,0.1423098179511726,0,4
mixed_groupcv_psnr_benefit_C5_pair_stability_mlp_507,mixed_groupcv,psnr_benefit,C5_pair_stability,mlp,507,bsds_140055,synthetic_bsds,,,,0.0,0.0,0.0,1.0,0.04772879605372285,0.1723729707300663,0,4
mixed_groupcv_psnr_benefit_C5_pair_stability_mlp_507,mixed_groupcv,psnr_benefit,C5_pair_stability,mlp,507,bsds_147021,synthetic_bsds,,,,0.0,0.0,0.0,1.0,0.033645190230400523,0.1822010539472103,0,4
mixed_groupcv_psnr_benefit_C5_pair_stability_mlp_507,mixed_groupcv,psnr_benefit,C5_pair_stability,mlp,507,bsds_153077,synthetic_bsds,,,,0.0,0.0,0.0,1.0,0.04013071696900017,0.19685710966587067,0,4
mixed_groupcv_psnr_benefit_C5_pair_stability_mlp_507,mixed_groupcv,psnr_benefit,C5_pair_stability,mlp,507,bsds_159029,synthetic_bsds,,,,0.0,0.0,0.0,1.0,0.05179967608236548,0.18712774850428104,0,4
mixed_groupcv_psnr_benefit_C5_pair_stability_mlp_507,mixed_groupcv,psnr_benefit,C5_pair_stability,mlp,507,bsds_159045,synthetic_bsds,,,,0.0,0.0,0.0,1.0,0.007655505215480363,0.08118592202663422,0,4
mixed_groupcv_psnr_benefit_C5_pair_stability_mlp_507,mixed_groupcv,psnr_benefit,C5_pair_stability,mlp,507,bsds_159091,synthetic_bsds,,,,0.0,0.0,0.0,1.0,0.018794643830443464,0.13132775947451591,0,4
mixed_groupcv_psnr_benefit_C5_pair_stability_mlp_507,mixed_groupcv,psnr_benefit,C5_pair_stability,mlp,507,bsds_164074,synthetic_bsds,,,,0.0,0.0,0.0,1.0,0.08707383401234159,0.2618923634290695,0,4
mixed_groupcv_psnr_benefit_C5_pair_stability_mlp_507,mixed_groupcv,psnr_benefit,C5_pair_stability,mlp,507,bsds_166081,synthetic_bsds,,,,0.0,0.0,0.0,1.0,0.031046763586930662,0.16188055090606213,0,4
mixed_groupcv_psnr_benefit_C5_pair_stability_mlp_507,mixed_groupcv,psnr_benefit,C5_pair_stability,mlp,507,bsds_176039,synthetic_bsds,,,,0.0,0.0,0.0,1.0,0.04239439012609203,0.1763614376541227,0,4
mixed_groupcv_psnr_benefit_C5_pair_stability_mlp_507,mixed_groupcv,psnr_benefit,C5_pair_stability,mlp,507,bsds_183055,synthetic_bsds,,,,0.0,0.0,0.0,1.0,0.008790897444804935,0.08629560843110085,0,4
mixed_groupcv_psnr_benefit_C5_pair_stability_mlp_507,mixed_groupcv,psnr_benefit,C5_pair_stability,mlp,507,bsds_187029,synthetic_bsds,,,,0.0,0.0,0.0,1.0,0.01215457951631151,0.10419169906526804,0,4
mixed_groupcv_psnr_benefit_C5_pair_stability_mlp_507,mixed_groupcv,psnr_benefit,C5_pair_stability,mlp,507,bsds_188063,synthetic_bsds,,,,0.0,0.0,0.0,1.0,0.05231181714611042,0.1944324872456491,0,4
mixed_groupcv_psnr_benefit_C5_pair_stability_mlp_507,mixed_groupcv,psnr_benefit,C5_pair_stability,mlp,507,bsds_198023,synthetic_bsds,0.0,0.6388888888888888,0.5,0.0,0.0,0.0,0.25,0.613476872553615,0.7324237134307623,3,4
mixed_groupcv_psnr_benefit_C5_pair_stability_mlp_507,mixed_groupcv,psnr_benefit,C5_pair_stability,mlp,507,bsds_198054,synthetic_bsds,,,,0.0,0.0,0.0,1.0,0.04268637497227712,0.19879518449306488,0,4
mixed_groupcv_psnr_benefit_C5_pair_stability_mlp_507,mixed_groupcv,psnr_benefit,C5_pair_stability,mlp,507,bsds_20008,synthetic_bsds,,,,0.0,0.0,0.0,1.0,0.12949239144992603,0.3404792286455631,0,4
mixed_groupcv_psnr_benefit_C5_pair_stability_mlp_507,mixed_groupcv,psnr_benefit,C5_pair_stability,mlp,507,bsds_216041,synthetic_bsds,,,,0.0,0.0,0.0,1.0,0.004789588399618204,0.05616287264274433,0,4
mixed_groupcv_psnr_benefit_C5_pair_stability_mlp_507,mixed_groupcv,psnr_benefit,C5_pair_stability,mlp,507,bsds_225017,synthetic_bsds,,,,0.0,0.0,0.0,1.0,0.013596877171127564,0.1138417050242424,0,4
mixed_groupcv_psnr_benefit_C5_pair_stability_mlp_507,mixed_groupcv,psnr_benefit,C5_pair_stability,mlp,507,bsds_23025,synthetic_bsds,,,,0.0,0.0,0.0,1.0,0.01259798633906202,0.09876236133277416,0,4
mixed_groupcv_psnr_benefit_C5_pair_stability_mlp_507,mixed_groupcv,psnr_benefit,C5_pair_stability,mlp,507,bsds_23080,synthetic_bsds,,,,0.0,0.0,0.0,1.0,0.08882862512107936,0.2843712568283081,0,4
mixed_groupcv_psnr_benefit_C5_pair_stability_mlp_507,mixed_groupcv,psnr_benefit,C5_pair_stability,mlp,507,bsds_231015,synthetic_bsds,,,,0.0,0.0,0.0,1.0,0.017533865258706625,0.08124892949126661,0,4
mixed_groupcv_psnr_benefit_C5_pair_stability_mlp_507,mixed_groupcv,psnr_benefit,C5_pair_stability,mlp,507,bsds_236017,synthetic_bsds,,,,0.0,0.0,0.0,0.75,0.1176318682427627,0.19857626175507903,0,4
mixed_groupcv_psnr_benefit_C5_pair_stability_mlp_507,mixed_groupcv,psnr_benefit,C5_pair_stability,mlp,507,bsds_245051,synthetic_bsds,,,,0.0,0.0,0.0,1.0,0.0026300712577998634,0.04603937128558755,0,4
mixed_groupcv_psnr_benefit_C5_pair_stability_mlp_507,mixed_groupcv,psnr_benefit,C5_pair_stability,mlp,507,bsds_246016,synthetic_bsds,,,,0.0,0.0,0.0,1.0,0.021764928582270197,0.12127431761473417,0,4
mixed_groupcv_psnr_benefit_C5_pair_stability_mlp_507,mixed_groupcv,psnr_benefit,C5_pair_stability,mlp,507,bsds_249061,synthetic_bsds,,,,0.0,0.0,0.0,1.0,0.04049238963911794,0.19167673587799072,0,4
mixed_groupcv_psnr_benefit_C5_pair_stability_mlp_507,mixed_groupcv,psnr_benefit,C5_pair_stability,mlp,507,bsds_25098,synthetic_bsds,,,,0.0,0.0,0.0,1.0,0.021098274437753653,0.11738949827849865,0,4
mixed_groupcv_psnr_benefit_C5_pair_stability_mlp_507,mixed_groupcv,psnr_benefit,C5_pair_stability,mlp,507,bsds_253036,synthetic_bsds,,,,0.0,0.0,0.0,1.0,0.1115929223014554,0.304964866489172,0,4
mixed_groupcv_psnr_benefit_C5_pair_stability_mlp_507,mixed_groupcv,psnr_benefit,C5_pair_stability,mlp,507,bsds_254054,synthetic_bsds,,,,0.0,0.0,0.0,1.0,0.023769195175378306,0.12866292987018824,0,4
mixed_groupcv_psnr_benefit_C5_pair_stability_mlp_507,mixed_groupcv,psnr_benefit,C5_pair_stability,mlp,507,bsds_27059,synthetic_bsds,,,,0.0,0.0,0.0,1.0,0.0254790801392123,0.13725327607244253,0,4
mixed_groupcv_psnr_benefit_C5_pair_stability_mlp_507,mixed_groupcv,psnr_benefit,C5_pair_stability,mlp,507,bsds_271008,synthetic_bsds,,,,0.0,0.0,0.0,1.0,0.016153340520247986,0.10789173282682896,0,4
mixed_groupcv_psnr_benefit_C5_pair_stability_mlp_507,mixed_groupcv,psnr_benefit,C5_pair_stability,mlp,507,bsds_274007,synthetic_bsds,,,,0.0,0.0,0.0,1.0,0.0439059315980323,0.17298786249011755,0,4
mixed_groupcv_psnr_benefit_C5_pair_stability_mlp_507,mixed_groupcv,psnr_benefit,C5_pair_stability,mlp,507,bsds_286092,synthetic_bsds,,,,0.0,0.0,0.0,1.0,0.05547099199913985,0.21228457987308502,0,4
mixed_groupcv_psnr_benefit_C5_pair_stability_mlp_507,mixed_groupcv,psnr_benefit,C5_pair_stability,mlp,507,bsds_309004,synthetic_bsds,,,,0.0,0.0,0.0,1.0,0.05752353823324069,0.22269725427031517,0,4
mixed_groupcv_psnr_benefit_C5_pair_stability_mlp_507,mixed_groupcv,psnr_benefit,C5_pair_stability,mlp,507,bsds_311081,synthetic_bsds,,,,0.0,0.0,0.0,1.0,0.08153668538075345,0.2448309948667884,0,4
mixed_groupcv_psnr_benefit_C5_pair_stability_mlp_507,mixed_groupcv,psnr_benefit,C5_pair_stability,mlp,507,bsds_314016,synthetic_bsds,,,,0.0,0.0,0.0,1.0,0.04876618488482959,0.20815513655543327,0,4
mixed_groupcv_psnr_benefit_C5_pair_stability_mlp_507,mixed_groupcv,psnr_benefit,C5_pair_stability,mlp,507,bsds_323016,synthetic_bsds,,,,0.0,0.0,0.0,1.0,0.000953065901515106,0.03048881934955716,0,4
mixed_groupcv_psnr_benefit_C5_pair_stability_mlp_507,mixed_groupcv,psnr_benefit,C5_pair_stability,mlp,507,bsds_368078,synthetic_bsds,,,,0.0,0.0,0.0,1.0,0.03870922583467851,0.19394486397504807,0,4
mixed_groupcv_psnr_benefit_C5_pair_stability_mlp_507,mixed_groupcv,psnr_benefit,C5_pair_stability,mlp,507,bsds_374020,synthetic_bsds,,,,0.0,0.0,0.0,1.0,0.00644899396791292,0.07673911284655333,0,4
mixed_groupcv_psnr_benefit_C5_pair_stability_mlp_507,mixed_groupcv,psnr_benefit,C5_pair_stability,mlp,507,bsds_385028,synthetic_bsds,,,,0.0,0.0,0.0,1.0,0.026644558535219257,0.14428682811558247,0,4
mixed_groupcv_psnr_benefit_C5_pair_stability_mlp_507,mixed_groupcv,psnr_benefit,C5_pair_stability,mlp,507,bsds_41004,synthetic_bsds,0.6666666666666667,0.5,0.5,0.0,0.0,0.0,0.75,0.19819796701096865,0.09722346439957619,1,4
mixed_groupcv_psnr_benefit_C5_pair_stability_mlp_507,mixed_groupcv,psnr_benefit,C5_pair_stability,mlp,507,bsds_45077,synthetic_bsds,,,,0.0,0.0,0.0,0.75,0.10867276655318331,0.28565051034092903,0,4
mixed_groupcv_psnr_benefit_C5_pair_stability_mlp_507,mixed_groupcv,psnr_benefit,C5_pair_stability,mlp,507,bsds_46076,synthetic_bsds,0.0,0.25,0.5,0.0,0.0,0.0,0.75,0.24168677210177325,0.37696016393601894,1,4
mixed_groupcv_psnr_benefit_C5_pair_stability_mlp_507,mixed_groupcv,psnr_benefit,C5_pair_stability,mlp,507,bsds_59078,synthetic_bsds,,,,0.0,0.0,0.0,1.0,0.009326616956228398,0.09282724745571613,0,4
mixed_groupcv_psnr_benefit_C5_pair_stability_mlp_507,mixed_groupcv,psnr_benefit,C5_pair_stability,mlp,507,bsds_61086,synthetic_bsds,,,,0.0,0.0,0.0,1.0,0.016649848504611445,0.12428578175604343,0,4
mixed_groupcv_psnr_benefit_C5_pair_stability_mlp_507,mixed_groupcv,psnr_benefit,C5_pair_stability,mlp,507,bsds_76002,synthetic_bsds,,,,0.0,0.0,0.0,1.0,0.04467079610944441,0.19204529002308846,0,4
mixed_groupcv_psnr_benefit_C5_pair_stability_mlp_507,mixed_groupcv,psnr_benefit,C5_pair_stability,mlp,507,bsds_80099,synthetic_bsds,,,,0.0,0.0,0.0,1.0,0.007872884979907877,0.06471094954758883,0,4
mixed_groupcv_psnr_benefit_C5_pair_stability_mlp_507,mixed_groupcv,psnr_benefit,C5_pair_stability,mlp,507,bsds_92059,synthetic_bsds,,,,0.0,0.0,0.0,1.0,0.0022865771076096587,0.04145126324146986,0,4
mixed_groupcv_four_metric_majority_V7_logistic_505,mixed_groupcv,four_metric_majority,V7,logistic,505,case1,real_csig,,,,0.0,0.0,0.0,1.0,7.128763779921493e-05,0.004818769168225334,0,192
mixed_groupcv_four_metric_majority_V7_logistic_505,mixed_groupcv,four_metric_majority,V7,logistic,505,case2,real_csig,,,,0.0,0.0,0.0,1.0,0.00029172802231284173,0.00609155826402215,0,192
mixed_groupcv_four_metric_majority_V7_logistic_505,mixed_groupcv,four_metric_majority,V7,logistic,505,case3,real_csig,,,,0.0,0.0,0.0,1.0,0.00022896360420822747,0.009536431022375213,0,192
mixed_groupcv_four_metric_majority_V7_logistic_505,mixed_groupcv,four_metric_majority,V7,logistic,505,case4,real_csig,0.2722513089005235,0.007142857142857143,0.5,0.0,0.0,0.0,0.9947916666666666,0.005217070831089087,0.0031673212288481213,1,192
mixed_groupcv_four_metric_majority_V7_logistic_505,mixed_groupcv,four_metric_majority,V7,logistic,505,case5,real_csig,0.7443850267379679,0.08566528149721428,0.5,0.0,0.0,0.0,0.9739583333333334,0.025724784921124243,0.022331245092575735,5,192
mixed_groupcv_four_metric_majority_V7_logistic_505,mixed_groupcv,four_metric_majority,V7,logistic,505,bsds_100098,synthetic_bsds,0.6666666666666667,0.5,0.5,0.0,0.0,0.0,0.75,0.2495768966494843,0.2487169151746623,1,4
mixed_groupcv_four_metric_majority_V7_logistic_505,mixed_groupcv,four_metric_majority,V7,logistic,505,bsds_106025,synthetic_bsds,,,,0.0,0.0,0.0,1.0,0.017912602094290565,0.10104717996196938,0,4
mixed_groupcv_four_metric_majority_V7_logistic_505,mixed_groupcv,four_metric_majority,V7,logistic,505,bsds_112082,synthetic_bsds,,,,0.0,0.0,0.0,1.0,2.9618144310403956e-07,0.0004117973686443514,0,4
mixed_groupcv_four_metric_majority_V7_logistic_505,mixed_groupcv,four_metric_majority,V7,logistic,505,bsds_138078,synthetic_bsds,,,,0.0,0.0,0.0,1.0,0.0007528863595420601,0.017505809887888076,0,4
mixed_groupcv_four_metric_majority_V7_logistic_505,mixed_groupcv,four_metric_majority,V7,logistic,505,bsds_140055,synthetic_bsds,,,,0.0,0.0,0.0,1.0,7.993941893140305e-06,0.002678487111742364,0,4
mixed_groupcv_four_metric_majority_V7_logistic_505,mixed_groupcv,four_metric_majority,V7,logistic,505,bsds_147021,synthetic_bsds,0.0,0.25,0.5,0.0,0.0,0.0,0.75,0.24992558081112953,0.24961107821875306,1,4
mixed_groupcv_four_metric_majority_V7_logistic_505,mixed_groupcv,four_metric_majority,V7,logistic,505,bsds_153077,synthetic_bsds,,,,0.0,0.0,0.0,1.0,0.0009463507668922186,0.024974885885900952,0,4
mixed_groupcv_four_metric_majority_V7_logistic_505,mixed_groupcv,four_metric_majority,V7,logistic,505,bsds_159029,synthetic_bsds,,,,0.0,0.0,0.0,1.0,2.1066824596466668e-05,0.003914158208773007,0,4
mixed_groupcv_four_metric_majority_V7_logistic_505,mixed_groupcv,four_metric_majority,V7,logistic,505,bsds_159045,synthetic_bsds,,,,0.0,0.0,0.0,1.0,6.226705453777067e-05,0.007194805038126021,0,4
mixed_groupcv_four_metric_majority_V7_logistic_505,mixed_groupcv,four_metric_majority,V7,logistic,505,bsds_159091,synthetic_bsds,,,,0.0,0.0,0.0,1.0,3.4879173896752127e-06,0.0018018379055821398,0,4
mixed_groupcv_four_metric_majority_V7_logistic_505,mixed_groupcv,four_metric_majority,V7,logistic,505,bsds_164074,synthetic_bsds,,,,0.0,0.0,0.0,1.0,0.00029592772013571763,0.010142627465235457,0,4
mixed_groupcv_four_metric_majority_V7_logistic_505,mixed_groupcv,four_metric_majority,V7,logistic,505,bsds_166081,synthetic_bsds,,,,0.0,0.0,0.0,1.0,3.9173784299847714e-07,0.0005438685136721326,0,4
mixed_groupcv_four_metric_majority_V7_logistic_505,mixed_groupcv,four_metric_majority,V7,logistic,505,bsds_176039,synthetic_bsds,1.0,1.0,0.5,0.0,0.0,0.0,0.5,0.420761991545463,0.45325194157989535,2,4
mixed_groupcv_four_metric_majority_V7_logistic_505,mixed_groupcv,four_metric_majority,V7,logistic,505,bsds_183055,synthetic_bsds,,,,0.0,0.0,0.0,1.0,0.00019233184138056243,0.011706378892232762,0,4
mixed_groupcv_four_metric_majority_V7_logistic_505,mixed_groupcv,four_metric_majority,V7,logistic,505,bsds_187029,synthetic_bsds,,,,0.0,0.0,0.0,1.0,8.660889854845644e-07,0.0008907115835526348,0,4
mixed_groupcv_four_metric_majority_V7_logistic_505,mixed_groupcv,four_metric_majority,V7,logistic,505,bsds_188063,synthetic_bsds,,,,0.0,0.0,0.0,1.0,7.6014733567256865e-06,0.0019039400795456832,0,4
mixed_groupcv_four_metric_majority_V7_logistic_505,mixed_groupcv,four_metric_majority,V7,logistic,505,bsds_198023,synthetic_bsds,0.0,0.6388888888888888,0.5,0.0,0.0,0.0,0.25,0.6781169440411361,0.7635698053490381,3,4
mixed_groupcv_four_metric_majority_V7_logistic_505,mixed_groupcv,four_metric_majority,V7,logistic,505,bsds_198054,synthetic_bsds,0.0,0.25,0.5,0.0,0.0,0.0,0.75,0.2503982867348323,0.22008420889124225,1,4
mixed_groupcv_four_metric_majority_V7_logistic_505,mixed_groupcv,four_metric_majority,V7,logistic,505,bsds_20008,synthetic_bsds,,,,0.0,0.0,0.0,0.75,0.08048396288129421,0.21505414612048804,0,4
mixed_groupcv_four_metric_majority_V7_logistic_505,mixed_groupcv,four_metric_majority,V7,logistic,505,bsds_216041,synthetic_bsds,,,,0.0,0.0,0.0,1.0,2.3670847409517374e-07,0.00044059159743490086,0,4
mixed_groupcv_four_metric_majority_V7_logistic_505,mixed_groupcv,four_metric_majority,V7,logistic,505,bsds_225017,synthetic_bsds,0.25,0.5,0.5,0.0,0.0,0.0,0.5,0.49027284769059576,0.48837365995715126,2,4
mixed_groupcv_four_metric_majority_V7_logistic_505,mixed_groupcv,four_metric_majority,V7,logistic,505,bsds_23025,synthetic_bsds,,,,0.0,0.0,0.0,1.0,1.3481275028540796e-05,0.0027304008518062584,0,4
mixed_groupcv_four_metric_majority_V7_logistic_505,mixed_groupcv,four_metric_majority,V7,logistic,505,bsds_23080,synthetic_bsds,,,,0.0,0.0,0.0,1.0,3.536190363155362e-06,0.0013022404076468005,0,4
mixed_groupcv_four_metric_majority_V7_logistic_505,mixed_groupcv,four_metric_majority,V7,logistic,505,bsds_231015,synthetic_bsds,,,,0.0,0.0,0.0,1.0,5.2829118802451795e-05,0.0069402155077288655,0,4
mixed_groupcv_four_metric_majority_V7_logistic_505,mixed_groupcv,four_metric_majority,V7,logistic,505,bsds_236017,synthetic_bsds,,,,0.0,0.0,0.0,1.0,3.5245029784256725e-06,0.0013738538363691068,0,4
mixed_groupcv_four_metric_majority_V7_logistic_505,mixed_groupcv,four_metric_majority,V7,logistic,505,bsds_245051,synthetic_bsds,0.33333333333333337,0.3333333333333333,0.5,0.0,0.0,0.0,0.75,0.24972133248782147,0.2437006337354952,1,4
mixed_groupcv_four_metric_majority_V7_logistic_505,mixed_groupcv,four_metric_majority,V7,logistic,505,bsds_246016,synthetic_bsds,,,,0.0,0.0,0.0,1.0,0.045389032864793996,0.15309563603405624,0,4
mixed_groupcv_four_metric_majority_V7_logistic_505,mixed_groupcv,four_metric_majority,V7,logistic,505,bsds_249061,synthetic_bsds,0.0,0.41666666666666663,0.5,0.0,0.0,0.0,0.5,0.4993680985486599,0.4969126755136686,2,4
mixed_groupcv_four_metric_majority_V7_logistic_505,mixed_groupcv,four_metric_majority,V7,logistic,505,bsds_25098,synthetic_bsds,,,,0.0,0.0,0.0,1.0,1.9619428012562224e-05,0.004373347105119488,0,4
mixed_groupcv_four_metric_majority_V7_logistic_505,mixed_groupcv,four_metric_majority,V7,logistic,505,bsds_253036,synthetic_bsds,0.75,0.8333333333333333,0.5,0.0,0.0,0.0,0.5,0.4808057622667075,0.48412751000597687,2,4
mixed_groupcv_four_metric_majority_V7_logistic_505,mixed_groupcv,four_metric_majority,V7,logistic,505,bsds_254054,synthetic_bsds,,,,0.0,0.0,0.0,1.0,2.93408387429235e-07,0.0005004333196922338,0,4
mixed_groupcv_four_metric_majority_V7_logistic_505,mixed_groupcv,four_metric_majority,V7,logistic,505,bsds_27059,synthetic_bsds,,,,0.0,0.0,0.0,1.0,0.0033799197380698326,0.0356618714752058,0,4
mixed_groupcv_four_metric_majority_V7_logistic_505,mixed_groupcv,four_metric_majority,V7,logistic,505,bsds_271008,synthetic_bsds,,,,0.0,0.0,0.0,1.0,3.951261214827284e-06,0.0010953569536133842,0,4
mixed_groupcv_four_metric_majority_V7_logistic_505,mixed_groupcv,four_metric_majority,V7,logistic,505,bsds_274007,synthetic_bsds,,,,0.0,0.0,0.0,1.0,0.0024091026954171325,0.03146115970376254,0,4
mixed_groupcv_four_metric_majority_V7_logistic_505,mixed_groupcv,four_metric_majority,V7,logistic,505,bsds_286092,synthetic_bsds,,,,0.0,0.0,0.0,1.0,5.484729648416291e-06,0.0021082499912433504,0,4
mixed_groupcv_four_metric_majority_V7_logistic_505,mixed_groupcv,four_metric_majority,V7,logistic,505,bsds_309004,synthetic_bsds,,,,0.0,0.0,0.0,1.0,3.226197588701674e-05,0.003792247050061295,0,4
mixed_groupcv_four_metric_majority_V7_logistic_505,mixed_groupcv,four_metric_majority,V7,logistic,505,bsds_311081,synthetic_bsds,,,,0.0,0.0,0.0,1.0,9.582647933938569e-06,0.0022112701207708876,0,4
mixed_groupcv_four_metric_majority_V7_logistic_505,mixed_groupcv,four_metric_majority,V7,logistic,505,bsds_314016,synthetic_bsds,,,,0.0,0.0,0.0,1.0,4.548677228830556e-05,0.00607447663017599,0,4
mixed_groupcv_four_metric_majority_V7_logistic_505,mixed_groupcv,four_metric_majority,V7,logistic,505,bsds_323016,synthetic_bsds,,,,0.0,0.0,0.0,1.0,0.005133601888481434,0.04015409114642964,0,4
mixed_groupcv_four_metric_majority_V7_logistic_505,mixed_groupcv,four_metric_majority,V7,logistic,505,bsds_368078,synthetic_bsds,1.0,1.0,0.5,0.0,0.0,0.0,0.25,0.7479259359887642,0.7487584804016665,3,4
mixed_groupcv_four_metric_majority_V7_logistic_505,mixed_groupcv,four_metric_majority,V7,logistic,505,bsds_374020,synthetic_bsds,,,,0.0,0.0,0.0,1.0,2.4276800030240044e-07,0.0003820331199206001,0,4
mixed_groupcv_four_metric_majority_V7_logistic_505,mixed_groupcv,four_metric_majority,V7,logistic,505,bsds_385028,synthetic_bsds,,,,0.0,0.0,0.0,1.0,7.74931688157331e-06,0.0025724971304216496,0,4
mixed_groupcv_four_metric_majority_V7_logistic_505,mixed_groupcv,four_metric_majority,V7,logistic,505,bsds_41004,synthetic_bsds,0.75,0.8333333333333333,0.5,0.0,0.0,0.0,0.5,0.49662533370912115,0.496829857525105,2,4
mixed_groupcv_four_metric_majority_V7_logistic_505,mixed_groupcv,four_metric_majority,V7,logistic,505,bsds_45077,synthetic_bsds,,,,0.0,0.0,0.0,1.0,0.006429810705372473,0.05137010281102594,0,4
mixed_groupcv_four_metric_majority_V7_logistic_505,mixed_groupcv,four_metric_majority,V7,logistic,505,bsds_46076,synthetic_bsds,0.5,0.5833333333333333,0.5,0.0,0.0,0.0,0.5,0.49095094708634485,0.4894548098996586,2,4
mixed_groupcv_four_metric_majority_V7_logistic_505,mixed_groupcv,four_metric_majority,V7,logistic,505,bsds_59078,synthetic_bsds,,,,0.0,0.0,0.0,1.0,1.0707341150668804e-06,0.0008602529943144847,0,4
mixed_groupcv_four_metric_majority_V7_logistic_505,mixed_groupcv,four_metric_majority,V7,logistic,505,bsds_61086,synthetic_bsds,,,,0.0,0.0,0.0,1.0,6.823796361753788e-06,0.0020313629235063123,0,4
mixed_groupcv_four_metric_majority_V7_logistic_505,mixed_groupcv,four_metric_majority,V7,logistic,505,bsds_76002,synthetic_bsds,,,,0.0,0.0,0.0,1.0,3.260320627396649e-05,0.005024298143478285,0,4
mixed_groupcv_four_metric_majority_V7_logistic_505,mixed_groupcv,four_metric_majority,V7,logistic,505,bsds_80099,synthetic_bsds,,,,0.0,0.0,0.0,1.0,0.0005159564058560731,0.014704135583051123,0,4
mixed_groupcv_four_metric_majority_V7_logistic_505,mixed_groupcv,four_metric_majority,V7,logistic,505,bsds_92059,synthetic_bsds,,,,0.0,0.0,0.0,1.0,2.6344012348879694e-06,0.0014516232340251092,0,4
mixed_groupcv_four_metric_majority_V7_mlp_505,mixed_groupcv,four_metric_majority,V7,mlp,505,case1,real_csig,,,,0.0,0.0,0.0,1.0,0.007210757939185055,0.06490139374606466,0,192
mixed_groupcv_four_metric_majority_V7_mlp_505,mixed_groupcv,four_metric_majority,V7,mlp,505,case2,real_csig,,,,0.0,0.0,0.0,1.0,0.020100287146859946,0.10099372455200258,0,192
mixed_groupcv_four_metric_majority_V7_mlp_505,mixed_groupcv,four_metric_majority,V7,mlp,505,case3,real_csig,,,,0.0,0.0,0.0,1.0,0.020018802789766282,0.10777449500710645,0,192
mixed_groupcv_four_metric_majority_V7_mlp_505,mixed_groupcv,four_metric_majority,V7,mlp,505,case4,real_csig,0.40314136125654454,0.008695652173913044,0.5,0.0,0.0,0.0,0.9947916666666666,0.0053073795813526935,0.001573076756964535,1,192
mixed_groupcv_four_metric_majority_V7_mlp_505,mixed_groupcv,four_metric_majority,V7,mlp,505,case5,real_csig,0.5283422459893048,0.034735485610142613,0.5,0.0,0.0,0.0,0.9739583333333334,0.02590480291026521,0.005652416867330128,5,192
mixed_groupcv_four_metric_majority_V7_mlp_505,mixed_groupcv,four_metric_majority,V7,mlp,505,bsds_100098,synthetic_bsds,1.0,1.0,0.5,0.0,0.0,0.0,0.75,0.21132906607441793,0.19694158481433988,1,4
mixed_groupcv_four_metric_majority_V7_mlp_505,mixed_groupcv,four_metric_majority,V7,mlp,505,bsds_106025,synthetic_bsds,,,,0.0,0.0,0.0,1.0,0.08798020141432797,0.25563785806298256,0,4
mixed_groupcv_four_metric_majority_V7_mlp_505,mixed_groupcv,four_metric_majority,V7,mlp,505,bsds_112082,synthetic_bsds,,,,0.0,0.0,0.0,1.0,0.0029033329245442387,0.04232523823156953,0,4
mixed_groupcv_four_metric_majority_V7_mlp_505,mixed_groupcv,four_metric_majority,V7,mlp,505,bsds_138078,synthetic_bsds,,,,0.0,0.0,0.0,1.0,0.047989290582938215,0.19472559541463852,0,4
mixed_groupcv_four_metric_majority_V7_mlp_505,mixed_groupcv,four_metric_majority,V7,mlp,505,bsds_140055,synthetic_bsds,,,,0.0,0.0,0.0,1.0,0.031980778580891475,0.13364131096750498,0,4
mixed_groupcv_four_metric_majority_V7_mlp_505,mixed_groupcv,four_metric_majority,V7,mlp,505,bsds_147021,synthetic_bsds,0.33333333333333337,0.3333333333333333,0.5,0.0,0.0,0.0,0.75,0.21473529656641327,0.1695248894393444,1,4
mixed_groupcv_four_metric_majority_V7_mlp_505,mixed_groupcv,four_metric_majority,V7,mlp,505,bsds_153077,synthetic_bsds,,,,0.0,0.0,0.0,0.5,0.28106622729511876,0.5008723735809326,0,4
mixed_groupcv_four_metric_majority_V7_mlp_505,mixed_groupcv,four_metric_majority,V7,mlp,505,bsds_159029,synthetic_bsds,,,,0.0,0.0,0.0,1.0,0.03163396718208028,0.15740048233419657,0,4
mixed_groupcv_four_metric_majority_V7_mlp_505,mixed_groupcv,four_metric_majority,V7,mlp,505,bsds_159045,synthetic_bsds,,,,0.0,0.0,0.0,1.0,0.02024428200219182,0.13639037497341633,0,4
mixed_groupcv_four_metric_majority_V7_mlp_505,mixed_groupcv,four_metric_majority,V7,mlp,505,bsds_159091,synthetic_bsds,,,,0.0,0.0,0.0,1.0,0.03284261318762771,0.170388825237751,0,4
mixed_groupcv_four_metric_majority_V7_mlp_505,mixed_groupcv,four_metric_majority,V7,mlp,505,bsds_164074,synthetic_bsds,,,,0.0,0.0,0.0,1.0,0.07781447609105929,0.27528464049100876,0,4
mixed_groupcv_four_metric_majority_V7_mlp_505,mixed_groupcv,four_metric_majority,V7,mlp,505,bsds_166081,synthetic_bsds,,,,0.0,0.0,0.0,1.0,0.008463243292744635,0.07573834038339555,0,4
mixed_groupcv_four_metric_majority_V7_mlp_505,mixed_groupcv,four_metric_majority,V7,mlp,505,bsds_176039,synthetic_bsds,1.0,1.0,0.5,0.0,0.0,0.0,0.5,0.16207210724070803,0.32889049290679395,2,4
mixed_groupcv_four_metric_majority_V7_mlp_505,mixed_groupcv,four_metric_majority,V7,mlp,505,bsds_183055,synthetic_bsds,,,,0.0,0.0,0.0,1.0,0.05615166121345817,0.22033401019871235,0,4
mixed_groupcv_four_metric_majority_V7_mlp_505,mixed_groupcv,four_metric_majority,V7,mlp,505,bsds_187029,synthetic_bsds,,,,0.0,0.0,0.0,1.0,0.024184405488497294,0.14306666236370802,0,4
mixed_groupcv_four_metric_majority_V7_mlp_505,mixed_groupcv,four_metric_majority,V7,mlp,505,bsds_188063,synthetic_bsds,,,,0.0,0.0,0.0,1.0,0.06586125656397454,0.21147032175213099,0,4
mixed_groupcv_four_metric_majority_V7_mlp_505,mixed_groupcv,four_metric_majority,V7,mlp,505,bsds_198023,synthetic_bsds,0.0,0.6388888888888888,0.16666666666666666,0.5,0.3333333333333333,0.4,0.25,0.6491624307458812,0.7836337620392442,3,4
mixed_groupcv_four_metric_majority_V7_mlp_505,mixed_groupcv,four_metric_majority,V7,mlp,505,bsds_198054,synthetic_bsds,0.0,0.25,0.5,0.0,0.0,0.0,0.75,0.21192674888728075,0.19314055517315865,1,4
mixed_groupcv_four_metric_majority_V7_mlp_505,mixed_groupcv,four_metric_majority,V7,mlp,505,bsds_20008,synthetic_bsds,,,,0.0,0.0,0.0,0.0,0.5139931196702374,0.7018443644046783,0,4
mixed_groupcv_four_metric_majority_V7_mlp_505,mixed_groupcv,four_metric_majority,V7,mlp,505,bsds_216041,synthetic_bsds,,,,0.0,0.0,0.0,1.0,0.0033395716241735366,0.04712185135576874,0,4
mixed_groupcv_four_metric_majority_V7_mlp_505,mixed_groupcv,four_metric_majority,V7,mlp,505,bsds_225017,synthetic_bsds,0.0,0.41666666666666663,0.5,0.0,0.0,0.0,0.5,0.3435944397659132,0.2571633532643318,2,4
mixed_groupcv_four_metric_majority_V7_mlp_505,mixed_groupcv,four_metric_majority,V7,mlp,505,bsds_23025,synthetic_bsds,,,,0.0,0.0,0.0,1.0,0.03874008241958078,0.16116795130074024,0,4
mixed_groupcv_four_metric_majority_V7_mlp_505,mixed_groupcv,four_metric_majority,V7,mlp,505,bsds_23080,synthetic_bsds,,,,0.0,0.0,0.0,1.0,0.011361024772077906,0.0897341538220644,0,4
mixed_groupcv_four_metric_majority_V7_mlp_505,mixed_groupcv,four_metric_majority,V7,mlp,505,bsds_231015,synthetic_bsds,,,,0.0,0.0,0.0,1.0,0.02183114349385943,0.10956714348867536,0,4
mixed_groupcv_four_metric_majority_V7_mlp_505,mixed_groupcv,four_metric_majority,V7,mlp,505,bsds_236017,synthetic_bsds,,,,0.0,0.0,0.0,1.0,0.021406215071022756,0.09167092415736988,0,4
mixed_groupcv_four_metric_majority_V7_mlp_505,mixed_groupcv,four_metric_majority,V7,mlp,505,bsds_245051,synthetic_bsds,0.33333333333333337,0.3333333333333333,0.5,0.0,0.0,0.0,0.75,0.24259265816202663,0.2021729019470513,1,4
mixed_groupcv_four_metric_majority_V7_mlp_505,mixed_groupcv,four_metric_majority,V7,mlp,505,bsds_246016,synthetic_bsds,,,,0.0,0.0,0.0,0.75,0.17697889128610728,0.3534928075969219,0,4
mixed_groupcv_four_metric_majority_V7_mlp_505,mixed_groupcv,four_metric_majority,V7,mlp,505,bsds_249061,synthetic_bsds,0.25,0.5,0.5,0.0,0.0,0.0,0.5,0.43517361781461134,0.4913175655528903,2,4
mixed_groupcv_four_metric_majority_V7_mlp_505,mixed_groupcv,four_metric_majority,V7,mlp,505,bsds_25098,synthetic_bsds,,,,0.0,0.0,0.0,1.0,0.03332935033206183,0.16422474011778831,0,4
mixed_groupcv_four_metric_majority_V7_mlp_505,mixed_groupcv,four_metric_majority,V7,mlp,505,bsds_253036,synthetic_bsds,0.0,0.41666666666666663,0.5,0.0,0.0,0.0,0.5,0.3026523792242679,0.3395528718829155,2,4
mixed_groupcv_four_metric_majority_V7_mlp_505,mixed_groupcv,four_metric_majority,V7,mlp,505,bsds_254054,synthetic_bsds,,,,0.0,0.0,0.0,1.0,0.006963480519326327,0.07180477911606431,0,4
mixed_groupcv_four_metric_majority_V7_mlp_505,mixed_groupcv,four_metric_majority,V7,mlp,505,bsds_27059,synthetic_bsds,,,,0.0,0.0,0.0,1.0,0.06693353183836716,0.19342249538749456,0,4
mixed_groupcv_four_metric_majority_V7_mlp_505,mixed_groupcv,four_metric_majority,V7,mlp,505,bsds_271008,synthetic_bsds,,,,0.0,0.0,0.0,1.0,0.005955582310426117,0.06724442495033145,0,4
mixed_groupcv_four_metric_majority_V7_mlp_505,mixed_groupcv,four_metric_majority,V7,mlp,505,bsds_274007,synthetic_bsds,,,,0.0,0.0,0.0,0.75,0.13402610098659506,0.31831484474241734,0,4
mixed_groupcv_four_metric_majority_V7_mlp_505,mixed_groupcv,four_metric_majority,V7,mlp,505,bsds_286092,synthetic_bsds,,,,0.0,0.0,0.0,1.0,0.052774952549517376,0.2146057914942503,0,4
mixed_groupcv_four_metric_majority_V7_mlp_505,mixed_groupcv,four_metric_majority,V7,mlp,505,bsds_309004,synthetic_bsds,,,,0.0,0.0,0.0,1.0,0.08585514062999734,0.22195593174546957,0,4
mixed_groupcv_four_metric_majority_V7_mlp_505,mixed_groupcv,four_metric_majority,V7,mlp,505,bsds_311081,synthetic_bsds,,,,0.0,0.0,0.0,1.0,0.04501982227747475,0.18804669752717018,0,4
mixed_groupcv_four_metric_majority_V7_mlp_505,mixed_groupcv,four_metric_majority,V7,mlp,505,bsds_314016,synthetic_bsds,,,,0.0,0.0,0.0,1.0,0.06980317867119906,0.24104003235697746,0,4
mixed_groupcv_four_metric_majority_V7_mlp_505,mixed_groupcv,four_metric_majority,V7,mlp,505,bsds_323016,synthetic_bsds,,,,0.0,0.0,0.0,1.0,0.019408140395877127,0.12207075953483582,0,4
mixed_groupcv_four_metric_majority_V7_mlp_505,mixed_groupcv,four_metric_majority,V7,mlp,505,bsds_368078,synthetic_bsds,0.3333333333333333,0.8055555555555556,0.5,0.0,0.0,0.0,0.25,0.44866381695858043,0.504723746329546,3,4
mixed_groupcv_four_metric_majority_V7_mlp_505,mixed_groupcv,four_metric_majority,V7,mlp,505,bsds_374020,synthetic_bsds,,,,0.0,0.0,0.0,1.0,0.000360231334202912,0.01867976621724665,0,4
mixed_groupcv_four_metric_majority_V7_mlp_505,mixed_groupcv,four_metric_majority,V7,mlp,505,bsds_385028,synthetic_bsds,,,,0.0,0.0,0.0,1.0,0.03303486844331338,0.13990910863503814,0,4
mixed_groupcv_four_metric_majority_V7_mlp_505,mixed_groupcv,four_metric_majority,V7,mlp,505,bsds_41004,synthetic_bsds,0.75,0.8333333333333333,0.5,0.0,0.0,0.0,0.5,0.3720055485807593,0.40939193405210966,2,4
mixed_groupcv_four_metric_majority_V7_mlp_505,mixed_groupcv,four_metric_majority,V7,mlp,505,bsds_45077,synthetic_bsds,,,,0.0,0.0,0.0,0.5,0.24362096245492504,0.47596967220306396,0,4
mixed_groupcv_four_metric_majority_V7_mlp_505,mixed_groupcv,four_metric_majority,V7,mlp,505,bsds_46076,synthetic_bsds,0.25,0.5,0.25,0.0,0.0,0.0,0.25,0.49961456214917843,0.5835441127419472,2,4
mixed_groupcv_four_metric_majority_V7_mlp_505,mixed_groupcv,four_metric_majority,V7,mlp,505,bsds_59078,synthetic_bsds,,,,0.0,0.0,0.0,1.0,0.0009600277772698045,0.029045497067272663,0,4
mixed_groupcv_four_metric_majority_V7_mlp_505,mixed_groupcv,four_metric_majority,V7,mlp,505,bsds_61086,synthetic_bsds,,,,0.0,0.0,0.0,1.0,0.008705844464577533,0.0811321884393692,0,4
mixed_groupcv_four_metric_majority_V7_mlp_505,mixed_groupcv,four_metric_majority,V7,mlp,505,bsds_76002,synthetic_bsds,,,,0.0,0.0,0.0,1.0,0.01216805869979018,0.10754867643117905,0,4
mixed_groupcv_four_metric_majority_V7_mlp_505,mixed_groupcv,four_metric_majority,V7,mlp,505,bsds_80099,synthetic_bsds,,,,0.0,0.0,0.0,1.0,0.033886848339880815,0.1541550187394023,0,4
mixed_groupcv_four_metric_majority_V7_mlp_505,mixed_groupcv,four_metric_majority,V7,mlp,505,bsds_92059,synthetic_bsds,,,,0.0,0.0,0.0,1.0,0.0025033654042455784,0.04352990444749594,0,4
mixed_groupcv_four_metric_majority_V7_mlp_506,mixed_groupcv,four_metric_majority,V7,mlp,506,case1,real_csig,,,,0.0,0.0,0.0,1.0,0.00678994952482553,0.06539618804041916,0,192
mixed_groupcv_four_metric_majority_V7_mlp_506,mixed_groupcv,four_metric_majority,V7,mlp,506,case2,real_csig,,,,0.0,0.0,0.0,0.9947916666666666,0.016852692668077703,0.08298460160100754,0,192
mixed_groupcv_four_metric_majority_V7_mlp_506,mixed_groupcv,four_metric_majority,V7,mlp,506,case3,real_csig,,,,0.0,0.0,0.0,0.9479166666666666,0.07170868578269961,0.21005110306517355,0,192
mixed_groupcv_four_metric_majority_V7_mlp_506,mixed_groupcv,four_metric_majority,V7,mlp,506,case4,real_csig,0.07853403141361259,0.005649717514124294,0.5,0.0,0.0,0.0,0.9947916666666666,0.005532076756454591,0.007952498960852001,1,192
mixed_groupcv_four_metric_majority_V7_mlp_506,mixed_groupcv,four_metric_majority,V7,mlp,506,case5,real_csig,0.6631016042780749,0.048549359137594436,0.5,0.0,0.0,0.0,0.9739583333333334,0.025685804089426726,0.009843302206718363,5,192
mixed_groupcv_four_metric_majority_V7_mlp_506,mixed_groupcv,four_metric_majority,V7,mlp,506,bsds_100098,synthetic_bsds,0.6666666666666667,0.5,0.5,0.0,0.0,0.0,0.75,0.22337775919448946,0.2052480042912066,1,4
mixed_groupcv_four_metric_majority_V7_mlp_506,mixed_groupcv,four_metric_majority,V7,mlp,506,bsds_106025,synthetic_bsds,,,,0.0,0.0,0.0,0.75,0.12005283876324674,0.2995067872107029,0,4
mixed_groupcv_four_metric_majority_V7_mlp_506,mixed_groupcv,four_metric_majority,V7,mlp,506,bsds_112082,synthetic_bsds,,,,0.0,0.0,0.0,1.0,0.003421171119666548,0.051730960607528687,0,4
mixed_groupcv_four_metric_majority_V7_mlp_506,mixed_groupcv,four_metric_majority,V7,mlp,506,bsds_138078,synthetic_bsds,,,,0.0,0.0,0.0,1.0,0.0636366029891621,0.21172809600830078,0,4
mixed_groupcv_four_metric_majority_V7_mlp_506,mixed_groupcv,four_metric_majority,V7,mlp,506,bsds_140055,synthetic_bsds,,,,0.0,0.0,0.0,1.0,0.045428288856108626,0.14493801863864064,0,4
mixed_groupcv_four_metric_majority_V7_mlp_506,mixed_groupcv,four_metric_majority,V7,mlp,506,bsds_147021,synthetic_bsds,1.0,1.0,0.5,0.0,0.0,0.0,0.75,0.19714581723768235,0.26971820555627346,1,4
mixed_groupcv_four_metric_majority_V7_mlp_506,mixed_groupcv,four_metric_majority,V7,mlp,506,bsds_153077,synthetic_bsds,,,,0.0,0.0,0.0,0.5,0.22590774072314823,0.4618077054619789,0,4
mixed_groupcv_four_metric_majority_V7_mlp_506,mixed_groupcv,four_metric_majority,V7,mlp,506,bsds_159029,synthetic_bsds,,,,0.0,0.0,0.0,1.0,0.034276422459185676,0.1424251045100391,0,4
mixed_groupcv_four_metric_majority_V7_mlp_506,mixed_groupcv,four_metric_majority,V7,mlp,506,bsds_159045,synthetic_bsds,,,,0.0,0.0,0.0,1.0,0.02342981231238206,0.14501213282346725,0,4
mixed_groupcv_four_metric_majority_V7_mlp_506,mixed_groupcv,four_metric_majority,V7,mlp,506,bsds_159091,synthetic_bsds,,,,0.0,0.0,0.0,1.0,0.02682183622546439,0.1480616582557559,0,4
mixed_groupcv_four_metric_majority_V7_mlp_506,mixed_groupcv,four_metric_majority,V7,mlp,506,bsds_164074,synthetic_bsds,,,,0.0,0.0,0.0,1.0,0.09916817878616113,0.3066706359386444,0,4
mixed_groupcv_four_metric_majority_V7_mlp_506,mixed_groupcv,four_metric_majority,V7,mlp,506,bsds_166081,synthetic_bsds,,,,0.0,0.0,0.0,1.0,0.007878371720261616,0.07892964407801628,0,4
mixed_groupcv_four_metric_majority_V7_mlp_506,mixed_groupcv,four_metric_majority,V7,mlp,506,bsds_176039,synthetic_bsds,0.75,0.8333333333333333,0.5,0.0,0.0,0.0,0.5,0.23281960312846753,0.23121823323890567,2,4
mixed_groupcv_four_metric_majority_V7_mlp_506,mixed_groupcv,four_metric_majority,V7,mlp,506,bsds_183055,synthetic_bsds,,,,0.0,0.0,0.0,1.0,0.047043115756033815,0.2063438966870308,0,4
mixed_groupcv_four_metric_majority_V7_mlp_506,mixed_groupcv,four_metric_majority,V7,mlp,506,bsds_187029,synthetic_bsds,,,,0.0,0.0,0.0,1.0,0.019799443862394572,0.11739512672647834,0,4
mixed_groupcv_four_metric_majority_V7_mlp_506,mixed_groupcv,four_metric_majority,V7,mlp,506,bsds_188063,synthetic_bsds,,,,0.0,0.0,0.0,1.0,0.060322044739457105,0.20041610789485276,0,4
mixed_groupcv_four_metric_majority_V7_mlp_506,mixed_groupcv,four_metric_majority,V7,mlp,506,bsds_198023,synthetic_bsds,0.0,0.6388888888888888,0.16666666666666666,0.5,0.3333333333333333,0.4,0.25,0.639840443189942,0.7686732364818454,3,4
mixed_groupcv_four_metric_majority_V7_mlp_506,mixed_groupcv,four_metric_majority,V7,mlp,506,bsds_198054,synthetic_bsds,0.0,0.25,0.5,0.0,0.0,0.0,0.75,0.22318638187589995,0.3054198585450649,1,4
mixed_groupcv_four_metric_majority_V7_mlp_506,mixed_groupcv,four_metric_majority,V7,mlp,506,bsds_20008,synthetic_bsds,,,,0.0,0.0,0.0,0.25,0.38050976650381707,0.5858064964413643,0,4
mixed_groupcv_four_metric_majority_V7_mlp_506,mixed_groupcv,four_metric_majority,V7,mlp,506,bsds_216041,synthetic_bsds,,,,0.0,0.0,0.0,1.0,0.000429034264368861,0.017630656861001626,0,4
mixed_groupcv_four_metric_majority_V7_mlp_506,mixed_groupcv,four_metric_majority,V7,mlp,506,bsds_225017,synthetic_bsds,0.25,0.5,0.5,0.0,0.0,0.0,0.5,0.32736842924701337,0.5347676277160645,2,4
mixed_groupcv_four_metric_majority_V7_mlp_506,mixed_groupcv,four_metric_majority,V7,mlp,506,bsds_23025,synthetic_bsds,,,,0.0,0.0,0.0,1.0,0.01219270720793126,0.08810238912701607,0,4
mixed_groupcv_four_metric_majority_V7_mlp_506,mixed_groupcv,four_metric_majority,V7,mlp,506,bsds_23080,synthetic_bsds,,,,0.0,0.0,0.0,1.0,0.010323499886323514,0.08964147977530956,0,4
mixed_groupcv_four_metric_majority_V7_mlp_506,mixed_groupcv,four_metric_majority,V7,mlp,506,bsds_231015,synthetic_bsds,,,,0.0,0.0,0.0,1.0,0.0250435782304115,0.10608295863494277,0,4
mixed_groupcv_four_metric_majority_V7_mlp_506,mixed_groupcv,four_metric_majority,V7,mlp,506,bsds_236017,synthetic_bsds,,,,0.0,0.0,0.0,1.0,0.06079611207405937,0.1333094421570422,0,4
mixed_groupcv_four_metric_majority_V7_mlp_506,mixed_groupcv,four_metric_majority,V7,mlp,506,bsds_245051,synthetic_bsds,0.0,0.25,0.5,0.0,0.0,0.0,0.75,0.24569745036972085,0.21068221679888666,1,4
mixed_groupcv_four_metric_majority_V7_mlp_506,mixed_groupcv,four_metric_majority,V7,mlp,506,bsds_246016,synthetic_bsds,,,,0.0,0.0,0.0,0.75,0.11328508580261447,0.2452569347806275,0,4
mixed_groupcv_four_metric_majority_V7_mlp_506,mixed_groupcv,four_metric_majority,V7,mlp,506,bsds_249061,synthetic_bsds,0.0,0.41666666666666663,0.5,0.0,0.0,0.0,0.5,0.4740160995739037,0.4466203008778393,2,4
mixed_groupcv_four_metric_majority_V7_mlp_506,mixed_groupcv,four_metric_majority,V7,mlp,506,bsds_25098,synthetic_bsds,,,,0.0,0.0,0.0,1.0,0.02401276356496669,0.13304555229842663,0,4
mixed_groupcv_four_metric_majority_V7_mlp_506,mixed_groupcv,four_metric_majority,V7,mlp,506,bsds_253036,synthetic_bsds,0.0,0.41666666666666663,0.5,0.0,0.0,0.0,0.5,0.329177246004001,0.3647022768855095,2,4
mixed_groupcv_four_metric_majority_V7_mlp_506,mixed_groupcv,four_metric_majority,V7,mlp,506,bsds_254054,synthetic_bsds,,,,0.0,0.0,0.0,1.0,0.014928684944245837,0.09238768904469907,0,4
mixed_groupcv_four_metric_majority_V7_mlp_506,mixed_groupcv,four_metric_majority,V7,mlp,506,bsds_27059,synthetic_bsds,,,,0.0,0.0,0.0,0.75,0.13608692987489646,0.27024848759174347,0,4
mixed_groupcv_four_metric_majority_V7_mlp_506,mixed_groupcv,four_metric_majority,V7,mlp,506,bsds_271008,synthetic_bsds,,,,0.0,0.0,0.0,1.0,0.013577552794825278,0.08854232495650649,0,4
mixed_groupcv_four_metric_majority_V7_mlp_506,mixed_groupcv,four_metric_majority,V7,mlp,506,bsds_274007,synthetic_bsds,,,,0.0,0.0,0.0,0.75,0.1428592786175813,0.3334307447075844,0,4
mixed_groupcv_four_metric_majority_V7_mlp_506,mixed_groupcv,four_metric_majority,V7,mlp,506,bsds_286092,synthetic_bsds,,,,0.0,0.0,0.0,1.0,0.07074753833462966,0.25046591460704803,0,4
mixed_groupcv_four_metric_majority_V7_mlp_506,mixed_groupcv,four_metric_majority,V7,mlp,506,bsds_309004,synthetic_bsds,,,,0.0,0.0,0.0,0.75,0.11586530347310667,0.2549940715543926,0,4
mixed_groupcv_four_metric_majority_V7_mlp_506,mixed_groupcv,four_metric_majority,V7,mlp,506,bsds_311081,synthetic_bsds,,,,0.0,0.0,0.0,1.0,0.0438983950932047,0.18249764572829008,0,4
mixed_groupcv_four_metric_majority_V7_mlp_506,mixed_groupcv,four_metric_majority,V7,mlp,506,bsds_314016,synthetic_bsds,,,,0.0,0.0,0.0,1.0,0.11056065030413531,0.2925640344619751,0,4
mixed_groupcv_four_metric_majority_V7_mlp_506,mixed_groupcv,four_metric_majority,V7,mlp,506,bsds_323016,synthetic_bsds,,,,0.0,0.0,0.0,1.0,0.028390385607336463,0.1269936691969633,0,4
mixed_groupcv_four_metric_majority_V7_mlp_506,mixed_groupcv,four_metric_majority,V7,mlp,506,bsds_368078,synthetic_bsds,1.0,1.0,0.5,0.0,0.0,0.0,0.25,0.5266487620143399,0.6472129765897989,3,4
mixed_groupcv_four_metric_majority_V7_mlp_506,mixed_groupcv,four_metric_majority,V7,mlp,506,bsds_374020,synthetic_bsds,,,,0.0,0.0,0.0,1.0,0.0002954925057990134,0.016878869384527206,0,4
mixed_groupcv_four_metric_majority_V7_mlp_506,mixed_groupcv,four_metric_majority,V7,mlp,506,bsds_385028,synthetic_bsds,,,,0.0,0.0,0.0,1.0,0.019849350075303755,0.1151573983952403,0,4
mixed_groupcv_four_metric_majority_V7_mlp_506,mixed_groupcv,four_metric_majority,V7,mlp,506,bsds_41004,synthetic_bsds,1.0,1.0,0.5,0.0,0.0,0.0,0.5,0.32177657404076937,0.47769610956311226,2,4
mixed_groupcv_four_metric_majority_V7_mlp_506,mixed_groupcv,four_metric_majority,V7,mlp,506,bsds_45077,synthetic_bsds,,,,0.0,0.0,0.0,0.75,0.286763866836532,0.46906046010553837,0,4
mixed_groupcv_four_metric_majority_V7_mlp_506,mixed_groupcv,four_metric_majority,V7,mlp,506,bsds_46076,synthetic_bsds,0.0,0.41666666666666663,0.25,0.0,0.0,0.0,0.25,0.48940526053063366,0.6231165360659361,2,4
mixed_groupcv_four_metric_majority_V7_mlp_506,mixed_groupcv,four_metric_majority,V7,mlp,506,bsds_59078,synthetic_bsds,,,,0.0,0.0,0.0,1.0,0.001008411334439967,0.029165866319090128,0,4
mixed_groupcv_four_metric_majority_V7_mlp_506,mixed_groupcv,four_metric_majority,V7,mlp,506,bsds_61086,synthetic_bsds,,,,0.0,0.0,0.0,1.0,0.007873269803359208,0.08227285789325833,0,4
mixed_groupcv_four_metric_majority_V7_mlp_506,mixed_groupcv,four_metric_majority,V7,mlp,506,bsds_76002,synthetic_bsds,,,,0.0,0.0,0.0,1.0,0.008055249617009794,0.08312438149005175,0,4
mixed_groupcv_four_metric_majority_V7_mlp_506,mixed_groupcv,four_metric_majority,V7,mlp,506,bsds_80099,synthetic_bsds,,,,0.0,0.0,0.0,1.0,0.025259291289395233,0.12419137544929981,0,4
mixed_groupcv_four_metric_majority_V7_mlp_506,mixed_groupcv,four_metric_majority,V7,mlp,506,bsds_92059,synthetic_bsds,,,,0.0,0.0,0.0,1.0,0.0029720735319111713,0.0425737762125209,0,4
mixed_groupcv_four_metric_majority_V7_mlp_507,mixed_groupcv,four_metric_majority,V7,mlp,507,case1,real_csig,,,,0.0,0.0,0.0,1.0,0.016394113896263603,0.11069758057904741,0,192
mixed_groupcv_four_metric_majority_V7_mlp_507,mixed_groupcv,four_metric_majority,V7,mlp,507,case2,real_csig,,,,0.0,0.0,0.0,1.0,0.02881892533400933,0.1368149560148595,0,192
mixed_groupcv_four_metric_majority_V7_mlp_507,mixed_groupcv,four_metric_majority,V7,mlp,507,case3,real_csig,,,,0.0,0.0,0.0,1.0,0.042303260794509245,0.17654995757038708,0,192
mixed_groupcv_four_metric_majority_V7_mlp_507,mixed_groupcv,four_metric_majority,V7,mlp,507,case4,real_csig,0.16230366492146597,0.006211180124223602,0.5,0.0,0.0,0.0,0.9947916666666666,0.008230688417997706,0.04367862575357624,1,192
mixed_groupcv_four_metric_majority_V7_mlp_507,mixed_groupcv,four_metric_majority,V7,mlp,507,case5,real_csig,0.8192513368983958,0.13249963508976792,0.5,0.0,0.0,0.0,0.9739583333333334,0.02736223530535052,0.0532429838834408,5,192
mixed_groupcv_four_metric_majority_V7_mlp_507,mixed_groupcv,four_metric_majority,V7,mlp,507,bsds_100098,synthetic_bsds,1.0,1.0,0.5,0.0,0.0,0.0,0.75,0.1553853418227265,0.28135507367551327,1,4
mixed_groupcv_four_metric_majority_V7_mlp_507,mixed_groupcv,four_metric_majority,V7,mlp,507,bsds_106025,synthetic_bsds,,,,0.0,0.0,0.0,0.5,0.20702391909792306,0.4452308863401413,0,4
mixed_groupcv_four_metric_majority_V7_mlp_507,mixed_groupcv,four_metric_majority,V7,mlp,507,bsds_112082,synthetic_bsds,,,,0.0,0.0,0.0,1.0,0.014504556952011888,0.11887425184249878,0,4
mixed_groupcv_four_metric_majority_V7_mlp_507,mixed_groupcv,four_metric_majority,V7,mlp,507,bsds_138078,synthetic_bsds,,,,0.0,0.0,0.0,1.0,0.099653821297303,0.28907749615609646,0,4
mixed_groupcv_four_metric_majority_V7_mlp_507,mixed_groupcv,four_metric_majority,V7,mlp,507,bsds_140055,synthetic_bsds,,,,0.0,0.0,0.0,0.75,0.10144027162250052,0.27588436380028725,0,4
mixed_groupcv_four_metric_majority_V7_mlp_507,mixed_groupcv,four_metric_majority,V7,mlp,507,bsds_147021,synthetic_bsds,0.6666666666666667,0.5,0.5,0.0,0.0,0.0,0.75,0.1890928995216628,0.14553124085068703,1,4
mixed_groupcv_four_metric_majority_V7_mlp_507,mixed_groupcv,four_metric_majority,V7,mlp,507,bsds_153077,synthetic_bsds,,,,0.0,0.0,0.0,0.5,0.2753288472372797,0.5004707649350166,0,4
mixed_groupcv_four_metric_majority_V7_mlp_507,mixed_groupcv,four_metric_majority,V7,mlp,507,bsds_159029,synthetic_bsds,,,,0.0,0.0,0.0,1.0,0.04565697566903465,0.2069850154221058,0,4
mixed_groupcv_four_metric_majority_V7_mlp_507,mixed_groupcv,four_metric_majority,V7,mlp,507,bsds_159045,synthetic_bsds,,,,0.0,0.0,0.0,1.0,0.12549799082513813,0.3374057114124298,0,4
mixed_groupcv_four_metric_majority_V7_mlp_507,mixed_groupcv,four_metric_majority,V7,mlp,507,bsds_159091,synthetic_bsds,,,,0.0,0.0,0.0,1.0,0.049201370170546765,0.21483660861849785,0,4
mixed_groupcv_four_metric_majority_V7_mlp_507,mixed_groupcv,four_metric_majority,V7,mlp,507,bsds_164074,synthetic_bsds,,,,0.0,0.0,0.0,1.0,0.10020010535750484,0.3105149380862713,0,4
mixed_groupcv_four_metric_majority_V7_mlp_507,mixed_groupcv,four_metric_majority,V7,mlp,507,bsds_166081,synthetic_bsds,,,,0.0,0.0,0.0,1.0,0.03784188107874403,0.1847194917500019,0,4
mixed_groupcv_four_metric_majority_V7_mlp_507,mixed_groupcv,four_metric_majority,V7,mlp,507,bsds_176039,synthetic_bsds,1.0,1.0,1.0,1.0,1.0,1.0,1.0,0.13356652869635105,0.3439032547175884,2,4
mixed_groupcv_four_metric_majority_V7_mlp_507,mixed_groupcv,four_metric_majority,V7,mlp,507,bsds_183055,synthetic_bsds,,,,0.0,0.0,0.0,1.0,0.09086890391873603,0.290082149207592,0,4
mixed_groupcv_four_metric_majority_V7_mlp_507,mixed_groupcv,four_metric_majority,V7,mlp,507,bsds_187029,synthetic_bsds,,,,0.0,0.0,0.0,1.0,0.08914540600766852,0.27560678869485855,0,4
mixed_groupcv_four_metric_majority_V7_mlp_507,mixed_groupcv,four_metric_majority,V7,mlp,507,bsds_188063,synthetic_bsds,,,,0.0,0.0,0.0,1.0,0.08205307976322475,0.25022618286311626,0,4
mixed_groupcv_four_metric_majority_V7_mlp_507,mixed_groupcv,four_metric_majority,V7,mlp,507,bsds_198023,synthetic_bsds,0.0,0.6388888888888888,0.16666666666666666,0.5,0.3333333333333333,0.4,0.25,0.5293013255181765,0.5018913168460131,3,4
mixed_groupcv_four_metric_majority_V7_mlp_507,mixed_groupcv,four_metric_majority,V7,mlp,507,bsds_198054,synthetic_bsds,0.0,0.25,0.5,0.0,0.0,0.0,0.75,0.28522619153357504,0.4857434816658497,1,4
mixed_groupcv_four_metric_majority_V7_mlp_507,mixed_groupcv,four_metric_majority,V7,mlp,507,bsds_20008,synthetic_bsds,,,,0.0,0.0,0.0,0.0,0.6237610478078137,0.783593013882637,0,4
mixed_groupcv_four_metric_majority_V7_mlp_507,mixed_groupcv,four_metric_majority,V7,mlp,507,bsds_216041,synthetic_bsds,,,,0.0,0.0,0.0,1.0,0.021341166700810488,0.13116852520033717,0,4
mixed_groupcv_four_metric_majority_V7_mlp_507,mixed_groupcv,four_metric_majority,V7,mlp,507,bsds_225017,synthetic_bsds,0.0,0.41666666666666663,0.25,0.0,0.0,0.0,0.25,0.3398974103383672,0.5760126784443855,2,4
mixed_groupcv_four_metric_majority_V7_mlp_507,mixed_groupcv,four_metric_majority,V7,mlp,507,bsds_23025,synthetic_bsds,,,,0.0,0.0,0.0,1.0,0.04856243342177709,0.19564512185752392,0,4
mixed_groupcv_four_metric_majority_V7_mlp_507,mixed_groupcv,four_metric_majority,V7,mlp,507,bsds_23080,synthetic_bsds,,,,0.0,0.0,0.0,1.0,0.03392436992737019,0.16241103131324053,0,4
mixed_groupcv_four_metric_majority_V7_mlp_507,mixed_groupcv,four_metric_majority,V7,mlp,507,bsds_231015,synthetic_bsds,,,,0.0,0.0,0.0,1.0,0.08297260429232324,0.25110465474426746,0,4
mixed_groupcv_four_metric_majority_V7_mlp_507,mixed_groupcv,four_metric_majority,V7,mlp,507,bsds_236017,synthetic_bsds,,,,0.0,0.0,0.0,0.75,0.09783823293489285,0.2079635316040367,0,4
mixed_groupcv_four_metric_majority_V7_mlp_507,mixed_groupcv,four_metric_majority,V7,mlp,507,bsds_245051,synthetic_bsds,0.0,0.25,0.5,0.0,0.0,0.0,0.75,0.233423874955635,0.3701810725033283,1,4
mixed_groupcv_four_metric_majority_V7_mlp_507,mixed_groupcv,four_metric_majority,V7,mlp,507,bsds_246016,synthetic_bsds,,,,0.0,0.0,0.0,0.5,0.23095063867310484,0.41305046528577805,0,4
mixed_groupcv_four_metric_majority_V7_mlp_507,mixed_groupcv,four_metric_majority,V7,mlp,507,bsds_249061,synthetic_bsds,0.75,0.8333333333333333,0.5,0.0,0.0,0.0,0.5,0.33214751566125933,0.30553971230983734,2,4
mixed_groupcv_four_metric_majority_V7_mlp_507,mixed_groupcv,four_metric_majority,V7,mlp,507,bsds_25098,synthetic_bsds,,,,0.0,0.0,0.0,1.0,0.09940354360976383,0.3005331717431545,0,4
mixed_groupcv_four_metric_majority_V7_mlp_507,mixed_groupcv,four_metric_majority,V7,mlp,507,bsds_253036,synthetic_bsds,0.25,0.5,0.5,0.5,1.0,0.6666666666666666,0.5,0.28902110580076634,0.09590248763561249,2,4
mixed_groupcv_four_metric_majority_V7_mlp_507,mixed_groupcv,four_metric_majority,V7,mlp,507,bsds_254054,synthetic_bsds,,,,0.0,0.0,0.0,1.0,0.02330645793466962,0.11790654016658664,0,4
mixed_groupcv_four_metric_majority_V7_mlp_507,mixed_groupcv,four_metric_majority,V7,mlp,507,bsds_27059,synthetic_bsds,,,,0.0,0.0,0.0,0.75,0.2277789233618442,0.4102760888636112,0,4
mixed_groupcv_four_metric_majority_V7_mlp_507,mixed_groupcv,four_metric_majority,V7,mlp,507,bsds_271008,synthetic_bsds,,,,0.0,0.0,0.0,1.0,0.027901155960880265,0.14413950871676207,0,4
mixed_groupcv_four_metric_majority_V7_mlp_507,mixed_groupcv,four_metric_majority,V7,mlp,507,bsds_274007,synthetic_bsds,,,,0.0,0.0,0.0,0.75,0.1933694247067113,0.40061475709080696,0,4
mixed_groupcv_four_metric_majority_V7_mlp_507,mixed_groupcv,four_metric_majority,V7,mlp,507,bsds_286092,synthetic_bsds,,,,0.0,0.0,0.0,1.0,0.13351061556322796,0.35679102689027786,0,4
mixed_groupcv_four_metric_majority_V7_mlp_507,mixed_groupcv,four_metric_majority,V7,mlp,507,bsds_309004,synthetic_bsds,,,,0.0,0.0,0.0,1.0,0.06443226113929633,0.21039722952991724,0,4
mixed_groupcv_four_metric_majority_V7_mlp_507,mixed_groupcv,four_metric_majority,V7,mlp,507,bsds_311081,synthetic_bsds,,,,0.0,0.0,0.0,1.0,0.05345187703284271,0.22494401037693024,0,4
mixed_groupcv_four_metric_majority_V7_mlp_507,mixed_groupcv,four_metric_majority,V7,mlp,507,bsds_314016,synthetic_bsds,,,,0.0,0.0,0.0,1.0,0.12047378199851866,0.3405349776148796,0,4
mixed_groupcv_four_metric_majority_V7_mlp_507,mixed_groupcv,four_metric_majority,V7,mlp,507,bsds_323016,synthetic_bsds,,,,0.0,0.0,0.0,1.0,0.05060094926360993,0.21126885898411274,0,4
mixed_groupcv_four_metric_majority_V7_mlp_507,mixed_groupcv,four_metric_majority,V7,mlp,507,bsds_368078,synthetic_bsds,0.6666666666666666,0.9166666666666665,0.5,0.0,0.0,0.0,0.25,0.33566717336817686,0.40885812789201736,3,4
mixed_groupcv_four_metric_majority_V7_mlp_507,mixed_groupcv,four_metric_majority,V7,mlp,507,bsds_374020,synthetic_bsds,,,,0.0,0.0,0.0,1.0,0.0055973298156015185,0.07333114091306925,0,4
mixed_groupcv_four_metric_majority_V7_mlp_507,mixed_groupcv,four_metric_majority,V7,mlp,507,bsds_385028,synthetic_bsds,,,,0.0,0.0,0.0,1.0,0.11390825145779987,0.32349637523293495,0,4
mixed_groupcv_four_metric_majority_V7_mlp_507,mixed_groupcv,four_metric_majority,V7,mlp,507,bsds_41004,synthetic_bsds,1.0,1.0,0.5,0.0,0.0,0.0,0.5,0.2512746143234663,0.4430920034646988,2,4
mixed_groupcv_four_metric_majority_V7_mlp_507,mixed_groupcv,four_metric_majority,V7,mlp,507,bsds_45077,synthetic_bsds,,,,0.0,0.0,0.0,0.25,0.40573317941212483,0.6229260116815567,0,4
mixed_groupcv_four_metric_majority_V7_mlp_507,mixed_groupcv,four_metric_majority,V7,mlp,507,bsds_46076,synthetic_bsds,0.25,0.5,0.25,0.0,0.0,0.0,0.25,0.39187577716683686,0.4400056302547455,2,4
mixed_groupcv_four_metric_majority_V7_mlp_507,mixed_groupcv,four_metric_majority,V7,mlp,507,bsds_59078,synthetic_bsds,,,,0.0,0.0,0.0,1.0,0.03016623655211842,0.1708196885883808,0,4
mixed_groupcv_four_metric_majority_V7_mlp_507,mixed_groupcv,four_metric_majority,V7,mlp,507,bsds_61086,synthetic_bsds,,,,0.0,0.0,0.0,1.0,0.02403970107006037,0.15085794031620026,0,4
mixed_groupcv_four_metric_majority_V7_mlp_507,mixed_groupcv,four_metric_majority,V7,mlp,507,bsds_76002,synthetic_bsds,,,,0.0,0.0,0.0,1.0,0.05313442220373216,0.2283051498234272,0,4
mixed_groupcv_four_metric_majority_V7_mlp_507,mixed_groupcv,four_metric_majority,V7,mlp,507,bsds_80099,synthetic_bsds,,,,0.0,0.0,0.0,1.0,0.04162641084549773,0.18789958581328392,0,4
mixed_groupcv_four_metric_majority_V7_mlp_507,mixed_groupcv,four_metric_majority,V7,mlp,507,bsds_92059,synthetic_bsds,,,,0.0,0.0,0.0,1.0,0.028681044359548186,0.14010851457715034,0,4
synthetic_only_psnr_benefit_V1_logistic_505,synthetic_only,psnr_benefit,V1,logistic,505,bsds_100098,synthetic_bsds,,,,0.0,0.0,0.0,1.0,0.00040101629955612033,0.013273315575907933,0,4
synthetic_only_psnr_benefit_V1_logistic_505,synthetic_only,psnr_benefit,V1,logistic,505,bsds_106025,synthetic_bsds,,,,0.0,0.0,0.0,1.0,3.0216515229001512e-05,0.003926081674779281,0,4
synthetic_only_psnr_benefit_V1_logistic_505,synthetic_only,psnr_benefit,V1,logistic,505,bsds_112082,synthetic_bsds,,,,0.0,0.0,0.0,1.0,3.4609299608073083e-07,0.0005651707413095242,0,4
synthetic_only_psnr_benefit_V1_logistic_505,synthetic_only,psnr_benefit,V1,logistic,505,bsds_138078,synthetic_bsds,,,,0.0,0.0,0.0,1.0,5.5293609348400745e-05,0.0061931613285418,0,4
synthetic_only_psnr_benefit_V1_logistic_505,synthetic_only,psnr_benefit,V1,logistic,505,bsds_140055,synthetic_bsds,,,,0.0,0.0,0.0,1.0,9.29613686369412e-06,0.002765813736942918,0,4
synthetic_only_psnr_benefit_V1_logistic_505,synthetic_only,psnr_benefit,V1,logistic,505,bsds_147021,synthetic_bsds,,,,0.0,0.0,0.0,1.0,1.7598881250692245e-05,0.0027498861697307407,0,4
synthetic_only_psnr_benefit_V1_logistic_505,synthetic_only,psnr_benefit,V1,logistic,505,bsds_153077,synthetic_bsds,,,,0.0,0.0,0.0,1.0,7.439220547763287e-07,0.0008449365713512579,0,4
synthetic_only_psnr_benefit_V1_logistic_505,synthetic_only,psnr_benefit,V1,logistic,505,bsds_159029,synthetic_bsds,,,,0.0,0.0,0.0,1.0,1.059573903656865e-06,0.001008778381228888,0,4
synthetic_only_psnr_benefit_V1_logistic_505,synthetic_only,psnr_benefit,V1,logistic,505,bsds_159045,synthetic_bsds,,,,0.0,0.0,0.0,1.0,4.415917386806129e-06,0.002049539123601873,0,4
synthetic_only_psnr_benefit_V1_logistic_505,synthetic_only,psnr_benefit,V1,logistic,505,bsds_159091,synthetic_bsds,,,,0.0,0.0,0.0,1.0,1.5097750937454674e-06,0.0010558737373178864,0,4
synthetic_only_psnr_benefit_V1_logistic_505,synthetic_only,psnr_benefit,V1,logistic,505,bsds_164074,synthetic_bsds,,,,0.0,0.0,0.0,1.0,0.00016328034854164766,0.010535163070951918,0,4
synthetic_only_psnr_benefit_V1_logistic_505,synthetic_only,psnr_benefit,V1,logistic,505,bsds_166081,synthetic_bsds,,,,0.0,0.0,0.0,1.0,3.474133924914626e-07,0.000577427959293316,0,4
synthetic_only_psnr_benefit_V1_logistic_505,synthetic_only,psnr_benefit,V1,logistic,505,bsds_176039,synthetic_bsds,,,,0.0,0.0,0.0,1.0,4.245620714105498e-05,0.005537729390118422,0,4
synthetic_only_psnr_benefit_V1_logistic_505,synthetic_only,psnr_benefit,V1,logistic,505,bsds_183055,synthetic_bsds,,,,0.0,0.0,0.0,1.0,8.631834482491924e-06,0.0024399657982600324,0,4
synthetic_only_psnr_benefit_V1_logistic_505,synthetic_only,psnr_benefit,V1,logistic,505,bsds_187029,synthetic_bsds,,,,0.0,0.0,0.0,1.0,9.797411630545352e-06,0.0028326233077206183,0,4
synthetic_only_psnr_benefit_V1_logistic_505,synthetic_only,psnr_benefit,V1,logistic,505,bsds_188063,synthetic_bsds,,,,0.0,0.0,0.0,1.0,2.440364560004645e-06,0.0014772872025208455,0,4
synthetic_only_psnr_benefit_V1_logistic_505,synthetic_only,psnr_benefit,V1,logistic,505,bsds_198023,synthetic_bsds,0.6666666666666666,0.9166666666666665,0.5,0.0,0.0,0.0,0.25,0.7487647867826029,0.7493096702333545,3,4
synthetic_only_psnr_benefit_V1_logistic_505,synthetic_only,psnr_benefit,V1,logistic,505,bsds_198054,synthetic_bsds,,,,0.0,0.0,0.0,1.0,0.00034910353320804783,0.01732953327280028,0,4
synthetic_only_psnr_benefit_V1_logistic_505,synthetic_only,psnr_benefit,V1,logistic,505,bsds_20008,synthetic_bsds,,,,0.0,0.0,0.0,1.0,0.0004710478907983758,0.014890364019186177,0,4
synthetic_only_psnr_benefit_V1_logistic_505,synthetic_only,psnr_benefit,V1,logistic,505,bsds_216041,synthetic_bsds,,,,0.0,0.0,0.0,1.0,4.368664069877104e-06,0.001977319556014359,0,4
synthetic_only_psnr_benefit_V1_logistic_505,synthetic_only,psnr_benefit,V1,logistic,505,bsds_225017,synthetic_bsds,,,,0.0,0.0,0.0,1.0,6.197985734856401e-05,0.00594846018779862,0,4
synthetic_only_psnr_benefit_V1_logistic_505,synthetic_only,psnr_benefit,V1,logistic,505,bsds_23025,synthetic_bsds,,,,0.0,0.0,0.0,1.0,1.4933059429956638e-06,0.0010311433509767097,0,4
synthetic_only_psnr_benefit_V1_logistic_505,synthetic_only,psnr_benefit,V1,logistic,505,bsds_23080,synthetic_bsds,,,,0.0,0.0,0.0,1.0,1.1727532180827977e-05,0.002648511072607201,0,4
synthetic_only_psnr_benefit_V1_logistic_505,synthetic_only,psnr_benefit,V1,logistic,505,bsds_231015,synthetic_bsds,,,,0.0,0.0,0.0,1.0,1.7809038291609754e-06,0.001247686335179654,0,4
synthetic_only_psnr_benefit_V1_logistic_505,synthetic_only,psnr_benefit,V1,logistic,505,bsds_236017,synthetic_bsds,,,,0.0,0.0,0.0,1.0,0.00040483609101222445,0.012052468027993753,0,4
synthetic_only_psnr_benefit_V1_logistic_505,synthetic_only,psnr_benefit,V1,logistic,505,bsds_245051,synthetic_bsds,,,,0.0,0.0,0.0,1.0,1.4959067886905752e-06,0.001013493112793187,0,4
synthetic_only_psnr_benefit_V1_logistic_505,synthetic_only,psnr_benefit,V1,logistic,505,bsds_246016,synthetic_bsds,,,,0.0,0.0,0.0,1.0,6.452169695532115e-05,0.005571536730581581,0,4
synthetic_only_psnr_benefit_V1_logistic_505,synthetic_only,psnr_benefit,V1,logistic,505,bsds_249061,synthetic_bsds,,,,0.0,0.0,0.0,1.0,5.373100578153556e-06,0.0019630027760561813,0,4
synthetic_only_psnr_benefit_V1_logistic_505,synthetic_only,psnr_benefit,V1,logistic,505,bsds_25098,synthetic_bsds,,,,0.0,0.0,0.0,1.0,8.631639668873288e-06,0.00225395841674375,0,4
synthetic_only_psnr_benefit_V1_logistic_505,synthetic_only,psnr_benefit,V1,logistic,505,bsds_253036,synthetic_bsds,,,,0.0,0.0,0.0,1.0,8.931537491879979e-05,0.009197506529463705,0,4
synthetic_only_psnr_benefit_V1_logistic_505,synthetic_only,psnr_benefit,V1,logistic,505,bsds_254054,synthetic_bsds,,,,0.0,0.0,0.0,1.0,4.353595927736689e-06,0.0019184804183666505,0,4
synthetic_only_psnr_benefit_V1_logistic_505,synthetic_only,psnr_benefit,V1,logistic,505,bsds_27059,synthetic_bsds,,,,0.0,0.0,0.0,1.0,2.9166570362766066e-06,0.0015304856188932368,0,4
synthetic_only_psnr_benefit_V1_logistic_505,synthetic_only,psnr_benefit,V1,logistic,505,bsds_271008,synthetic_bsds,,,,0.0,0.0,0.0,1.0,1.5118971961669288e-07,0.000314095126264216,0,4
synthetic_only_psnr_benefit_V1_logistic_505,synthetic_only,psnr_benefit,V1,logistic,505,bsds_274007,synthetic_bsds,,,,0.0,0.0,0.0,1.0,6.669895071375507e-05,0.006567583544609893,0,4
synthetic_only_psnr_benefit_V1_logistic_505,synthetic_only,psnr_benefit,V1,logistic,505,bsds_286092,synthetic_bsds,,,,0.0,0.0,0.0,1.0,1.1663237965985435e-05,0.003372949993842259,0,4
synthetic_only_psnr_benefit_V1_logistic_505,synthetic_only,psnr_benefit,V1,logistic,505,bsds_309004,synthetic_bsds,,,,0.0,0.0,0.0,1.0,0.00014662254566842332,0.010972872000900932,0,4
synthetic_only_psnr_benefit_V1_logistic_505,synthetic_only,psnr_benefit,V1,logistic,505,bsds_311081,synthetic_bsds,,,,0.0,0.0,0.0,1.0,4.374947577974372e-06,0.002022589523571535,0,4
synthetic_only_psnr_benefit_V1_logistic_505,synthetic_only,psnr_benefit,V1,logistic,505,bsds_314016,synthetic_bsds,,,,0.0,0.0,0.0,1.0,2.8818504234912433e-06,0.0016463309415608626,0,4
synthetic_only_psnr_benefit_V1_logistic_505,synthetic_only,psnr_benefit,V1,logistic,505,bsds_323016,synthetic_bsds,,,,0.0,0.0,0.0,1.0,1.7019742203190147e-05,0.003929416877183544,0,4
synthetic_only_psnr_benefit_V1_logistic_505,synthetic_only,psnr_benefit,V1,logistic,505,bsds_368078,synthetic_bsds,,,,0.0,0.0,0.0,1.0,4.01208514952418e-06,0.001885984692347614,0,4
synthetic_only_psnr_benefit_V1_logistic_505,synthetic_only,psnr_benefit,V1,logistic,505,bsds_374020,synthetic_bsds,,,,0.0,0.0,0.0,1.0,6.468915023825398e-07,0.0007697871700134176,0,4
synthetic_only_psnr_benefit_V1_logistic_505,synthetic_only,psnr_benefit,V1,logistic,505,bsds_385028,synthetic_bsds,,,,0.0,0.0,0.0,1.0,6.692219749896072e-07,0.0007278866077680272,0,4
synthetic_only_psnr_benefit_V1_logistic_505,synthetic_only,psnr_benefit,V1,logistic,505,bsds_41004,synthetic_bsds,0.0,0.25,0.5,0.0,0.0,0.0,0.75,0.24984528328735015,0.24932872097533892,1,4
synthetic_only_psnr_benefit_V1_logistic_505,synthetic_only,psnr_benefit,V1,logistic,505,bsds_45077,synthetic_bsds,,,,0.0,0.0,0.0,1.0,8.433989445827434e-06,0.0027758964421282285,0,4
synthetic_only_psnr_benefit_V1_logistic_505,synthetic_only,psnr_benefit,V1,logistic,505,bsds_46076,synthetic_bsds,0.6666666666666667,0.5,0.5,0.0,0.0,0.0,0.75,0.2492317222301242,0.24831007216270068,1,4
synthetic_only_psnr_benefit_V1_logistic_505,synthetic_only,psnr_benefit,V1,logistic,505,bsds_59078,synthetic_bsds,,,,0.0,0.0,0.0,1.0,9.487733518331001e-06,0.0028170675631072127,0,4
synthetic_only_psnr_benefit_V1_logistic_505,synthetic_only,psnr_benefit,V1,logistic,505,bsds_61086,synthetic_bsds,,,,0.0,0.0,0.0,1.0,3.0502141127496877e-06,0.0015242688985176867,0,4
synthetic_only_psnr_benefit_V1_logistic_505,synthetic_only,psnr_benefit,V1,logistic,505,bsds_76002,synthetic_bsds,,,,0.0,0.0,0.0,1.0,3.4011984568358445e-06,0.0017881156417009362,0,4
synthetic_only_psnr_benefit_V1_logistic_505,synthetic_only,psnr_benefit,V1,logistic,505,bsds_80099,synthetic_bsds,,,,0.0,0.0,0.0,1.0,2.2709509620736264e-06,0.0012920850032690084,0,4
synthetic_only_psnr_benefit_V1_logistic_505,synthetic_only,psnr_benefit,V1,logistic,505,bsds_92059,synthetic_bsds,,,,0.0,0.0,0.0,1.0,4.859495914386877e-06,0.002028619704515857,0,4
synthetic_only_psnr_benefit_V7_logistic_505,synthetic_only,psnr_benefit,V7,logistic,505,bsds_100098,synthetic_bsds,,,,0.0,0.0,0.0,1.0,4.0690741249314037e-05,0.004540143803103643,0,4
synthetic_only_psnr_benefit_V7_logistic_505,synthetic_only,psnr_benefit,V7,logistic,505,bsds_106025,synthetic_bsds,,,,0.0,0.0,0.0,1.0,5.983451509334045e-06,0.0019479317542452923,0,4
synthetic_only_psnr_benefit_V7_logistic_505,synthetic_only,psnr_benefit,V7,logistic,505,bsds_112082,synthetic_bsds,,,,0.0,0.0,0.0,1.0,1.0998642297147522e-06,0.001032995852940948,0,4
synthetic_only_psnr_benefit_V7_logistic_505,synthetic_only,psnr_benefit,V7,logistic,505,bsds_138078,synthetic_bsds,,,,0.0,0.0,0.0,1.0,1.1269166570958768e-05,0.003085681189173556,0,4
synthetic_only_psnr_benefit_V7_logistic_505,synthetic_only,psnr_benefit,V7,logistic,505,bsds_140055,synthetic_bsds,,,,0.0,0.0,0.0,1.0,3.5047142517713787e-06,0.0018229193657045492,0,4
synthetic_only_psnr_benefit_V7_logistic_505,synthetic_only,psnr_benefit,V7,logistic,505,bsds_147021,synthetic_bsds,,,,0.0,0.0,0.0,1.0,2.2183362628057757e-06,0.0012333203738248148,0,4
synthetic_only_psnr_benefit_V7_logistic_505,synthetic_only,psnr_benefit,V7,logistic,505,bsds_153077,synthetic_bsds,,,,0.0,0.0,0.0,1.0,3.200558604804149e-07,0.0005348426753526465,0,4
synthetic_only_psnr_benefit_V7_logistic_505,synthetic_only,psnr_benefit,V7,logistic,505,bsds_159029,synthetic_bsds,,,,0.0,0.0,0.0,1.0,4.204526854559737e-06,0.0020022896409790055,0,4
synthetic_only_psnr_benefit_V7_logistic_505,synthetic_only,psnr_benefit,V7,logistic,505,bsds_159045,synthetic_bsds,,,,0.0,0.0,0.0,1.0,2.7791217360484264e-06,0.0015873992629254184,0,4
synthetic_only_psnr_benefit_V7_logistic_505,synthetic_only,psnr_benefit,V7,logistic,505,bsds_159091,synthetic_bsds,,,,0.0,0.0,0.0,1.0,4.973211922066173e-07,0.0006659683061252032,0,4
synthetic_only_psnr_benefit_V7_logistic_505,synthetic_only,psnr_benefit,V7,logistic,505,bsds_164074,synthetic_bsds,,,,0.0,0.0,0.0,1.0,4.247321654236479e-05,0.005695844892860236,0,4
synthetic_only_psnr_benefit_V7_logistic_505,synthetic_only,psnr_benefit,V7,logistic,505,bsds_166081,synthetic_bsds,,,,0.0,0.0,0.0,1.0,1.3904556280080823e-07,0.0003592029140077361,0,4
synthetic_only_psnr_benefit_V7_logistic_505,synthetic_only,psnr_benefit,V7,logistic,505,bsds_176039,synthetic_bsds,,,,0.0,0.0,0.0,1.0,1.4789700443783624e-05,0.003656887180667084,0,4
synthetic_only_psnr_benefit_V7_logistic_505,synthetic_only,psnr_benefit,V7,logistic,505,bsds_183055,synthetic_bsds,,,,0.0,0.0,0.0,1.0,2.298606101065182e-06,0.0014255170790176295,0,4
synthetic_only_psnr_benefit_V7_logistic_505,synthetic_only,psnr_benefit,V7,logistic,505,bsds_187029,synthetic_bsds,,,,0.0,0.0,0.0,1.0,1.0844149827604777e-06,0.001001215077848998,0,4
synthetic_only_psnr_benefit_V7_logistic_505,synthetic_only,psnr_benefit,V7,logistic,505,bsds_188063,synthetic_bsds,,,,0.0,0.0,0.0,1.0,6.555371838902645e-07,0.0008053451278634485,0,4
synthetic_only_psnr_benefit_V7_logistic_505,synthetic_only,psnr_benefit,V7,logistic,505,bsds_198023,synthetic_bsds,0.3333333333333333,0.8055555555555556,0.5,0.0,0.0,0.0,0.25,0.7492338549588441,0.7494699903422629,3,4
synthetic_only_psnr_benefit_V7_logistic_505,synthetic_only,psnr_benefit,V7,logistic,505,bsds_198054,synthetic_bsds,,,,0.0,0.0,0.0,1.0,0.0005384500030202175,0.018647098255660764,0,4
synthetic_only_psnr_benefit_V7_logistic_505,synthetic_only,psnr_benefit,V7,logistic,505,bsds_20008,synthetic_bsds,,,,0.0,0.0,0.0,1.0,4.683728799613541e-05,0.0053207087476125564,0,4
synthetic_only_psnr_benefit_V7_logistic_505,synthetic_only,psnr_benefit,V7,logistic,505,bsds_216041,synthetic_bsds,,,,0.0,0.0,0.0,1.0,6.046478731614554e-07,0.0007464365349006415,0,4
synthetic_only_psnr_benefit_V7_logistic_505,synthetic_only,psnr_benefit,V7,logistic,505,bsds_225017,synthetic_bsds,,,,0.0,0.0,0.0,1.0,1.6853863979451865e-05,0.0037414056953848597,0,4
synthetic_only_psnr_benefit_V7_logistic_505,synthetic_only,psnr_benefit,V7,logistic,505,bsds_23025,synthetic_bsds,,,,0.0,0.0,0.0,1.0,4.0092719084539775e-07,0.0005947021786694244,0,4
synthetic_only_psnr_benefit_V7_logistic_505,synthetic_only,psnr_benefit,V7,logistic,505,bsds_23080,synthetic_bsds,,,,0.0,0.0,0.0,1.0,3.3174655822072756e-06,0.0016425393824974484,0,4
synthetic_only_psnr_benefit_V7_logistic_505,synthetic_only,psnr_benefit,V7,logistic,505,bsds_231015,synthetic_bsds,,,,0.0,0.0,0.0,1.0,8.463285474576624e-07,0.0009153312129378027,0,4
synthetic_only_psnr_benefit_V7_logistic_505,synthetic_only,psnr_benefit,V7,logistic,505,bsds_236017,synthetic_bsds,,,,0.0,0.0,0.0,1.0,2.6325419999626054e-05,0.003250852741410949,0,4
synthetic_only_psnr_benefit_V7_logistic_505,synthetic_only,psnr_benefit,V7,logistic,505,bsds_245051,synthetic_bsds,,,,0.0,0.0,0.0,1.0,9.7704439577574e-07,0.0008210094389666463,0,4
synthetic_only_psnr_benefit_V7_logistic_505,synthetic_only,psnr_benefit,V7,logistic,505,bsds_246016,synthetic_bsds,,,,0.0,0.0,0.0,1.0,1.283650011581194e-05,0.0027954668785111136,0,4
synthetic_only_psnr_benefit_V7_logistic_505,synthetic_only,psnr_benefit,V7,logistic,505,bsds_249061,synthetic_bsds,,,,0.0,0.0,0.0,1.0,2.3277162964768753e-06,0.0014613051751274741,0,4
synthetic_only_psnr_benefit_V7_logistic_505,synthetic_only,psnr_benefit,V7,logistic,505,bsds_25098,synthetic_bsds,,,,0.0,0.0,0.0,1.0,8.527596218796181e-06,0.0024534941731757963,0,4
synthetic_only_psnr_benefit_V7_logistic_505,synthetic_only,psnr_benefit,V7,logistic,505,bsds_253036,synthetic_bsds,,,,0.0,0.0,0.0,1.0,2.1133845491061233e-05,0.004503919369640573,0,4
synthetic_only_psnr_benefit_V7_logistic_505,synthetic_only,psnr_benefit,V7,logistic,505,bsds_254054,synthetic_bsds,,,,0.0,0.0,0.0,1.0,1.383977916863534e-06,0.0011086088147859224,0,4
synthetic_only_psnr_benefit_V7_logistic_505,synthetic_only,psnr_benefit,V7,logistic,505,bsds_27059,synthetic_bsds,,,,0.0,0.0,0.0,1.0,3.288847441929321e-07,0.0005543168500467188,0,4
synthetic_only_psnr_benefit_V7_logistic_505,synthetic_only,psnr_benefit,V7,logistic,505,bsds_271008,synthetic_bsds,,,,0.0,0.0,0.0,1.0,1.62433368275411e-07,0.0003609437801823985,0,4
synthetic_only_psnr_benefit_V7_logistic_505,synthetic_only,psnr_benefit,V7,logistic,505,bsds_274007,synthetic_bsds,,,,0.0,0.0,0.0,1.0,1.526943210608708e-05,0.003460734871858178,0,4
synthetic_only_psnr_benefit_V7_logistic_505,synthetic_only,psnr_benefit,V7,logistic,505,bsds_286092,synthetic_bsds,,,,0.0,0.0,0.0,1.0,2.657388210629731e-06,0.0015539561556787602,0,4
synthetic_only_psnr_benefit_V7_logistic_505,synthetic_only,psnr_benefit,V7,logistic,505,bsds_309004,synthetic_bsds,,,,0.0,0.0,0.0,1.0,1.0806173901621625e-05,0.0031692942006903736,0,4
synthetic_only_psnr_benefit_V7_logistic_505,synthetic_only,psnr_benefit,V7,logistic,505,bsds_311081,synthetic_bsds,,,,0.0,0.0,0.0,1.0,4.4374872734414803e-07,0.0006491007807484339,0,4
synthetic_only_psnr_benefit_V7_logistic_505,synthetic_only,psnr_benefit,V7,logistic,505,bsds_314016,synthetic_bsds,,,,0.0,0.0,0.0,1.0,2.4239615583813754e-06,0.0015479072003325256,0,4
synthetic_only_psnr_benefit_V7_logistic_505,synthetic_only,psnr_benefit,V7,logistic,505,bsds_323016,synthetic_bsds,,,,0.0,0.0,0.0,1.0,6.037306426844634e-06,0.0023141060543129858,0,4
synthetic_only_psnr_benefit_V7_logistic_505,synthetic_only,psnr_benefit,V7,logistic,505,bsds_368078,synthetic_bsds,,,,0.0,0.0,0.0,1.0,1.4598028649077603e-06,0.0011897437539700917,0,4
synthetic_only_psnr_benefit_V7_logistic_505,synthetic_only,psnr_benefit,V7,logistic,505,bsds_374020,synthetic_bsds,,,,0.0,0.0,0.0,1.0,5.551106390945626e-07,0.000736084202367451,0,4
synthetic_only_psnr_benefit_V7_logistic_505,synthetic_only,psnr_benefit,V7,logistic,505,bsds_385028,synthetic_bsds,,,,0.0,0.0,0.0,1.0,7.444150768134446e-07,0.0008124944004887587,0,4
synthetic_only_psnr_benefit_V7_logistic_505,synthetic_only,psnr_benefit,V7,logistic,505,bsds_41004,synthetic_bsds,0.0,0.25,0.5,0.0,0.0,0.0,0.75,0.2497538254435901,0.24901300398768447,1,4
synthetic_only_psnr_benefit_V7_logistic_505,synthetic_only,psnr_benefit,V7,logistic,505,bsds_45077,synthetic_bsds,,,,0.0,0.0,0.0,1.0,1.4567650500748337e-05,0.0035335090802095788,0,4
synthetic_only_psnr_benefit_V7_logistic_505,synthetic_only,psnr_benefit,V7,logistic,505,bsds_46076,synthetic_bsds,0.33333333333333337,0.3333333333333333,0.5,0.0,0.0,0.0,0.75,0.24967219835506718,0.24893129054483962,1,4
synthetic_only_psnr_benefit_V7_logistic_505,synthetic_only,psnr_benefit,V7,logistic,505,bsds_59078,synthetic_bsds,,,,0.0,0.0,0.0,1.0,6.63586831090631e-06,0.002270932361465589,0,4
synthetic_only_psnr_benefit_V7_logistic_505,synthetic_only,psnr_benefit,V7,logistic,505,bsds_61086,synthetic_bsds,,,,0.0,0.0,0.0,1.0,3.2898983490185786e-07,0.0005349670250153754,0,4
synthetic_only_psnr_benefit_V7_logistic_505,synthetic_only,psnr_benefit,V7,logistic,505,bsds_76002,synthetic_bsds,,,,0.0,0.0,0.0,1.0,3.329030741269728e-06,0.0017142555135071878,0,4
synthetic_only_psnr_benefit_V7_logistic_505,synthetic_only,psnr_benefit,V7,logistic,505,bsds_80099,synthetic_bsds,,,,0.0,0.0,0.0,1.0,3.517152670366083e-06,0.0016183790816640736,0,4
synthetic_only_psnr_benefit_V7_logistic_505,synthetic_only,psnr_benefit,V7,logistic,505,bsds_92059,synthetic_bsds,,,,0.0,0.0,0.0,1.0,6.976863254256853e-07,0.0008224308281211292,0,4
synthetic_only_psnr_benefit_V8_logistic_505,synthetic_only,psnr_benefit,V8,logistic,505,bsds_100098,synthetic_bsds,,,,0.0,0.0,0.0,1.0,3.3495075474415275e-05,0.004592239948866991,0,4
synthetic_only_psnr_benefit_V8_logistic_505,synthetic_only,psnr_benefit,V8,logistic,505,bsds_106025,synthetic_bsds,,,,0.0,0.0,0.0,1.0,1.9009432897221514e-06,0.001201323096258487,0,4
synthetic_only_psnr_benefit_V8_logistic_505,synthetic_only,psnr_benefit,V8,logistic,505,bsds_112082,synthetic_bsds,,,,0.0,0.0,0.0,1.0,1.6698809461881803e-07,0.00039642801294910153,0,4
synthetic_only_psnr_benefit_V8_logistic_505,synthetic_only,psnr_benefit,V8,logistic,505,bsds_138078,synthetic_bsds,,,,0.0,0.0,0.0,1.0,4.90604425617419e-06,0.002045571561600902,0,4
synthetic_only_psnr_benefit_V8_logistic_505,synthetic_only,psnr_benefit,V8,logistic,505,bsds_140055,synthetic_bsds,,,,0.0,0.0,0.0,1.0,1.7896000856285382e-06,0.001295435198117173,0,4
synthetic_only_psnr_benefit_V8_logistic_505,synthetic_only,psnr_benefit,V8,logistic,505,bsds_147021,synthetic_bsds,,,,0.0,0.0,0.0,1.0,1.5047037637585737e-06,0.0009542098985649463,0,4
synthetic_only_psnr_benefit_V8_logistic_505,synthetic_only,psnr_benefit,V8,logistic,505,bsds_153077,synthetic_bsds,,,,0.0,0.0,0.0,1.0,9.229333051530202e-08,0.0002838016196895034,0,4
synthetic_only_psnr_benefit_V8_logistic_505,synthetic_only,psnr_benefit,V8,logistic,505,bsds_159029,synthetic_bsds,,,,0.0,0.0,0.0,1.0,4.3594838598919785e-07,0.0006381697029001623,0,4
synthetic_only_psnr_benefit_V8_logistic_505,synthetic_only,psnr_benefit,V8,logistic,505,bsds_159045,synthetic_bsds,,,,0.0,0.0,0.0,1.0,1.1185292701543756e-06,0.0010320704857924494,0,4
synthetic_only_psnr_benefit_V8_logistic_505,synthetic_only,psnr_benefit,V8,logistic,505,bsds_159091,synthetic_bsds,,,,0.0,0.0,0.0,1.0,1.1699040258122202e-06,0.0007515792003268785,0,4
synthetic_only_psnr_benefit_V8_logistic_505,synthetic_only,psnr_benefit,V8,logistic,505,bsds_164074,synthetic_bsds,,,,0.0,0.0,0.0,1.0,6.651879823296087e-05,0.007327659146227321,0,4
synthetic_only_psnr_benefit_V8_logistic_505,synthetic_only,psnr_benefit,V8,logistic,505,bsds_166081,synthetic_bsds,,,,0.0,0.0,0.0,1.0,7.946102720457113e-08,0.0002631863474441495,0,4
synthetic_only_psnr_benefit_V8_logistic_505,synthetic_only,psnr_benefit,V8,logistic,505,bsds_176039,synthetic_bsds,,,,0.0,0.0,0.0,1.0,4.761704079255635e-05,0.006207850886092764,0,4
synthetic_only_psnr_benefit_V8_logistic_505,synthetic_only,psnr_benefit,V8,logistic,505,bsds_183055,synthetic_bsds,,,,0.0,0.0,0.0,1.0,2.3294263401812396e-06,0.0013069488835400539,0,4
synthetic_only_psnr_benefit_V8_logistic_505,synthetic_only,psnr_benefit,V8,logistic,505,bsds_187029,synthetic_bsds,,,,0.0,0.0,0.0,1.0,1.110479809954453e-06,0.0009597802418929244,0,4
synthetic_only_psnr_benefit_V8_logistic_505,synthetic_only,psnr_benefit,V8,logistic,505,bsds_188063,synthetic_bsds,,,,0.0,0.0,0.0,1.0,2.345721711056323e-05,0.0037379173395396975,0,4
synthetic_only_psnr_benefit_V8_logistic_505,synthetic_only,psnr_benefit,V8,logistic,505,bsds_198023,synthetic_bsds,0.6666666666666666,0.9166666666666665,0.5,0.0,0.0,0.0,0.25,0.749526403110842,0.7497264559787985,3,4
synthetic_only_psnr_benefit_V8_logistic_505,synthetic_only,psnr_benefit,V8,logistic,505,bsds_198054,synthetic_bsds,,,,0.0,0.0,0.0,1.0,0.000255412492529299,0.013019768448580212,0,4
synthetic_only_psnr_benefit_V8_logistic_505,synthetic_only,psnr_benefit,V8,logistic,505,bsds_20008,synthetic_bsds,,,,0.0,0.0,0.0,1.0,1.798541874539005e-05,0.003437746835570041,0,4
synthetic_only_psnr_benefit_V8_logistic_505,synthetic_only,psnr_benefit,V8,logistic,505,bsds_216041,synthetic_bsds,,,,0.0,0.0,0.0,1.0,2.7670946049283926e-06,0.0016207364100811227,0,4
synthetic_only_psnr_benefit_V8_logistic_505,synthetic_only,psnr_benefit,V8,logistic,505,bsds_225017,synthetic_bsds,,,,0.0,0.0,0.0,1.0,9.439214211709996e-06,0.002989573228860951,0,4
synthetic_only_psnr_benefit_V8_logistic_505,synthetic_only,psnr_benefit,V8,logistic,505,bsds_23025,synthetic_bsds,,,,0.0,0.0,0.0,1.0,1.022237324729405e-07,0.0002853440479311163,0,4
synthetic_only_psnr_benefit_V8_logistic_505,synthetic_only,psnr_benefit,V8,logistic,505,bsds_23080,synthetic_bsds,,,,0.0,0.0,0.0,1.0,1.6031424607419567e-05,0.0032038455524090294,0,4
synthetic_only_psnr_benefit_V8_logistic_505,synthetic_only,psnr_benefit,V8,logistic,505,bsds_231015,synthetic_bsds,,,,0.0,0.0,0.0,1.0,4.7904487842234895e-06,0.0017829822375711034,0,4
synthetic_only_psnr_benefit_V8_logistic_505,synthetic_only,psnr_benefit,V8,logistic,505,bsds_236017,synthetic_bsds,,,,0.0,0.0,0.0,1.0,0.00010180797033503558,0.006581876540989595,0,4
synthetic_only_psnr_benefit_V8_logistic_505,synthetic_only,psnr_benefit,V8,logistic,505,bsds_245051,synthetic_bsds,,,,0.0,0.0,0.0,1.0,6.109368742957463e-07,0.0007376238598888803,0,4
synthetic_only_psnr_benefit_V8_logistic_505,synthetic_only,psnr_benefit,V8,logistic,505,bsds_246016,synthetic_bsds,,,,0.0,0.0,0.0,1.0,1.7196978412710068e-06,0.0010593526683368463,0,4
synthetic_only_psnr_benefit_V8_logistic_505,synthetic_only,psnr_benefit,V8,logistic,505,bsds_249061,synthetic_bsds,,,,0.0,0.0,0.0,1.0,5.6884437160554445e-06,0.002048341986144367,0,4
synthetic_only_psnr_benefit_V8_logistic_505,synthetic_only,psnr_benefit,V8,logistic,505,bsds_25098,synthetic_bsds,,,,0.0,0.0,0.0,1.0,1.1295178172267167e-05,0.002884166740733188,0,4
synthetic_only_psnr_benefit_V8_logistic_505,synthetic_only,psnr_benefit,V8,logistic,505,bsds_253036,synthetic_bsds,,,,0.0,0.0,0.0,1.0,5.212957952610011e-06,0.002253069753793576,0,4
synthetic_only_psnr_benefit_V8_logistic_505,synthetic_only,psnr_benefit,V8,logistic,505,bsds_254054,synthetic_bsds,,,,0.0,0.0,0.0,1.0,2.267060324407547e-06,0.0012275934044917345,0,4
synthetic_only_psnr_benefit_V8_logistic_505,synthetic_only,psnr_benefit,V8,logistic,505,bsds_27059,synthetic_bsds,,,,0.0,0.0,0.0,1.0,2.2968042468344598e-07,0.0004551729811553509,0,4
synthetic_only_psnr_benefit_V8_logistic_505,synthetic_only,psnr_benefit,V8,logistic,505,bsds_271008,synthetic_bsds,,,,0.0,0.0,0.0,1.0,4.417427119297831e-08,0.00019462217606779615,0,4
synthetic_only_psnr_benefit_V8_logistic_505,synthetic_only,psnr_benefit,V8,logistic,505,bsds_274007,synthetic_bsds,,,,0.0,0.0,0.0,1.0,1.4567051981798434e-05,0.0031106237110894463,0,4
synthetic_only_psnr_benefit_V8_logistic_505,synthetic_only,psnr_benefit,V8,logistic,505,bsds_286092,synthetic_bsds,,,,0.0,0.0,0.0,1.0,7.163467084551877e-06,0.002581731228911937,0,4
synthetic_only_psnr_benefit_V8_logistic_505,synthetic_only,psnr_benefit,V8,logistic,505,bsds_309004,synthetic_bsds,,,,0.0,0.0,0.0,1.0,4.8387594679954344e-05,0.005599759405267001,0,4
synthetic_only_psnr_benefit_V8_logistic_505,synthetic_only,psnr_benefit,V8,logistic,505,bsds_311081,synthetic_bsds,,,,0.0,0.0,0.0,1.0,1.339553041005494e-07,0.000361484350627136,0,4
synthetic_only_psnr_benefit_V8_logistic_505,synthetic_only,psnr_benefit,V8,logistic,505,bsds_314016,synthetic_bsds,,,,0.0,0.0,0.0,1.0,1.0877419828533935e-06,0.001008935725966688,0,4
synthetic_only_psnr_benefit_V8_logistic_505,synthetic_only,psnr_benefit,V8,logistic,505,bsds_323016,synthetic_bsds,,,,0.0,0.0,0.0,1.0,1.1123413295943508e-05,0.003155308223635345,0,4
synthetic_only_psnr_benefit_V8_logistic_505,synthetic_only,psnr_benefit,V8,logistic,505,bsds_368078,synthetic_bsds,,,,0.0,0.0,0.0,1.0,4.371247248750956e-06,0.001709794423687551,0,4
synthetic_only_psnr_benefit_V8_logistic_505,synthetic_only,psnr_benefit,V8,logistic,505,bsds_374020,synthetic_bsds,,,,0.0,0.0,0.0,1.0,4.159868726921598e-06,0.0017910530078890877,0,4
synthetic_only_psnr_benefit_V8_logistic_505,synthetic_only,psnr_benefit,V8,logistic,505,bsds_385028,synthetic_bsds,,,,0.0,0.0,0.0,1.0,1.2448825799274027e-07,0.0003120819475156746,0,4
synthetic_only_psnr_benefit_V8_logistic_505,synthetic_only,psnr_benefit,V8,logistic,505,bsds_41004,synthetic_bsds,0.0,0.25,0.5,0.0,0.0,0.0,0.75,0.24988432336225935,0.2496146827646332,1,4
synthetic_only_psnr_benefit_V8_logistic_505,synthetic_only,psnr_benefit,V8,logistic,505,bsds_45077,synthetic_bsds,,,,0.0,0.0,0.0,1.0,4.798322576717994e-06,0.0020751699057685222,0,4
synthetic_only_psnr_benefit_V8_logistic_505,synthetic_only,psnr_benefit,V8,logistic,505,bsds_46076,synthetic_bsds,0.6666666666666667,0.5,0.5,0.0,0.0,0.0,0.75,0.24961349016818524,0.2492667700477905,1,4
synthetic_only_psnr_benefit_V8_logistic_505,synthetic_only,psnr_benefit,V8,logistic,505,bsds_59078,synthetic_bsds,,,,0.0,0.0,0.0,1.0,3.486318864083744e-06,0.0017672892817081694,0,4
synthetic_only_psnr_benefit_V8_logistic_505,synthetic_only,psnr_benefit,V8,logistic,505,bsds_61086,synthetic_bsds,,,,0.0,0.0,0.0,1.0,1.1806425111575825e-07,0.00033207878445263184,0,4
synthetic_only_psnr_benefit_V8_logistic_505,synthetic_only,psnr_benefit,V8,logistic,505,bsds_76002,synthetic_bsds,,,,0.0,0.0,0.0,1.0,1.1709785665610838e-06,0.0010658396107432297,0,4
synthetic_only_psnr_benefit_V8_logistic_505,synthetic_only,psnr_benefit,V8,logistic,505,bsds_80099,synthetic_bsds,,,,0.0,0.0,0.0,1.0,6.972504957477113e-07,0.0007473183879926552,0,4
synthetic_only_psnr_benefit_V8_logistic_505,synthetic_only,psnr_benefit,V8,logistic,505,bsds_92059,synthetic_bsds,,,,0.0,0.0,0.0,1.0,6.112881572213951e-07,0.0007757899211617279,0,4
synthetic_only_psnr_benefit_C1_lq_logistic_505,synthetic_only,psnr_benefit,C1_lq,logistic,505,bsds_100098,synthetic_bsds,,,,0.0,0.0,0.0,1.0,0.0005254877834405512,0.016096860232770054,0,4
synthetic_only_psnr_benefit_C1_lq_logistic_505,synthetic_only,psnr_benefit,C1_lq,logistic,505,bsds_106025,synthetic_bsds,,,,0.0,0.0,0.0,1.0,8.279503958804936e-05,0.005781425267405683,0,4
synthetic_only_psnr_benefit_C1_lq_logistic_505,synthetic_only,psnr_benefit,C1_lq,logistic,505,bsds_112082,synthetic_bsds,,,,0.0,0.0,0.0,1.0,2.2426628614487204e-06,0.0013666256940956442,0,4
synthetic_only_psnr_benefit_C1_lq_logistic_505,synthetic_only,psnr_benefit,C1_lq,logistic,505,bsds_138078,synthetic_bsds,,,,0.0,0.0,0.0,1.0,0.000169342986220937,0.010524894142413217,0,4
synthetic_only_psnr_benefit_C1_lq_logistic_505,synthetic_only,psnr_benefit,C1_lq,logistic,505,bsds_140055,synthetic_bsds,,,,0.0,0.0,0.0,1.0,0.00011400162647611259,0.009155515156378326,0,4
synthetic_only_psnr_benefit_C1_lq_logistic_505,synthetic_only,psnr_benefit,C1_lq,logistic,505,bsds_147021,synthetic_bsds,,,,0.0,0.0,0.0,1.0,2.0206347180780004e-05,0.0033485110584169,0,4
synthetic_only_psnr_benefit_C1_lq_logistic_505,synthetic_only,psnr_benefit,C1_lq,logistic,505,bsds_153077,synthetic_bsds,,,,0.0,0.0,0.0,1.0,1.1579208702150789e-06,0.0010705069182785412,0,4
synthetic_only_psnr_benefit_C1_lq_logistic_505,synthetic_only,psnr_benefit,C1_lq,logistic,505,bsds_159029,synthetic_bsds,,,,0.0,0.0,0.0,1.0,2.868354857674153e-06,0.001659762812133991,0,4
synthetic_only_psnr_benefit_C1_lq_logistic_505,synthetic_only,psnr_benefit,C1_lq,logistic,505,bsds_159045,synthetic_bsds,,,,0.0,0.0,0.0,1.0,8.860937438599899e-06,0.0028843828283079097,0,4
synthetic_only_psnr_benefit_C1_lq_logistic_505,synthetic_only,psnr_benefit,C1_lq,logistic,505,bsds_159091,synthetic_bsds,,,,0.0,0.0,0.0,1.0,6.266927294363232e-06,0.0023062506181877303,0,4
synthetic_only_psnr_benefit_C1_lq_logistic_505,synthetic_only,psnr_benefit,C1_lq,logistic,505,bsds_164074,synthetic_bsds,,,,0.0,0.0,0.0,1.0,0.0004921641149853792,0.01957499120385282,0,4
synthetic_only_psnr_benefit_C1_lq_logistic_505,synthetic_only,psnr_benefit,C1_lq,logistic,505,bsds_166081,synthetic_bsds,,,,0.0,0.0,0.0,1.0,3.8192825261950755e-07,0.0005951191066412722,0,4
synthetic_only_psnr_benefit_C1_lq_logistic_505,synthetic_only,psnr_benefit,C1_lq,logistic,505,bsds_176039,synthetic_bsds,,,,0.0,0.0,0.0,1.0,6.079446692953171e-05,0.006308429054728674,0,4
synthetic_only_psnr_benefit_C1_lq_logistic_505,synthetic_only,psnr_benefit,C1_lq,logistic,505,bsds_183055,synthetic_bsds,,,,0.0,0.0,0.0,1.0,4.36756170585011e-05,0.005551054319899734,0,4
synthetic_only_psnr_benefit_C1_lq_logistic_505,synthetic_only,psnr_benefit,C1_lq,logistic,505,bsds_187029,synthetic_bsds,,,,0.0,0.0,0.0,1.0,6.435334462214309e-05,0.007228464224618309,0,4
synthetic_only_psnr_benefit_C1_lq_logistic_505,synthetic_only,psnr_benefit,C1_lq,logistic,505,bsds_188063,synthetic_bsds,,,,0.0,0.0,0.0,1.0,8.542686846083973e-06,0.002571588906156795,0,4
synthetic_only_psnr_benefit_C1_lq_logistic_505,synthetic_only,psnr_benefit,C1_lq,logistic,505,bsds_198023,synthetic_bsds,0.6666666666666666,0.9166666666666665,0.5,0.0,0.0,0.0,0.25,0.7482729761752935,0.7489990281828626,3,4
synthetic_only_psnr_benefit_C1_lq_logistic_505,synthetic_only,psnr_benefit,C1_lq,logistic,505,bsds_198054,synthetic_bsds,,,,0.0,0.0,0.0,1.0,0.00012907726695927978,0.011277783905710737,0,4
synthetic_only_psnr_benefit_C1_lq_logistic_505,synthetic_only,psnr_benefit,C1_lq,logistic,505,bsds_20008,synthetic_bsds,,,,0.0,0.0,0.0,1.0,0.001508745142421152,0.028539650580532934,0,4
synthetic_only_psnr_benefit_C1_lq_logistic_505,synthetic_only,psnr_benefit,C1_lq,logistic,505,bsds_216041,synthetic_bsds,,,,0.0,0.0,0.0,1.0,9.78002166198124e-05,0.008481862517031105,0,4
synthetic_only_psnr_benefit_C1_lq_logistic_505,synthetic_only,psnr_benefit,C1_lq,logistic,505,bsds_225017,synthetic_bsds,,,,0.0,0.0,0.0,1.0,0.00015374967854988737,0.009435796932542904,0,4
synthetic_only_psnr_benefit_C1_lq_logistic_505,synthetic_only,psnr_benefit,C1_lq,logistic,505,bsds_23025,synthetic_bsds,,,,0.0,0.0,0.0,1.0,3.308665730555916e-06,0.00152485889972921,0,4
synthetic_only_psnr_benefit_C1_lq_logistic_505,synthetic_only,psnr_benefit,C1_lq,logistic,505,bsds_23080,synthetic_bsds,,,,0.0,0.0,0.0,1.0,5.664901281721968e-05,0.005530067477567653,0,4
synthetic_only_psnr_benefit_C1_lq_logistic_505,synthetic_only,psnr_benefit,C1_lq,logistic,505,bsds_231015,synthetic_bsds,,,,0.0,0.0,0.0,1.0,7.912181892905902e-06,0.0026410125355147956,0,4
synthetic_only_psnr_benefit_C1_lq_logistic_505,synthetic_only,psnr_benefit,C1_lq,logistic,505,bsds_236017,synthetic_bsds,,,,0.0,0.0,0.0,1.0,0.0010038885250542378,0.02163372085982682,0,4
synthetic_only_psnr_benefit_C1_lq_logistic_505,synthetic_only,psnr_benefit,C1_lq,logistic,505,bsds_245051,synthetic_bsds,,,,0.0,0.0,0.0,1.0,8.835756483153379e-06,0.0024558259787228077,0,4
synthetic_only_psnr_benefit_C1_lq_logistic_505,synthetic_only,psnr_benefit,C1_lq,logistic,505,bsds_246016,synthetic_bsds,,,,0.0,0.0,0.0,1.0,0.00010201328671046203,0.007502274874548541,0,4
synthetic_only_psnr_benefit_C1_lq_logistic_505,synthetic_only,psnr_benefit,C1_lq,logistic,505,bsds_249061,synthetic_bsds,,,,0.0,0.0,0.0,1.0,3.28424357087108e-05,0.005065042698709545,0,4
synthetic_only_psnr_benefit_C1_lq_logistic_505,synthetic_only,psnr_benefit,C1_lq,logistic,505,bsds_25098,synthetic_bsds,,,,0.0,0.0,0.0,1.0,1.446323324926294e-05,0.0033964409244476427,0,4
synthetic_only_psnr_benefit_C1_lq_logistic_505,synthetic_only,psnr_benefit,C1_lq,logistic,505,bsds_253036,synthetic_bsds,,,,0.0,0.0,0.0,1.0,0.0009197342480550252,0.028992699986576134,0,4
synthetic_only_psnr_benefit_C1_lq_logistic_505,synthetic_only,psnr_benefit,C1_lq,logistic,505,bsds_254054,synthetic_bsds,,,,0.0,0.0,0.0,1.0,1.1593785245547658e-05,0.003007177443986816,0,4
synthetic_only_psnr_benefit_C1_lq_logistic_505,synthetic_only,psnr_benefit,C1_lq,logistic,505,bsds_27059,synthetic_bsds,,,,0.0,0.0,0.0,1.0,4.191499242090513e-06,0.0017838736065887682,0,4
synthetic_only_psnr_benefit_C1_lq_logistic_505,synthetic_only,psnr_benefit,C1_lq,logistic,505,bsds_271008,synthetic_bsds,,,,0.0,0.0,0.0,1.0,2.698765871153185e-07,0.000466966207709484,0,4
synthetic_only_psnr_benefit_C1_lq_logistic_505,synthetic_only,psnr_benefit,C1_lq,logistic,505,bsds_274007,synthetic_bsds,,,,0.0,0.0,0.0,1.0,5.842344081800747e-05,0.006390018733655816,0,4
synthetic_only_psnr_benefit_C1_lq_logistic_505,synthetic_only,psnr_benefit,C1_lq,logistic,505,bsds_286092,synthetic_bsds,,,,0.0,0.0,0.0,1.0,3.302475182381502e-05,0.00566796338184179,0,4
synthetic_only_psnr_benefit_C1_lq_logistic_505,synthetic_only,psnr_benefit,C1_lq,logistic,505,bsds_309004,synthetic_bsds,,,,0.0,0.0,0.0,1.0,0.00018022057780921067,0.012317901218031755,0,4
synthetic_only_psnr_benefit_C1_lq_logistic_505,synthetic_only,psnr_benefit,C1_lq,logistic,505,bsds_311081,synthetic_bsds,,,,0.0,0.0,0.0,1.0,1.0782839387750881e-05,0.003203498594277536,0,4
synthetic_only_psnr_benefit_C1_lq_logistic_505,synthetic_only,psnr_benefit,C1_lq,logistic,505,bsds_314016,synthetic_bsds,,,,0.0,0.0,0.0,1.0,7.114672871044549e-06,0.002506195004090477,0,4
synthetic_only_psnr_benefit_C1_lq_logistic_505,synthetic_only,psnr_benefit,C1_lq,logistic,505,bsds_323016,synthetic_bsds,,,,0.0,0.0,0.0,1.0,5.6694236277091225e-05,0.00675999387115462,0,4
synthetic_only_psnr_benefit_C1_lq_logistic_505,synthetic_only,psnr_benefit,C1_lq,logistic,505,bsds_368078,synthetic_bsds,,,,0.0,0.0,0.0,1.0,2.4380216552488493e-05,0.0046454307094597955,0,4
synthetic_only_psnr_benefit_C1_lq_logistic_505,synthetic_only,psnr_benefit,C1_lq,logistic,505,bsds_374020,synthetic_bsds,,,,0.0,0.0,0.0,1.0,3.069561433884078e-06,0.0016845549345775237,0,4
synthetic_only_psnr_benefit_C1_lq_logistic_505,synthetic_only,psnr_benefit,C1_lq,logistic,505,bsds_385028,synthetic_bsds,,,,0.0,0.0,0.0,1.0,1.1051858470104833e-06,0.0009079355476369181,0,4
synthetic_only_psnr_benefit_C1_lq_logistic_505,synthetic_only,psnr_benefit,C1_lq,logistic,505,bsds_41004,synthetic_bsds,0.6666666666666667,0.5,0.5,0.0,0.0,0.0,0.75,0.24933912204194877,0.24845313262067095,1,4
synthetic_only_psnr_benefit_C1_lq_logistic_505,synthetic_only,psnr_benefit,C1_lq,logistic,505,bsds_45077,synthetic_bsds,,,,0.0,0.0,0.0,1.0,8.550865462118092e-06,0.002867942371538313,0,4
synthetic_only_psnr_benefit_C1_lq_logistic_505,synthetic_only,psnr_benefit,C1_lq,logistic,505,bsds_46076,synthetic_bsds,0.6666666666666667,0.5,0.5,0.0,0.0,0.0,0.75,0.24727754037869842,0.24518754189208838,1,4
synthetic_only_psnr_benefit_C1_lq_logistic_505,synthetic_only,psnr_benefit,C1_lq,logistic,505,bsds_59078,synthetic_bsds,,,,0.0,0.0,0.0,1.0,2.2061038265398734e-05,0.004498583409177886,0,4
synthetic_only_psnr_benefit_C1_lq_logistic_505,synthetic_only,psnr_benefit,C1_lq,logistic,505,bsds_61086,synthetic_bsds,,,,0.0,0.0,0.0,1.0,5.161647083787474e-06,0.0019631206076714727,0,4
synthetic_only_psnr_benefit_C1_lq_logistic_505,synthetic_only,psnr_benefit,C1_lq,logistic,505,bsds_76002,synthetic_bsds,,,,0.0,0.0,0.0,1.0,5.560946713477427e-06,0.002258119584378739,0,4
synthetic_only_psnr_benefit_C1_lq_logistic_505,synthetic_only,psnr_benefit,C1_lq,logistic,505,bsds_80099,synthetic_bsds,,,,0.0,0.0,0.0,1.0,6.816879301141355e-06,0.002287775079593128,0,4
synthetic_only_psnr_benefit_C1_lq_logistic_505,synthetic_only,psnr_benefit,C1_lq,logistic,505,bsds_92059,synthetic_bsds,,,,0.0,0.0,0.0,1.0,5.871273243678832e-05,0.006765717484143623,0,4
synthetic_to_real_psnr_benefit_V1_logistic_505,synthetic_to_real,psnr_benefit,V1,logistic,505,case1,real_csig,,,,0.0,0.0,0.0,1.0,5.056669685141382e-05,0.006459558788502489,0,192
synthetic_to_real_psnr_benefit_V1_logistic_505,synthetic_to_real,psnr_benefit,V1,logistic,505,case2,real_csig,0.8921052631578947,0.07941176470588235,0.5,0.0,0.0,0.0,0.9895833333333334,0.010299707755202867,0.006923874046394728,2,192
synthetic_to_real_psnr_benefit_V1_logistic_505,synthetic_to_real,psnr_benefit,V1,logistic,505,case3,real_csig,,,,0.0,0.0,0.0,1.0,4.850660768409058e-06,0.001832531780250558,0,192
synthetic_to_real_psnr_benefit_V1_logistic_505,synthetic_to_real,psnr_benefit,V1,logistic,505,case4,real_csig,,,,0.0,0.0,0.0,1.0,8.005655957479625e-06,0.0024695290201131696,0,192
synthetic_to_real_psnr_benefit_V1_logistic_505,synthetic_to_real,psnr_benefit,V1,logistic,505,case5,real_csig,0.38799283154121866,0.03462294103892385,0.5,0.0,0.0,0.0,0.96875,0.0310186575031568,0.025823076842502506,6,192
synthetic_to_real_psnr_benefit_V7_logistic_505,synthetic_to_real,psnr_benefit,V7,logistic,505,case1,real_csig,,,,0.0,0.0,0.0,1.0,8.01308772214485e-06,0.002683969809251815,0,192
synthetic_to_real_psnr_benefit_V7_logistic_505,synthetic_to_real,psnr_benefit,V7,logistic,505,case2,real_csig,0.5947368421052632,0.01892462638076673,0.5,0.0,0.0,0.0,0.9895833333333334,0.010383111275960394,0.008269697754894534,2,192
synthetic_to_real_psnr_benefit_V7_logistic_505,synthetic_to_real,psnr_benefit,V7,logistic,505,case3,real_csig,,,,0.0,0.0,0.0,1.0,1.3409276785104057e-06,0.0010353354147432745,0,192
synthetic_to_real_psnr_benefit_V7_logistic_505,synthetic_to_real,psnr_benefit,V7,logistic,505,case4,real_csig,,,,0.0,0.0,0.0,1.0,1.7151056500881082e-06,0.0011755752852178054,0,192
synthetic_to_real_psnr_benefit_V7_logistic_505,synthetic_to_real,psnr_benefit,V7,logistic,505,case5,real_csig,0.3261648745519713,0.03240092671123068,0.5,0.0,0.0,0.0,0.96875,0.031090433025704477,0.027781618988950863,6,192
synthetic_to_real_psnr_benefit_V8_logistic_505,synthetic_to_real,psnr_benefit,V8,logistic,505,case1,real_csig,,,,0.0,0.0,0.0,1.0,1.5091363928805562e-05,0.003362697831751445,0,192
synthetic_to_real_psnr_benefit_V8_logistic_505,synthetic_to_real,psnr_benefit,V8,logistic,505,case2,real_csig,0.8736842105263158,0.06111111111111111,0.5,0.0,0.0,0.0,0.9895833333333334,0.010342722032097476,0.008397980197577218,2,192
synthetic_to_real_psnr_benefit_V8_logistic_505,synthetic_to_real,psnr_benefit,V8,logistic,505,case3,real_csig,,,,0.0,0.0,0.0,1.0,1.001836932451909e-06,0.0008030212807285443,0,192
synthetic_to_real_psnr_benefit_V8_logistic_505,synthetic_to_real,psnr_benefit,V8,logistic,505,case4,real_csig,,,,0.0,0.0,0.0,1.0,7.705953963974499e-07,0.0007913818647140709,0,192
synthetic_to_real_psnr_benefit_V8_logistic_505,synthetic_to_real,psnr_benefit,V8,logistic,505,case5,real_csig,0.41129032258064513,0.029198201753293736,0.5,0.0,0.0,0.0,0.96875,0.031073922309913946,0.02758853692549098,6,192
synthetic_to_real_psnr_benefit_C1_lq_logistic_505,synthetic_to_real,psnr_benefit,C1_lq,logistic,505,case1,real_csig,,,,0.0,0.0,0.0,1.0,0.00044842384096904645,0.018976239155688124,0,192
synthetic_to_real_psnr_benefit_C1_lq_logistic_505,synthetic_to_real,psnr_benefit,C1_lq,logistic,505,case2,real_csig,0.9263157894736843,0.13846153846153847,0.5,0.0,0.0,0.0,0.9895833333333334,0.010111886573854242,0.002988099613533331,2,192
synthetic_to_real_psnr_benefit_C1_lq_logistic_505,synthetic_to_real,psnr_benefit,C1_lq,logistic,505,case3,real_csig,,,,0.0,0.0,0.0,1.0,8.834180721826524e-05,0.008170170611441648,0,192
synthetic_to_real_psnr_benefit_C1_lq_logistic_505,synthetic_to_real,psnr_benefit,C1_lq,logistic,505,case4,real_csig,,,,0.0,0.0,0.0,1.0,4.6672910239565135e-05,0.006075591212187243,0,192
synthetic_to_real_psnr_benefit_C1_lq_logistic_505,synthetic_to_real,psnr_benefit,C1_lq,logistic,505,case5,real_csig,0.44265232974910396,0.037408841327940895,0.5,0.0,0.0,0.0,0.96875,0.030706547658970032,0.013406153106630656,6,192
always_bad,baseline,psnr_benefit,always_bad,constant,505,case1,real_csig,,,,0.0,0.0,0.0,1.0,0.0,0.0,0,192
always_bad,baseline,psnr_benefit,always_bad,constant,505,case2,real_csig,0.5,0.010416666666666666,0.5,0.0,0.0,0.0,0.9895833333333334,0.010416666666666666,0.010416666666666666,2,192
always_bad,baseline,psnr_benefit,always_bad,constant,505,case3,real_csig,,,,0.0,0.0,0.0,1.0,0.0,0.0,0,192
always_bad,baseline,psnr_benefit,always_bad,constant,505,case4,real_csig,,,,0.0,0.0,0.0,1.0,0.0,0.0,0,192
always_bad,baseline,psnr_benefit,always_bad,constant,505,case5,real_csig,0.5,0.03125,0.5,0.0,0.0,0.0,0.96875,0.03125,0.03125,6,192
always_bad,baseline,psnr_benefit,always_bad,constant,505,bsds_100098,synthetic_bsds,,,,0.0,0.0,0.0,1.0,0.0,0.0,0,4
always_bad,baseline,psnr_benefit,always_bad,constant,505,bsds_106025,synthetic_bsds,,,,0.0,0.0,0.0,1.0,0.0,0.0,0,4
always_bad,baseline,psnr_benefit,always_bad,constant,505,bsds_112082,synthetic_bsds,,,,0.0,0.0,0.0,1.0,0.0,0.0,0,4
always_bad,baseline,psnr_benefit,always_bad,constant,505,bsds_138078,synthetic_bsds,,,,0.0,0.0,0.0,1.0,0.0,0.0,0,4
always_bad,baseline,psnr_benefit,always_bad,constant,505,bsds_140055,synthetic_bsds,,,,0.0,0.0,0.0,1.0,0.0,0.0,0,4
always_bad,baseline,psnr_benefit,always_bad,constant,505,bsds_147021,synthetic_bsds,,,,0.0,0.0,0.0,1.0,0.0,0.0,0,4
always_bad,baseline,psnr_benefit,always_bad,constant,505,bsds_153077,synthetic_bsds,,,,0.0,0.0,0.0,1.0,0.0,0.0,0,4
always_bad,baseline,psnr_benefit,always_bad,constant,505,bsds_159029,synthetic_bsds,,,,0.0,0.0,0.0,1.0,0.0,0.0,0,4
always_bad,baseline,psnr_benefit,always_bad,constant,505,bsds_159045,synthetic_bsds,,,,0.0,0.0,0.0,1.0,0.0,0.0,0,4
always_bad,baseline,psnr_benefit,always_bad,constant,505,bsds_159091,synthetic_bsds,,,,0.0,0.0,0.0,1.0,0.0,0.0,0,4
always_bad,baseline,psnr_benefit,always_bad,constant,505,bsds_164074,synthetic_bsds,,,,0.0,0.0,0.0,1.0,0.0,0.0,0,4
always_bad,baseline,psnr_benefit,always_bad,constant,505,bsds_166081,synthetic_bsds,,,,0.0,0.0,0.0,1.0,0.0,0.0,0,4
always_bad,baseline,psnr_benefit,always_bad,constant,505,bsds_176039,synthetic_bsds,,,,0.0,0.0,0.0,1.0,0.0,0.0,0,4
always_bad,baseline,psnr_benefit,always_bad,constant,505,bsds_183055,synthetic_bsds,,,,0.0,0.0,0.0,1.0,0.0,0.0,0,4
always_bad,baseline,psnr_benefit,always_bad,constant,505,bsds_187029,synthetic_bsds,,,,0.0,0.0,0.0,1.0,0.0,0.0,0,4
always_bad,baseline,psnr_benefit,always_bad,constant,505,bsds_188063,synthetic_bsds,,,,0.0,0.0,0.0,1.0,0.0,0.0,0,4
always_bad,baseline,psnr_benefit,always_bad,constant,505,bsds_198023,synthetic_bsds,0.5,0.75,0.5,0.0,0.0,0.0,0.25,0.75,0.75,3,4
always_bad,baseline,psnr_benefit,always_bad,constant,505,bsds_198054,synthetic_bsds,,,,0.0,0.0,0.0,1.0,0.0,0.0,0,4
always_bad,baseline,psnr_benefit,always_bad,constant,505,bsds_20008,synthetic_bsds,,,,0.0,0.0,0.0,1.0,0.0,0.0,0,4
always_bad,baseline,psnr_benefit,always_bad,constant,505,bsds_216041,synthetic_bsds,,,,0.0,0.0,0.0,1.0,0.0,0.0,0,4
always_bad,baseline,psnr_benefit,always_bad,constant,505,bsds_225017,synthetic_bsds,,,,0.0,0.0,0.0,1.0,0.0,0.0,0,4
always_bad,baseline,psnr_benefit,always_bad,constant,505,bsds_23025,synthetic_bsds,,,,0.0,0.0,0.0,1.0,0.0,0.0,0,4
always_bad,baseline,psnr_benefit,always_bad,constant,505,bsds_23080,synthetic_bsds,,,,0.0,0.0,0.0,1.0,0.0,0.0,0,4
always_bad,baseline,psnr_benefit,always_bad,constant,505,bsds_231015,synthetic_bsds,,,,0.0,0.0,0.0,1.0,0.0,0.0,0,4
always_bad,baseline,psnr_benefit,always_bad,constant,505,bsds_236017,synthetic_bsds,,,,0.0,0.0,0.0,1.0,0.0,0.0,0,4
always_bad,baseline,psnr_benefit,always_bad,constant,505,bsds_245051,synthetic_bsds,,,,0.0,0.0,0.0,1.0,0.0,0.0,0,4
always_bad,baseline,psnr_benefit,always_bad,constant,505,bsds_246016,synthetic_bsds,,,,0.0,0.0,0.0,1.0,0.0,0.0,0,4
always_bad,baseline,psnr_benefit,always_bad,constant,505,bsds_249061,synthetic_bsds,,,,0.0,0.0,0.0,1.0,0.0,0.0,0,4
always_bad,baseline,psnr_benefit,always_bad,constant,505,bsds_25098,synthetic_bsds,,,,0.0,0.0,0.0,1.0,0.0,0.0,0,4
always_bad,baseline,psnr_benefit,always_bad,constant,505,bsds_253036,synthetic_bsds,,,,0.0,0.0,0.0,1.0,0.0,0.0,0,4
always_bad,baseline,psnr_benefit,always_bad,constant,505,bsds_254054,synthetic_bsds,,,,0.0,0.0,0.0,1.0,0.0,0.0,0,4
always_bad,baseline,psnr_benefit,always_bad,constant,505,bsds_27059,synthetic_bsds,,,,0.0,0.0,0.0,1.0,0.0,0.0,0,4
always_bad,baseline,psnr_benefit,always_bad,constant,505,bsds_271008,synthetic_bsds,,,,0.0,0.0,0.0,1.0,0.0,0.0,0,4
always_bad,baseline,psnr_benefit,always_bad,constant,505,bsds_274007,synthetic_bsds,,,,0.0,0.0,0.0,1.0,0.0,0.0,0,4
always_bad,baseline,psnr_benefit,always_bad,constant,505,bsds_286092,synthetic_bsds,,,,0.0,0.0,0.0,1.0,0.0,0.0,0,4
always_bad,baseline,psnr_benefit,always_bad,constant,505,bsds_309004,synthetic_bsds,,,,0.0,0.0,0.0,1.0,0.0,0.0,0,4
always_bad,baseline,psnr_benefit,always_bad,constant,505,bsds_311081,synthetic_bsds,,,,0.0,0.0,0.0,1.0,0.0,0.0,0,4
always_bad,baseline,psnr_benefit,always_bad,constant,505,bsds_314016,synthetic_bsds,,,,0.0,0.0,0.0,1.0,0.0,0.0,0,4
always_bad,baseline,psnr_benefit,always_bad,constant,505,bsds_323016,synthetic_bsds,,,,0.0,0.0,0.0,1.0,0.0,0.0,0,4
always_bad,baseline,psnr_benefit,always_bad,constant,505,bsds_368078,synthetic_bsds,,,,0.0,0.0,0.0,1.0,0.0,0.0,0,4
always_bad,baseline,psnr_benefit,always_bad,constant,505,bsds_374020,synthetic_bsds,,,,0.0,0.0,0.0,1.0,0.0,0.0,0,4
always_bad,baseline,psnr_benefit,always_bad,constant,505,bsds_385028,synthetic_bsds,,,,0.0,0.0,0.0,1.0,0.0,0.0,0,4
always_bad,baseline,psnr_benefit,always_bad,constant,505,bsds_41004,synthetic_bsds,0.5,0.25,0.5,0.0,0.0,0.0,0.75,0.25,0.25,1,4
always_bad,baseline,psnr_benefit,always_bad,constant,505,bsds_45077,synthetic_bsds,,,,0.0,0.0,0.0,1.0,0.0,0.0,0,4
always_bad,baseline,psnr_benefit,always_bad,constant,505,bsds_46076,synthetic_bsds,0.5,0.25,0.5,0.0,0.0,0.0,0.75,0.25,0.25,1,4
always_bad,baseline,psnr_benefit,always_bad,constant,505,bsds_59078,synthetic_bsds,,,,0.0,0.0,0.0,1.0,0.0,0.0,0,4
always_bad,baseline,psnr_benefit,always_bad,constant,505,bsds_61086,synthetic_bsds,,,,0.0,0.0,0.0,1.0,0.0,0.0,0,4
always_bad,baseline,psnr_benefit,always_bad,constant,505,bsds_76002,synthetic_bsds,,,,0.0,0.0,0.0,1.0,0.0,0.0,0,4
always_bad,baseline,psnr_benefit,always_bad,constant,505,bsds_80099,synthetic_bsds,,,,0.0,0.0,0.0,1.0,0.0,0.0,0,4
always_bad,baseline,psnr_benefit,always_bad,constant,505,bsds_92059,synthetic_bsds,,,,0.0,0.0,0.0,1.0,0.0,0.0,0,4
always_good,baseline,psnr_benefit,always_good,constant,505,case1,real_csig,,,,0.0,0.0,0.0,0.0,1.0,1.0,0,192
always_good,baseline,psnr_benefit,always_good,constant,505,case2,real_csig,0.5,0.010416666666666666,0.5,0.010416666666666666,1.0,0.020618556701030927,0.010416666666666666,0.9895833333333334,0.9895833333333334,2,192
always_good,baseline,psnr_benefit,always_good,constant,505,case3,real_csig,,,,0.0,0.0,0.0,0.0,1.0,1.0,0,192
always_good,baseline,psnr_benefit,always_good,constant,505,case4,real_csig,,,,0.0,0.0,0.0,0.0,1.0,1.0,0,192
always_good,baseline,psnr_benefit,always_good,constant,505,case5,real_csig,0.5,0.03125,0.5,0.03125,1.0,0.06060606060606061,0.03125,0.96875,0.96875,6,192
always_good,baseline,psnr_benefit,always_good,constant,505,bsds_100098,synthetic_bsds,,,,0.0,0.0,0.0,0.0,1.0,1.0,0,4
always_good,baseline,psnr_benefit,always_good,constant,505,bsds_106025,synthetic_bsds,,,,0.0,0.0,0.0,0.0,1.0,1.0,0,4
always_good,baseline,psnr_benefit,always_good,constant,505,bsds_112082,synthetic_bsds,,,,0.0,0.0,0.0,0.0,1.0,1.0,0,4
always_good,baseline,psnr_benefit,always_good,constant,505,bsds_138078,synthetic_bsds,,,,0.0,0.0,0.0,0.0,1.0,1.0,0,4
always_good,baseline,psnr_benefit,always_good,constant,505,bsds_140055,synthetic_bsds,,,,0.0,0.0,0.0,0.0,1.0,1.0,0,4
always_good,baseline,psnr_benefit,always_good,constant,505,bsds_147021,synthetic_bsds,,,,0.0,0.0,0.0,0.0,1.0,1.0,0,4
always_good,baseline,psnr_benefit,always_good,constant,505,bsds_153077,synthetic_bsds,,,,0.0,0.0,0.0,0.0,1.0,1.0,0,4
always_good,baseline,psnr_benefit,always_good,constant,505,bsds_159029,synthetic_bsds,,,,0.0,0.0,0.0,0.0,1.0,1.0,0,4
always_good,baseline,psnr_benefit,always_good,constant,505,bsds_159045,synthetic_bsds,,,,0.0,0.0,0.0,0.0,1.0,1.0,0,4
always_good,baseline,psnr_benefit,always_good,constant,505,bsds_159091,synthetic_bsds,,,,0.0,0.0,0.0,0.0,1.0,1.0,0,4
always_good,baseline,psnr_benefit,always_good,constant,505,bsds_164074,synthetic_bsds,,,,0.0,0.0,0.0,0.0,1.0,1.0,0,4
always_good,baseline,psnr_benefit,always_good,constant,505,bsds_166081,synthetic_bsds,,,,0.0,0.0,0.0,0.0,1.0,1.0,0,4
always_good,baseline,psnr_benefit,always_good,constant,505,bsds_176039,synthetic_bsds,,,,0.0,0.0,0.0,0.0,1.0,1.0,0,4
always_good,baseline,psnr_benefit,always_good,constant,505,bsds_183055,synthetic_bsds,,,,0.0,0.0,0.0,0.0,1.0,1.0,0,4
always_good,baseline,psnr_benefit,always_good,constant,505,bsds_187029,synthetic_bsds,,,,0.0,0.0,0.0,0.0,1.0,1.0,0,4
always_good,baseline,psnr_benefit,always_good,constant,505,bsds_188063,synthetic_bsds,,,,0.0,0.0,0.0,0.0,1.0,1.0,0,4
always_good,baseline,psnr_benefit,always_good,constant,505,bsds_198023,synthetic_bsds,0.5,0.75,0.5,0.75,1.0,0.8571428571428571,0.75,0.25,0.25,3,4
always_good,baseline,psnr_benefit,always_good,constant,505,bsds_198054,synthetic_bsds,,,,0.0,0.0,0.0,0.0,1.0,1.0,0,4
always_good,baseline,psnr_benefit,always_good,constant,505,bsds_20008,synthetic_bsds,,,,0.0,0.0,0.0,0.0,1.0,1.0,0,4
always_good,baseline,psnr_benefit,always_good,constant,505,bsds_216041,synthetic_bsds,,,,0.0,0.0,0.0,0.0,1.0,1.0,0,4
always_good,baseline,psnr_benefit,always_good,constant,505,bsds_225017,synthetic_bsds,,,,0.0,0.0,0.0,0.0,1.0,1.0,0,4
always_good,baseline,psnr_benefit,always_good,constant,505,bsds_23025,synthetic_bsds,,,,0.0,0.0,0.0,0.0,1.0,1.0,0,4
always_good,baseline,psnr_benefit,always_good,constant,505,bsds_23080,synthetic_bsds,,,,0.0,0.0,0.0,0.0,1.0,1.0,0,4
always_good,baseline,psnr_benefit,always_good,constant,505,bsds_231015,synthetic_bsds,,,,0.0,0.0,0.0,0.0,1.0,1.0,0,4
always_good,baseline,psnr_benefit,always_good,constant,505,bsds_236017,synthetic_bsds,,,,0.0,0.0,0.0,0.0,1.0,1.0,0,4
always_good,baseline,psnr_benefit,always_good,constant,505,bsds_245051,synthetic_bsds,,,,0.0,0.0,0.0,0.0,1.0,1.0,0,4
always_good,baseline,psnr_benefit,always_good,constant,505,bsds_246016,synthetic_bsds,,,,0.0,0.0,0.0,0.0,1.0,1.0,0,4
always_good,baseline,psnr_benefit,always_good,constant,505,bsds_249061,synthetic_bsds,,,,0.0,0.0,0.0,0.0,1.0,1.0,0,4
always_good,baseline,psnr_benefit,always_good,constant,505,bsds_25098,synthetic_bsds,,,,0.0,0.0,0.0,0.0,1.0,1.0,0,4
always_good,baseline,psnr_benefit,always_good,constant,505,bsds_253036,synthetic_bsds,,,,0.0,0.0,0.0,0.0,1.0,1.0,0,4
always_good,baseline,psnr_benefit,always_good,constant,505,bsds_254054,synthetic_bsds,,,,0.0,0.0,0.0,0.0,1.0,1.0,0,4
always_good,baseline,psnr_benefit,always_good,constant,505,bsds_27059,synthetic_bsds,,,,0.0,0.0,0.0,0.0,1.0,1.0,0,4
always_good,baseline,psnr_benefit,always_good,constant,505,bsds_271008,synthetic_bsds,,,,0.0,0.0,0.0,0.0,1.0,1.0,0,4
always_good,baseline,psnr_benefit,always_good,constant,505,bsds_274007,synthetic_bsds,,,,0.0,0.0,0.0,0.0,1.0,1.0,0,4
always_good,baseline,psnr_benefit,always_good,constant,505,bsds_286092,synthetic_bsds,,,,0.0,0.0,0.0,0.0,1.0,1.0,0,4
always_good,baseline,psnr_benefit,always_good,constant,505,bsds_309004,synthetic_bsds,,,,0.0,0.0,0.0,0.0,1.0,1.0,0,4
always_good,baseline,psnr_benefit,always_good,constant,505,bsds_311081,synthetic_bsds,,,,0.0,0.0,0.0,0.0,1.0,1.0,0,4
always_good,baseline,psnr_benefit,always_good,constant,505,bsds_314016,synthetic_bsds,,,,0.0,0.0,0.0,0.0,1.0,1.0,0,4
always_good,baseline,psnr_benefit,always_good,constant,505,bsds_323016,synthetic_bsds,,,,0.0,0.0,0.0,0.0,1.0,1.0,0,4
always_good,baseline,psnr_benefit,always_good,constant,505,bsds_368078,synthetic_bsds,,,,0.0,0.0,0.0,0.0,1.0,1.0,0,4
always_good,baseline,psnr_benefit,always_good,constant,505,bsds_374020,synthetic_bsds,,,,0.0,0.0,0.0,0.0,1.0,1.0,0,4
always_good,baseline,psnr_benefit,always_good,constant,505,bsds_385028,synthetic_bsds,,,,0.0,0.0,0.0,0.0,1.0,1.0,0,4
always_good,baseline,psnr_benefit,always_good,constant,505,bsds_41004,synthetic_bsds,0.5,0.25,0.5,0.25,1.0,0.4,0.25,0.75,0.75,1,4
always_good,baseline,psnr_benefit,always_good,constant,505,bsds_45077,synthetic_bsds,,,,0.0,0.0,0.0,0.0,1.0,1.0,0,4
always_good,baseline,psnr_benefit,always_good,constant,505,bsds_46076,synthetic_bsds,0.5,0.25,0.5,0.25,1.0,0.4,0.25,0.75,0.75,1,4
always_good,baseline,psnr_benefit,always_good,constant,505,bsds_59078,synthetic_bsds,,,,0.0,0.0,0.0,0.0,1.0,1.0,0,4
always_good,baseline,psnr_benefit,always_good,constant,505,bsds_61086,synthetic_bsds,,,,0.0,0.0,0.0,0.0,1.0,1.0,0,4
always_good,baseline,psnr_benefit,always_good,constant,505,bsds_76002,synthetic_bsds,,,,0.0,0.0,0.0,0.0,1.0,1.0,0,4
always_good,baseline,psnr_benefit,always_good,constant,505,bsds_80099,synthetic_bsds,,,,0.0,0.0,0.0,0.0,1.0,1.0,0,4
always_good,baseline,psnr_benefit,always_good,constant,505,bsds_92059,synthetic_bsds,,,,0.0,0.0,0.0,0.0,1.0,1.0,0,4
