image_id,patch_id,x,y,patch_index,psnr_input,psnr_hypir,gain,label
case1,case1_y0000_x0000,0,0,0,27.879531018742938,25.14997664961883,-2.7295543691241093,BAD
case1,case1_y0000_x0128,128,0,1,27.37876959904564,24.331430031120647,-3.0473395679249933,BAD
case1,case1_y0000_x0256,256,0,2,27.608688609408965,22.560420797044003,-5.048267812364962,BAD
case1,case1_y0000_x0384,384,0,3,27.875479720411974,21.50418378771253,-6.371295932699443,BAD
case1,case1_y0000_x0512,512,0,4,27.9683498799781,22.991033952472442,-4.977315927505657,BAD
case1,case1_y0000_x0640,640,0,5,28.240124043019534,25.29879063498321,-2.941333408036325,BAD
case1,case1_y0000_x0768,768,0,6,27.799071054993373,25.348067943785413,-2.45100311120796,BAD
case1,case1_y0000_x0896,896,0,7,28.053638823175447,26.06278070326927,-1.9908581199061786,BAD
case1,case1_y0000_x1024,1024,0,8,28.636645178865983,26.351372402025067,-2.285272776840916,BAD
case1,case1_y0000_x1152,1152,0,9,28.633670516188698,26.18527882992318,-2.4483916862655164,BAD
case1,case1_y0000_x1280,1280,0,10,28.73989090936203,26.688272247656034,-2.0516186617059944,BAD
case1,case1_y0000_x1408,1408,0,11,29.23580355443655,27.357925022298062,-1.8778785321384888,BAD
case1,case1_y0000_x1536,1536,0,12,29.479330353853296,27.138984634900794,-2.340345718952502,BAD
case1,case1_y0000_x1664,1664,0,13,30.116342329765047,27.11343111904503,-3.0029112107200184,BAD
case1,case1_y0000_x1792,1792,0,14,34.24598051924061,30.295407690888858,-3.9505728283517527,BAD
case1,case1_y0000_x1920,1920,0,15,42.39814353336094,36.82039163973408,-5.5777518936268535,BAD
case1,case1_y0000_x2048,2048,0,16,39.93119538206446,36.24639918598703,-3.6847961960774285,BAD
case1,case1_y0000_x2176,2176,0,17,39.3076983265007,35.832615730974645,-3.475082595526054,BAD
case1,case1_y0000_x2304,2304,0,18,38.73447527936149,35.589293558235426,-3.1451817211260646,BAD
case1,case1_y0000_x2432,2432,0,19,36.92475739924041,30.270178860701193,-6.654578538539219,BAD
case1,case1_y0000_x2560,2560,0,20,38.11875733156781,30.413493714512825,-7.705263617054982,BAD
case1,case1_y0000_x2688,2688,0,21,42.522637562923116,36.68008849537203,-5.842549067551083,BAD
case1,case1_y0000_x2816,2816,0,22,41.514557499175524,36.399882715338975,-5.1146747838365485,BAD
case1,case1_y0000_x2944,2944,0,23,40.37569435625605,35.88597639102263,-4.489717965233417,BAD
case1,case1_y0000_x3072,3072,0,24,39.26008128334522,35.49018820143638,-3.7698930819088403,BAD
case1,case1_y0000_x3200,3200,0,25,38.620914997012434,35.23804473386048,-3.3828702631519576,BAD
case1,case1_y0000_x3328,3328,0,26,39.65344672692642,35.44137577470889,-4.21207095221753,BAD
case1,case1_y0000_x3456,3456,0,27,39.87423016853324,35.37620417817419,-4.4980259903590465,BAD
case1,case1_y0000_x3584,3584,0,28,40.80613057885831,35.86798317888648,-4.938147399971825,BAD
case1,case1_y0000_x3712,3712,0,29,41.995508475409586,36.50105857164836,-5.494449903761229,BAD
case1,case1_y0000_x3840,3840,0,30,42.570109653925996,36.71197915414025,-5.858130499785744,BAD
case1,case1_y0128_x0000,0,128,31,28.17312650331852,25.136438735923146,-3.0366877673953745,BAD
case1,case1_y0128_x0128,128,128,32,26.63195709404114,23.726933014700048,-2.905024079341093,BAD
case1,case1_y0128_x0256,256,128,33,26.908183724627964,22.48384973529442,-4.424333989333544,BAD
case1,case1_y0128_x0384,384,128,34,25.407394321447846,19.221733922696767,-6.185660398751079,BAD
case1,case1_y0128_x0512,512,128,35,25.765663578938913,20.03931699363553,-5.726346585303382,BAD
case1,case1_y0128_x0640,640,128,36,28.76866441744812,25.28679187608838,-3.481872541359742,BAD
case1,case1_y0128_x0768,768,128,37,28.0275394094609,25.32310526761202,-2.7044341418488784,BAD
case1,case1_y0128_x0896,896,128,38,28.750999813700112,26.73437999248756,-2.016619821212551,BAD
case1,case1_y0128_x1024,1024,128,39,28.829089701700575,26.826054888335303,-2.0030348133652716,BAD
case1,case1_y0128_x1152,1152,128,40,28.90359880266646,26.848035738816,-2.0555630638504567,BAD
case1,case1_y0128_x1280,1280,128,41,30.741117368943303,28.958043421243257,-1.7830739477000463,BAD
case1,case1_y0128_x1408,1408,128,42,31.57754676027257,30.38376474000783,-1.193782020264738,BAD
case1,case1_y0128_x1536,1536,128,43,34.62194606013109,33.3217655111745,-1.3001805489565896,BAD
case1,case1_y0128_x1664,1664,128,44,43.34596858744681,40.14262697198906,-3.2033416154577523,BAD
case1,case1_y0128_x1792,1792,128,45,46.464845497165456,38.91949728810736,-7.545348209058098,BAD
case1,case1_y0128_x1920,1920,128,46,43.53148277017695,36.79178396747031,-6.739698802706641,BAD
case1,case1_y0128_x2048,2048,128,47,41.25399912120032,36.149280433763565,-5.104718687436758,BAD
case1,case1_y0128_x2176,2176,128,48,40.788318702709276,36.04558538816,-4.742733314549277,BAD
case1,case1_y0128_x2304,2304,128,49,40.033921017603305,36.01471992203556,-4.019201095567745,BAD
case1,case1_y0128_x2432,2432,128,50,39.20558737309703,35.90445059167826,-3.3011367814187693,BAD
case1,case1_y0128_x2560,2560,128,51,40.64091465660182,36.40329159361493,-4.237623062986891,BAD
case1,case1_y0128_x2688,2688,128,52,43.87183701111435,37.30812262518998,-6.563714385924371,BAD
case1,case1_y0128_x2816,2816,128,53,42.89389266484043,36.89030525585298,-6.00358740898745,BAD
case1,case1_y0128_x2944,2944,128,54,42.96240670636393,36.49215681866143,-6.470249887702501,BAD
case1,case1_y0128_x3072,3072,128,55,43.98431507844849,36.472120081761766,-7.512194996686723,BAD
case1,case1_y0128_x3200,3200,128,56,43.112402140616936,36.365740202735914,-6.746661937881022,BAD
case1,case1_y0128_x3328,3328,128,57,43.88876283072876,36.393266925992414,-7.4954959047363445,BAD
case1,case1_y0128_x3456,3456,128,58,44.44651294850793,36.384052745528194,-8.062460202979736,BAD
case1,case1_y0128_x3584,3584,128,59,44.575824000292116,36.77220454121916,-7.803619459072955,BAD
case1,case1_y0128_x3712,3712,128,60,44.90012822139753,37.16057971738262,-7.739548504014913,BAD
case1,case1_y0128_x3840,3840,128,61,45.96351055387586,37.31293956947602,-8.650570984399835,BAD
case1,case1_y0256_x0000,0,256,62,28.541137632475394,25.450283031293715,-3.090854601181679,BAD
case1,case1_y0256_x0128,128,256,63,27.121634829432743,24.264437827216938,-2.8571970022158055,BAD
case1,case1_y0256_x0256,256,256,64,27.3995086263278,23.190369783574447,-4.2091388427533545,BAD
case1,case1_y0256_x0384,384,256,65,26.08268731558303,19.98903314523321,-6.093654170349819,BAD
case1,case1_y0256_x0512,512,256,66,26.513150842603075,20.775096178949028,-5.738054663654047,BAD
case1,case1_y0256_x0640,640,256,67,29.692528008465615,26.21872385979517,-3.473804148670446,BAD
case1,case1_y0256_x0768,768,256,68,29.276836324919365,26.575161060639367,-2.7016752642799986,BAD
case1,case1_y0256_x0896,896,256,69,30.263748740258496,28.118637940505835,-2.1451107997526613,BAD
case1,case1_y0256_x1024,1024,256,70,29.858601705574333,27.961498129744186,-1.8971035758301475,BAD
case1,case1_y0256_x1152,1152,256,71,29.909241979414208,28.011500679057395,-1.897741300356813,BAD
case1,case1_y0256_x1280,1280,256,72,32.8782335001509,30.97379406872982,-1.9044394314210784,BAD
case1,case1_y0256_x1408,1408,256,73,32.95775855933712,31.48979988695944,-1.4679586723776836,BAD
case1,case1_y0256_x1536,1536,256,74,34.57312607430804,33.27545853475284,-1.2976675395551993,BAD
case1,case1_y0256_x1664,1664,256,75,41.363067718741334,39.5003791430772,-1.8626885756641371,BAD
case1,case1_y0256_x1792,1792,256,76,43.253599647727356,38.99478186903242,-4.258817778694933,BAD
case1,case1_y0256_x1920,1920,256,77,43.097618572982626,37.71554959020128,-5.382068982781348,BAD
case1,case1_y0256_x2048,2048,256,78,42.490156155220625,37.55854596100316,-4.931610194217463,BAD
case1,case1_y0256_x2176,2176,256,79,42.972949105278985,37.78891801073175,-5.184031094547237,BAD
case1,case1_y0256_x2304,2304,256,80,42.352148623656696,37.78958365998367,-4.562564963673026,BAD
case1,case1_y0256_x2432,2432,256,81,41.14463045881925,37.55152891994834,-3.5931015388709113,BAD
case1,case1_y0256_x2560,2560,256,82,41.166603132214156,37.555331070104536,-3.61127206210962,BAD
case1,case1_y0256_x2688,2688,256,83,41.886265581445684,37.914835465849876,-3.9714301155958083,BAD
case1,case1_y0256_x2816,2816,256,84,42.28220648121071,38.025554530317535,-4.256651950893172,BAD
case1,case1_y0256_x2944,2944,256,85,43.45806154960843,38.10742981017885,-5.350631739429581,BAD
case1,case1_y0256_x3072,3072,256,86,43.32321538781281,37.921892653212666,-5.401322734600143,BAD
case1,case1_y0256_x3200,3200,256,87,42.40642446334695,37.734729473411974,-4.671694989934977,BAD
case1,case1_y0256_x3328,3328,256,88,42.701694457415435,37.79102148382114,-4.910672973594295,BAD
case1,case1_y0256_x3456,3456,256,89,43.14758026246292,37.75509839867397,-5.3924818637889445,BAD
case1,case1_y0256_x3584,3584,256,90,43.33812181598571,37.91588227616604,-5.422239539819671,BAD
case1,case1_y0256_x3712,3712,256,91,43.249405286384885,37.965588191306786,-5.283817095078099,BAD
case1,case1_y0256_x3840,3840,256,92,44.20492311967248,38.002558752618285,-6.202364367054194,BAD
case1,case1_y0384_x0000,0,384,93,30.214827968919703,28.616896529652198,-1.597931439267505,BAD
case1,case1_y0384_x0128,128,384,94,29.82695817116263,28.152565919115254,-1.674392252047376,BAD
case1,case1_y0384_x0256,256,384,95,29.472864506957265,27.502058437628442,-1.9708060693288232,BAD
case1,case1_y0384_x0384,384,384,96,30.323197807539152,27.808619420433995,-2.514578387105157,BAD
case1,case1_y0384_x0512,512,384,97,33.54129224874464,30.78809875603589,-2.75319349270875,BAD
case1,case1_y0384_x0640,640,384,98,35.62152649808689,33.80923250199731,-1.8122939960895792,BAD
case1,case1_y0384_x0768,768,384,99,30.28287629284369,28.294523166909094,-1.9883531259345943,BAD
case1,case1_y0384_x0896,896,384,100,28.508136697430437,26.24895444932699,-2.2591822481034463,BAD
case1,case1_y0384_x1024,1024,384,101,28.57685139883783,25.343872075851653,-3.2329793229861785,BAD
case1,case1_y0384_x1152,1152,384,102,28.25351845679161,24.367942825612626,-3.885575631178984,BAD
case1,case1_y0384_x1280,1280,384,103,28.789853819102408,25.626931463630495,-3.1629223554719132,BAD
case1,case1_y0384_x1408,1408,384,104,29.93755466433552,28.24015598309067,-1.6973986812448487,BAD
case1,case1_y0384_x1536,1536,384,105,29.252794486444486,28.52941640979875,-0.7233780766457372,BAD
case1,case1_y0384_x1664,1664,384,106,29.02469801397544,28.966623726067162,-0.05807428790827629,BAD
case1,case1_y0384_x1792,1792,384,107,28.35789061797626,27.700052794908,-0.6578378230682596,BAD
case1,case1_y0384_x1920,1920,384,108,28.311158179960472,27.34315643707168,-0.9680017428887915,BAD
case1,case1_y0384_x2048,2048,384,109,29.004072776048872,27.853203131658915,-1.1508696443899566,BAD
case1,case1_y0384_x2176,2176,384,110,28.194633940461294,27.038538347699102,-1.1560955927621919,BAD
case1,case1_y0384_x2304,2304,384,111,27.80844283331172,26.775382056797923,-1.0330607765137962,BAD
case1,case1_y0384_x2432,2432,384,112,27.166728444615625,26.009233031925675,-1.1574954126899506,BAD
case1,case1_y0384_x2560,2560,384,113,27.452841829388035,25.452845969093254,-1.9999958602947814,BAD
case1,case1_y0384_x2688,2688,384,114,28.782780560818033,25.87215177663809,-2.9106287841799414,BAD
case1,case1_y0384_x2816,2816,384,115,27.37271821448171,25.361878875395377,-2.010839339086335,BAD
case1,case1_y0384_x2944,2944,384,116,28.369536560761514,26.752908566290863,-1.616627994470651,BAD
case1,case1_y0384_x3072,3072,384,117,35.01923538224075,32.92806524425319,-2.091170137987561,BAD
case1,case1_y0384_x3200,3200,384,118,31.27312753435541,30.558478163795005,-0.7146493705604051,BAD
case1,case1_y0384_x3328,3328,384,119,28.35807565907885,27.156730036484102,-1.2013456225947472,BAD
case1,case1_y0384_x3456,3456,384,120,27.021206829973533,25.487678977763977,-1.5335278522095557,BAD
case1,case1_y0384_x3584,3584,384,121,26.49454565804853,24.943469929137756,-1.5510757289107744,BAD
case1,case1_y0384_x3712,3712,384,122,27.56189848475278,25.895531605595913,-1.6663668791568682,BAD
case1,case1_y0384_x3840,3840,384,123,27.934509493078764,26.19372386537767,-1.7407856277010936,BAD
case1,case1_y0512_x0000,0,512,124,26.83621049051196,25.118138967298638,-1.7180715232133217,BAD
case1,case1_y0512_x0128,128,512,125,26.38054658555179,24.662550902283673,-1.7179956832681178,BAD
case1,case1_y0512_x0256,256,512,126,26.67612067207253,24.72208427562878,-1.9540363964437475,BAD
case1,case1_y0512_x0384,384,512,127,27.827933251426856,25.174841262969537,-2.6530919884573194,BAD
case1,case1_y0512_x0512,512,512,128,29.700911601072555,26.941772019292376,-2.759139581780179,BAD
case1,case1_y0512_x0640,640,512,129,32.343490847478705,29.789992286542546,-2.553498560936159,BAD
case1,case1_y0512_x0768,768,512,130,27.817222427261154,24.181417580292532,-3.6358048469686217,BAD
case1,case1_y0512_x0896,896,512,131,25.91607951641137,21.94178766783873,-3.974291848572637,BAD
case1,case1_y0512_x1024,1024,512,132,25.81403125658509,21.37250294026977,-4.4415283163153205,BAD
case1,case1_y0512_x1152,1152,512,133,25.586377354536097,20.99993009645953,-4.586447258076568,BAD
case1,case1_y0512_x1280,1280,512,134,26.46206722885391,22.869561003512928,-3.5925062253409834,BAD
case1,case1_y0512_x1408,1408,512,135,27.571567064868354,25.910207841518755,-1.6613592233495993,BAD
case1,case1_y0512_x1536,1536,512,136,27.187113457641196,26.192434412381257,-0.9946790452599394,BAD
case1,case1_y0512_x1664,1664,512,137,27.62611634711174,27.242480149708026,-0.3836361974037139,BAD
case1,case1_y0512_x1792,1792,512,138,26.670035124079874,25.75344104477367,-0.9165940793062042,BAD
case1,case1_y0512_x1920,1920,512,139,26.220674198857754,24.998664257951965,-1.2220099409057887,BAD
case1,case1_y0512_x2048,2048,512,140,26.815753263888666,25.413795702476285,-1.401957561412381,BAD
case1,case1_y0512_x2176,2176,512,141,26.43935099423517,24.98546821326351,-1.4538827809716608,BAD
case1,case1_y0512_x2304,2304,512,142,26.368100529243414,25.133466459650542,-1.2346340695928717,BAD
case1,case1_y0512_x2432,2432,512,143,25.45964826655109,24.326866993626275,-1.132781272924813,BAD
case1,case1_y0512_x2560,2560,512,144,25.740183149445947,23.64852873562784,-2.091654413818109,BAD
case1,case1_y0512_x2688,2688,512,145,27.203888437119886,23.870078486177814,-3.333809950942072,BAD
case1,case1_y0512_x2816,2816,512,146,25.8686393101682,23.528800316360176,-2.339838993808023,BAD
case1,case1_y0512_x2944,2944,512,147,26.71506474166922,24.989304243984286,-1.7257604976849343,BAD
case1,case1_y0512_x3072,3072,512,148,32.98392029148572,30.921825127028768,-2.0620951644569487,BAD
case1,case1_y0512_x3200,3200,512,149,30.677614551324965,29.74181459880537,-0.935799952519595,BAD
case1,case1_y0512_x3328,3328,512,150,27.43735393040943,26.020729954547832,-1.4166239758615973,BAD
case1,case1_y0512_x3456,3456,512,151,25.94797570539104,24.205761822849126,-1.7422138825419147,BAD
case1,case1_y0512_x3584,3584,512,152,25.476576148539674,23.859978573307195,-1.616597575232479,BAD
case1,case1_y0512_x3712,3712,512,153,26.415435452302162,24.703533651913524,-1.7119018003886382,BAD
case1,case1_y0512_x3840,3840,512,154,26.86343440167645,25.05570764869729,-1.8077267529791605,BAD
case1,case1_y0640_x0000,0,640,155,29.341003010804776,27.436344034922154,-1.9046589758826222,BAD
case1,case1_y0640_x0128,128,640,156,28.83999637957928,27.019069079179125,-1.8209273004001538,BAD
case1,case1_y0640_x0256,256,640,157,29.688260699062926,27.70177684681514,-1.9864838522477868,BAD
case1,case1_y0640_x0384,384,640,158,31.160719856512276,28.302237173443366,-2.8584826830689103,BAD
case1,case1_y0640_x0512,512,640,159,31.73349528676927,28.904909862030266,-2.8285854247390034,BAD
case1,case1_y0640_x0640,640,640,160,34.52066597889325,31.37457800416246,-3.14608797473079,BAD
case1,case1_y0640_x0768,768,640,161,31.183716889587995,26.16454168567242,-5.019175203915577,BAD
case1,case1_y0640_x0896,896,640,162,29.217756609394065,23.87929267832584,-5.338463931068226,BAD
case1,case1_y0640_x1024,1024,640,163,28.909438924725425,23.53309565893663,-5.376343265788794,BAD
case1,case1_y0640_x1152,1152,640,164,28.803248882479945,23.62337413253492,-5.179874749945025,BAD
case1,case1_y0640_x1280,1280,640,165,30.11933577580629,26.02175968731678,-4.097576088489511,BAD
case1,case1_y0640_x1408,1408,640,166,31.03143769978874,29.309479456055172,-1.7219582437335674,BAD
case1,case1_y0640_x1536,1536,640,167,30.912429458436577,29.5123503585226,-1.4000790999139774,BAD
case1,case1_y0640_x1664,1664,640,168,32.59239503501349,31.35468711863576,-1.2377079163777296,BAD
case1,case1_y0640_x1792,1792,640,169,31.28125853166336,29.688663209701996,-1.5925953219613653,BAD
case1,case1_y0640_x1920,1920,640,170,30.200065748268976,28.432268067932146,-1.7677976803368303,BAD
case1,case1_y0640_x2048,2048,640,171,30.613491773751683,28.697183610808988,-1.9163081629426948,BAD
case1,case1_y0640_x2176,2176,640,172,30.899179290622747,28.823318479284474,-2.0758608113382735,BAD
case1,case1_y0640_x2304,2304,640,173,31.527131630859785,29.722443543635826,-1.8046880872239583,BAD
case1,case1_y0640_x2432,2432,640,174,30.142399499387555,28.937982958794358,-1.204416540593197,BAD
case1,case1_y0640_x2560,2560,640,175,30.355164954421436,28.040318550052106,-2.31484640436933,BAD
case1,case1_y0640_x2688,2688,640,176,31.98000066926496,27.90818696696045,-4.07181370230451,BAD
case1,case1_y0640_x2816,2816,640,177,30.905611005926843,27.88390057789966,-3.021710428027184,BAD
case1,case1_y0640_x2944,2944,640,178,31.356488962258773,29.364375844333455,-1.9921131179253173,BAD
case1,case1_y0640_x3072,3072,640,179,35.89086782174675,33.97357641068136,-1.917291411065392,BAD
case1,case1_y0640_x3200,3200,640,180,36.99606236051853,35.31511720258256,-1.680945157935966,BAD
case1,case1_y0640_x3328,3328,640,181,33.66143989694267,31.598943060426382,-2.062496836516285,BAD
case1,case1_y0640_x3456,3456,640,182,32.011779553493355,29.64819905804143,-2.3635804954519237,BAD
case1,case1_y0640_x3584,3584,640,183,31.78325386596611,29.915295986621082,-1.8679578793450275,BAD
case1,case1_y0640_x3712,3712,640,184,32.165243701722794,30.321051305504216,-1.8441923962185776,BAD
case1,case1_y0640_x3840,3840,640,185,32.85521754832012,30.79991016303428,-2.0553073852858397,BAD
case1,case1_y0768_x0000,0,768,186,45.60633915006066,40.133737031512695,-5.472602118547968,BAD
case1,case1_y0768_x0128,128,768,187,43.25495793755038,39.43168344353201,-3.8232744940183707,BAD
case1,case1_y0768_x0256,256,768,188,42.40273094262725,38.854094880918915,-3.5486360617083363,BAD
case1,case1_y0768_x0384,384,768,189,43.674803696360016,39.008519127979284,-4.666284568380732,BAD
case1,case1_y0768_x0512,512,768,190,43.67608650621652,39.20467081355345,-4.471415692663072,BAD
case1,case1_y0768_x0640,640,768,191,44.04483729865217,39.74745456138002,-4.297382737272152,BAD
case1,case1_y0768_x0768,768,768,192,43.91500799914638,40.50066321082201,-3.414344788324371,BAD
case1,case1_y0768_x0896,896,768,193,43.17522642880345,40.996485102202186,-2.178741326601262,BAD
case1,case1_y0768_x1024,1024,768,194,43.49000130917531,41.42957923665253,-2.0604220725227833,BAD
case1,case1_y0768_x1152,1152,768,195,44.81954037018496,41.87263476804935,-2.946905602135608,BAD
case1,case1_y0768_x1280,1280,768,196,46.357362350792066,41.14868683243784,-5.208675518354227,BAD
case1,case1_y0768_x1408,1408,768,197,45.1043862742885,40.14181261893604,-4.962573655352465,BAD
case1,case1_y0768_x1536,1536,768,198,42.033576460719004,39.53110259838348,-2.5024738623355276,BAD
case1,case1_y0768_x1664,1664,768,199,42.64821736436211,39.61704363355817,-3.0311737308039426,BAD
case1,case1_y0768_x1792,1792,768,200,45.87791380789931,40.050671172584195,-5.827242635315116,BAD
case1,case1_y0768_x1920,1920,768,201,44.562370524618245,39.67379699623668,-4.8885735283815634,BAD
case1,case1_y0768_x2048,2048,768,202,43.90214923921691,39.170211414183065,-4.731937825033846,BAD
case1,case1_y0768_x2176,2176,768,203,42.81343724488103,38.90106622949321,-3.9123710153878193,BAD
case1,case1_y0768_x2304,2304,768,204,44.05285413446258,39.88556756271016,-4.16728657175242,BAD
case1,case1_y0768_x2432,2432,768,205,45.59697409965288,40.834027415502526,-4.762946684150357,BAD
case1,case1_y0768_x2560,2560,768,206,43.8553978130848,40.89474941278105,-2.9606484003037465,BAD
case1,case1_y0768_x2688,2688,768,207,44.89008255582216,41.83364978476973,-3.056432771052428,BAD
case1,case1_y0768_x2816,2816,768,208,45.34880742200717,41.63353261369543,-3.71527480831174,BAD
case1,case1_y0768_x2944,2944,768,209,43.939216016450644,40.866087839601484,-3.07312817684916,BAD
case1,case1_y0768_x3072,3072,768,210,42.72127967475592,40.62373497475619,-2.0975446999997303,BAD
case1,case1_y0768_x3200,3200,768,211,40.60017847451496,39.774048813461896,-0.8261296610530664,BAD
case1,case1_y0768_x3328,3328,768,212,40.24128100815257,39.17107301353026,-1.070207994622308,BAD
case1,case1_y0768_x3456,3456,768,213,41.50657744504593,39.455747982566464,-2.050829462479463,BAD
case1,case1_y0768_x3584,3584,768,214,41.702009802724774,40.42125103102849,-1.2807587716962843,BAD
case1,case1_y0768_x3712,3712,768,215,41.71725307148189,41.2607104168772,-0.45654265460468935,BAD
case1,case1_y0768_x3840,3840,768,216,42.63418860771278,41.74046980289564,-0.8937188048171407,BAD
case1,case1_y0896_x0000,0,896,217,42.66964105787263,39.09549638745579,-3.5741446704168425,BAD
case1,case1_y0896_x0128,128,896,218,43.108668516696724,39.29976339391925,-3.8089051227774746,BAD
case1,case1_y0896_x0256,256,896,219,42.66355222395898,38.741575749092135,-3.9219764748668453,BAD
case1,case1_y0896_x0384,384,896,220,43.92509435467005,38.61698003480856,-5.308114319861488,BAD
case1,case1_y0896_x0512,512,896,221,44.75080526126902,38.94979930704251,-5.801005954226511,BAD
case1,case1_y0896_x0640,640,896,222,45.82203636435893,39.59995490563746,-6.222081458721469,BAD
case1,case1_y0896_x0768,768,896,223,45.295943571681924,40.023016560480364,-5.27292701120156,BAD
case1,case1_y0896_x0896,896,896,224,44.33627445868197,40.39282953157708,-3.943444927104892,BAD
case1,case1_y0896_x1024,1024,896,225,44.27170977974857,40.08079002460923,-4.1909197551393405,BAD
case1,case1_y0896_x1152,1152,896,226,44.9273829513362,39.903587769424405,-5.023795181911794,BAD
case1,case1_y0896_x1280,1280,896,227,45.10869087984962,40.06645122725179,-5.042239652597829,BAD
case1,case1_y0896_x1408,1408,896,228,45.57767851322467,40.1788937098229,-5.398784803401767,BAD
case1,case1_y0896_x1536,1536,896,229,44.80130756135981,40.04746914047018,-4.753838420889636,BAD
case1,case1_y0896_x1664,1664,896,230,44.09589141170098,40.21689759715005,-3.878993814550931,BAD
case1,case1_y0896_x1792,1792,896,231,46.229117270319335,40.33048963750329,-5.898627632816044,BAD
case1,case1_y0896_x1920,1920,896,232,44.647337380606125,39.52692389516307,-5.120413485443052,BAD
case1,case1_y0896_x2048,2048,896,233,43.74006390407401,39.05159887368032,-4.688465030393694,BAD
case1,case1_y0896_x2176,2176,896,234,44.12862297540591,38.81187470142987,-5.316748273976039,BAD
case1,case1_y0896_x2304,2304,896,235,46.06159661863203,40.06925997490471,-5.99233664372732,BAD
case1,case1_y0896_x2432,2432,896,236,46.85332677726496,41.54652815636841,-5.306798620896551,BAD
case1,case1_y0896_x2560,2560,896,237,44.43016420974605,41.62971420515802,-2.8004500045880363,BAD
case1,case1_y0896_x2688,2688,896,238,44.825635023128314,42.53458642042722,-2.291048602701096,BAD
case1,case1_y0896_x2816,2816,896,239,46.41961052490601,42.23894689386477,-4.1806636310412415,BAD
case1,case1_y0896_x2944,2944,896,240,43.885362412589906,40.752343001840515,-3.133019410749391,BAD
case1,case1_y0896_x3072,3072,896,241,42.38884190565819,40.25009179392776,-2.138750111730431,BAD
case1,case1_y0896_x3200,3200,896,242,42.23625706842333,40.449196671448846,-1.787060396974482,BAD
case1,case1_y0896_x3328,3328,896,243,42.21726536192956,40.022760434945596,-2.194504926983967,BAD
case1,case1_y0896_x3456,3456,896,244,42.86295501525886,39.59801281860463,-3.264942196654232,BAD
case1,case1_y0896_x3584,3584,896,245,42.751784225910434,40.742022009551036,-2.0097622163593982,BAD
case1,case1_y0896_x3712,3712,896,246,43.81237113327196,42.906790080432316,-0.9055810528396435,BAD
case1,case1_y0896_x3840,3840,896,247,45.01459487341175,43.5001349453734,-1.514459928038356,BAD
case1,case1_y1024_x0000,0,1024,248,37.33091028366483,35.34393846993826,-1.9869718137265693,BAD
case1,case1_y1024_x0128,128,1024,249,37.79472034828947,35.97138444697593,-1.8233359013135342,BAD
case1,case1_y1024_x0256,256,1024,250,38.843371152767745,36.32602733312226,-2.5173438196454825,BAD
case1,case1_y1024_x0384,384,1024,251,42.62365940666911,37.850044238278976,-4.773615168390137,BAD
case1,case1_y1024_x0512,512,1024,252,39.327381089268954,35.33648797242893,-3.9908931168400272,BAD
case1,case1_y1024_x0640,640,1024,253,37.005613868193834,33.831877827200344,-3.1737360409934894,BAD
case1,case1_y1024_x0768,768,1024,254,36.076674540347355,33.80517900328109,-2.271495537066265,BAD
case1,case1_y1024_x0896,896,1024,255,34.82670324146097,33.02019911014232,-1.806504131318647,BAD
case1,case1_y1024_x1024,1024,1024,256,34.580401645352666,32.714090495972464,-1.866311149380202,BAD
case1,case1_y1024_x1152,1152,1024,257,33.16580767707697,31.284722599298668,-1.8810850777783017,BAD
case1,case1_y1024_x1280,1280,1024,258,33.583191384529705,31.107458273251595,-2.4757331112781102,BAD
case1,case1_y1024_x1408,1408,1024,259,34.94284383684883,31.128607936705404,-3.8142359001434265,BAD
case1,case1_y1024_x1536,1536,1024,260,33.927890677593055,31.228354165153156,-2.6995365124398987,BAD
case1,case1_y1024_x1664,1664,1024,261,33.52161743909447,31.927748600640335,-1.593868838454135,BAD
case1,case1_y1024_x1792,1792,1024,262,32.39019877263243,30.64461883629906,-1.745579936333371,BAD
case1,case1_y1024_x1920,1920,1024,263,34.03014859077479,32.18169351752505,-1.8484550732497453,BAD
case1,case1_y1024_x2048,2048,1024,264,40.92981228838272,37.81810002755932,-3.1117122608234027,BAD
case1,case1_y1024_x2176,2176,1024,265,34.512264417228295,31.603251902976787,-2.9090125142515078,BAD
case1,case1_y1024_x2304,2304,1024,266,32.42816454089234,30.628951637301107,-1.7992129035912328,BAD
case1,case1_y1024_x2432,2432,1024,267,32.07059803598722,31.84612436057252,-0.22447367541469632,BAD
case1,case1_y1024_x2560,2560,1024,268,31.965082628467115,31.007105393990205,-0.9579772344769104,BAD
case1,case1_y1024_x2688,2688,1024,269,32.75523664197581,31.127255316899152,-1.6279813250766608,BAD
case1,case1_y1024_x2816,2816,1024,270,30.918947582025986,26.26683691895995,-4.652110663066036,BAD
case1,case1_y1024_x2944,2944,1024,271,30.69945726979775,24.94038656815501,-5.759070701642742,BAD
case1,case1_y1024_x3072,3072,1024,272,31.74393461818648,27.75070589051063,-3.9932287276758487,BAD
case1,case1_y1024_x3200,3200,1024,273,30.727406850799074,29.648770191885127,-1.0786366589139469,BAD
case1,case1_y1024_x3328,3328,1024,274,30.130007276109207,28.49728921506817,-1.632718061041036,BAD
case1,case1_y1024_x3456,3456,1024,275,29.383820152600958,27.64535915175065,-1.7384610008503074,BAD
case1,case1_y1024_x3584,3584,1024,276,31.16950507143998,29.671103830277126,-1.4984012411628527,BAD
case1,case1_y1024_x3712,3712,1024,277,38.140051217548404,36.170558722764916,-1.9694924947834878,BAD
case1,case1_y1024_x3840,3840,1024,278,32.877233159612715,30.342662730961734,-2.53457042865098,BAD
case1,case1_y1152_x0000,0,1152,279,26.917519305558457,26.221262602183415,-0.6962567033750418,BAD
case1,case1_y1152_x0128,128,1152,280,26.541620482726852,25.81820633754452,-0.7234141451823319,BAD
case1,case1_y1152_x0256,256,1152,281,27.559796946938423,26.346582986029127,-1.2132139609092967,BAD
case1,case1_y1152_x0384,384,1152,282,32.28637104975795,30.08676547024099,-2.1996055795169625,BAD
case1,case1_y1152_x0512,512,1152,283,28.66239412149641,26.817047507379232,-1.845346614117176,BAD
case1,case1_y1152_x0640,640,1152,284,25.962483946420445,24.28452583830671,-1.6779581081137351,BAD
case1,case1_y1152_x0768,768,1152,285,25.859259932064198,24.665881661673346,-1.193378270390852,BAD
case1,case1_y1152_x0896,896,1152,286,26.016041961443335,24.974924470474175,-1.0411174909691603,BAD
case1,case1_y1152_x1024,1024,1152,287,26.98612736826007,25.551974769769345,-1.4341525984907264,BAD
case1,case1_y1152_x1152,1152,1152,288,27.500284049734507,25.838662603338246,-1.6616214463962606,BAD
case1,case1_y1152_x1280,1280,1152,289,27.529747268555628,24.95813312244635,-2.5716141461092796,BAD
case1,case1_y1152_x1408,1408,1152,290,27.263091568611788,23.735864847887427,-3.527226720724361,BAD
case1,case1_y1152_x1536,1536,1152,291,27.296913119621507,24.680145843617133,-2.6167672760043743,BAD
case1,case1_y1152_x1664,1664,1152,292,27.53162148318956,26.433468275952347,-1.098153207237214,BAD
case1,case1_y1152_x1792,1792,1152,293,26.573704327542384,25.18795619330222,-1.3857481342401634,BAD
case1,case1_y1152_x1920,1920,1152,294,27.81862605615647,26.45405190711785,-1.3645741490386207,BAD
case1,case1_y1152_x2048,2048,1152,295,33.13395640978578,31.737314351120553,-1.396642058665229,BAD
case1,case1_y1152_x2176,2176,1152,296,28.616178402176963,26.419002967744145,-2.1971754344328183,BAD
case1,case1_y1152_x2304,2304,1152,297,26.8083728428658,25.271670669613705,-1.5367021732520953,BAD
case1,case1_y1152_x2432,2432,1152,298,27.074896223750613,26.890968348947904,-0.1839278748027091,BAD
case1,case1_y1152_x2560,2560,1152,299,26.715060117784418,26.01155712986721,-0.7035029879172079,BAD
case1,case1_y1152_x2688,2688,1152,300,27.144011879155755,25.544669484595524,-1.5993423945602316,BAD
case1,case1_y1152_x2816,2816,1152,301,26.379072218162776,21.967500627191004,-4.411571590971771,BAD
case1,case1_y1152_x2944,2944,1152,302,26.395076413519064,20.73145274775004,-5.663623665769023,BAD
case1,case1_y1152_x3072,3072,1152,303,27.285915765187575,23.15525949098317,-4.130656274204405,BAD
case1,case1_y1152_x3200,3200,1152,304,26.532009724293758,25.1867929759918,-1.345216748301958,BAD
case1,case1_y1152_x3328,3328,1152,305,25.75719325325742,24.194741354279046,-1.5624518989783738,BAD
case1,case1_y1152_x3456,3456,1152,306,25.305229376427683,23.537651697359493,-1.7675776790681894,BAD
case1,case1_y1152_x3584,3584,1152,307,27.23031171686477,25.45544298954789,-1.7748687273168784,BAD
case1,case1_y1152_x3712,3712,1152,308,32.353808304886904,30.596402479396648,-1.757405825490256,BAD
case1,case1_y1152_x3840,3840,1152,309,28.90810166387592,26.90748983107362,-2.000611832802303,BAD
case1,case1_y1280_x0000,0,1280,310,26.88834130799122,26.271256696016906,-0.6170846119743132,BAD
case1,case1_y1280_x0128,128,1280,311,26.59271015023025,25.91885599446247,-0.6738541557677813,BAD
case1,case1_y1280_x0256,256,1280,312,27.658402435168234,26.510294966776794,-1.1481074683914407,BAD
case1,case1_y1280_x0384,384,1280,313,32.300404747912914,30.253918240553407,-2.046486507359507,BAD
case1,case1_y1280_x0512,512,1280,314,28.883784533448356,27.184628309295036,-1.6991562241533202,BAD
case1,case1_y1280_x0640,640,1280,315,26.220829296229272,24.645537099328987,-1.5752921969002855,BAD
case1,case1_y1280_x0768,768,1280,316,26.175633464958366,25.069042453613722,-1.1065910113446442,BAD
case1,case1_y1280_x0896,896,1280,317,26.495447325478576,25.528704631315385,-0.9667426941631909,BAD
case1,case1_y1280_x1024,1024,1280,318,27.64312958161295,26.221265021418475,-1.421864560194475,BAD
case1,case1_y1280_x1152,1152,1280,319,28.6881248554476,27.00091058655852,-1.6872142688890825,BAD
case1,case1_y1280_x1280,1280,1280,320,28.653673657093414,25.979809306404608,-2.673864350688806,BAD
case1,case1_y1280_x1408,1408,1280,321,27.98403541308985,24.48289702465944,-3.501138388430409,BAD
case1,case1_y1280_x1536,1536,1280,322,28.272192523430064,25.61611908979128,-2.6560734336387846,BAD
case1,case1_y1280_x1664,1664,1280,323,28.658767633624226,27.620069549864994,-1.0386980837592326,BAD
case1,case1_y1280_x1792,1792,1280,324,27.78959407432549,26.434400695132343,-1.355193379193146,BAD
case1,case1_y1280_x1920,1920,1280,325,28.88813723778306,27.537470760690894,-1.3506664770921653,BAD
case1,case1_y1280_x2048,2048,1280,326,33.510540040296576,32.09139233079967,-1.4191477094969045,BAD
case1,case1_y1280_x2176,2176,1280,327,29.722256804476874,27.669538940127197,-2.0527178643496775,BAD
case1,case1_y1280_x2304,2304,1280,328,28.113363779481947,26.582956714525746,-1.5304070649562007,BAD
case1,case1_y1280_x2432,2432,1280,329,28.653046329356822,28.36300996974947,-0.2900363596073525,BAD
case1,case1_y1280_x2560,2560,1280,330,28.17814572638081,27.506506956169098,-0.671638770211711,BAD
case1,case1_y1280_x2688,2688,1280,331,28.46844525712377,26.829180723783992,-1.6392645333397766,BAD
case1,case1_y1280_x2816,2816,1280,332,28.173225095531404,23.8977830023628,-4.2754420931686035,BAD
case1,case1_y1280_x2944,2944,1280,333,28.259272175242675,22.71245698132695,-5.546815193915723,BAD
case1,case1_y1280_x3072,3072,1280,334,29.025041590475162,24.867561803661133,-4.157479786814029,BAD
case1,case1_y1280_x3200,3200,1280,335,28.432687647439053,26.899730213703904,-1.5329574337351488,BAD
case1,case1_y1280_x3328,3328,1280,336,27.584563435820133,26.033790448157994,-1.550772987662139,BAD
case1,case1_y1280_x3456,3456,1280,337,27.366161938397422,25.51903037762857,-1.847131560768851,BAD
case1,case1_y1280_x3584,3584,1280,338,29.341349485170767,27.27625071177942,-2.065098773391348,BAD
case1,case1_y1280_x3712,3712,1280,339,33.325104019415775,31.286779798100678,-2.038324221315097,BAD
case1,case1_y1280_x3840,3840,1280,340,30.926343270600416,29.11668038772578,-1.8096628828746368,BAD
case1,case1_y1408_x0000,0,1408,341,33.226554103296024,32.447355571426726,-0.779198531869298,BAD
case1,case1_y1408_x0128,128,1408,342,37.67572706544391,36.29259718981487,-1.383129875629038,BAD
case1,case1_y1408_x0256,256,1408,343,41.20712879452051,38.82252343421505,-2.384605360305457,BAD
case1,case1_y1408_x0384,384,1408,344,42.77006690604065,39.3246352471088,-3.445431658931845,BAD
case1,case1_y1408_x0512,512,1408,345,42.43839650867546,39.06187545601179,-3.3765210526636693,BAD
case1,case1_y1408_x0640,640,1408,346,42.52013641905069,39.050886238057984,-3.4692501809927023,BAD
case1,case1_y1408_x0768,768,1408,347,42.2276755568991,39.09538329578873,-3.132292261110372,BAD
case1,case1_y1408_x0896,896,1408,348,41.658474253086,38.61398424201879,-3.044490011067211,BAD
case1,case1_y1408_x1024,1024,1408,349,41.61467112474143,38.320457740656344,-3.294213384085083,BAD
case1,case1_y1408_x1152,1152,1408,350,42.138387088607416,38.48226734226683,-3.656119746340586,BAD
case1,case1_y1408_x1280,1280,1408,351,44.35136610528772,39.17470371142656,-5.176662393861157,BAD
case1,case1_y1408_x1408,1408,1408,352,46.5606759900944,40.06742407670177,-6.493251913392633,BAD
case1,case1_y1408_x1536,1536,1408,353,45.3641421391772,39.62623817811063,-5.737903961066564,BAD
case1,case1_y1408_x1664,1664,1408,354,44.12795502340234,39.095540521588156,-5.032414501814188,BAD
case1,case1_y1408_x1792,1792,1408,355,43.892532174117974,39.34101964794794,-4.551512526170036,BAD
case1,case1_y1408_x1920,1920,1408,356,44.123484148822925,39.73518017681983,-4.388303972003094,BAD
case1,case1_y1408_x2048,2048,1408,357,44.5262635411183,39.838953959536354,-4.6873095815819426,BAD
case1,case1_y1408_x2176,2176,1408,358,44.383711250377765,39.80216669077897,-4.581544559598797,BAD
case1,case1_y1408_x2304,2304,1408,359,45.1142017143674,40.32215460748218,-4.792047106885214,BAD
case1,case1_y1408_x2432,2432,1408,360,44.68187297394727,41.251120844906566,-3.4307521290407053,BAD
case1,case1_y1408_x2560,2560,1408,361,44.26227275387787,41.687350876812516,-2.574921877065357,BAD
case1,case1_y1408_x2688,2688,1408,362,46.153338621023806,41.53071153769445,-4.6226270833293555,BAD
case1,case1_y1408_x2816,2816,1408,363,44.49002440335855,39.886020880491145,-4.604003522867401,BAD
case1,case1_y1408_x2944,2944,1408,364,43.2473311494485,39.095824645802665,-4.151506503645834,BAD
case1,case1_y1408_x3072,3072,1408,365,44.535655530457056,39.69917551778003,-4.836480012677029,BAD
case1,case1_y1408_x3200,3200,1408,366,43.69472995575107,40.03628400878974,-3.6584459469613293,BAD
case1,case1_y1408_x3328,3328,1408,367,42.76469600487799,40.108440002240464,-2.6562560026375266,BAD
case1,case1_y1408_x3456,3456,1408,368,44.088125699940036,40.088407091941285,-3.9997186079987515,BAD
case1,case1_y1408_x3584,3584,1408,369,46.34794555606688,39.06384113699107,-7.28410441907581,BAD
case1,case1_y1408_x3712,3712,1408,370,45.69479713634426,37.98704627687543,-7.707750859468831,BAD
case1,case1_y1408_x3840,3840,1408,371,44.969911119678585,38.04128547623443,-6.928625643444157,BAD
case1,case1_y1536_x0000,0,1536,372,28.87401185010632,28.08434394829201,-0.7896679018143118,BAD
case1,case1_y1536_x0128,128,1536,373,34.59351301082106,33.416585808704454,-1.1769272021166088,BAD
case1,case1_y1536_x0256,256,1536,374,46.79232765973378,39.417552650100646,-7.374775009633133,BAD
case1,case1_y1536_x0384,384,1536,375,43.37404680817325,38.047108026009965,-5.326938782163282,BAD
case1,case1_y1536_x0512,512,1536,376,41.97398909013506,37.407278804888065,-4.566710285246998,BAD
case1,case1_y1536_x0640,640,1536,377,42.73036015149827,37.41484748537062,-5.3155126661276455,BAD
case1,case1_y1536_x0768,768,1536,378,43.35199896168467,37.48674513276701,-5.865253828917659,BAD
case1,case1_y1536_x0896,896,1536,379,43.43909982915634,37.56245891158872,-5.87664091756762,BAD
case1,case1_y1536_x1024,1024,1536,380,44.51350988201931,37.90027777409851,-6.613232107920794,BAD
case1,case1_y1536_x1152,1152,1536,381,43.33144490023324,37.446232057076635,-5.8852128431566015,BAD
case1,case1_y1536_x1280,1280,1536,382,43.27321745004541,37.31890872295461,-5.9543087270907975,BAD
case1,case1_y1536_x1408,1408,1536,383,48.086913682902015,38.51362718833707,-9.573286494564947,BAD
case1,case1_y1536_x1536,1536,1536,384,46.844940171638285,38.32357634162102,-8.521363830017265,BAD
case1,case1_y1536_x1664,1664,1536,385,46.3963313097979,38.16316106220218,-8.233170247595723,BAD
case1,case1_y1536_x1792,1792,1536,386,47.08642529683827,38.53333119881442,-8.553094098023848,BAD
case1,case1_y1536_x1920,1920,1536,387,45.40240518390306,38.33464222962417,-7.067762954278891,BAD
case1,case1_y1536_x2048,2048,1536,388,45.52736655206858,38.28469550904505,-7.2426710430235275,BAD
case1,case1_y1536_x2176,2176,1536,389,47.461316778677414,38.55229735271792,-8.909019425959492,BAD
case1,case1_y1536_x2304,2304,1536,390,47.49528370387313,38.535728662536506,-8.959555041336621,BAD
case1,case1_y1536_x2432,2432,1536,391,45.814034495846975,38.58897496795215,-7.225059527894828,BAD
case1,case1_y1536_x2560,2560,1536,392,45.669607603661326,38.88495139769631,-6.784656205965014,BAD
case1,case1_y1536_x2688,2688,1536,393,48.02589735531666,38.848209839456594,-9.177687515860065,BAD
case1,case1_y1536_x2816,2816,1536,394,44.671273282223815,38.06266077517733,-6.608612507046487,BAD
case1,case1_y1536_x2944,2944,1536,395,42.81897932238769,37.70681967907213,-5.112159643315557,BAD
case1,case1_y1536_x3072,3072,1536,396,44.53652439939263,38.04949213141683,-6.487032267975806,BAD
case1,case1_y1536_x3200,3200,1536,397,46.73564844592127,38.50099929360758,-8.234649152313693,BAD
case1,case1_y1536_x3328,3328,1536,398,46.16162640516907,38.77100547672537,-7.3906209284437026,BAD
case1,case1_y1536_x3456,3456,1536,399,44.92779497889814,38.51865048358263,-6.409144495315509,BAD
case1,case1_y1536_x3584,3584,1536,400,45.067177334231445,38.00055395744704,-7.066623376784406,BAD
case1,case1_y1536_x3712,3712,1536,401,44.56552829871335,37.69240256098583,-6.87312573772752,BAD
case1,case1_y1536_x3840,3840,1536,402,45.177188804243684,37.847255964828285,-7.329932839415399,BAD
case1,case1_y1664_x0000,0,1664,403,29.97461617437702,29.054132270578243,-0.9204839037987753,BAD
case1,case1_y1664_x0128,128,1664,404,35.06692423208499,33.779497272775274,-1.2874269593097196,BAD
case1,case1_y1664_x0256,256,1664,405,43.299389682332986,37.74498081902241,-5.554408863310577,BAD
case1,case1_y1664_x0384,384,1664,406,40.94999900251526,36.07884992505268,-4.871149077462583,BAD
case1,case1_y1664_x0512,512,1664,407,40.57719910502489,35.745135420487124,-4.832063684537765,BAD
case1,case1_y1664_x0640,640,1664,408,41.313779769091,35.932613670459254,-5.381166098631745,BAD
case1,case1_y1664_x0768,768,1664,409,41.828626494331075,36.022990468255294,-5.805636026075781,BAD
case1,case1_y1664_x0896,896,1664,410,42.60520786017641,36.3992436631103,-6.205964197066109,BAD
case1,case1_y1664_x1024,1024,1664,411,44.098483071141715,36.73343662127878,-7.3650464498629375,BAD
case1,case1_y1664_x1152,1152,1664,412,42.63237591588378,36.16593781525893,-6.466438100624849,BAD
case1,case1_y1664_x1280,1280,1664,413,42.799182521704424,36.17237075157618,-6.626811770128242,BAD
case1,case1_y1664_x1408,1408,1664,414,46.99254947770527,37.02082822533399,-9.971721252371275,BAD
case1,case1_y1664_x1536,1536,1664,415,47.55619988178889,37.42680191931718,-10.129397962471714,BAD
case1,case1_y1664_x1664,1664,1664,416,47.147377883713006,37.555621299663954,-9.591756584049051,BAD
case1,case1_y1664_x1792,1792,1664,417,47.705301307661486,37.609450421145596,-10.09585088651589,BAD
case1,case1_y1664_x1920,1920,1664,418,46.68918303445133,37.471532129686345,-9.217650904764987,BAD
case1,case1_y1664_x2048,2048,1664,419,47.030669314591535,37.34864202804396,-9.682027286547573,BAD
case1,case1_y1664_x2176,2176,1664,420,47.86134398101293,37.35700921209384,-10.504334768919087,BAD
case1,case1_y1664_x2304,2304,1664,421,45.42159876333399,37.07858559623524,-8.343013167098746,BAD
case1,case1_y1664_x2432,2432,1664,422,46.06880407552111,36.852225728619466,-9.216578346901642,BAD
case1,case1_y1664_x2560,2560,1664,423,48.6697174631189,36.88228775527246,-11.787429707846442,BAD
case1,case1_y1664_x2688,2688,1664,424,49.00784596477908,37.05292896989058,-11.9549169948885,BAD
case1,case1_y1664_x2816,2816,1664,425,45.975435677941746,36.89601974518611,-9.079415932755637,BAD
case1,case1_y1664_x2944,2944,1664,426,45.09482353269525,36.95498374023097,-8.13983979246428,BAD
case1,case1_y1664_x3072,3072,1664,427,46.27728541857766,37.21408717133764,-9.063198247240024,BAD
case1,case1_y1664_x3200,3200,1664,428,46.74644343759479,37.20417180868925,-9.542271628905539,BAD
case1,case1_y1664_x3328,3328,1664,429,47.485924377817994,37.40323411106649,-10.082690266751506,BAD
case1,case1_y1664_x3456,3456,1664,430,46.42417103319609,37.482254777713315,-8.941916255482774,BAD
case1,case1_y1664_x3584,3584,1664,431,45.39163493465953,37.32404766425373,-8.067587270405795,BAD
case1,case1_y1664_x3712,3712,1664,432,44.188699842504306,37.182023673298026,-7.00667616920628,BAD
case1,case1_y1664_x3840,3840,1664,433,45.508570323150806,37.378736346025654,-8.129833977125152,BAD
case1,case1_y1792_x0000,0,1792,434,42.96047860916354,38.502382667916564,-4.458095941246974,BAD
case1,case1_y1792_x0128,128,1792,435,43.96041310816184,38.53321972107773,-5.42719338708411,BAD
case1,case1_y1792_x0256,256,1792,436,43.32669239105105,37.26946479821491,-6.057227592836135,BAD
case1,case1_y1792_x0384,384,1792,437,41.493937530692754,35.9140593127926,-5.579878217900152,BAD
case1,case1_y1792_x0512,512,1792,438,41.88351817297726,35.699740298722695,-6.183777874254567,BAD
case1,case1_y1792_x0640,640,1792,439,43.45288263933176,35.853584035397745,-7.599298603934017,BAD
case1,case1_y1792_x0768,768,1792,440,43.29623196613497,35.82749438686494,-7.468737579270027,BAD
case1,case1_y1792_x0896,896,1792,441,43.76339438683761,36.21026830214613,-7.553126084691478,BAD
case1,case1_y1792_x1024,1024,1792,442,43.67436826064031,36.13088975385403,-7.543478506786279,BAD
case1,case1_y1792_x1152,1152,1792,443,42.38488091374968,35.64496459924407,-6.739916314505614,BAD
case1,case1_y1792_x1280,1280,1792,444,43.49720029192265,35.980800567492736,-7.516399724429917,BAD
case1,case1_y1792_x1408,1408,1792,445,47.13991626117574,36.664931093784745,-10.474985167390997,BAD
case1,case1_y1792_x1536,1536,1792,446,47.56833107458717,37.02853855583005,-10.539792518757118,BAD
case1,case1_y1792_x1664,1664,1792,447,46.99511669727567,37.04056368793276,-9.95455300934291,BAD
case1,case1_y1792_x1792,1792,1792,448,47.33155340659379,37.015989510089135,-10.315563896504656,BAD
case1,case1_y1792_x1920,1920,1792,449,46.51906788513513,36.97922264952468,-9.53984523561045,BAD
case1,case1_y1792_x2048,2048,1792,450,47.40665989461212,36.94427862936908,-10.462381265243039,BAD
case1,case1_y1792_x2176,2176,1792,451,48.01781905878407,36.95520448146789,-11.062614577316182,BAD
case1,case1_y1792_x2304,2304,1792,452,45.76269236684603,36.76013370821546,-9.00255865863057,BAD
case1,case1_y1792_x2432,2432,1792,453,46.483791775964136,36.546269437609766,-9.93752233835437,BAD
case1,case1_y1792_x2560,2560,1792,454,48.220793844873036,36.60236808578067,-11.618425759092368,BAD
case1,case1_y1792_x2688,2688,1792,455,48.229462400284035,36.84223688908211,-11.387225511201926,BAD
case1,case1_y1792_x2816,2816,1792,456,48.417244880538284,36.98608035797114,-11.431164522567144,BAD
case1,case1_y1792_x2944,2944,1792,457,48.3737879534193,37.12390829335206,-11.249879660067243,BAD
case1,case1_y1792_x3072,3072,1792,458,48.35986409775291,37.05449930576931,-11.3053647919836,BAD
case1,case1_y1792_x3200,3200,1792,459,47.69258228020233,36.98061569886258,-10.711966581339752,BAD
case1,case1_y1792_x3328,3328,1792,460,48.091880387175834,37.162182402321406,-10.929697984854428,BAD
case1,case1_y1792_x3456,3456,1792,461,48.39871489174602,37.14418576714757,-11.254529124598449,BAD
case1,case1_y1792_x3584,3584,1792,462,46.73483149317412,36.97695439289304,-9.757877100281078,BAD
case1,case1_y1792_x3712,3712,1792,463,45.40852610317031,37.01870057830505,-8.389825524865259,BAD
case1,case1_y1792_x3840,3840,1792,464,46.6762847009781,37.33335098083509,-9.342933720143009,BAD
case1,case1_y1920_x0000,0,1920,465,44.03845340756227,38.43622158455715,-5.60223182300512,BAD
case1,case1_y1920_x0128,128,1920,466,45.10907641073335,38.55886699749348,-6.55020941323987,BAD
case1,case1_y1920_x0256,256,1920,467,46.814049791843956,37.833038179694775,-8.981011612149182,BAD
case1,case1_y1920_x0384,384,1920,468,45.21462283867727,36.791160833784716,-8.423462004892556,BAD
case1,case1_y1920_x0512,512,1920,469,44.26964821719022,36.165774830728125,-8.103873386462098,BAD
case1,case1_y1920_x0640,640,1920,470,45.90035134041283,36.03362171749304,-9.866729622919792,BAD
case1,case1_y1920_x0768,768,1920,471,46.332821737834486,36.14293748922493,-10.189884248609559,BAD
case1,case1_y1920_x0896,896,1920,472,47.005775823751165,36.51908312602467,-10.486692697726497,BAD
case1,case1_y1920_x1024,1024,1920,473,43.40004781803495,35.853795865060405,-7.5462519529745435,BAD
case1,case1_y1920_x1152,1152,1920,474,42.411553321954486,35.480282857624715,-6.931270464329771,BAD
case1,case1_y1920_x1280,1280,1920,475,45.04662814818968,36.13450112447418,-8.912127023715506,BAD
case1,case1_y1920_x1408,1408,1920,476,47.79420722365521,36.59022039273238,-11.20398683092283,BAD
case1,case1_y1920_x1536,1536,1920,477,47.65642914533749,36.715997750999925,-10.940431394337566,BAD
case1,case1_y1920_x1664,1664,1920,478,47.376290439399504,36.57091000904907,-10.805380430350432,BAD
case1,case1_y1920_x1792,1792,1920,479,48.077324555052485,36.644605494946674,-11.43271906010581,BAD
case1,case1_y1920_x1920,1920,1920,480,47.24743801154255,36.71043550970005,-10.537002501842501,BAD
case1,case1_y1920_x2048,2048,1920,481,46.97878720144387,36.61466981756589,-10.364117383877982,BAD
case1,case1_y1920_x2176,2176,1920,482,47.953579556896486,36.669119350959996,-11.28446020593649,BAD
case1,case1_y1920_x2304,2304,1920,483,49.19019843558313,36.749286998570824,-12.440911437012304,BAD
case1,case1_y1920_x2432,2432,1920,484,49.261972535292244,36.654724954541095,-12.60724758075115,BAD
case1,case1_y1920_x2560,2560,1920,485,48.82241723198038,36.64133581021423,-12.181081421766152,BAD
case1,case1_y1920_x2688,2688,1920,486,48.62137249466273,36.81560623741837,-11.805766257244358,BAD
case1,case1_y1920_x2816,2816,1920,487,48.73076327049,37.099451572856914,-11.631311697633087,BAD
case1,case1_y1920_x2944,2944,1920,488,48.368325040929975,37.25104607398931,-11.117278966940667,BAD
case1,case1_y1920_x3072,3072,1920,489,48.7155728219181,37.06775340440125,-11.64781941751685,BAD
case1,case1_y1920_x3200,3200,1920,490,44.28993398961691,36.64368157910697,-7.646252410509945,BAD
case1,case1_y1920_x3328,3328,1920,491,43.15352374980529,36.433016560285054,-6.720507189520234,BAD
case1,case1_y1920_x3456,3456,1920,492,46.059923454304375,36.50623728545639,-9.553686168847982,BAD
case1,case1_y1920_x3584,3584,1920,493,46.94457951309823,36.51842476834458,-10.426154744753653,BAD
case1,case1_y1920_x3712,3712,1920,494,46.43172278865712,36.7975245713285,-9.634198217328617,BAD
case1,case1_y1920_x3840,3840,1920,495,46.964494202939676,37.132486744743765,-9.83200745819591,BAD
case1,case1_y2048_x0000,0,2048,496,43.927317507030104,38.64357070882314,-5.283746798206963,BAD
case1,case1_y2048_x0128,128,2048,497,45.57729813706335,39.09025313550066,-6.4870450015626915,BAD
case1,case1_y2048_x0256,256,2048,498,45.09961326313065,38.36790976715322,-6.731703495977428,BAD
case1,case1_y2048_x0384,384,2048,499,44.19671015649726,37.54579524803481,-6.650914908462454,BAD
case1,case1_y2048_x0512,512,2048,500,44.51917996269379,37.13743072826429,-7.381749234429499,BAD
case1,case1_y2048_x0640,640,2048,501,45.39994273945608,36.9825314476634,-8.417411291792682,BAD
case1,case1_y2048_x0768,768,2048,502,46.18602040955841,36.751442597793435,-9.434577811764974,BAD
case1,case1_y2048_x0896,896,2048,503,46.9919206553174,36.679062122908675,-10.312858532408725,BAD
case1,case1_y2048_x1024,1024,2048,504,43.89695471251032,36.207980701304216,-7.688974011206106,BAD
case1,case1_y2048_x1152,1152,2048,505,43.86111305175583,36.01076069072178,-7.850352361034048,BAD
case1,case1_y2048_x1280,1280,2048,506,46.90975527081014,36.33072406951429,-10.579031201295848,BAD
case1,case1_y2048_x1408,1408,2048,507,48.23371269800263,36.52536845365438,-11.708344244348247,BAD
case1,case1_y2048_x1536,1536,2048,508,47.39480358506335,36.59828558742143,-10.79651799764192,BAD
case1,case1_y2048_x1664,1664,2048,509,47.06604861876167,36.48686323997001,-10.579185378791657,BAD
case1,case1_y2048_x1792,1792,2048,510,48.33735867399262,36.68100753385736,-11.656351140135257,BAD
case1,case1_y2048_x1920,1920,2048,511,48.70592917860644,36.87187914851287,-11.834050030093572,BAD
case1,case1_y2048_x2048,2048,2048,512,47.03569608015165,36.751600170494335,-10.284095909657317,BAD
case1,case1_y2048_x2176,2176,2048,513,47.02112932710534,36.64611022001352,-10.375019107091823,BAD
case1,case1_y2048_x2304,2304,2048,514,48.9704859115858,36.85341237121446,-12.117073540371337,BAD
case1,case1_y2048_x2432,2432,2048,515,49.37277528477072,36.954154796991325,-12.418620487779393,BAD
case1,case1_y2048_x2560,2560,2048,516,49.44714929847197,36.75553169099767,-12.6916176074743,BAD
case1,case1_y2048_x2688,2688,2048,517,48.208318057178296,36.89543632334336,-11.312881733834935,BAD
case1,case1_y2048_x2816,2816,2048,518,47.794861417080384,37.174034460438456,-10.620826956641928,BAD
case1,case1_y2048_x2944,2944,2048,519,47.74077479978976,37.25600235241807,-10.48477244737169,BAD
case1,case1_y2048_x3072,3072,2048,520,47.223424713771614,37.18247820881507,-10.040946504956544,BAD
case1,case1_y2048_x3200,3200,2048,521,43.707458795595635,36.73279138435631,-6.974667411239324,BAD
case1,case1_y2048_x3328,3328,2048,522,43.027999035795844,36.47652781551092,-6.551471220284924,BAD
case1,case1_y2048_x3456,3456,2048,523,46.25960474296855,36.549096897217126,-9.710507845751422,BAD
case1,case1_y2048_x3584,3584,2048,524,48.95483554664296,36.6457979349237,-12.309037611719262,BAD
case1,case1_y2048_x3712,3712,2048,525,48.71438514444286,36.8566941959333,-11.857690948509557,BAD
case1,case1_y2048_x3840,3840,2048,526,46.754030408188484,36.920908800091205,-9.83312160809728,BAD
case1,case1_y2176_x0000,0,2176,527,29.265262983582602,26.041292227005318,-3.223970756577284,BAD
case1,case1_y2176_x0128,128,2176,528,28.742306269733128,25.530855763134063,-3.211450506599064,BAD
case1,case1_y2176_x0256,256,2176,529,28.549017469444212,24.42852292103852,-4.120494548405691,BAD
case1,case1_y2176_x0384,384,2176,530,28.699984779510203,23.718896027779873,-4.981088751730329,BAD
case1,case1_y2176_x0512,512,2176,531,31.06767849099302,25.976824100558478,-5.090854390434544,BAD
case1,case1_y2176_x0640,640,2176,532,39.58178839987869,33.93925051572404,-5.642537884154649,BAD
case1,case1_y2176_x0768,768,2176,533,45.78772085774312,37.54137073885617,-8.246350118886944,BAD
case1,case1_y2176_x0896,896,2176,534,45.90333944459196,36.941791674010126,-8.96154777058183,BAD
case1,case1_y2176_x1024,1024,2176,535,44.6086642791463,36.76334738328521,-7.845316895861096,BAD
case1,case1_y2176_x1152,1152,2176,536,44.85960577149109,36.54259633674351,-8.317009434747582,BAD
case1,case1_y2176_x1280,1280,2176,537,45.970409167543316,36.38204390018841,-9.58836526735491,BAD
case1,case1_y2176_x1408,1408,2176,538,48.21160242383581,36.5427158629064,-11.668886560929408,BAD
case1,case1_y2176_x1536,1536,2176,539,48.35035067655889,36.72825022003936,-11.622100456519533,BAD
case1,case1_y2176_x1664,1664,2176,540,47.765357380916846,36.71914061725654,-11.046216763660304,BAD
case1,case1_y2176_x1792,1792,2176,541,49.35903679353589,36.90574167089067,-12.453295122645223,BAD
case1,case1_y2176_x1920,1920,2176,542,50.52904182276484,37.0410053746524,-13.488036448112439,BAD
case1,case1_y2176_x2048,2048,2176,543,48.558859684244595,36.95637746280048,-11.602482221444113,BAD
case1,case1_y2176_x2176,2176,2176,544,48.124534757127584,36.87262639946445,-11.251908357663133,BAD
case1,case1_y2176_x2304,2304,2176,545,49.35716139900431,37.0691837965996,-12.287977602404709,BAD
case1,case1_y2176_x2432,2432,2176,546,49.60801749740652,37.15483823326339,-12.453179264143131,BAD
case1,case1_y2176_x2560,2560,2176,547,49.25615812996105,37.01300006704124,-12.243158062919811,BAD
case1,case1_y2176_x2688,2688,2176,548,48.09170525254388,37.2217974808551,-10.86990777168878,BAD
case1,case1_y2176_x2816,2816,2176,549,47.290547933472425,37.270874409346106,-10.019673524126318,BAD
case1,case1_y2176_x2944,2944,2176,550,47.513583985195844,37.1887115629496,-10.324872422246244,BAD
case1,case1_y2176_x3072,3072,2176,551,47.441387569704645,37.16731249502957,-10.274075074675075,BAD
case1,case1_y2176_x3200,3200,2176,552,47.49621883813976,37.12215856111594,-10.374060277023823,BAD
case1,case1_y2176_x3328,3328,2176,553,48.12016956711098,37.07381721123444,-11.046352355876536,BAD
case1,case1_y2176_x3456,3456,2176,554,47.32057825780247,36.7295554384923,-10.591022819310169,BAD
case1,case1_y2176_x3584,3584,2176,555,47.78067527806474,36.72968502202246,-11.050990256042283,BAD
case1,case1_y2176_x3712,3712,2176,556,46.52987184338397,36.868148124424394,-9.661723718959578,BAD
case1,case1_y2176_x3840,3840,2176,557,45.564262799658685,36.82712068894148,-8.737142110717208,BAD
case1,case1_y2304_x0000,0,2304,558,27.23052410453488,24.358347782381205,-2.872176322153674,BAD
case1,case1_y2304_x0128,128,2304,559,26.981463271089183,24.050397546335006,-2.931065724754177,BAD
case1,case1_y2304_x0256,256,2304,560,27.032235051389787,23.399938122634076,-3.6322969287557108,BAD
case1,case1_y2304_x0384,384,2304,561,27.48918774864569,23.04840612722436,-4.44078162142133,BAD
case1,case1_y2304_x0512,512,2304,562,29.405377999466808,25.172684120674504,-4.232693878792304,BAD
case1,case1_y2304_x0640,640,2304,563,35.41385679329325,32.062628515608075,-3.3512282776851734,BAD
case1,case1_y2304_x0768,768,2304,564,44.43453797869175,37.90103823202297,-6.533499746668781,BAD
case1,case1_y2304_x0896,896,2304,565,44.59222287820903,37.5156425681392,-7.076580310069829,BAD
case1,case1_y2304_x1024,1024,2304,566,44.206363552375066,37.46764143556122,-6.738722116813847,BAD
case1,case1_y2304_x1152,1152,2304,567,44.27459943037544,37.18411031232958,-7.090489118045859,BAD
case1,case1_y2304_x1280,1280,2304,568,44.62921024588298,37.09380768068669,-7.535402565196293,BAD
case1,case1_y2304_x1408,1408,2304,569,46.47270963225609,37.42307493894337,-9.049634693312719,BAD
case1,case1_y2304_x1536,1536,2304,570,47.87394308296199,37.776320558028445,-10.097622524933549,BAD
case1,case1_y2304_x1664,1664,2304,571,47.51297081578217,38.0863998329706,-9.426570982811569,BAD
case1,case1_y2304_x1792,1792,2304,572,48.17556564478694,38.25328601264075,-9.922279632146193,BAD
case1,case1_y2304_x1920,1920,2304,573,49.78851369158784,38.45931804877526,-11.329195642812579,BAD
case1,case1_y2304_x2048,2048,2304,574,49.35092567786914,38.273479781083765,-11.077445896785377,BAD
case1,case1_y2304_x2176,2176,2304,575,49.6961558287289,38.16178149906626,-11.53437432966264,BAD
case1,case1_y2304_x2304,2304,2304,576,50.27674052709234,38.30032277584462,-11.976417751247723,BAD
case1,case1_y2304_x2432,2432,2304,577,50.9159016373314,38.423443092654196,-12.492458544677206,BAD
case1,case1_y2304_x2560,2560,2304,578,49.57536362312885,38.24664287136017,-11.328720751768678,BAD
case1,case1_y2304_x2688,2688,2304,579,47.79330786856836,38.062578143169105,-9.730729725399257,BAD
case1,case1_y2304_x2816,2816,2304,580,47.03801412609165,38.33618435016153,-8.701829775930122,BAD
case1,case1_y2304_x2944,2944,2304,581,46.62429025999926,38.63394408022775,-7.990346179771514,BAD
case1,case1_y2304_x3072,3072,2304,582,46.81460443593842,38.15817667829904,-8.656427757639378,BAD
case1,case1_y2304_x3200,3200,2304,583,47.57639203809496,37.89787367580542,-9.678518362289537,BAD
case1,case1_y2304_x3328,3328,2304,584,47.48400163837217,38.069086965139945,-9.414914673232225,BAD
case1,case1_y2304_x3456,3456,2304,585,47.11517716306814,37.942663664999635,-9.172513498068504,BAD
case1,case1_y2304_x3584,3584,2304,586,47.79958680138534,38.032938797196024,-9.766648004189314,BAD
case1,case1_y2304_x3712,3712,2304,587,46.64796399223495,37.99925294395735,-8.648711048277598,BAD
case1,case1_y2304_x3840,3840,2304,588,46.15237204195101,37.857745606805096,-8.294626435145915,BAD
case1,case1_y2432_x0000,0,2432,589,31.10579801538298,28.788798842690962,-2.316999172692018,BAD
case1,case1_y2432_x0128,128,2432,590,31.41564877358477,28.996887821089004,-2.4187609524957665,BAD
case1,case1_y2432_x0256,256,2432,591,31.918370446454787,29.566584090390208,-2.3517863560645793,BAD
case1,case1_y2432_x0384,384,2432,592,33.00185466625984,30.591663448414394,-2.410191217845444,BAD
case1,case1_y2432_x0512,512,2432,593,33.87107652529096,31.807218487031278,-2.0638580382596814,BAD
case1,case1_y2432_x0640,640,2432,594,36.60827889841984,34.38331977576188,-2.224959122657957,BAD
case1,case1_y2432_x0768,768,2432,595,41.0299401669764,37.32385138179251,-3.706088785183894,BAD
case1,case1_y2432_x0896,896,2432,596,40.88984327547854,37.337551896776894,-3.5522913787016464,BAD
case1,case1_y2432_x1024,1024,2432,597,40.312816859269375,36.85249232465215,-3.4603245346172287,BAD
case1,case1_y2432_x1152,1152,2432,598,40.06984679776619,36.16349228502985,-3.9063545127363426,BAD
case1,case1_y2432_x1280,1280,2432,599,42.218363573311926,37.18223495537519,-5.036128617936733,BAD
case1,case1_y2432_x1408,1408,2432,600,41.30731650894894,34.472354367742916,-6.83496214120602,BAD
case1,case1_y2432_x1536,1536,2432,601,39.23022862709245,33.7185476400752,-5.51168098701725,BAD
case1,case1_y2432_x1664,1664,2432,602,37.00714331037922,32.08025681797883,-4.926886492400392,BAD
case1,case1_y2432_x1792,1792,2432,603,36.714476591147466,31.63950535842316,-5.074971232724305,BAD
case1,case1_y2432_x1920,1920,2432,604,36.64473727485152,32.571386801025014,-4.073350473826508,BAD
case1,case1_y2432_x2048,2048,2432,605,37.20300310931995,33.2499307959799,-3.9530723133400514,BAD
case1,case1_y2432_x2176,2176,2432,606,41.13298227909218,36.62133385493791,-4.511648424154274,BAD
case1,case1_y2432_x2304,2304,2432,607,37.027070089418785,34.57886482784428,-2.4482052615745076,BAD
case1,case1_y2432_x2432,2432,2432,608,36.014591010459824,34.31180820250157,-1.7027828079582576,BAD
case1,case1_y2432_x2560,2560,2432,609,35.36413279359205,33.51459155477706,-1.8495412388149859,BAD
case1,case1_y2432_x2688,2688,2432,610,36.49786330419364,34.12797963033775,-2.3698836738558953,BAD
case1,case1_y2432_x2816,2816,2432,611,46.19205203309637,39.95560234825027,-6.2364496848461,BAD
case1,case1_y2432_x2944,2944,2432,612,37.78122349188949,35.16859684206328,-2.612626649826211,BAD
case1,case1_y2432_x3072,3072,2432,613,36.49544793180643,34.12362286119628,-2.37182507061015,BAD
case1,case1_y2432_x3200,3200,2432,614,35.57466586559621,33.78918644111343,-1.78547942448278,BAD
case1,case1_y2432_x3328,3328,2432,615,34.523267972010316,33.11671683844082,-1.4065511335694936,BAD
case1,case1_y2432_x3456,3456,2432,616,36.562495183181866,34.99679927117623,-1.565695912005637,BAD
case1,case1_y2432_x3584,3584,2432,617,34.426676835807164,31.521958999340434,-2.9047178364667303,BAD
case1,case1_y2432_x3712,3712,2432,618,34.64090713120279,31.22597844767993,-3.4149286835228594,BAD
case1,case1_y2432_x3840,3840,2432,619,34.890165300915314,31.16821300669266,-3.7219522942226533,BAD
case1,case1_y2560_x0000,0,2560,620,28.731396599381817,26.78034619183851,-1.9510504075433062,BAD
case1,case1_y2560_x0128,128,2560,621,28.4530035126788,26.39217099701696,-2.06083251566184,BAD
case1,case1_y2560_x0256,256,2560,622,30.434631384869796,28.24436461246087,-2.1902667724089255,BAD
case1,case1_y2560_x0384,384,2560,623,28.31658050340811,26.83606981967597,-1.4805106837321418,BAD
case1,case1_y2560_x0512,512,2560,624,28.530602028646893,26.76724050016064,-1.7633615284862536,BAD
case1,case1_y2560_x0640,640,2560,625,28.92272448508566,26.934326428364056,-1.9883980567216035,BAD
case1,case1_y2560_x0768,768,2560,626,28.45238262566136,27.02876615259016,-1.4236164730712026,BAD
case1,case1_y2560_x0896,896,2560,627,28.728509957077573,27.669550262360016,-1.058959694717558,BAD
case1,case1_y2560_x1024,1024,2560,628,27.65716590434968,26.325739130613137,-1.331426773736542,BAD
case1,case1_y2560_x1152,1152,2560,629,28.37490753139773,26.625288930616897,-1.7496186007808348,BAD
case1,case1_y2560_x1280,1280,2560,630,32.06398225355794,29.44305354829691,-2.6209287052610293,BAD
case1,case1_y2560_x1408,1408,2560,631,31.00613868328677,26.575184991138983,-4.430953692147789,BAD
case1,case1_y2560_x1536,1536,2560,632,28.615739728441465,25.093471939042065,-3.5222677893994003,BAD
case1,case1_y2560_x1664,1664,2560,633,27.555663094318117,24.955010950347145,-2.600652143970972,BAD
case1,case1_y2560_x1792,1792,2560,634,27.73835323764745,25.20247250409007,-2.535880733557377,BAD
case1,case1_y2560_x1920,1920,2560,635,27.99575885521402,25.72887417892455,-2.2668846762894717,BAD
case1,case1_y2560_x2048,2048,2560,636,28.536732645100674,26.427788416739794,-2.1089442283608797,BAD
case1,case1_y2560_x2176,2176,2560,637,31.231691466626618,29.585285016365486,-1.6464064502611322,BAD
case1,case1_y2560_x2304,2304,2560,638,29.127289867951987,28.179352240036817,-0.9479376279151701,BAD
case1,case1_y2560_x2432,2432,2560,639,27.932255612340878,27.263729248803806,-0.6685263635370724,BAD
case1,case1_y2560_x2560,2560,2560,640,27.169026882685063,26.308233610256192,-0.8607932724288716,BAD
case1,case1_y2560_x2688,2688,2560,641,28.492065856063785,27.413890003667085,-1.0781758523967007,BAD
case1,case1_y2560_x2816,2816,2560,642,35.97398626337737,33.73661808159974,-2.237368181777633,BAD
case1,case1_y2560_x2944,2944,2560,643,30.571319189844207,27.731171791373917,-2.8401473984702896,BAD
case1,case1_y2560_x3072,3072,2560,644,29.22099951853678,26.99164859039008,-2.2293509281466974,BAD
case1,case1_y2560_x3200,3200,2560,645,30.08050001573619,29.237756656199608,-0.8427433595365841,BAD
case1,case1_y2560_x3328,3328,2560,646,28.940179442359735,28.2131755251745,-0.727003917185236,BAD
case1,case1_y2560_x3456,3456,2560,647,29.533160509563544,28.895388809505697,-0.6377717000578471,BAD
case1,case1_y2560_x3584,3584,2560,648,28.752567128467646,26.49240523188789,-2.2601618965797563,BAD
case1,case1_y2560_x3712,3712,2560,649,29.13850028465219,26.16856566095453,-2.9699346236976574,BAD
case1,case1_y2560_x3840,3840,2560,650,29.810604504410826,26.597170051359527,-3.213434453051299,BAD
case1,case1_y2688_x0000,0,2688,651,28.336674655444977,26.338106892603665,-1.9985677628413114,BAD
case1,case1_y2688_x0128,128,2688,652,27.966974878525015,25.897641083960025,-2.06933379456499,BAD
case1,case1_y2688_x0256,256,2688,653,29.96201635395828,27.971474451302754,-1.9905419026555258,BAD
case1,case1_y2688_x0384,384,2688,654,28.047715198459073,26.679560729342555,-1.3681544691165186,BAD
case1,case1_y2688_x0512,512,2688,655,28.13268205221602,26.382809662879932,-1.7498723893360868,BAD
case1,case1_y2688_x0640,640,2688,656,28.63777727669843,26.61807883077155,-2.0196984459268776,BAD
case1,case1_y2688_x0768,768,2688,657,28.497398332213415,27.052126438972607,-1.4452718932408075,BAD
case1,case1_y2688_x0896,896,2688,658,28.51436378393229,27.606905563928947,-0.9074582200033419,BAD
case1,case1_y2688_x1024,1024,2688,659,27.526691813232294,26.326848020550656,-1.1998437926816372,BAD
case1,case1_y2688_x1152,1152,2688,660,28.48495287616268,26.742207575876122,-1.7427453002865576,BAD
case1,case1_y2688_x1280,1280,2688,661,32.126763590566,29.520224725197124,-2.6065388653688757,BAD
case1,case1_y2688_x1408,1408,2688,662,31.248948669722534,27.0314327336937,-4.2175159360288355,BAD
case1,case1_y2688_x1536,1536,2688,663,28.925275558610657,25.53313743040265,-3.392138128208007,BAD
case1,case1_y2688_x1664,1664,2688,664,28.001664092235682,25.694399556564708,-2.3072645356709742,BAD
case1,case1_y2688_x1792,1792,2688,665,28.245041728162974,26.10756528433289,-2.137476443830085,BAD
case1,case1_y2688_x1920,1920,2688,666,28.546737123601403,26.502081675390055,-2.0446554482113477,BAD
case1,case1_y2688_x2048,2048,2688,667,29.08699569484621,27.177558616184147,-1.9094370786620622,BAD
case1,case1_y2688_x2176,2176,2688,668,31.593060609424857,30.051269925953573,-1.5417906834712838,BAD
case1,case1_y2688_x2304,2304,2688,669,29.821902004208315,28.923777241115026,-0.8981247630932891,BAD
case1,case1_y2688_x2432,2432,2688,670,28.619537601855356,27.934025816988193,-0.6855117848671632,BAD
case1,case1_y2688_x2560,2560,2688,671,27.827232861345262,26.97681247566262,-0.8504203856826429,BAD
case1,case1_y2688_x2688,2688,2688,672,29.12878197423469,28.059266763704702,-1.069515210529989,BAD
case1,case1_y2688_x2816,2816,2688,673,35.97324695246783,33.58581860584894,-2.38742834661889,BAD
case1,case1_y2688_x2944,2944,2688,674,31.364694895886913,28.313511614634848,-3.051183281252065,BAD
case1,case1_y2688_x3072,3072,2688,675,30.02833611540243,27.639483571599584,-2.3888525438028445,BAD
case1,case1_y2688_x3200,3200,2688,676,31.406485180729344,30.498655819552024,-0.9078293611773205,BAD
case1,case1_y2688_x3328,3328,2688,677,30.25572337371846,29.475967056633596,-0.779756317084864,BAD
case1,case1_y2688_x3456,3456,2688,678,30.409802983140715,29.697938553899167,-0.7118644292415475,BAD
case1,case1_y2688_x3584,3584,2688,679,30.067135303962846,27.894152880005798,-2.1729824239570483,BAD
case1,case1_y2688_x3712,3712,2688,680,30.501115735670012,27.579023732978406,-2.922092002691606,BAD
case1,case1_y2688_x3840,3840,2688,681,31.31647080568987,28.19833085953135,-3.1181399461585215,BAD
case1,case1_y2816_x0000,0,2816,682,34.96331673873286,31.9216507617309,-3.0416659770019585,BAD
case1,case1_y2816_x0128,128,2816,683,34.09913253723184,31.570176300612147,-2.528956236619692,BAD
case1,case1_y2816_x0256,256,2816,684,34.81789906058437,32.95659813830405,-1.8613009222803143,BAD
case1,case1_y2816_x0384,384,2816,685,33.68696363567046,31.564924413807354,-2.122039221863105,BAD
case1,case1_y2816_x0512,512,2816,686,33.72804552420695,31.198961565084765,-2.5290839591221825,BAD
case1,case1_y2816_x0640,640,2816,687,34.156877178908374,31.267368424519503,-2.8895087543888707,BAD
case1,case1_y2816_x0768,768,2816,688,34.17954533933044,31.77366863682319,-2.40587670250725,BAD
case1,case1_y2816_x0896,896,2816,689,33.02797652372313,31.989660170933618,-1.038316352789515,BAD
case1,case1_y2816_x1024,1024,2816,690,34.41893326403588,33.43797360103294,-0.9809596630029418,BAD
case1,case1_y2816_x1152,1152,2816,691,38.263288035369946,35.296240281326696,-2.96704775404325,BAD
case1,case1_y2816_x1280,1280,2816,692,35.05969849973704,31.323651226375485,-3.736047273361553,BAD
case1,case1_y2816_x1408,1408,2816,693,35.417373622229164,30.418271447284315,-4.9991021749448485,BAD
case1,case1_y2816_x1536,1536,2816,694,39.222047609956604,33.32005562930283,-5.901991980653776,BAD
case1,case1_y2816_x1664,1664,2816,695,33.69102426165386,30.810054593472064,-2.8809696681817947,BAD
case1,case1_y2816_x1792,1792,2816,696,33.00876516599482,29.965427935675805,-3.043337230319011,BAD
case1,case1_y2816_x1920,1920,2816,697,34.15977992772077,31.183324301157725,-2.9764556265630446,BAD
case1,case1_y2816_x2048,2048,2816,698,32.67031197931074,30.451972501869133,-2.2183394774416065,BAD
case1,case1_y2816_x2176,2176,2816,699,32.38628538708158,30.674405447417065,-1.711879939664513,BAD
case1,case1_y2816_x2304,2304,2816,700,33.45405713834357,31.67437284049892,-1.7796842978446534,BAD
case1,case1_y2816_x2432,2432,2816,701,36.520012921442635,34.08746046441804,-2.432552457024599,BAD
case1,case1_y2816_x2560,2560,2816,702,33.43159141300493,31.66222140886915,-1.76937000413578,BAD
case1,case1_y2816_x2688,2688,2816,703,32.454091650442585,30.57029407324218,-1.8837975772004043,BAD
case1,case1_y2816_x2816,2816,2816,704,32.7983367477334,30.412052828156398,-2.3862839195770036,BAD
case1,case1_y2816_x2944,2944,2816,705,34.23148766347022,31.423072981454094,-2.8084146820161244,BAD
case1,case1_y2816_x3072,3072,2816,706,35.64131342573297,32.9765212913846,-2.6647921343483674,BAD
case1,case1_y2816_x3200,3200,2816,707,31.133933978978583,29.917858622067524,-1.216075356911059,BAD
case1,case1_y2816_x3328,3328,2816,708,29.8035437700802,28.702802623486573,-1.1007411465936272,BAD
case1,case1_y2816_x3456,3456,2816,709,30.455431393810052,28.99446924431665,-1.460962149493401,BAD
case1,case1_y2816_x3584,3584,2816,710,30.74042400587775,28.381779910729573,-2.3586440951481755,BAD
case1,case1_y2816_x3712,3712,2816,711,32.82474720996302,29.509102480122635,-3.315644729840386,BAD
case1,case1_y2816_x3840,3840,2816,712,40.1579948911949,35.28763244304977,-4.87036244814513,BAD
case2,case2_y0000_x0000,0,0,0,31.065816699657624,28.5624344054343,-2.503382294223325,BAD
case2,case2_y0000_x0128,128,0,1,30.390525321484375,28.26863651761855,-2.1218888038658257,BAD
case2,case2_y0000_x0256,256,0,2,31.942453720334424,31.02397669570927,-0.9184770246251546,BAD
case2,case2_y0000_x0384,384,0,3,32.06153731012609,30.891523504062945,-1.170013806063146,BAD
case2,case2_y0000_x0512,512,0,4,32.37559294222419,31.574329766856923,-0.8012631753672643,BAD
case2,case2_y0000_x0640,640,0,5,33.013785783952954,32.12608512686308,-0.8877006570898729,BAD
case2,case2_y0000_x0768,768,0,6,35.05191505923469,34.23398233163353,-0.8179327276011605,BAD
case2,case2_y0000_x0896,896,0,7,35.849203309059604,34.03215969247323,-1.8170436165863748,BAD
case2,case2_y0000_x1024,1024,0,8,31.278278696256812,28.141587537207972,-3.1366911590488407,BAD
case2,case2_y0000_x1152,1152,0,9,29.114055678177465,25.114140174853915,-3.9999155033235496,BAD
case2,case2_y0000_x1280,1280,0,10,26.753798906040643,24.392783579143288,-2.3610153268973555,BAD
case2,case2_y0000_x1408,1408,0,11,24.423432034927593,22.191754383708904,-2.231677651218689,BAD
case2,case2_y0000_x1536,1536,0,12,24.12832124173303,21.606397655042503,-2.5219235866905265,BAD
case2,case2_y0000_x1664,1664,0,13,24.52047108462843,22.52446212092698,-1.996008963701449,BAD
case2,case2_y0000_x1792,1792,0,14,25.960713967176986,22.859650863554712,-3.1010631036222733,BAD
case2,case2_y0000_x1920,1920,0,15,28.37671530575534,22.394413711098217,-5.982301594657123,BAD
case2,case2_y0000_x2048,2048,0,16,29.189384333076788,21.587199480819194,-7.602184852257594,BAD
case2,case2_y0000_x2176,2176,0,17,30.076129042118925,21.719080060552663,-8.357048981566262,BAD
case2,case2_y0000_x2304,2304,0,18,30.909560643125154,24.26395621358797,-6.645604429537183,BAD
case2,case2_y0000_x2432,2432,0,19,32.44832669485247,30.743802425118755,-1.7045242697337137,BAD
case2,case2_y0000_x2560,2560,0,20,32.53968913567509,30.16715567192998,-2.3725334637451105,BAD
case2,case2_y0000_x2688,2688,0,21,32.92872262816783,30.878834254575,-2.0498883735928324,BAD
case2,case2_y0000_x2816,2816,0,22,33.87192068925546,33.369125715747884,-0.5027949735075765,BAD
case2,case2_y0128_x0000,0,128,23,28.95778981459212,27.36155522342447,-1.5962345911676508,BAD
case2,case2_y0128_x0128,128,128,24,29.35068725878212,27.941264840020374,-1.4094224187617463,BAD
case2,case2_y0128_x0256,256,128,25,31.432232467747376,30.11331398474081,-1.3189184830065663,BAD
case2,case2_y0128_x0384,384,128,26,31.435742530874187,29.555506696385997,-1.8802358344881895,BAD
case2,case2_y0128_x0512,512,128,27,31.07350701243434,29.115127593940095,-1.9583794184942462,BAD
case2,case2_y0128_x0640,640,128,28,31.097646195250732,28.70934643532356,-2.388299759927172,BAD
case2,case2_y0128_x0768,768,128,29,33.75838005440384,31.437811521490428,-2.320568532913409,BAD
case2,case2_y0128_x0896,896,128,30,35.09083758454026,33.06960087675601,-2.0212367077842472,BAD
case2,case2_y0128_x1024,1024,128,31,30.90207052316496,26.904812138230806,-3.9972583849341525,BAD
case2,case2_y0128_x1152,1152,128,32,29.394800683209876,24.106543935717987,-5.288256747491889,BAD
case2,case2_y0128_x1280,1280,128,33,27.5297957393856,23.563614352987244,-3.9661813863983575,BAD
case2,case2_y0128_x1408,1408,128,34,25.068202112295005,21.923608026509463,-3.144594085785542,BAD
case2,case2_y0128_x1536,1536,128,35,24.47584597164425,21.561543778298343,-2.9143021933459075,BAD
case2,case2_y0128_x1664,1664,128,36,24.188962752991998,22.104258880576072,-2.0847038724159255,BAD
case2,case2_y0128_x1792,1792,128,37,25.298935977423014,22.338563167039723,-2.9603728103832907,BAD
case2,case2_y0128_x1920,1920,128,38,27.54748906157721,21.306829237503525,-6.240659824073685,BAD
case2,case2_y0128_x2048,2048,128,39,28.07924003270407,19.842015530015544,-8.237224502688527,BAD
case2,case2_y0128_x2176,2176,128,40,29.38882854603979,20.509101230789568,-8.879727315250221,BAD
case2,case2_y0128_x2304,2304,128,41,30.686786161941395,23.989289962129845,-6.69749619981155,BAD
case2,case2_y0128_x2432,2432,128,42,32.57839138224568,30.720573002176835,-1.8578183800688421,BAD
case2,case2_y0128_x2560,2560,128,43,32.913511638334455,29.91809563392755,-2.9954160044069056,BAD
case2,case2_y0128_x2688,2688,128,44,33.78184835827219,30.92930734813041,-2.852541010141781,BAD
case2,case2_y0128_x2816,2816,128,45,35.8832450710336,35.39528558712494,-0.48795948390866073,BAD
case2,case2_y0256_x0000,0,256,46,27.383026229515362,26.5205916290562,-0.8624346004591636,BAD
case2,case2_y0256_x0128,128,256,47,28.5749209500677,27.903032604960586,-0.6718883451071136,BAD
case2,case2_y0256_x0256,256,256,48,31.182951375017552,29.899938237004143,-1.283013138013409,BAD
case2,case2_y0256_x0384,384,256,49,31.157368337921856,29.433573115155035,-1.723795222766821,BAD
case2,case2_y0256_x0512,512,256,50,31.684557196731973,29.72111009617813,-1.963447100553843,BAD
case2,case2_y0256_x0640,640,256,51,31.280788591735636,28.904122175923945,-2.376666415811691,BAD
case2,case2_y0256_x0768,768,256,52,32.621116811632675,30.75735215081891,-1.8637646608137644,BAD
case2,case2_y0256_x0896,896,256,53,34.096319757799414,33.08280571016289,-1.0135140476365265,BAD
case2,case2_y0256_x1024,1024,256,54,32.838724401178354,28.72958081341703,-4.109143587761324,BAD
case2,case2_y0256_x1152,1152,256,55,32.67302310500527,26.50807273042179,-6.16495037458348,BAD
case2,case2_y0256_x1280,1280,256,56,28.529323918017283,24.822606221223484,-3.706717696793799,BAD
case2,case2_y0256_x1408,1408,256,57,27.524490626046358,24.30121975974636,-3.2232708662999983,BAD
case2,case2_y0256_x1536,1536,256,58,28.468055392362682,25.14443458769349,-3.3236208046691935,BAD
case2,case2_y0256_x1664,1664,256,59,27.698674165971504,25.150005005426912,-2.5486691605445913,BAD
case2,case2_y0256_x1792,1792,256,60,29.137605293444683,25.671806992966708,-3.4657983004779744,BAD
case2,case2_y0256_x1920,1920,256,61,29.829752386148066,23.725694298807806,-6.10405808734026,BAD
case2,case2_y0256_x2048,2048,256,62,29.240982878509772,21.86441357186579,-7.376569306643983,BAD
case2,case2_y0256_x2176,2176,256,63,30.510945665865435,23.04568745274714,-7.465258213118297,BAD
case2,case2_y0256_x2304,2304,256,64,31.772923579137032,26.59404007267771,-5.1788835064593215,BAD
case2,case2_y0256_x2432,2432,256,65,33.01470042220168,29.366243495020527,-3.648456927181151,BAD
case2,case2_y0256_x2560,2560,256,66,33.005290557946736,29.563495411266082,-3.4417951466806542,BAD
case2,case2_y0256_x2688,2688,256,67,33.85894169662697,31.39064921322962,-2.4682924833973523,BAD
case2,case2_y0256_x2816,2816,256,68,36.089214474605846,34.70426807208721,-1.3849464025186364,BAD
case2,case2_y0384_x0000,0,384,69,26.76004654985681,26.61433875343636,-0.1457077964204494,BAD
case2,case2_y0384_x0128,128,384,70,28.356527375748467,28.48554032592999,0.12901295018152226,GOOD
case2,case2_y0384_x0256,256,384,71,31.08394258610336,30.285662439654928,-0.7982801464484304,BAD
case2,case2_y0384_x0384,384,384,72,29.50780382657385,28.490125931109503,-1.0176778954643453,BAD
case2,case2_y0384_x0512,512,384,73,28.773678713743248,27.803580177820585,-0.9700985359226628,BAD
case2,case2_y0384_x0640,640,384,74,30.01196704541083,28.853397489913263,-1.158569555497568,BAD
case2,case2_y0384_x0768,768,384,75,32.683485023794645,31.868036238650824,-0.8154487851438219,BAD
case2,case2_y0384_x0896,896,384,76,34.04398729477046,33.59260493156108,-0.4513823632093832,BAD
case2,case2_y0384_x1024,1024,384,77,33.19003907908651,30.409914234388328,-2.7801248446981823,BAD
case2,case2_y0384_x1152,1152,384,78,34.412802195504085,31.14753234874736,-3.2652698467567234,BAD
case2,case2_y0384_x1280,1280,384,79,26.381913209726996,24.861094057268687,-1.5208191524583086,BAD
case2,case2_y0384_x1408,1408,384,80,24.608055877550555,22.92684208163876,-1.6812137959117948,BAD
case2,case2_y0384_x1536,1536,384,81,25.072269783886775,22.749143133511932,-2.3231266503748422,BAD
case2,case2_y0384_x1664,1664,384,82,23.984674908907948,21.634206475990233,-2.3504684329177152,BAD
case2,case2_y0384_x1792,1792,384,83,25.359267176501454,22.875964416129055,-2.4833027603724,BAD
case2,case2_y0384_x1920,1920,384,84,25.665502525375437,22.514780925859608,-3.1507215995158298,BAD
case2,case2_y0384_x2048,2048,384,85,26.70833534588307,23.461627294644675,-3.2467080512383966,BAD
case2,case2_y0384_x2176,2176,384,86,32.415706987514156,27.952641924560112,-4.463065062954044,BAD
case2,case2_y0384_x2304,2304,384,87,29.70886822269908,26.93928011858846,-2.769588104110621,BAD
case2,case2_y0384_x2432,2432,384,88,28.677567983102833,26.848208364045618,-1.8293596190572146,BAD
case2,case2_y0384_x2560,2560,384,89,30.063357841605413,28.140368887159468,-1.9229889544459446,BAD
case2,case2_y0384_x2688,2688,384,90,32.21926046323259,31.094352596708923,-1.1249078665236638,BAD
case2,case2_y0384_x2816,2816,384,91,33.80775546719529,32.94713775320572,-0.8606177139895692,BAD
case2,case2_y0512_x0000,0,512,92,27.25235318091571,27.042085548072777,-0.21026763284293182,BAD
case2,case2_y0512_x0128,128,512,93,28.521572749892865,28.54702520102984,0.025452451136974474,GOOD
case2,case2_y0512_x0256,256,512,94,31.174328587958712,29.646962119971473,-1.527366467987239,BAD
case2,case2_y0512_x0384,384,512,95,29.01595573428322,27.50376930831331,-1.5121864259699116,BAD
case2,case2_y0512_x0512,512,512,96,27.75699219412043,26.71820039061512,-1.0387918035053083,BAD
case2,case2_y0512_x0640,640,512,97,29.181206113921405,27.981029196086556,-1.200176917834849,BAD
case2,case2_y0512_x0768,768,512,98,33.13069454353037,31.94917627526316,-1.181518268267208,BAD
case2,case2_y0512_x0896,896,512,99,34.862009002273474,34.27045547026856,-0.5915535320049159,BAD
case2,case2_y0512_x1024,1024,512,100,32.62639068818709,28.48045005666933,-4.145940631517757,BAD
case2,case2_y0512_x1152,1152,512,101,31.380678620090997,24.962901220951665,-6.417777399139332,BAD
case2,case2_y0512_x1280,1280,512,102,27.433235994692883,23.479482657698497,-3.953753336994385,BAD
case2,case2_y0512_x1408,1408,512,103,26.160326379083397,23.9944025553498,-2.1659238237335963,BAD
case2,case2_y0512_x1536,1536,512,104,26.14533594916464,23.622827802717936,-2.522508146446704,BAD
case2,case2_y0512_x1664,1664,512,105,24.29643097420209,21.711164706707358,-2.585266267494731,BAD
case2,case2_y0512_x1792,1792,512,106,25.128059259291522,22.478907995040682,-2.6491512642508397,BAD
case2,case2_y0512_x1920,1920,512,107,25.450444377143903,22.410001661701347,-3.0404427154425555,BAD
case2,case2_y0512_x2048,2048,512,108,26.8832610406638,23.98876173935642,-2.8944993013073805,BAD
case2,case2_y0512_x2176,2176,512,109,35.04922951239083,30.673694089726588,-4.3755354226642424,BAD
case2,case2_y0512_x2304,2304,512,110,27.510439917269526,25.985387707854947,-1.5250522094145786,BAD
case2,case2_y0512_x2432,2432,512,111,25.51329561166557,24.18120583639981,-1.3320897752657608,BAD
case2,case2_y0512_x2560,2560,512,112,26.689794558960482,25.490572208934093,-1.199222350026389,BAD
case2,case2_y0512_x2688,2688,512,113,27.187711456007545,27.0292585770615,-0.15845287894604354,BAD
case2,case2_y0512_x2816,2816,512,114,29.067719531793696,28.394953337419327,-0.6727661943743684,BAD
case2,case2_y0640_x0000,0,640,115,27.462042187552807,27.011560231537235,-0.4504819560155724,BAD
case2,case2_y0640_x0128,128,640,116,28.559652999758406,28.451696184951224,-0.10795681480718144,BAD
case2,case2_y0640_x0256,256,640,117,31.760133953108674,29.29283523168312,-2.4672987214255535,BAD
case2,case2_y0640_x0384,384,640,118,29.950690824818686,28.115502346978133,-1.8351884778405534,BAD
case2,case2_y0640_x0512,512,640,119,29.196944046031284,28.410818476691972,-0.7861255693393119,BAD
case2,case2_y0640_x0640,640,640,120,29.363624959918045,28.063216407533886,-1.3004085523841589,BAD
case2,case2_y0640_x0768,768,640,121,31.35161197270785,29.77024517300697,-1.5813667997008807,BAD
case2,case2_y0640_x0896,896,640,122,33.49794669187246,31.460544412888716,-2.037402278983741,BAD
case2,case2_y0640_x1024,1024,640,123,30.650476971805936,25.667697957049608,-4.9827790147563285,BAD
case2,case2_y0640_x1152,1152,640,124,28.728129237984383,21.513122990920778,-7.215006247063606,BAD
case2,case2_y0640_x1280,1280,640,125,28.88652549262708,22.06088970719671,-6.825635785430368,BAD
case2,case2_y0640_x1408,1408,640,126,29.797628861566395,25.92810797695277,-3.8695208846136246,BAD
case2,case2_y0640_x1536,1536,640,127,29.56006540364114,26.292953658193568,-3.267111745447572,BAD
case2,case2_y0640_x1664,1664,640,128,27.9794330026256,24.645831648749375,-3.333601353876226,BAD
case2,case2_y0640_x1792,1792,640,129,27.95775959288161,24.4432737107647,-3.5144858821169116,BAD
case2,case2_y0640_x1920,1920,640,130,27.853197122401948,24.95720461714262,-2.895992505259329,BAD
case2,case2_y0640_x2048,2048,640,131,28.451332791105514,26.288985258058062,-2.162347533047452,BAD
case2,case2_y0640_x2176,2176,640,132,31.200421352142623,28.854044262164734,-2.3463770899778886,BAD
case2,case2_y0640_x2304,2304,640,133,28.975559359208244,27.30772218525423,-1.6678371739540125,BAD
case2,case2_y0640_x2432,2432,640,134,27.25915612440518,25.4986922973572,-1.7604638270479818,BAD
case2,case2_y0640_x2560,2560,640,135,27.872203022284946,26.373324619794886,-1.4988784024900603,BAD
case2,case2_y0640_x2688,2688,640,136,27.53916113727586,27.193877202420275,-0.3452839348555834,BAD
case2,case2_y0640_x2816,2816,640,137,29.21398657263278,28.430046534939528,-0.7839400376932524,BAD
case2,case2_y0768_x0000,0,768,138,26.63574792012134,26.12481103137979,-0.5109368887415506,BAD
case2,case2_y0768_x0128,128,768,139,28.572015881716407,28.200843240887686,-0.37117264082872126,BAD
case2,case2_y0768_x0256,256,768,140,32.30029224280878,29.907343123289305,-2.392949119519475,BAD
case2,case2_y0768_x0384,384,768,141,30.08963143298168,28.74425763940563,-1.345373793576048,BAD
case2,case2_y0768_x0512,512,768,142,29.42358764873685,28.717867728259144,-0.7057199204777049,BAD
case2,case2_y0768_x0640,640,768,143,29.095494732434553,27.464725605903016,-1.6307691265315363,BAD
case2,case2_y0768_x0768,768,768,144,30.574016409864463,28.75593022621579,-1.8180861836486741,BAD
case2,case2_y0768_x0896,896,768,145,33.15927569111044,30.982814514584685,-2.176461176525752,BAD
case2,case2_y0768_x1024,1024,768,146,30.563232925063325,26.008487696968817,-4.554745228094507,BAD
case2,case2_y0768_x1152,1152,768,147,28.47310652839326,21.92445367780881,-6.54865285058445,BAD
case2,case2_y0768_x1280,1280,768,148,28.30762535584721,21.84330458824684,-6.46432076760037,BAD
case2,case2_y0768_x1408,1408,768,149,28.978613149004495,24.30827777617702,-4.6703353728274735,BAD
case2,case2_y0768_x1536,1536,768,150,29.401708274508778,24.770215150077025,-4.631493124431753,BAD
case2,case2_y0768_x1664,1664,768,151,28.79833918958671,24.703394187322605,-4.0949450022641045,BAD
case2,case2_y0768_x1792,1792,768,152,28.211447822936996,24.615088025655545,-3.596359797281451,BAD
case2,case2_y0768_x1920,1920,768,153,27.906305805230996,23.92491168731409,-3.9813941179169063,BAD
case2,case2_y0768_x2048,2048,768,154,28.332464974783505,24.66050288582609,-3.6719620889574145,BAD
case2,case2_y0768_x2176,2176,768,155,30.115066832861245,25.87235427076946,-4.242712562091786,BAD
case2,case2_y0768_x2304,2304,768,156,33.44299664174324,28.344557474312744,-5.098439167430499,BAD
case2,case2_y0768_x2432,2432,768,157,36.11514639939084,34.535800329875336,-1.579346069515502,BAD
case2,case2_y0768_x2560,2560,768,158,35.8884233948711,34.44147339340055,-1.4469500014705474,BAD
case2,case2_y0768_x2688,2688,768,159,35.99066491471712,34.73784412003805,-1.2528207946790744,BAD
case2,case2_y0768_x2816,2816,768,160,36.03536385686057,34.58290891712061,-1.4524549397399582,BAD
case2,case2_y0896_x0000,0,896,161,26.280783896306716,25.730380290440415,-0.5504036058663004,BAD
case2,case2_y0896_x0128,128,896,162,28.814901087013393,27.959806098898916,-0.8550949881144767,BAD
case2,case2_y0896_x0256,256,896,163,32.51797942891951,30.7513267604274,-1.7666526684921102,BAD
case2,case2_y0896_x0384,384,896,164,31.65562000104774,30.420908553691195,-1.2347114473565455,BAD
case2,case2_y0896_x0512,512,896,165,32.72284370100888,31.80672975996702,-0.9161139410418571,BAD
case2,case2_y0896_x0640,640,896,166,31.03614599429095,29.21741701884372,-1.8187289754472324,BAD
case2,case2_y0896_x0768,768,896,167,31.034542946038233,29.33846265408537,-1.696080291952864,BAD
case2,case2_y0896_x0896,896,896,168,32.40405374843054,30.943475512558063,-1.4605782358724788,BAD
case2,case2_y0896_x1024,1024,896,169,30.496040019176096,26.888527158695442,-3.6075128604806537,BAD
case2,case2_y0896_x1152,1152,896,170,28.97241869529561,23.741075272529248,-5.231343422766361,BAD
case2,case2_y0896_x1280,1280,896,171,28.89906422299275,22.76670957145608,-6.132354651536669,BAD
case2,case2_y0896_x1408,1408,896,172,27.504607785434352,21.738753336039057,-5.765854449395295,BAD
case2,case2_y0896_x1536,1536,896,173,28.22905002630336,21.994034880741246,-6.235015145562112,BAD
case2,case2_y0896_x1664,1664,896,174,28.934346237168352,23.502735214652205,-5.431611022516147,BAD
case2,case2_y0896_x1792,1792,896,175,27.751767112577078,23.21334596063419,-4.538421151942888,BAD
case2,case2_y0896_x1920,1920,896,176,27.902565415825396,22.670594890455135,-5.2319705253702615,BAD
case2,case2_y0896_x2048,2048,896,177,27.11150462559442,21.90994343251908,-5.201561193075342,BAD
case2,case2_y0896_x2176,2176,896,178,28.353524539882265,22.274080094868008,-6.079444445014257,BAD
case2,case2_y0896_x2304,2304,896,179,33.227591812512934,26.216647874832116,-7.010943937680818,BAD
case2,case2_y0896_x2432,2432,896,180,37.55139940378108,36.85887247014017,-0.692526933640913,BAD
case2,case2_y0896_x2560,2560,896,181,37.5342350366549,36.81322448205749,-0.7210105545974059,BAD
case2,case2_y0896_x2688,2688,896,182,38.36857002442005,37.487716528124,-0.880853496296055,BAD
case2,case2_y0896_x2816,2816,896,183,39.43638007493914,37.543973185921075,-1.892406889018062,BAD
case2,case2_y1024_x0000,0,1024,184,26.40283425097797,25.704208488992627,-0.698625761985344,BAD
case2,case2_y1024_x0128,128,1024,185,28.61722092406367,27.621184574247543,-0.9960363498161264,BAD
case2,case2_y1024_x0256,256,1024,186,32.93025179735666,31.08929573368058,-1.8409560636760816,BAD
case2,case2_y1024_x0384,384,1024,187,33.2019425825503,31.373331597830504,-1.8286109847197984,BAD
case2,case2_y1024_x0512,512,1024,188,37.9389339022182,36.23276990879667,-1.7061639934215336,BAD
case2,case2_y1024_x0640,640,1024,189,32.872194104998876,30.735650823341345,-2.1365432816575307,BAD
case2,case2_y1024_x0768,768,1024,190,30.646958618995455,29.282948926039897,-1.364009692955559,BAD
case2,case2_y1024_x0896,896,1024,191,30.02747488077773,29.549688398348117,-0.4777864824296145,BAD
case2,case2_y1024_x1024,1024,1024,192,28.756595555502507,25.180039217564257,-3.57655633793825,BAD
case2,case2_y1024_x1152,1152,1024,193,28.344787429740403,23.37460402193567,-4.970183407804733,BAD
case2,case2_y1024_x1280,1280,1024,194,28.88025195808051,23.136352451017267,-5.743899507063244,BAD
case2,case2_y1024_x1408,1408,1024,195,27.888888944549937,21.844672894636897,-6.0442160499130395,BAD
case2,case2_y1024_x1536,1536,1024,196,28.726468354834317,22.00974848334898,-6.7167198714853384,BAD
case2,case2_y1024_x1664,1664,1024,197,29.894787816641227,23.627756880474557,-6.26703093616667,BAD
case2,case2_y1024_x1792,1792,1024,198,28.384721087765854,23.374844010853415,-5.0098770769124386,BAD
case2,case2_y1024_x1920,1920,1024,199,27.92203707189128,22.77986739988506,-5.142169672006219,BAD
case2,case2_y1024_x2048,2048,1024,200,27.24609472461428,22.155818091730573,-5.0902766328837075,BAD
case2,case2_y1024_x2176,2176,1024,201,27.938311107169756,22.38057635914929,-5.557734748020465,BAD
case2,case2_y1024_x2304,2304,1024,202,29.55178945351784,25.573107738706106,-3.978681714811735,BAD
case2,case2_y1024_x2432,2432,1024,203,29.405977033735592,30.6250199193494,1.2190428856138062,GOOD
case2,case2_y1024_x2560,2560,1024,204,29.029954504065735,31.11555256757405,2.0855980635083142,GOOD
case2,case2_y1024_x2688,2688,1024,205,29.15217704318879,31.31594782679724,2.1637707836084523,GOOD
case2,case2_y1024_x2816,2816,1024,206,29.135421097154953,30.8667057545658,1.7312846574108463,GOOD
case2,case2_y1152_x0000,0,1152,207,27.7031836856011,26.731373480830754,-0.9718102047703461,BAD
case2,case2_y1152_x0128,128,1152,208,29.310390292989233,28.07301394771902,-1.2373763452702136,BAD
case2,case2_y1152_x0256,256,1152,209,33.093950963195525,31.44973722604259,-1.6442137371529348,BAD
case2,case2_y1152_x0384,384,1152,210,30.770559703534587,29.09111995792403,-1.6794397456105585,BAD
case2,case2_y1152_x0512,512,1152,211,28.09562295047021,27.3600731459277,-0.7355498045425115,BAD
case2,case2_y1152_x0640,640,1152,212,28.14453239568092,27.01964164279936,-1.1248907528815586,BAD
case2,case2_y1152_x0768,768,1152,213,30.57816919314858,29.067796548490662,-1.5103726446579167,BAD
case2,case2_y1152_x0896,896,1152,214,29.51949324302863,29.385805889305672,-0.1336873537229586,BAD
case2,case2_y1152_x1024,1024,1152,215,28.48464588078777,25.204135090524602,-3.2805107902631683,BAD
case2,case2_y1152_x1152,1152,1152,216,27.54229270257914,23.342744855353388,-4.199547847225752,BAD
case2,case2_y1152_x1280,1280,1152,217,27.780888237669092,23.184799323022634,-4.596088914646458,BAD
case2,case2_y1152_x1408,1408,1152,218,29.87844279579282,23.613907858877887,-6.264534936914934,BAD
case2,case2_y1152_x1536,1536,1152,219,31.55816178450064,23.689781840805328,-7.868379943695313,BAD
case2,case2_y1152_x1664,1664,1152,220,30.995636958623187,24.44372657663168,-6.551910381991508,BAD
case2,case2_y1152_x1792,1792,1152,221,29.706522473385416,24.48137391914623,-5.225148554239187,BAD
case2,case2_y1152_x1920,1920,1152,222,29.29579326970194,23.414445876422107,-5.881347393279832,BAD
case2,case2_y1152_x2048,2048,1152,223,29.18187574224436,23.67672211258022,-5.505153629664143,BAD
case2,case2_y1152_x2176,2176,1152,224,28.77786445576391,24.20562395128821,-4.572240504475701,BAD
case2,case2_y1152_x2304,2304,1152,225,28.73363694561375,25.68326899856015,-3.0503679470536014,BAD
case2,case2_y1152_x2432,2432,1152,226,28.520640890318973,27.45172952060322,-1.068911369715753,BAD
case2,case2_y1152_x2560,2560,1152,227,28.077724952507985,28.468625518737856,0.39090056622987035,GOOD
case2,case2_y1152_x2688,2688,1152,228,28.396790847856902,29.6412368283133,1.2444459804563976,GOOD
case2,case2_y1152_x2816,2816,1152,229,28.347534841975218,29.032824117163457,0.6852892751882393,GOOD
case2,case2_y1280_x0000,0,1280,230,27.812659504059365,26.23301233817971,-1.5796471658796563,BAD
case2,case2_y1280_x0128,128,1280,231,29.535649178969784,27.75129810262373,-1.7843510763460557,BAD
case2,case2_y1280_x0256,256,1280,232,32.75372110899896,30.50228329215806,-2.251437816840898,BAD
case2,case2_y1280_x0384,384,1280,233,28.078189547101164,24.926806812187525,-3.151382734913639,BAD
case2,case2_y1280_x0512,512,1280,234,24.602577429105462,22.492010288445297,-2.110567140660166,BAD
case2,case2_y1280_x0640,640,1280,235,25.514428003492906,23.41676709988794,-2.0976609036049645,BAD
case2,case2_y1280_x0768,768,1280,236,30.386573686153472,26.80128223755083,-3.585291448602643,BAD
case2,case2_y1280_x0896,896,1280,237,29.877260047780297,27.792620396330143,-2.0846396514501535,BAD
case2,case2_y1280_x1024,1024,1280,238,29.054562070373812,25.554167972594513,-3.5003940977792993,BAD
case2,case2_y1280_x1152,1152,1280,239,27.029441815039128,23.7790141517523,-3.2504276632868283,BAD
case2,case2_y1280_x1280,1280,1280,240,26.87908472917872,23.838635234883213,-3.0404494942955083,BAD
case2,case2_y1280_x1408,1408,1280,241,29.138788905022718,24.706884656716575,-4.431904248306143,BAD
case2,case2_y1280_x1536,1536,1280,242,30.609228483136157,23.22939621712168,-7.379832266014478,BAD
case2,case2_y1280_x1664,1664,1280,243,30.517585068575748,22.37771446702446,-8.139870601551287,BAD
case2,case2_y1280_x1792,1792,1280,244,29.186696454497053,21.623467518297858,-7.563228936199195,BAD
case2,case2_y1280_x1920,1920,1280,245,28.91205439224098,21.17992436423441,-7.732130028006569,BAD
case2,case2_y1280_x2048,2048,1280,246,28.15667781146804,21.861118516357703,-6.295559295110337,BAD
case2,case2_y1280_x2176,2176,1280,247,27.420331972617088,23.255575560902276,-4.164756411714812,BAD
case2,case2_y1280_x2304,2304,1280,248,26.873391638325582,24.358754806576,-2.514636831749584,BAD
case2,case2_y1280_x2432,2432,1280,249,27.549977492944564,24.826466249768036,-2.723511243176528,BAD
case2,case2_y1280_x2560,2560,1280,250,28.965919810568437,26.210758618573735,-2.755161191994702,BAD
case2,case2_y1280_x2688,2688,1280,251,28.435039416234765,26.34097971726859,-2.094059698966177,BAD
case2,case2_y1280_x2816,2816,1280,252,29.64740091232594,27.07380058649344,-2.5736003258324978,BAD
case2,case2_y1408_x0000,0,1408,253,27.061781636113018,25.128708095524296,-1.9330735405887225,BAD
case2,case2_y1408_x0128,128,1408,254,28.43526592025991,26.48820244906031,-1.9470634711995984,BAD
case2,case2_y1408_x0256,256,1408,255,31.65503664512819,28.83710970118997,-2.8179269439382217,BAD
case2,case2_y1408_x0384,384,1408,256,27.8348428820679,24.1425227894908,-3.6923200925770985,BAD
case2,case2_y1408_x0512,512,1408,257,24.620123495068803,21.607403592727238,-3.0127199023415656,BAD
case2,case2_y1408_x0640,640,1408,258,25.60990477803145,22.324650306761264,-3.2852544712701857,BAD
case2,case2_y1408_x0768,768,1408,259,29.91786928899,25.632929470241628,-4.284939818748374,BAD
case2,case2_y1408_x0896,896,1408,260,29.885877269591745,27.65871766619002,-2.2271596034017236,BAD
case2,case2_y1408_x1024,1024,1408,261,28.879396295032866,25.24670108468996,-3.6326952103429058,BAD
case2,case2_y1408_x1152,1152,1408,262,26.963169283139838,23.536014570872197,-3.4271547122676402,BAD
case2,case2_y1408_x1280,1280,1408,263,27.076589237533405,24.519397495237616,-2.557191742295789,BAD
case2,case2_y1408_x1408,1408,1408,264,29.37630116114473,26.37836539599975,-2.9979357651449803,BAD
case2,case2_y1408_x1536,1536,1408,265,30.841672732269217,23.082480056002034,-7.759192676267183,BAD
case2,case2_y1408_x1664,1664,1408,266,30.919973588318143,21.51547125836956,-9.404502329948585,BAD
case2,case2_y1408_x1792,1792,1408,267,29.59707027474821,20.48715574620465,-9.109914528543559,BAD
case2,case2_y1408_x1920,1920,1408,268,29.24217731684735,20.11173472559658,-9.13044259125077,BAD
case2,case2_y1408_x2048,2048,1408,269,28.813030672407663,21.5220603274135,-7.2909703449941645,BAD
case2,case2_y1408_x2176,2176,1408,270,27.735099497742976,23.475587771165372,-4.259511726577603,BAD
case2,case2_y1408_x2304,2304,1408,271,25.994765382042768,24.066068521049438,-1.9286968609933304,BAD
case2,case2_y1408_x2432,2432,1408,272,26.29160446964469,24.190622397396062,-2.1009820722486268,BAD
case2,case2_y1408_x2560,2560,1408,273,28.27915168045592,25.402481435927218,-2.876670244528704,BAD
case2,case2_y1408_x2688,2688,1408,274,27.182935988364928,25.21037774776527,-1.972558240599657,BAD
case2,case2_y1408_x2816,2816,1408,275,28.39810712029774,26.14759036113435,-2.2505167591633928,BAD
case2,case2_y1536_x0000,0,1536,276,27.2635957352438,24.30080455736698,-2.96279117787682,BAD
case2,case2_y1536_x0128,128,1536,277,27.062596144292392,24.797430550772933,-2.265165593519459,BAD
case2,case2_y1536_x0256,256,1536,278,28.899417249581028,27.383651079707306,-1.5157661698737215,BAD
case2,case2_y1536_x0384,384,1536,279,28.182011907860588,26.062912288159286,-2.119099619701302,BAD
case2,case2_y1536_x0512,512,1536,280,25.149420246045313,23.252456210836723,-1.8969640352085904,BAD
case2,case2_y1536_x0640,640,1536,281,26.07535703495588,23.458025772870403,-2.617331262085475,BAD
case2,case2_y1536_x0768,768,1536,282,30.364943449407104,26.625334692255457,-3.7396087571516468,BAD
case2,case2_y1536_x0896,896,1536,283,31.452534750108324,29.202938931023127,-2.2495958190851972,BAD
case2,case2_y1536_x1024,1024,1536,284,29.44893440025924,26.241042124574093,-3.207892275685147,BAD
case2,case2_y1536_x1152,1152,1536,285,27.50056374571908,24.39839294976079,-3.1021707959582905,BAD
case2,case2_y1536_x1280,1280,1536,286,27.89337898671443,25.366136947252635,-2.5272420394617967,BAD
case2,case2_y1536_x1408,1408,1536,287,29.427925325250136,25.8641482179323,-3.5637771073178364,BAD
case2,case2_y1536_x1536,1536,1536,288,30.617118981690016,22.807199730074167,-7.809919251615849,BAD
case2,case2_y1536_x1664,1664,1536,289,30.48106505352738,21.680042177495636,-8.801022876031745,BAD
case2,case2_y1536_x1792,1792,1536,290,28.960008105100453,20.62340842564978,-8.336599679450671,BAD
case2,case2_y1536_x1920,1920,1536,291,29.29191883354705,20.520796900092087,-8.771121933454964,BAD
case2,case2_y1536_x2048,2048,1536,292,29.07068250695007,21.520529276436314,-7.550153230513757,BAD
case2,case2_y1536_x2176,2176,1536,293,28.01900551905841,22.552322110888767,-5.466683408169644,BAD
case2,case2_y1536_x2304,2304,1536,294,26.502874518838272,23.110792951438693,-3.392081567399579,BAD
case2,case2_y1536_x2432,2432,1536,295,26.59649695744705,23.46550009348785,-3.1309968639592007,BAD
case2,case2_y1536_x2560,2560,1536,296,28.897964461528453,25.350692945357093,-3.54727151617136,BAD
case2,case2_y1536_x2688,2688,1536,297,27.853879951527393,25.528667018742578,-2.3252129327848152,BAD
case2,case2_y1536_x2816,2816,1536,298,28.029374784852152,25.954777126105245,-2.0745976587469066,BAD
case2,case2_y1664_x0000,0,1664,299,27.17028846138755,23.613478876158034,-3.556809585229516,BAD
case2,case2_y1664_x0128,128,1664,300,26.19848529080267,23.92356204889904,-2.274923241903629,BAD
case2,case2_y1664_x0256,256,1664,301,27.748717733393068,27.09604991018983,-0.6526678232032381,BAD
case2,case2_y1664_x0384,384,1664,302,28.568162822699122,27.9202589093126,-0.6479039133865214,BAD
case2,case2_y1664_x0512,512,1664,303,25.230074289890748,24.951596425076666,-0.2784778648140822,BAD
case2,case2_y1664_x0640,640,1664,304,25.99179552856768,24.870543407708176,-1.121252120859502,BAD
case2,case2_y1664_x0768,768,1664,305,30.572978640400056,27.789687396110825,-2.783291244289231,BAD
case2,case2_y1664_x0896,896,1664,306,31.20390129562796,29.055167632919417,-2.148733662708544,BAD
case2,case2_y1664_x1024,1024,1664,307,29.43624820176845,27.38827218202455,-2.047976019743899,BAD
case2,case2_y1664_x1152,1152,1664,308,27.104590896826576,25.862047866830903,-1.242543029995673,BAD
case2,case2_y1664_x1280,1280,1664,309,27.44491281791335,26.031865563265182,-1.4130472546481698,BAD
case2,case2_y1664_x1408,1408,1664,310,30.38954237058329,26.61815523379559,-3.7713871367876983,BAD
case2,case2_y1664_x1536,1536,1664,311,31.512049826494874,23.174951705136053,-8.337098121358821,BAD
case2,case2_y1664_x1664,1664,1664,312,31.671545562311533,22.47182489869525,-9.199720663616283,BAD
case2,case2_y1664_x1792,1792,1664,313,30.148497286693562,21.629597282283314,-8.518900004410249,BAD
case2,case2_y1664_x1920,1920,1664,314,29.915784736783667,21.01298987870146,-8.902794858082206,BAD
case2,case2_y1664_x2048,2048,1664,315,29.747427317699128,21.62576785804191,-8.121659459657216,BAD
case2,case2_y1664_x2176,2176,1664,316,27.820439174358974,21.457835959566253,-6.3626032147927205,BAD
case2,case2_y1664_x2304,2304,1664,317,25.871815883069736,20.82055592857445,-5.051259954495286,BAD
case2,case2_y1664_x2432,2432,1664,318,26.051094207399025,21.49943650693939,-4.551657700459636,BAD
case2,case2_y1664_x2560,2560,1664,319,28.62423901045952,24.089238281536257,-4.5350007289232614,BAD
case2,case2_y1664_x2688,2688,1664,320,27.74882171172748,23.68134563062055,-4.067476081106928,BAD
case2,case2_y1664_x2816,2816,1664,321,27.14200774187706,23.433606568830598,-3.708401173046461,BAD
case2,case2_y1792_x0000,0,1792,322,26.73002611715521,24.13565280520761,-2.5943733119475993,BAD
case2,case2_y1792_x0128,128,1792,323,25.526078964257856,24.08575639390495,-1.4403225703529046,BAD
case2,case2_y1792_x0256,256,1792,324,27.28219614261696,27.00446074874908,-0.27773539386788215,BAD
case2,case2_y1792_x0384,384,1792,325,28.672442661580696,27.88685302400196,-0.7855896375787346,BAD
case2,case2_y1792_x0512,512,1792,326,24.936469938728525,24.850326913175273,-0.08614302555325182,BAD
case2,case2_y1792_x0640,640,1792,327,25.64363295428179,24.89458922092769,-0.7490437333541031,BAD
case2,case2_y1792_x0768,768,1792,328,29.512924855380223,27.53224133322498,-1.9806835221552426,BAD
case2,case2_y1792_x0896,896,1792,329,28.650139581697488,27.82529892938077,-0.8248406523167162,BAD
case2,case2_y1792_x1024,1024,1792,330,28.215300082459798,27.035678399074726,-1.1796216833850721,BAD
case2,case2_y1792_x1152,1152,1792,331,26.931327630135744,25.48607028358972,-1.4452573465460254,BAD
case2,case2_y1792_x1280,1280,1792,332,27.33179598054681,25.571575167703138,-1.7602208128436736,BAD
case2,case2_y1792_x1408,1408,1792,333,31.89997140571034,28.987061506091226,-2.9129098996191125,BAD
case2,case2_y1792_x1536,1536,1792,334,33.200336006657196,25.87480556624741,-7.325530440409786,BAD
case2,case2_y1792_x1664,1664,1792,335,33.12357209929561,25.339284273454265,-7.784287825841343,BAD
case2,case2_y1792_x1792,1792,1792,336,33.22494696477381,25.170519893285825,-8.054427071487982,BAD
case2,case2_y1792_x1920,1920,1792,337,31.380039559374772,23.147862376651847,-8.232177182722925,BAD
case2,case2_y1792_x2048,2048,1792,338,30.928399024264564,22.811537284545725,-8.11686173971884,BAD
case2,case2_y1792_x2176,2176,1792,339,29.078259660771483,22.359564462025112,-6.718695198746371,BAD
case2,case2_y1792_x2304,2304,1792,340,27.08263815874487,20.385737976817087,-6.696900181927784,BAD
case2,case2_y1792_x2432,2432,1792,341,27.459245741452392,20.901027752145772,-6.55821798930662,BAD
case2,case2_y1792_x2560,2560,1792,342,29.986062592076976,24.652424483928193,-5.333638108148783,BAD
case2,case2_y1792_x2688,2688,1792,343,29.45651346764583,24.35110686974553,-5.105406597900302,BAD
case2,case2_y1792_x2816,2816,1792,344,28.607655173639156,23.81515924430003,-4.792495929339125,BAD
case2,case2_y1920_x0000,0,1920,345,26.76251037388382,25.206740627710445,-1.5557697461733753,BAD
case2,case2_y1920_x0128,128,1920,346,24.975508844824382,24.237092364788346,-0.7384164800360367,BAD
case2,case2_y1920_x0256,256,1920,347,26.62610552815505,26.20958203728851,-0.41652349086654183,BAD
case2,case2_y1920_x0384,384,1920,348,28.161618428065648,27.468722171518824,-0.692896256546824,BAD
case2,case2_y1920_x0512,512,1920,349,24.556851975834334,24.63758340691627,0.08073143108193648,GOOD
case2,case2_y1920_x0640,640,1920,350,25.364099266470816,24.724067790490004,-0.6400314759808126,BAD
case2,case2_y1920_x0768,768,1920,351,28.258191336334786,26.4248582071612,-1.8333331291735853,BAD
case2,case2_y1920_x0896,896,1920,352,26.661416611926718,26.087397891517803,-0.5740187204089153,BAD
case2,case2_y1920_x1024,1024,1920,353,27.101138503955422,26.14162474102696,-0.9595137629284629,BAD
case2,case2_y1920_x1152,1152,1920,354,28.127821023276386,25.763640407917276,-2.3641806153591105,BAD
case2,case2_y1920_x1280,1280,1920,355,28.41942375389355,25.965311860128377,-2.454111893765173,BAD
case2,case2_y1920_x1408,1408,1920,356,28.774923969387324,27.54208283254307,-1.2328411368442538,BAD
case2,case2_y1920_x1536,1536,1920,357,29.292230820147346,27.432215959945392,-1.8600148602019537,BAD
case2,case2_y1920_x1664,1664,1920,358,29.611089249072148,26.405921283639863,-3.2051679654322847,BAD
case2,case2_y1920_x1792,1792,1920,359,28.812890585317458,26.23105260066359,-2.5818379846538697,BAD
case2,case2_y1920_x1920,1920,1920,360,28.905775584028785,25.111539659289935,-3.7942359247388495,BAD
case2,case2_y1920_x2048,2048,1920,361,28.977530911039068,23.15065266841346,-5.826878242625607,BAD
case2,case2_y1920_x2176,2176,1920,362,27.527667956243352,22.289361885165775,-5.238306071077577,BAD
case2,case2_y1920_x2304,2304,1920,363,25.976917996169526,19.30068410946804,-6.676233886701485,BAD
case2,case2_y1920_x2432,2432,1920,364,26.13445592892916,19.23451072751739,-6.8999452014117715,BAD
case2,case2_y1920_x2560,2560,1920,365,28.888106206699227,23.63817776940179,-5.249928437297438,BAD
case2,case2_y1920_x2688,2688,1920,366,28.303267203351425,24.419731907146787,-3.883535296204638,BAD
case2,case2_y1920_x2816,2816,1920,367,27.02879597413379,23.432864928876253,-3.5959310452575366,BAD
case2,case2_y2048_x0000,0,2048,368,27.129551821298428,26.186288335280796,-0.9432634860176314,BAD
case2,case2_y2048_x0128,128,2048,369,25.292799350339962,24.62487422047055,-0.6679251298694133,BAD
case2,case2_y2048_x0256,256,2048,370,26.802437307416245,25.255901342791226,-1.5465359646250185,BAD
case2,case2_y2048_x0384,384,2048,371,27.698351622376798,25.16417825800149,-2.5341733643753095,BAD
case2,case2_y2048_x0512,512,2048,372,24.278624700128777,23.367924900229507,-0.9106997998992696,BAD
case2,case2_y2048_x0640,640,2048,373,25.11128539134552,23.569645502214705,-1.5416398891308134,BAD
case2,case2_y2048_x0768,768,2048,374,27.493967604995056,24.884682711080266,-2.60928489391479,BAD
case2,case2_y2048_x0896,896,2048,375,25.710667111516457,25.10496368033403,-0.6057034311824268,BAD
case2,case2_y2048_x1024,1024,2048,376,26.794452120258427,25.657761434359326,-1.1366906858991008,BAD
case2,case2_y2048_x1152,1152,2048,377,30.08706074999527,26.256818085030645,-3.8302426649646257,BAD
case2,case2_y2048_x1280,1280,2048,378,29.759692058054767,26.518810169791852,-3.2408818882629156,BAD
case2,case2_y2048_x1408,1408,2048,379,26.35152314624097,25.298463373377093,-1.0530597728638789,BAD
case2,case2_y2048_x1536,1536,2048,380,26.405547106952962,25.188320891476085,-1.2172262154768774,BAD
case2,case2_y2048_x1664,1664,2048,381,26.330253145767145,24.629769730288253,-1.7004834154788924,BAD
case2,case2_y2048_x1792,1792,2048,382,25.036906116989588,23.500761210797595,-1.5361449061919927,BAD
case2,case2_y2048_x1920,1920,2048,383,25.952557182003247,23.51299742164937,-2.439559760353877,BAD
case2,case2_y2048_x2048,2048,2048,384,25.342536967848048,21.67614434743526,-3.666392620412786,BAD
case2,case2_y2048_x2176,2176,2048,385,25.071133972309898,20.51636292711448,-4.5547710451954195,BAD
case2,case2_y2048_x2304,2304,2048,386,24.738312587197115,18.404250229846962,-6.334062357350152,BAD
case2,case2_y2048_x2432,2432,2048,387,24.256436605407487,17.962210377463105,-6.294226227944382,BAD
case2,case2_y2048_x2560,2560,2048,388,26.953461942062024,21.44638570224778,-5.507076239814243,BAD
case2,case2_y2048_x2688,2688,2048,389,25.654528369719287,21.811283644154887,-3.8432447255644,BAD
case2,case2_y2048_x2816,2816,2048,390,23.92841574471622,20.211053304235385,-3.7173624404808336,BAD
case2,case2_y2176_x0000,0,2176,391,27.814436861710625,27.017286201496958,-0.7971506602136671,BAD
case2,case2_y2176_x0128,128,2176,392,26.104573417784973,25.366553621661115,-0.7380197961238579,BAD
case2,case2_y2176_x0256,256,2176,393,27.332799866210664,24.884773722279995,-2.4480261439306688,BAD
case2,case2_y2176_x0384,384,2176,394,27.483549442331707,23.254919770273844,-4.228629672057863,BAD
case2,case2_y2176_x0512,512,2176,395,23.952348299867406,22.16321299353359,-1.7891353063338151,BAD
case2,case2_y2176_x0640,640,2176,396,24.605368563381383,22.648531845456972,-1.9568367179244106,BAD
case2,case2_y2176_x0768,768,2176,397,27.093778627180434,23.942602122146365,-3.151176505034069,BAD
case2,case2_y2176_x0896,896,2176,398,25.462307431103422,24.855469919584742,-0.6068375115186804,BAD
case2,case2_y2176_x1024,1024,2176,399,26.74037793689388,25.407926839281252,-1.3324510976126263,BAD
case2,case2_y2176_x1152,1152,2176,400,31.854201070701546,26.038243735738206,-5.81595733496334,BAD
case2,case2_y2176_x1280,1280,2176,401,31.095486033255977,26.480388331146642,-4.615097702109335,BAD
case2,case2_y2176_x1408,1408,2176,402,25.989318873392744,24.988968738609664,-1.0003501347830799,BAD
case2,case2_y2176_x1536,1536,2176,403,25.623710347029323,24.646608166867303,-0.9771021801620208,BAD
case2,case2_y2176_x1664,1664,2176,404,25.347817948777358,23.987358847842877,-1.3604591009344809,BAD
case2,case2_y2176_x1792,1792,2176,405,24.02740631322012,22.52348244935154,-1.5039238638685788,BAD
case2,case2_y2176_x1920,1920,2176,406,25.17395649593917,22.95735079943612,-2.2166056965030485,BAD
case2,case2_y2176_x2048,2048,2176,407,24.764386162670704,21.16042812062004,-3.603958042050664,BAD
case2,case2_y2176_x2176,2176,2176,408,25.738129538744662,20.923973380223273,-4.814156158521389,BAD
case2,case2_y2176_x2304,2304,2176,409,26.248129877217,19.593012922379085,-6.655116954837915,BAD
case2,case2_y2176_x2432,2432,2176,410,25.675573136889177,19.255160667846454,-6.420412469042724,BAD
case2,case2_y2176_x2560,2560,2176,411,29.069683473029194,23.17922582666941,-5.890457646359785,BAD
case2,case2_y2176_x2688,2688,2176,412,26.389073307141395,22.04895970751616,-4.340113599625234,BAD
case2,case2_y2176_x2816,2816,2176,413,24.967554712153177,20.88228087420953,-4.085273837943646,BAD
case2,case2_y2304_x0000,0,2304,414,27.759866074836026,26.781857248436243,-0.9780088263997833,BAD
case2,case2_y2304_x0128,128,2304,415,26.023095020504307,25.39425606062383,-0.6288389598804756,BAD
case2,case2_y2304_x0256,256,2304,416,27.360675277193735,24.892792910785143,-2.467882366408592,BAD
case2,case2_y2304_x0384,384,2304,417,27.983805849349395,23.322089975762296,-4.661715873587099,BAD
case2,case2_y2304_x0512,512,2304,418,24.703200750325557,22.744043467074118,-1.9591572832514395,BAD
case2,case2_y2304_x0640,640,2304,419,25.136523982557364,23.47811435860183,-1.658409623955535,BAD
case2,case2_y2304_x0768,768,2304,420,26.76885661357256,24.367873170206575,-2.400983443365984,BAD
case2,case2_y2304_x0896,896,2304,421,25.133826056523333,25.144537427760874,0.010711371237540845,GOOD
case2,case2_y2304_x1024,1024,2304,422,25.55697652298234,24.298920183856524,-1.2580563391258153,BAD
case2,case2_y2304_x1152,1152,2304,423,27.23472605740595,23.193663898235272,-4.041062159170679,BAD
case2,case2_y2304_x1280,1280,2304,424,28.350944829523016,24.24592344829851,-4.105021381224507,BAD
case2,case2_y2304_x1408,1408,2304,425,26.62671995189165,24.252735988990896,-2.3739839629007555,BAD
case2,case2_y2304_x1536,1536,2304,426,26.165970553406694,24.11016217752238,-2.0558083758843146,BAD
case2,case2_y2304_x1664,1664,2304,427,26.28820276513742,24.183133798454584,-2.105068966682836,BAD
case2,case2_y2304_x1792,1792,2304,428,25.250125925864147,22.959354661485108,-2.290771264379039,BAD
case2,case2_y2304_x1920,1920,2304,429,26.325844817223462,23.567829723730366,-2.7580150934930963,BAD
case2,case2_y2304_x2048,2048,2304,430,26.39625708143019,21.625094562927515,-4.771162518502674,BAD
case2,case2_y2304_x2176,2176,2304,431,28.276208019763867,22.51137763049801,-5.764830389265857,BAD
case2,case2_y2304_x2304,2304,2304,432,29.550429272625184,21.419485337662575,-8.130943934962609,BAD
case2,case2_y2304_x2432,2432,2304,433,30.056393638254264,21.776630048116203,-8.27976359013806,BAD
case2,case2_y2304_x2560,2560,2304,434,34.79070034470776,27.79757348635315,-6.993126858354607,BAD
case2,case2_y2304_x2688,2688,2304,435,29.999610782712217,24.224074509852038,-5.77553627286018,BAD
case2,case2_y2304_x2816,2816,2304,436,30.450079046948847,25.6880906766842,-4.761988370264646,BAD
case2,case2_y2432_x0000,0,2432,437,27.285327909596507,26.256067330831343,-1.0292605787651645,BAD
case2,case2_y2432_x0128,128,2432,438,25.33724173514671,24.729963005042887,-0.6072787301038218,BAD
case2,case2_y2432_x0256,256,2432,439,26.776556132526295,24.38626975329224,-2.3902863792340554,BAD
case2,case2_y2432_x0384,384,2432,440,29.051687893088666,24.02264337734003,-5.029044515748634,BAD
case2,case2_y2432_x0512,512,2432,441,26.95326217510237,24.483187136986608,-2.4700750381157626,BAD
case2,case2_y2432_x0640,640,2432,442,27.089475983470372,25.170519781559694,-1.918956201910678,BAD
case2,case2_y2432_x0768,768,2432,443,26.41510598869155,25.029615680898807,-1.3854903077927432,BAD
case2,case2_y2432_x0896,896,2432,444,24.647115226334186,25.430662774337364,0.7835475480031775,GOOD
case2,case2_y2432_x1024,1024,2432,445,24.547509233829658,23.365516301769592,-1.1819929320600657,BAD
case2,case2_y2432_x1152,1152,2432,446,24.7896158697305,21.51187511347882,-3.2777407562516814,BAD
case2,case2_y2432_x1280,1280,2432,447,26.433734874495954,22.87431411539078,-3.5594207591051727,BAD
case2,case2_y2432_x1408,1408,2432,448,26.245792054172732,22.820303190320633,-3.425488863852099,BAD
case2,case2_y2432_x1536,1536,2432,449,25.810108728993466,22.740213146294465,-3.069895582699001,BAD
case2,case2_y2432_x1664,1664,2432,450,26.171861393797794,23.687380643967778,-2.4844807498300163,BAD
case2,case2_y2432_x1792,1792,2432,451,25.122904987404695,22.396279254033786,-2.726625733370909,BAD
case2,case2_y2432_x1920,1920,2432,452,25.91711020477178,23.14327494864109,-2.773835256130692,BAD
case2,case2_y2432_x2048,2048,2432,453,25.875861727175447,21.215114309231417,-4.66074741794403,BAD
case2,case2_y2432_x2176,2176,2432,454,28.0554644228816,22.302241474118443,-5.753222948763156,BAD
case2,case2_y2432_x2304,2304,2432,455,33.53298829829503,22.427858132236224,-11.105130166058807,BAD
case2,case2_y2432_x2432,2432,2432,456,34.66245528681755,22.76630169648724,-11.896153590330307,BAD
case2,case2_y2432_x2560,2560,2432,457,35.98219703681594,27.489000436606382,-8.493196600209558,BAD
case2,case2_y2432_x2688,2688,2432,458,32.893931028669144,25.11790407080145,-7.776026957867693,BAD
case2,case2_y2432_x2816,2816,2432,459,34.8201752174548,28.524144617527178,-6.296030599927626,BAD
case2,case2_y2560_x0000,0,2560,460,27.336394951974686,25.491850995431328,-1.8445439565433581,BAD
case2,case2_y2560_x0128,128,2560,461,25.083751263220844,24.004285113062647,-1.079466150158197,BAD
case2,case2_y2560_x0256,256,2560,462,26.542680924149305,23.955451917920847,-2.5872290062284584,BAD
case2,case2_y2560_x0384,384,2560,463,29.42544344399404,23.6197109770753,-5.805732466918741,BAD
case2,case2_y2560_x0512,512,2560,464,27.41675877200159,24.21859927843962,-3.1981594935619704,BAD
case2,case2_y2560_x0640,640,2560,465,27.137963046969187,25.3756262239663,-1.7623368230028866,BAD
case2,case2_y2560_x0768,768,2560,466,26.08721726846859,25.256390761467703,-0.8308265070008858,BAD
case2,case2_y2560_x0896,896,2560,467,24.417139343049314,25.398193249504768,0.981053906455454,GOOD
case2,case2_y2560_x1024,1024,2560,468,24.29537190045221,22.925759853340793,-1.369612047111417,BAD
case2,case2_y2560_x1152,1152,2560,469,24.76380672578552,21.146275907748237,-3.6175308180372845,BAD
case2,case2_y2560_x1280,1280,2560,470,26.837006891402616,22.97689674032624,-3.860110151076377,BAD
case2,case2_y2560_x1408,1408,2560,471,25.45832042871679,22.88044429228641,-2.5778761364303797,BAD
case2,case2_y2560_x1536,1536,2560,472,24.789145827049033,22.329944777698877,-2.459201049350156,BAD
case2,case2_y2560_x1664,1664,2560,473,25.050952810025336,23.037048510743038,-2.0139042992822986,BAD
case2,case2_y2560_x1792,1792,2560,474,23.7273469067522,21.46876734237814,-2.2585795643740596,BAD
case2,case2_y2560_x1920,1920,2560,475,24.471829637346517,22.013143344641026,-2.45868629270549,BAD
case2,case2_y2560_x2048,2048,2560,476,24.477417428693684,20.456569900834708,-4.020847527858976,BAD
case2,case2_y2560_x2176,2176,2560,477,26.786366669294125,21.859551521949477,-4.926815147344648,BAD
case2,case2_y2560_x2304,2304,2560,478,33.75575043047431,24.32167015257913,-9.434080277895177,BAD
case2,case2_y2560_x2432,2432,2560,479,33.46670178307663,24.084939067327355,-9.381762715749275,BAD
case2,case2_y2560_x2560,2560,2560,480,34.854376319735756,27.5067068869893,-7.347669432746457,BAD
case2,case2_y2560_x2688,2688,2560,481,32.625049391313055,26.15608501939276,-6.468964371920297,BAD
case2,case2_y2560_x2816,2816,2560,482,34.61540775175597,29.64564381722726,-4.969763934528707,BAD
case2,case2_y2688_x0000,0,2688,483,28.259503347252664,25.409782134923272,-2.849721212329392,BAD
case2,case2_y2688_x0128,128,2688,484,25.116432945166764,23.789903777358212,-1.3265291678085518,BAD
case2,case2_y2688_x0256,256,2688,485,25.858580474805137,23.65767069083601,-2.200909783969127,BAD
case2,case2_y2688_x0384,384,2688,486,28.42054925665873,22.938879978736004,-5.481669277922727,BAD
case2,case2_y2688_x0512,512,2688,487,26.525301297019045,23.135295406425847,-3.390005890593198,BAD
case2,case2_y2688_x0640,640,2688,488,26.455998209296613,24.887368448227498,-1.568629761069115,BAD
case2,case2_y2688_x0768,768,2688,489,27.018937749063532,25.823460867540874,-1.1954768815226586,BAD
case2,case2_y2688_x0896,896,2688,490,25.862396238883658,26.74400973603294,0.8816134971492815,GOOD
case2,case2_y2688_x1024,1024,2688,491,24.99041006287009,22.966319275585008,-2.0240907872850826,BAD
case2,case2_y2688_x1152,1152,2688,492,24.652794770566807,20.482937557774964,-4.169857212791843,BAD
case2,case2_y2688_x1280,1280,2688,493,26.48126168096516,22.443809025921624,-4.037452655043538,BAD
case2,case2_y2688_x1408,1408,2688,494,25.399358791202765,23.40793657365563,-1.9914222175471359,BAD
case2,case2_y2688_x1536,1536,2688,495,24.64382099132855,22.583837952648555,-2.059983038679995,BAD
case2,case2_y2688_x1664,1664,2688,496,24.655195953924952,22.900045194105587,-1.7551507598193652,BAD
case2,case2_y2688_x1792,1792,2688,497,23.29610280272388,21.13256193052788,-2.1635408721959983,BAD
case2,case2_y2688_x1920,1920,2688,498,24.058856767100067,21.4312732826258,-2.6275834844742683,BAD
case2,case2_y2688_x2048,2048,2688,499,23.94724178429188,20.39580893451019,-3.5514328497816905,BAD
case2,case2_y2688_x2176,2176,2688,500,25.486783529594298,21.774180746468403,-3.712602783125895,BAD
case2,case2_y2688_x2304,2304,2688,501,30.395691234373977,25.527546313539034,-4.868144920834943,BAD
case2,case2_y2688_x2432,2432,2688,502,29.5777597796396,24.061722409828686,-5.516037369810913,BAD
case2,case2_y2688_x2560,2560,2688,503,29.35433928481093,24.992238421747423,-4.362100863063507,BAD
case2,case2_y2688_x2688,2688,2688,504,29.597305272289436,25.921609411248735,-3.675695861040701,BAD
case2,case2_y2688_x2816,2816,2688,505,31.49173099924958,28.071149364792106,-3.4205816344574735,BAD
case2,case2_y2816_x0000,0,2816,506,29.131521847703286,24.602412251124107,-4.529109596579179,BAD
case2,case2_y2816_x0128,128,2816,507,25.049217886963852,23.195465460779467,-1.8537524261843856,BAD
case2,case2_y2816_x0256,256,2816,508,25.23322339706281,23.308841188074414,-1.9243822089883977,BAD
case2,case2_y2816_x0384,384,2816,509,28.77981725121366,23.457431168980296,-5.322386082233365,BAD
case2,case2_y2816_x0512,512,2816,510,27.497910224941545,23.586115702840715,-3.9117945221008306,BAD
case2,case2_y2816_x0640,640,2816,511,27.108159841155874,24.29597311280243,-2.8121867283534456,BAD
case2,case2_y2816_x0768,768,2816,512,27.122954172773625,24.417478922952288,-2.705475249821337,BAD
case2,case2_y2816_x0896,896,2816,513,27.17282246297316,25.37040188879837,-1.8024205741747892,BAD
case2,case2_y2816_x1024,1024,2816,514,27.322259803644613,23.483896012742946,-3.838363790901667,BAD
case2,case2_y2816_x1152,1152,2816,515,26.23023783726623,21.161354207852312,-5.068883629413918,BAD
case2,case2_y2816_x1280,1280,2816,516,27.348301846400133,22.903140075375937,-4.445161771024196,BAD
case2,case2_y2816_x1408,1408,2816,517,27.663344941435682,25.482684323959738,-2.1806606174759438,BAD
case2,case2_y2816_x1536,1536,2816,518,26.943264518990553,24.902542747736426,-2.040721771254127,BAD
case2,case2_y2816_x1664,1664,2816,519,26.363541436879867,24.6738439482235,-1.6896974886563676,BAD
case2,case2_y2816_x1792,1792,2816,520,25.537646491104464,23.14128357216584,-2.3963629189386246,BAD
case2,case2_y2816_x1920,1920,2816,521,26.345449277420254,22.74529923779063,-3.600150039629625,BAD
case2,case2_y2816_x2048,2048,2816,522,25.85089874806295,21.413651604745006,-4.4372471433179435,BAD
case2,case2_y2816_x2176,2176,2816,523,26.46794063982992,22.59653873633603,-3.87140190349389,BAD
case2,case2_y2816_x2304,2304,2816,524,29.57327053343679,25.09207116942211,-4.481199364014682,BAD
case2,case2_y2816_x2432,2432,2816,525,29.402820442507988,23.79117013574099,-5.611650306766997,BAD
case2,case2_y2816_x2560,2560,2816,526,28.668140761039712,24.418920483932677,-4.249220277107035,BAD
case2,case2_y2816_x2688,2688,2816,527,29.1638918849711,25.57231203338148,-3.5915798515896213,BAD
case2,case2_y2816_x2816,2816,2816,528,30.277210864461424,26.534593579836752,-3.7426172846246715,BAD
case2,case2_y2944_x0000,0,2944,529,30.29918112325323,25.343929632838403,-4.9552514904148275,BAD
case2,case2_y2944_x0128,128,2944,530,26.720616634677054,24.321021639098326,-2.3995949955787275,BAD
case2,case2_y2944_x0256,256,2944,531,26.842770678687845,24.12807902619938,-2.7146916524884652,BAD
case2,case2_y2944_x0384,384,2944,532,29.708120786474442,24.44003650952851,-5.268084276945931,BAD
case2,case2_y2944_x0512,512,2944,533,28.796857758384004,24.698592916099674,-4.09826484228433,BAD
case2,case2_y2944_x0640,640,2944,534,27.890812530640968,23.977646014200033,-3.913166516440935,BAD
case2,case2_y2944_x0768,768,2944,535,26.180635333808414,22.965637751017365,-3.2149975827910495,BAD
case2,case2_y2944_x0896,896,2944,536,26.814810651100256,23.532034659942536,-3.2827759911577203,BAD
case2,case2_y2944_x1024,1024,2944,537,30.57707339746383,24.34082506050684,-6.23624833695699,BAD
case2,case2_y2944_x1152,1152,2944,538,30.883248336476,23.27454824342358,-7.60870009305242,BAD
case2,case2_y2944_x1280,1280,2944,539,30.83798579266743,24.636457555633147,-6.201528237034282,BAD
case2,case2_y2944_x1408,1408,2944,540,32.82888625332949,30.32994312255377,-2.4989431307757215,BAD
case2,case2_y2944_x1536,1536,2944,541,32.36276762979328,30.62079350676147,-1.741974123031813,BAD
case2,case2_y2944_x1664,1664,2944,542,30.07131800054704,27.95191646920737,-2.1194015313396726,BAD
case2,case2_y2944_x1792,1792,2944,543,31.740649343211295,27.483968331081105,-4.256681012130191,BAD
case2,case2_y2944_x1920,1920,2944,544,32.344642433456585,24.96777894989996,-7.376863483556626,BAD
case2,case2_y2944_x2048,2048,2944,545,29.61578568536559,22.217991565560638,-7.397794119804953,BAD
case2,case2_y2944_x2176,2176,2944,546,30.23164342644506,23.806593461679476,-6.425049964765584,BAD
case2,case2_y2944_x2304,2304,2944,547,32.49456731968965,25.69921052216134,-6.79535679752831,BAD
case2,case2_y2944_x2432,2432,2944,548,33.325127395099045,25.287421367861743,-8.037706027237302,BAD
case2,case2_y2944_x2560,2560,2944,549,32.69857393511303,27.141350220374584,-5.5572237147384485,BAD
case2,case2_y2944_x2688,2688,2944,550,31.87044306599562,26.454735716684077,-5.415707349311543,BAD
case2,case2_y2944_x2816,2816,2944,551,32.611349875971165,27.761263254861333,-4.850086621109831,BAD
case2,case2_y3072_x0000,0,3072,552,31.961529207520726,29.870454856957366,-2.0910743505633604,BAD
case2,case2_y3072_x0128,128,3072,553,30.204811522324718,28.868018367592217,-1.3367931547325007,BAD
case2,case2_y3072_x0256,256,3072,554,30.63400317854078,26.37816738837227,-4.255835790168511,BAD
case2,case2_y3072_x0384,384,3072,555,30.385253808295722,24.7686269001768,-5.616626908118924,BAD
case2,case2_y3072_x0512,512,3072,556,29.777568212785816,25.618695725176075,-4.158872487609742,BAD
case2,case2_y3072_x0640,640,3072,557,28.426346897444304,25.226875512111185,-3.199471385333119,BAD
case2,case2_y3072_x0768,768,3072,558,25.71856552892671,23.8349393875095,-1.88362614141721,BAD
case2,case2_y3072_x0896,896,3072,559,26.351881551357884,24.773704187433818,-1.5781773639240662,BAD
case2,case2_y3072_x1024,1024,3072,560,30.69617337187796,25.66438851376472,-5.031784858113241,BAD
case2,case2_y3072_x1152,1152,3072,561,30.901403241272472,23.051750173123928,-7.849653068148545,BAD
case2,case2_y3072_x1280,1280,3072,562,30.622996186095463,23.666532263315425,-6.9564639227800384,BAD
case2,case2_y3072_x1408,1408,3072,563,31.506482292384028,27.759696731784707,-3.7467855605993208,BAD
case2,case2_y3072_x1536,1536,3072,564,31.057964879210196,28.35386681879433,-2.704098060415866,BAD
case2,case2_y3072_x1664,1664,3072,565,30.019830068107286,27.92982299576359,-2.0900070723436954,BAD
case2,case2_y3072_x1792,1792,3072,566,30.165280752329235,26.9390551487343,-3.2262256035949335,BAD
case2,case2_y3072_x1920,1920,3072,567,29.304171250424385,24.47447029464023,-4.829700955784155,BAD
case2,case2_y3072_x2048,2048,3072,568,28.615619199724502,21.726875683946272,-6.888743515778231,BAD
case2,case2_y3072_x2176,2176,3072,569,31.74447013789947,23.399689906142207,-8.344780231757262,BAD
case2,case2_y3072_x2304,2304,3072,570,35.14625319481332,23.802213025505527,-11.344040169307792,BAD
case2,case2_y3072_x2432,2432,3072,571,35.61498177995866,24.10858566099581,-11.50639611896285,BAD
case2,case2_y3072_x2560,2560,3072,572,36.10081893650421,25.323051110382792,-10.77776782612142,BAD
case2,case2_y3072_x2688,2688,3072,573,33.6135265735077,22.351267942088366,-11.262258631419332,BAD
case2,case2_y3072_x2816,2816,3072,574,36.008955210306446,25.21823392300216,-10.790721287304287,BAD
case2,case2_y3200_x0000,0,3200,575,31.608651231902805,31.876379894683264,0.2677286627804598,GOOD
case2,case2_y3200_x0128,128,3200,576,31.304417369719914,31.609027138581673,0.3046097688617593,GOOD
case2,case2_y3200_x0256,256,3200,577,32.302124996562156,27.97911792990217,-4.3230070666599865,BAD
case2,case2_y3200_x0384,384,3200,578,30.273567895512006,24.53824971597987,-5.735318179532136,BAD
case2,case2_y3200_x0512,512,3200,579,29.243154050680843,25.4821776119313,-3.7609764387495446,BAD
case2,case2_y3200_x0640,640,3200,580,27.839546924895924,26.710870032338555,-1.128676892557369,BAD
case2,case2_y3200_x0768,768,3200,581,25.206396121477685,25.11387152869579,-0.09252459278189562,BAD
case2,case2_y3200_x0896,896,3200,582,25.351244295993823,25.55640709689309,0.20516280089926653,GOOD
case2,case2_y3200_x1024,1024,3200,583,28.689262415802595,25.657620446745995,-3.0316419690566008,BAD
case2,case2_y3200_x1152,1152,3200,584,29.40280445511061,22.78833494839665,-6.614469506713959,BAD
case2,case2_y3200_x1280,1280,3200,585,29.598028611982006,23.24777854813795,-6.350250063844054,BAD
case2,case2_y3200_x1408,1408,3200,586,30.58686697667486,26.14124163980746,-4.445625336867398,BAD
case2,case2_y3200_x1536,1536,3200,587,29.891002550664005,26.551863697874566,-3.3391388527894392,BAD
case2,case2_y3200_x1664,1664,3200,588,29.63836997765352,27.48671085219426,-2.151659125459261,BAD
case2,case2_y3200_x1792,1792,3200,589,29.23840741024939,26.537744666708285,-2.7006627435411055,BAD
case2,case2_y3200_x1920,1920,3200,590,28.53747268517607,24.653797896242825,-3.883674788933245,BAD
case2,case2_y3200_x2048,2048,3200,591,28.562602263817908,21.51631917466863,-7.046283089149277,BAD
case2,case2_y3200_x2176,2176,3200,592,31.587125408159736,22.175190307700156,-9.41193510045958,BAD
case2,case2_y3200_x2304,2304,3200,593,35.05524522579124,22.169629306508277,-12.885615919282962,BAD
case2,case2_y3200_x2432,2432,3200,594,36.1207827388035,23.07313409593956,-13.047648642863937,BAD
case2,case2_y3200_x2560,2560,3200,595,35.86629902451747,23.48250655321117,-12.383792471306297,BAD
case2,case2_y3200_x2688,2688,3200,596,33.51307713348004,20.326085239689018,-13.18699189379102,BAD
case2,case2_y3200_x2816,2816,3200,597,35.67199458933982,23.030864683809604,-12.641129905530214,BAD
case2,case2_y3328_x0000,0,3328,598,34.223490265184104,33.87207065114603,-0.35141961403807187,BAD
case2,case2_y3328_x0128,128,3328,599,32.895626651488264,32.95825866284255,0.06263201135428886,GOOD
case2,case2_y3328_x0256,256,3328,600,31.246775317091284,28.224064868946495,-3.022710448144789,BAD
case2,case2_y3328_x0384,384,3328,601,29.645989167598074,25.173714535940714,-4.47227463165736,BAD
case2,case2_y3328_x0512,512,3328,602,29.064916615045483,26.392213626933664,-2.672702988111819,BAD
case2,case2_y3328_x0640,640,3328,603,27.696925159152208,27.47861792994391,-0.2183072292082997,BAD
case2,case2_y3328_x0768,768,3328,604,25.151336268781712,25.04893030336393,-0.10240596541778046,BAD
case2,case2_y3328_x0896,896,3328,605,24.48892479323778,24.58653619297328,0.09761139973550215,GOOD
case2,case2_y3328_x1024,1024,3328,606,26.209576927967213,23.277348110176597,-2.932228817790616,BAD
case2,case2_y3328_x1152,1152,3328,607,27.199029743399908,21.617222014460605,-5.581807728939303,BAD
case2,case2_y3328_x1280,1280,3328,608,26.59688066094841,22.036256146705945,-4.560624514242466,BAD
case2,case2_y3328_x1408,1408,3328,609,26.375122424571185,23.217105082984087,-3.1580173415870973,BAD
case2,case2_y3328_x1536,1536,3328,610,26.511200518833178,24.336637741281677,-2.1745627775515004,BAD
case2,case2_y3328_x1664,1664,3328,611,26.879791818807092,25.84835942916035,-1.031432389646742,BAD
case2,case2_y3328_x1792,1792,3328,612,25.482203300244286,23.281910200093712,-2.2002931001505743,BAD
case2,case2_y3328_x1920,1920,3328,613,24.705360449528996,22.04304169344312,-2.6623187560858774,BAD
case2,case2_y3328_x2048,2048,3328,614,25.710770735088563,19.960461633273606,-5.750309101814956,BAD
case2,case2_y3328_x2176,2176,3328,615,29.057561196421496,20.43358716306962,-8.623974033351875,BAD
case2,case2_y3328_x2304,2304,3328,616,34.40578215256858,22.32877071632594,-12.077011436242636,BAD
case2,case2_y3328_x2432,2432,3328,617,35.995808161536445,23.806867855002967,-12.188940306533478,BAD
case2,case2_y3328_x2560,2560,3328,618,35.461608826132846,23.568556994770713,-11.893051831362133,BAD
case2,case2_y3328_x2688,2688,3328,619,33.06183182018244,20.20239951278574,-12.859432307396702,BAD
case2,case2_y3328_x2816,2816,3328,620,33.89301002431255,21.922887204926177,-11.970122819386376,BAD
case2,case2_y3456_x0000,0,3456,621,38.947703262847895,36.61767469672585,-2.3300285661220457,BAD
case2,case2_y3456_x0128,128,3456,622,31.838523784192656,32.036143602781614,0.19761981858895794,GOOD
case2,case2_y3456_x0256,256,3456,623,29.3854694147916,27.478713927623602,-1.9067554871679988,BAD
case2,case2_y3456_x0384,384,3456,624,29.68624333275853,26.05092781348369,-3.6353155192748403,BAD
case2,case2_y3456_x0512,512,3456,625,29.90501799754966,28.16721439446419,-1.7378036030854709,BAD
case2,case2_y3456_x0640,640,3456,626,27.911368920252553,27.85440390657353,-0.05696501367902229,BAD
case2,case2_y3456_x0768,768,3456,627,25.043778754814788,24.84091425426137,-0.20286450055341732,BAD
case2,case2_y3456_x0896,896,3456,628,24.323842707473993,24.74774404977955,0.4239013423055553,GOOD
case2,case2_y3456_x1024,1024,3456,629,25.713373902232142,22.385994393741157,-3.327379508490985,BAD
case2,case2_y3456_x1152,1152,3456,630,26.26818519500435,20.231715054553632,-6.036470140450717,BAD
case2,case2_y3456_x1280,1280,3456,631,25.267463272891796,20.83211952460551,-4.435343748286286,BAD
case2,case2_y3456_x1408,1408,3456,632,24.198882176422334,20.95378578427656,-3.2450963921457756,BAD
case2,case2_y3456_x1536,1536,3456,633,24.322484285259087,21.679611713073946,-2.6428725721851407,BAD
case2,case2_y3456_x1664,1664,3456,634,24.923810937834105,23.637394318273806,-1.286416619560299,BAD
case2,case2_y3456_x1792,1792,3456,635,23.24339968316147,20.893034346395712,-2.3503653367657584,BAD
case2,case2_y3456_x1920,1920,3456,636,23.015144550243317,20.62053078080304,-2.3946137694402765,BAD
case2,case2_y3456_x2048,2048,3456,637,24.809555598087268,19.41654305801644,-5.393012540070828,BAD
case2,case2_y3456_x2176,2176,3456,638,28.155792380719625,19.8922706665112,-8.263521714208423,BAD
case2,case2_y3456_x2304,2304,3456,639,33.820993202815515,22.61581769022562,-11.205175512589896,BAD
case2,case2_y3456_x2432,2432,3456,640,35.51423088684097,24.145684201553404,-11.368546685287566,BAD
case2,case2_y3456_x2560,2560,3456,641,35.78392713763145,23.32067637797307,-12.463250759658383,BAD
case2,case2_y3456_x2688,2688,3456,642,33.178467546085216,20.083396959312818,-13.095070586772398,BAD
case2,case2_y3456_x2816,2816,3456,643,32.597226381223095,20.81232588102195,-11.784900500201147,BAD
case2,case2_y3584_x0000,0,3584,644,38.44851728164869,31.854233349411956,-6.594283932236735,BAD
case2,case2_y3584_x0128,128,3584,645,30.75686161101423,28.912934234862977,-1.8439273761512531,BAD
case2,case2_y3584_x0256,256,3584,646,28.61943130518374,26.624603813155765,-1.994827492027973,BAD
case2,case2_y3584_x0384,384,3584,647,30.372058540352086,27.430973545347108,-2.941084995004978,BAD
case2,case2_y3584_x0512,512,3584,648,31.986686099228024,29.970055555026782,-2.0166305442012415,BAD
case2,case2_y3584_x0640,640,3584,649,28.805446884636115,28.434263563638385,-0.37118332099773,BAD
case2,case2_y3584_x0768,768,3584,650,25.786451324027166,25.780407876685942,-0.00604344734122364,BAD
case2,case2_y3584_x0896,896,3584,651,25.644352617369343,26.05982939223628,0.41547677486693857,GOOD
case2,case2_y3584_x1024,1024,3584,652,26.96394405972874,22.257693345659444,-4.706250714069295,BAD
case2,case2_y3584_x1152,1152,3584,653,26.46288665125755,19.131467583990414,-7.331419067267134,BAD
case2,case2_y3584_x1280,1280,3584,654,26.383228120257066,20.362065300326222,-6.021162819930844,BAD
case2,case2_y3584_x1408,1408,3584,655,25.812197056288806,22.109381772885314,-3.702815283403492,BAD
case2,case2_y3584_x1536,1536,3584,656,25.99691957347424,22.492423410535004,-3.504496162939237,BAD
case2,case2_y3584_x1664,1664,3584,657,26.15311166574219,23.74382392464131,-2.409287741100883,BAD
case2,case2_y3584_x1792,1792,3584,658,24.652199986995758,21.88632369427085,-2.765876292724908,BAD
case2,case2_y3584_x1920,1920,3584,659,25.794127495514573,22.815987736200963,-2.97813975931361,BAD
case2,case2_y3584_x2048,2048,3584,660,28.13525114796116,20.73391602185825,-7.401335126102911,BAD
case2,case2_y3584_x2176,2176,3584,661,29.826106582087828,20.06842330263495,-9.757683279452877,BAD
case2,case2_y3584_x2304,2304,3584,662,31.712395302246556,21.534433546553956,-10.1779617556926,BAD
case2,case2_y3584_x2432,2432,3584,663,32.44354778340507,23.075420389057527,-9.368127394347546,BAD
case2,case2_y3584_x2560,2560,3584,664,33.09267187408729,22.20076154233702,-10.891910331750267,BAD
case2,case2_y3584_x2688,2688,3584,665,32.54925634345489,20.21919104870463,-12.330065294750263,BAD
case2,case2_y3584_x2816,2816,3584,666,31.661754705257792,20.654082176283445,-11.007672528974346,BAD
case2,case2_y3712_x0000,0,3712,667,36.59843149117761,28.23376087681023,-8.364670614367377,BAD
case2,case2_y3712_x0128,128,3712,668,30.93287516723501,26.57681365567924,-4.356061511555772,BAD
case2,case2_y3712_x0256,256,3712,669,28.959622850091904,25.751578097365858,-3.208044752726046,BAD
case2,case2_y3712_x0384,384,3712,670,31.37041647864485,29.65204179525378,-1.718374683391069,BAD
case2,case2_y3712_x0512,512,3712,671,35.466076961605815,32.5840927440812,-2.881984217524618,BAD
case2,case2_y3712_x0640,640,3712,672,30.427505709962254,30.124343658103246,-0.30316205185900813,BAD
case2,case2_y3712_x0768,768,3712,673,27.59280975971737,27.680120614865274,0.08731085514790493,GOOD
case2,case2_y3712_x0896,896,3712,674,28.058621258397043,27.855410541893782,-0.2032107165032606,BAD
case2,case2_y3712_x1024,1024,3712,675,27.66615690049482,21.464457508261596,-6.201699392233223,BAD
case2,case2_y3712_x1152,1152,3712,676,25.933653884663002,18.039446337558495,-7.894207547104507,BAD
case2,case2_y3712_x1280,1280,3712,677,27.21964126140992,19.70645487640535,-7.51318638500457,BAD
case2,case2_y3712_x1408,1408,3712,678,28.98272628697011,24.621109059979595,-4.361617226990514,BAD
case2,case2_y3712_x1536,1536,3712,679,29.555093035268193,25.368279886010786,-4.186813149257407,BAD
case2,case2_y3712_x1664,1664,3712,680,29.27771186256011,25.704343290507726,-3.5733685720523845,BAD
case2,case2_y3712_x1792,1792,3712,681,27.614167460546128,24.66122032695546,-2.952947133590669,BAD
case2,case2_y3712_x1920,1920,3712,682,28.627398153732386,24.916394454588904,-3.7110036991434825,BAD
case2,case2_y3712_x2048,2048,3712,683,30.237568650856545,21.10017503703624,-9.137393613820304,BAD
case2,case2_y3712_x2176,2176,3712,684,29.97436660209951,19.092509742156437,-10.881856859943074,BAD
case2,case2_y3712_x2304,2304,3712,685,28.75772924811666,19.27618410082833,-9.48154514728833,BAD
case2,case2_y3712_x2432,2432,3712,686,28.96560845338286,20.64664963710602,-8.31895881627684,BAD
case2,case2_y3712_x2560,2560,3712,687,29.254439931408278,19.926011087742477,-9.328428843665801,BAD
case2,case2_y3712_x2688,2688,3712,688,30.596579801663978,19.676148147789146,-10.920431653874832,BAD
case2,case2_y3712_x2816,2816,3712,689,30.214661641763463,19.933703216821765,-10.280958424941698,BAD
case2,case2_y3840_x0000,0,3840,690,36.351893136959504,27.901568745981265,-8.450324390978238,BAD
case2,case2_y3840_x0128,128,3840,691,31.59018728247709,26.803068895032233,-4.787118387444856,BAD
case2,case2_y3840_x0256,256,3840,692,29.712913852499035,26.079014775507808,-3.633899076991227,BAD
case2,case2_y3840_x0384,384,3840,693,31.827786049101412,29.706632015112664,-2.1211540339887485,BAD
case2,case2_y3840_x0512,512,3840,694,35.27711527579171,32.16889899767433,-3.108216278117375,BAD
case2,case2_y3840_x0640,640,3840,695,30.93842845750659,30.40040731739675,-0.5380211401098407,BAD
case2,case2_y3840_x0768,768,3840,696,28.431826748131094,27.711099213963188,-0.7207275341679065,BAD
case2,case2_y3840_x0896,896,3840,697,28.681463214578176,27.544937972956504,-1.1365252416216727,BAD
case2,case2_y3840_x1024,1024,3840,698,27.83805598563802,21.62218817519029,-6.215867810447733,BAD
case2,case2_y3840_x1152,1152,3840,699,26.39742873384872,18.303530173601562,-8.093898560247158,BAD
case2,case2_y3840_x1280,1280,3840,700,27.830941062621875,19.97845403071656,-7.852487031905316,BAD
case2,case2_y3840_x1408,1408,3840,701,29.34367306620132,24.525090680390498,-4.818582385810821,BAD
case2,case2_y3840_x1536,1536,3840,702,29.309363550325138,24.9913808605376,-4.317982689787538,BAD
case2,case2_y3840_x1664,1664,3840,703,30.0773226072787,26.477659432964305,-3.5996631743143936,BAD
case2,case2_y3840_x1792,1792,3840,704,27.252663733023333,24.853636950439416,-2.399026782583917,BAD
case2,case2_y3840_x1920,1920,3840,705,26.71007620123762,23.802705909842032,-2.907370291395587,BAD
case2,case2_y3840_x2048,2048,3840,706,29.11602988163429,20.772698649873178,-8.343331231761113,BAD
case2,case2_y3840_x2176,2176,3840,707,29.99107668149744,19.068489513516795,-10.922587167980645,BAD
case2,case2_y3840_x2304,2304,3840,708,28.595371742453196,19.375932555884795,-9.219439186568401,BAD
case2,case2_y3840_x2432,2432,3840,709,28.51055307584997,20.227840448943404,-8.282712626906566,BAD
case2,case2_y3840_x2560,2560,3840,710,28.81847715189641,20.17555830783481,-8.642918844061601,BAD
case2,case2_y3840_x2688,2688,3840,711,30.38193602251941,20.525471187997283,-9.856464834522129,BAD
case2,case2_y3840_x2816,2816,3840,712,29.88217480717839,20.161366185326152,-9.720808621852239,BAD
case3,case3_y0000_x0000,0,0,0,44.91854961480322,39.73584182056307,-5.182707794240152,BAD
case3,case3_y0000_x0128,128,0,1,45.11662869863382,39.72000286532293,-5.396625833310885,BAD
case3,case3_y0000_x0256,256,0,2,45.21530009046717,39.04401980425508,-6.171280286212088,BAD
case3,case3_y0000_x0384,384,0,3,45.58534221038204,38.84183577544848,-6.743506434933558,BAD
case3,case3_y0000_x0512,512,0,4,46.087930835387006,33.46786115325813,-12.620069682128879,BAD
case3,case3_y0000_x0640,640,0,5,46.770519838449765,31.496298121856935,-15.27422171659283,BAD
case3,case3_y0000_x0768,768,0,6,47.28483575765354,34.38499777262614,-12.899837985027396,BAD
case3,case3_y0000_x0896,896,0,7,46.971795515604704,40.10150403202773,-6.8702914835769775,BAD
case3,case3_y0000_x1024,1024,0,8,47.12473348678018,40.091313340783714,-7.033420145996466,BAD
case3,case3_y0000_x1152,1152,0,9,47.290566137122084,40.07554309816909,-7.215023038952992,BAD
case3,case3_y0000_x1280,1280,0,10,47.17666161585805,39.92415933363239,-7.252502282225663,BAD
case3,case3_y0000_x1408,1408,0,11,46.98195663428556,38.90372838643821,-8.078228247847349,BAD
case3,case3_y0000_x1536,1536,0,12,46.56907032932244,38.00657326810999,-8.562497061212454,BAD
case3,case3_y0000_x1664,1664,0,13,46.47824716924262,38.44607483278577,-8.032172336456853,BAD
case3,case3_y0000_x1792,1792,0,14,46.81612191262937,39.388354033233,-7.42776787939637,BAD
case3,case3_y0000_x1920,1920,0,15,47.034254364639104,39.988870297505265,-7.045384067133838,BAD
case3,case3_y0000_x2048,2048,0,16,47.25431051745119,40.66603602883453,-6.588274488616655,BAD
case3,case3_y0000_x2176,2176,0,17,47.09812959677464,41.020631477982505,-6.0774981187921355,BAD
case3,case3_y0000_x2304,2304,0,18,47.00833381762435,40.524324710831195,-6.4840091067931525,BAD
case3,case3_y0000_x2432,2432,0,19,46.792571126094124,39.618956910795184,-7.17361421529894,BAD
case3,case3_y0000_x2560,2560,0,20,46.388781629981544,35.17862916807918,-11.21015246190236,BAD
case3,case3_y0000_x2688,2688,0,21,46.223005512166026,34.38689002560939,-11.836115486556636,BAD
case3,case3_y0000_x2816,2816,0,22,46.64212752236304,37.886054749144044,-8.756072773218996,BAD
case3,case3_y0000_x2944,2944,0,23,46.73919035139527,40.53319174655166,-6.205998604843614,BAD
case3,case3_y0000_x3072,3072,0,24,46.54572962207155,39.48419797992295,-7.061531642148594,BAD
case3,case3_y0000_x3200,3200,0,25,46.835913906625635,38.86865004232762,-7.967263864298012,BAD
case3,case3_y0000_x3328,3328,0,26,46.91532845489685,37.76433201562654,-9.150996439270308,BAD
case3,case3_y0000_x3456,3456,0,27,47.03832329238633,36.89782369591781,-10.140499596468523,BAD
case3,case3_y0000_x3584,3584,0,28,46.95715456885299,36.768290187190445,-10.188864381662547,BAD
case3,case3_y0000_x3712,3712,0,29,47.03442597234356,36.86127610067266,-10.173149871670901,BAD
case3,case3_y0000_x3840,3840,0,30,47.100672885926336,37.17966298453051,-9.921009901395827,BAD
case3,case3_y0128_x0000,0,128,31,45.20082990532874,39.85213954262103,-5.348690362707707,BAD
case3,case3_y0128_x0128,128,128,32,45.83330545395075,40.204741013158014,-5.628564440792736,BAD
case3,case3_y0128_x0256,256,128,33,46.091948648323566,39.59461702822254,-6.497331620101029,BAD
case3,case3_y0128_x0384,384,128,34,46.30468916803331,39.166023726226214,-7.138665441807099,BAD
case3,case3_y0128_x0512,512,128,35,46.436924117696606,33.77008054948425,-12.666843568212357,BAD
case3,case3_y0128_x0640,640,128,36,46.971761684933,31.589274665136394,-15.382487019796606,BAD
case3,case3_y0128_x0768,768,128,37,47.335009526086964,34.16045367822268,-13.174555847864283,BAD
case3,case3_y0128_x0896,896,128,38,46.7618562904638,39.59234639498265,-7.1695098954811485,BAD
case3,case3_y0128_x1024,1024,128,39,46.198431780129006,39.38095386098225,-6.817477919146754,BAD
case3,case3_y0128_x1152,1152,128,40,46.38981708381374,39.44650029805121,-6.943316785762526,BAD
case3,case3_y0128_x1280,1280,128,41,46.774688367809816,39.147944999443325,-7.6267433683664905,BAD
case3,case3_y0128_x1408,1408,128,42,46.57243261333049,38.16822469831924,-8.404207915011249,BAD
case3,case3_y0128_x1536,1536,128,43,46.135540472790034,37.41246166553389,-8.723078807256144,BAD
case3,case3_y0128_x1664,1664,128,44,46.06055424384179,37.686832956603,-8.373721287238794,BAD
case3,case3_y0128_x1792,1792,128,45,46.35903662876147,38.56175913376825,-7.797277494993224,BAD
case3,case3_y0128_x1920,1920,128,46,46.22104131902862,38.78582371960023,-7.435217599428391,BAD
case3,case3_y0128_x2048,2048,128,47,46.249494845213775,39.502562803598835,-6.74693204161494,BAD
case3,case3_y0128_x2176,2176,128,48,46.41526312810911,40.70722571546788,-5.708037412641232,BAD
case3,case3_y0128_x2304,2304,128,49,46.66641922858683,40.239654531844444,-6.426764696742389,BAD
case3,case3_y0128_x2432,2432,128,50,46.64895320377329,39.17140422749118,-7.477548976282108,BAD
case3,case3_y0128_x2560,2560,128,51,46.41060790357067,35.635151639636064,-10.775456263934608,BAD
case3,case3_y0128_x2688,2688,128,52,46.69390881554223,34.484604025700186,-12.209304789842044,BAD
case3,case3_y0128_x2816,2816,128,53,46.92137693937157,36.933884894325,-9.987492045046572,BAD
case3,case3_y0128_x2944,2944,128,54,46.55658482103504,40.20237000777536,-6.354214813259681,BAD
case3,case3_y0128_x3072,3072,128,55,46.6396509628406,40.098681310380684,-6.540969652459914,BAD
case3,case3_y0128_x3200,3200,128,56,46.817852156545854,39.323367626192926,-7.494484530352928,BAD
case3,case3_y0128_x3328,3328,128,57,47.12941430089622,38.86408405311457,-8.265330247781655,BAD
case3,case3_y0128_x3456,3456,128,58,47.78793605808745,38.25955249564409,-9.528383562443366,BAD
case3,case3_y0128_x3584,3584,128,59,47.44991476573276,37.4717124267269,-9.978202339005854,BAD
case3,case3_y0128_x3712,3712,128,60,47.36709116780887,37.24900997210728,-10.118081195701592,BAD
case3,case3_y0128_x3840,3840,128,61,47.307144892981185,37.47698610394436,-9.830158789036822,BAD
case3,case3_y0256_x0000,0,256,62,44.29160365996534,37.103437353197826,-7.1881663067675134,BAD
case3,case3_y0256_x0128,128,256,63,44.79617957217133,36.896488534050775,-7.899691038120558,BAD
case3,case3_y0256_x0256,256,256,64,45.39262256614173,33.596315420866446,-11.796307145275286,BAD
case3,case3_y0256_x0384,384,256,65,46.08409598091451,32.86016407964641,-13.223931901268102,BAD
case3,case3_y0256_x0512,512,256,66,46.90935507777677,33.79889483039055,-13.110460247386222,BAD
case3,case3_y0256_x0640,640,256,67,46.9696308837252,32.637346740796566,-14.332284142928636,BAD
case3,case3_y0256_x0768,768,256,68,46.61779942544374,34.38876350597845,-12.22903591946529,BAD
case3,case3_y0256_x0896,896,256,69,45.68165621651551,38.06638954938235,-7.615266667133163,BAD
case3,case3_y0256_x1024,1024,256,70,45.42594532670384,38.31260307180589,-7.113342254897951,BAD
case3,case3_y0256_x1152,1152,256,71,46.41815098183983,39.64410995436866,-6.774041027471171,BAD
case3,case3_y0256_x1280,1280,256,72,47.08012535000452,39.115535207457455,-7.964590142547067,BAD
case3,case3_y0256_x1408,1408,256,73,46.86402261539598,37.167684091764215,-9.696338523631766,BAD
case3,case3_y0256_x1536,1536,256,74,46.641469058593174,34.484721373282525,-12.156747685310648,BAD
case3,case3_y0256_x1664,1664,256,75,46.7430721342805,32.88279000637524,-13.860282127905265,BAD
case3,case3_y0256_x1792,1792,256,76,46.39449449344508,34.65283493478091,-11.741659558664168,BAD
case3,case3_y0256_x1920,1920,256,77,46.14269011331111,38.82956447530237,-7.313125638008742,BAD
case3,case3_y0256_x2048,2048,256,78,46.47817167849753,39.631624449183306,-6.8465472293142255,BAD
case3,case3_y0256_x2176,2176,256,79,46.62891465263877,40.93881427862517,-5.690100374013596,BAD
case3,case3_y0256_x2304,2304,256,80,46.23285409404104,37.99187647685012,-8.240977617190914,BAD
case3,case3_y0256_x2432,2432,256,81,46.07840512171279,36.422188263068975,-9.656216858643816,BAD
case3,case3_y0256_x2560,2560,256,82,46.51854972671191,36.58460794689678,-9.933941779815129,BAD
case3,case3_y0256_x2688,2688,256,83,46.91671451800467,36.123735842382494,-10.792978675622173,BAD
case3,case3_y0256_x2816,2816,256,84,46.87277685713036,37.02474760219261,-9.84802925493775,BAD
case3,case3_y0256_x2944,2944,256,85,47.036365610791094,39.55176861870606,-7.484596992085031,BAD
case3,case3_y0256_x3072,3072,256,86,47.507724093861086,40.35553583644618,-7.152188257414906,BAD
case3,case3_y0256_x3200,3200,256,87,47.202057674326106,39.90062513369449,-7.301432540631616,BAD
case3,case3_y0256_x3328,3328,256,88,47.28630856179889,39.52388763842756,-7.76242092337133,BAD
case3,case3_y0256_x3456,3456,256,89,47.52064166284128,38.95375681418322,-8.566884848658056,BAD
case3,case3_y0256_x3584,3584,256,90,47.09492647550074,38.41817935871194,-8.676747116788803,BAD
case3,case3_y0256_x3712,3712,256,91,47.39812382238635,38.56253980412656,-8.835584018259794,BAD
case3,case3_y0256_x3840,3840,256,92,47.410981019046346,38.7442919844447,-8.666689034601646,BAD
case3,case3_y0384_x0000,0,384,93,43.94449506715524,36.05219549626983,-7.892299570885406,BAD
case3,case3_y0384_x0128,128,384,94,44.45480520473139,36.193269261225076,-8.261535943506317,BAD
case3,case3_y0384_x0256,256,384,95,44.93766361750447,32.662889244877825,-12.274774372626645,BAD
case3,case3_y0384_x0384,384,384,96,45.428837549382486,31.14249453412915,-14.286343015253337,BAD
case3,case3_y0384_x0512,512,384,97,46.06188468736673,32.46174227751514,-13.600142409851586,BAD
case3,case3_y0384_x0640,640,384,98,45.83255066842333,32.7415123864212,-13.091038282002131,BAD
case3,case3_y0384_x0768,768,384,99,45.70831935284247,34.31699774670405,-11.391321606138426,BAD
case3,case3_y0384_x0896,896,384,100,45.33327146948522,37.761813284521544,-7.571458184963674,BAD
case3,case3_y0384_x1024,1024,384,101,45.55581808871721,38.47554462171297,-7.08027346700424,BAD
case3,case3_y0384_x1152,1152,384,102,46.653053767870475,40.04857171978194,-6.604482048088535,BAD
case3,case3_y0384_x1280,1280,384,103,46.72039201526043,39.22542275711565,-7.494969258144778,BAD
case3,case3_y0384_x1408,1408,384,104,46.26922020243421,36.04296218838737,-10.226258014046842,BAD
case3,case3_y0384_x1536,1536,384,105,46.41084574933973,31.09950286897039,-15.311342880369338,BAD
case3,case3_y0384_x1664,1664,384,106,46.841097613053826,29.426826656608025,-17.4142709564458,BAD
case3,case3_y0384_x1792,1792,384,107,46.46425851815393,32.14604816776864,-14.318210350385293,BAD
case3,case3_y0384_x1920,1920,384,108,46.391696323403124,38.897306635731496,-7.494389687671628,BAD
case3,case3_y0384_x2048,2048,384,109,46.84898345368835,39.889940577753926,-6.959042875934422,BAD
case3,case3_y0384_x2176,2176,384,110,47.04069429878303,40.81297433046885,-6.227719968314183,BAD
case3,case3_y0384_x2304,2304,384,111,46.809664073675876,37.63085881701926,-9.178805256656617,BAD
case3,case3_y0384_x2432,2432,384,112,46.71791829849157,36.00366508460158,-10.71425321388999,BAD
case3,case3_y0384_x2560,2560,384,113,47.10923694547488,36.924710546586745,-10.184526398888138,BAD
case3,case3_y0384_x2688,2688,384,114,47.17053051536781,37.361751181896956,-9.808779333470852,BAD
case3,case3_y0384_x2816,2816,384,115,47.082033459915166,37.7493345595809,-9.332698900334265,BAD
case3,case3_y0384_x2944,2944,384,116,47.45849658006997,39.36604738771543,-8.092449192354536,BAD
case3,case3_y0384_x3072,3072,384,117,47.968811006095386,40.09677041004331,-7.872040596052074,BAD
case3,case3_y0384_x3200,3200,384,118,47.89238776811288,39.96829078623747,-7.924096981875415,BAD
case3,case3_y0384_x3328,3328,384,119,47.04578430580557,39.6430365726103,-7.40274773319527,BAD
case3,case3_y0384_x3456,3456,384,120,45.744483785153385,38.57409303875244,-7.1703907464009475,BAD
case3,case3_y0384_x3584,3584,384,121,45.396540031039905,38.247219146098594,-7.149320884941311,BAD
case3,case3_y0384_x3712,3712,384,122,45.339946164843866,38.192632391734726,-7.14731377310914,BAD
case3,case3_y0384_x3840,3840,384,123,45.58707578593812,38.45564339225863,-7.131432393679489,BAD
case3,case3_y0512_x0000,0,512,124,45.167386435667666,37.00532065876074,-8.162065776906928,BAD
case3,case3_y0512_x0128,128,512,125,45.715520587762065,36.973042359677876,-8.742478228084188,BAD
case3,case3_y0512_x0256,256,512,126,45.690853202652484,34.24344285141712,-11.447410351235362,BAD
case3,case3_y0512_x0384,384,512,127,45.677498178438654,32.00463337792017,-13.672864800518482,BAD
case3,case3_y0512_x0512,512,512,128,45.414702936307364,31.507241649467627,-13.907461286839737,BAD
case3,case3_y0512_x0640,640,512,129,45.428564839597804,32.4764297389805,-12.952135100617305,BAD
case3,case3_y0512_x0768,768,512,130,46.03176856488873,34.19522204671029,-11.836546518178437,BAD
case3,case3_y0512_x0896,896,512,131,46.08648202115006,35.74000150106843,-10.346480520081634,BAD
case3,case3_y0512_x1024,1024,512,132,46.39339869887699,38.004519415222155,-8.388879283654838,BAD
case3,case3_y0512_x1152,1152,512,133,46.8757043785748,39.5268721056907,-7.348832272884103,BAD
case3,case3_y0512_x1280,1280,512,134,46.739751551707904,39.12419529170207,-7.615556260005832,BAD
case3,case3_y0512_x1408,1408,512,135,46.495372141480786,37.12720124240518,-9.368170899075608,BAD
case3,case3_y0512_x1536,1536,512,136,46.665378741731374,32.462235112432,-14.203143629299376,BAD
case3,case3_y0512_x1664,1664,512,137,46.44541206283571,31.060861025631027,-15.38455103720468,BAD
case3,case3_y0512_x1792,1792,512,138,46.22665158695384,33.97349414323305,-12.253157443720795,BAD
case3,case3_y0512_x1920,1920,512,139,46.60909261474477,39.61804216578629,-6.991050448958475,BAD
case3,case3_y0512_x2048,2048,512,140,46.6543428673933,39.99601205666902,-6.65833081072428,BAD
case3,case3_y0512_x2176,2176,512,141,45.65842981292058,37.180828968906596,-8.477600844013985,BAD
case3,case3_y0512_x2304,2304,512,142,42.413347189679115,34.43543778685176,-7.977909402827358,BAD
case3,case3_y0512_x2432,2432,512,143,43.06240112485569,35.5970123084864,-7.465388816369291,BAD
case3,case3_y0512_x2560,2560,512,144,48.08000912394548,39.803802873406596,-8.276206250538884,BAD
case3,case3_y0512_x2688,2688,512,145,47.403837585494685,39.51096847652729,-7.892869108967396,BAD
case3,case3_y0512_x2816,2816,512,146,47.01102986816535,38.14219455427902,-8.86883531388633,BAD
case3,case3_y0512_x2944,2944,512,147,47.24486137141917,37.24920470407591,-9.995656667343262,BAD
case3,case3_y0512_x3072,3072,512,148,47.4116735468545,34.674413597909336,-12.737259948945166,BAD
case3,case3_y0512_x3200,3200,512,149,47.5163059693966,33.544375945865625,-13.971930023530973,BAD
case3,case3_y0512_x3328,3328,512,150,46.965659561425,35.70929569224523,-11.256363869179772,BAD
case3,case3_y0512_x3456,3456,512,151,45.99428980426934,38.62525945879675,-7.369030345472595,BAD
case3,case3_y0512_x3584,3584,512,152,45.51886004753549,38.38152482010361,-7.137335227431883,BAD
case3,case3_y0512_x3712,3712,512,153,44.9229798676241,37.64621060052012,-7.27676926710398,BAD
case3,case3_y0512_x3840,3840,512,154,45.0849421948366,37.58135064534598,-7.503591549490622,BAD
case3,case3_y0640_x0000,0,640,155,46.31440507851214,37.07712610853353,-9.237278969978611,BAD
case3,case3_y0640_x0128,128,640,156,46.426870844596266,36.436245200071454,-9.990625644524812,BAD
case3,case3_y0640_x0256,256,640,157,46.08744784360303,34.31252246320238,-11.774925380400653,BAD
case3,case3_y0640_x0384,384,640,158,46.01853336411644,32.66460680128304,-13.3539265628334,BAD
case3,case3_y0640_x0512,512,640,159,45.73288294748859,32.65176855443202,-13.081114393056573,BAD
case3,case3_y0640_x0640,640,640,160,46.01432505761526,34.651541932776105,-11.362783124839154,BAD
case3,case3_y0640_x0768,768,640,161,46.212525863660204,34.891275704050734,-11.32125015960947,BAD
case3,case3_y0640_x0896,896,640,162,46.085447449672586,34.39312191379949,-11.692325535873096,BAD
case3,case3_y0640_x1024,1024,640,163,46.64317813555485,36.70270801773364,-9.940470117821206,BAD
case3,case3_y0640_x1152,1152,640,164,46.942411599215454,38.44996011218046,-8.492451487034991,BAD
case3,case3_y0640_x1280,1280,640,165,46.93385135768311,38.02707049589217,-8.906780861790942,BAD
case3,case3_y0640_x1408,1408,640,166,46.86560698125569,37.41212094109634,-9.453486040159348,BAD
case3,case3_y0640_x1536,1536,640,167,47.20230739186958,38.147160618786785,-9.055146773082797,BAD
case3,case3_y0640_x1664,1664,640,168,46.728013531261055,38.5907107950513,-8.137302736209755,BAD
case3,case3_y0640_x1792,1792,640,169,45.943067084488014,39.04240366555713,-6.900663418930883,BAD
case3,case3_y0640_x1920,1920,640,170,46.118190170302064,40.02708927807209,-6.091100892229974,BAD
case3,case3_y0640_x2048,2048,640,171,44.17810754943395,36.875649779609454,-7.3024577698245,BAD
case3,case3_y0640_x2176,2176,640,172,38.4964841402562,31.951345792171928,-6.545138348084272,BAD
case3,case3_y0640_x2304,2304,640,173,32.326677894433075,26.3777978081222,-5.948880086310876,BAD
case3,case3_y0640_x2432,2432,640,174,31.345070443880715,25.249436736651067,-6.0956337072296485,BAD
case3,case3_y0640_x2560,2560,640,175,35.6492450256266,29.236087887836643,-6.413157137789955,BAD
case3,case3_y0640_x2688,2688,640,176,47.083925050680435,42.6537840001869,-4.430141050493532,BAD
case3,case3_y0640_x2816,2816,640,177,46.85271779209435,38.70567197148185,-8.147045820612504,BAD
case3,case3_y0640_x2944,2944,640,178,46.68374998687774,35.96260810260397,-10.72114188427377,BAD
case3,case3_y0640_x3072,3072,640,179,46.908271406793205,33.136000167481356,-13.772271239311848,BAD
case3,case3_y0640_x3200,3200,640,180,47.339849036395016,31.838973041860413,-15.500875994534603,BAD
case3,case3_y0640_x3328,3328,640,181,47.23167778619918,34.12752706078952,-13.10415072540966,BAD
case3,case3_y0640_x3456,3456,640,182,47.09962751832841,38.91645750649226,-8.183170011836154,BAD
case3,case3_y0640_x3584,3584,640,183,46.97900746155322,39.154824061405705,-7.824183400147518,BAD
case3,case3_y0640_x3712,3712,640,184,46.31149819307475,38.3238904033452,-7.9876077897295445,BAD
case3,case3_y0640_x3840,3840,640,185,46.03859916455648,37.664078113450984,-8.374521051105496,BAD
case3,case3_y0768_x0000,0,768,186,45.670146566632994,29.30211892025461,-16.368027646378383,BAD
case3,case3_y0768_x0128,128,768,187,46.21369059950023,31.39721200896141,-14.816478590538821,BAD
case3,case3_y0768_x0256,256,768,188,46.1808712045285,32.121089156628386,-14.059782047900114,BAD
case3,case3_y0768_x0384,384,768,189,45.700801813062625,30.139775650034654,-15.561026163027972,BAD
case3,case3_y0768_x0512,512,768,190,45.87158058920997,31.41693233589702,-14.45464825331295,BAD
case3,case3_y0768_x0640,640,768,191,46.21133304343273,35.38550136591414,-10.825831677518593,BAD
case3,case3_y0768_x0768,768,768,192,45.7657794148837,33.42474393894361,-12.341035475940096,BAD
case3,case3_y0768_x0896,896,768,193,45.823464503400146,33.04879264084053,-12.774671862559615,BAD
case3,case3_y0768_x1024,1024,768,194,46.48929806001509,34.16177049375496,-12.32752756626013,BAD
case3,case3_y0768_x1152,1152,768,195,46.80596655700554,33.91503226540245,-12.890934291603088,BAD
case3,case3_y0768_x1280,1280,768,196,47.02972637203182,33.983083275989195,-13.046643096042622,BAD
case3,case3_y0768_x1408,1408,768,197,46.94940658696243,34.21388481926392,-12.735521767698515,BAD
case3,case3_y0768_x1536,1536,768,198,47.12706449765733,35.85424832597937,-11.27281617167796,BAD
case3,case3_y0768_x1664,1664,768,199,46.99511669727567,38.29543321173268,-8.699683485542991,BAD
case3,case3_y0768_x1792,1792,768,200,46.150551535202936,38.83493848233857,-7.315613052864364,BAD
case3,case3_y0768_x1920,1920,768,201,45.978166408813486,40.4076587802268,-5.5705076285866895,BAD
case3,case3_y0768_x2048,2048,768,202,42.66029788625179,34.1561942529252,-8.504103633326594,BAD
case3,case3_y0768_x2176,2176,768,203,36.34177997167701,29.696447883208307,-6.645332088468706,BAD
case3,case3_y0768_x2304,2304,768,204,30.51223588737878,24.958896032570035,-5.553339854808744,BAD
case3,case3_y0768_x2432,2432,768,205,28.75141261247601,23.263760458892975,-5.487652153583035,BAD
case3,case3_y0768_x2560,2560,768,206,30.922407754381794,25.128222233764973,-5.794185520616821,BAD
case3,case3_y0768_x2688,2688,768,207,36.304773308299666,29.61978657066416,-6.684986737635505,BAD
case3,case3_y0768_x2816,2816,768,208,41.46373957062355,34.50969587398127,-6.95404369664228,BAD
case3,case3_y0768_x2944,2944,768,209,46.5349167846206,37.90503754054656,-8.62987924407404,BAD
case3,case3_y0768_x3072,3072,768,210,47.07269172142489,36.11765377833299,-10.955037943091895,BAD
case3,case3_y0768_x3200,3200,768,211,47.88933606835127,34.920817972554815,-12.968518095796455,BAD
case3,case3_y0768_x3328,3328,768,212,47.402174963978126,35.27653020833885,-12.125644755639279,BAD
case3,case3_y0768_x3456,3456,768,213,47.134451370139516,35.65287166353561,-11.481579706603902,BAD
case3,case3_y0768_x3584,3584,768,214,47.766352521274456,37.22466705410932,-10.541685467165138,BAD
case3,case3_y0768_x3712,3712,768,215,46.83337352578484,39.475199640483034,-7.3581738853018095,BAD
case3,case3_y0768_x3840,3840,768,216,46.24653087122573,38.86528722911213,-7.381243642113603,BAD
case3,case3_y0896_x0000,0,896,217,45.12914919132537,27.539234001496137,-17.58991518982923,BAD
case3,case3_y0896_x0128,128,896,218,46.458017368179895,30.198307064729867,-16.259710303450028,BAD
case3,case3_y0896_x0256,256,896,219,46.58309189582874,30.74817574312336,-15.834916152705375,BAD
case3,case3_y0896_x0384,384,896,220,45.630554661997195,27.699697145558552,-17.930857516438643,BAD
case3,case3_y0896_x0512,512,896,221,45.77147250817127,28.85470626638538,-16.91676624178589,BAD
case3,case3_y0896_x0640,640,896,222,46.63672166861854,35.30971245234645,-11.327009216272089,BAD
case3,case3_y0896_x0768,768,896,223,46.361020161483346,33.22548451532934,-13.135535646154004,BAD
case3,case3_y0896_x0896,896,896,224,46.32447794118724,32.58937793943845,-13.73510000174879,BAD
case3,case3_y0896_x1024,1024,896,225,46.91182352249034,32.877185718353765,-14.034637804136572,BAD
case3,case3_y0896_x1152,1152,896,226,46.79089959860435,29.435125651818417,-17.35577394678593,BAD
case3,case3_y0896_x1280,1280,896,227,46.22089902070557,27.560835965195555,-18.66006305551002,BAD
case3,case3_y0896_x1408,1408,896,228,46.22900321940362,28.030979944674165,-18.198023274729458,BAD
case3,case3_y0896_x1536,1536,896,229,46.69852855626702,31.223747214057678,-15.474781342209344,BAD
case3,case3_y0896_x1664,1664,896,230,46.469905835847165,37.100577050086876,-9.369328785760288,BAD
case3,case3_y0896_x1792,1792,896,231,46.203290064755805,38.47116095672326,-7.732129108032545,BAD
case3,case3_y0896_x1920,1920,896,232,46.35221138645584,41.58232390733729,-4.769887479118552,BAD
case3,case3_y0896_x2048,2048,896,233,42.19702655213952,31.975410766772562,-10.221615785366957,BAD
case3,case3_y0896_x2176,2176,896,234,36.49570714471741,28.73369633177954,-7.762010812937866,BAD
case3,case3_y0896_x2304,2304,896,235,32.19960649566498,27.42182181503493,-4.777784680630049,BAD
case3,case3_y0896_x2432,2432,896,236,30.604046374953082,26.480938516530294,-4.123107858422788,BAD
case3,case3_y0896_x2560,2560,896,237,32.10824977891101,27.020899050804775,-5.087350728106234,BAD
case3,case3_y0896_x2688,2688,896,238,36.344825797924365,29.628003340653578,-6.716822457270787,BAD
case3,case3_y0896_x2816,2816,896,239,41.522060279184444,34.951305035746145,-6.570755243438299,BAD
case3,case3_y0896_x2944,2944,896,240,46.50125740528672,40.788094683054396,-5.713162722232326,BAD
case3,case3_y0896_x3072,3072,896,241,46.739927943927455,40.03640733058343,-6.7035206133440255,BAD
case3,case3_y0896_x3200,3200,896,242,47.519470982754555,39.716007587374584,-7.803463395379971,BAD
case3,case3_y0896_x3328,3328,896,243,47.655419275592436,36.338432174380536,-11.3169871012119,BAD
case3,case3_y0896_x3456,3456,896,244,47.53282778009762,33.29763704780056,-14.235190732297056,BAD
case3,case3_y0896_x3584,3584,896,245,46.510784759831914,34.61592396441922,-11.894860795412697,BAD
case3,case3_y0896_x3712,3712,896,246,45.855356138827005,39.91999519614399,-5.935360942683019,BAD
case3,case3_y0896_x3840,3840,896,247,45.88470401958781,38.210472861389555,-7.674231158198253,BAD
case3,case3_y1024_x0000,0,1024,248,44.96855646106337,30.91516596277914,-14.05339049828423,BAD
case3,case3_y1024_x0128,128,1024,249,46.18167492480802,33.75982585581548,-12.421849068992543,BAD
case3,case3_y1024_x0256,256,1024,250,45.922759253981795,32.77378995840509,-13.148969295576705,BAD
case3,case3_y1024_x0384,384,1024,251,45.481769740293245,29.50812413110402,-15.973645609189226,BAD
case3,case3_y1024_x0512,512,1024,252,45.239933399112935,30.134669708266316,-15.10526369084662,BAD
case3,case3_y1024_x0640,640,1024,253,45.71830810057858,35.343989632448746,-10.374318468129836,BAD
case3,case3_y1024_x0768,768,1024,254,46.43997607134186,35.75803392752799,-10.68194214381387,BAD
case3,case3_y1024_x0896,896,1024,255,46.03662113954514,33.64134488586643,-12.395276253678709,BAD
case3,case3_y1024_x1024,1024,1024,256,45.58105427730293,28.08411448406702,-17.496939793235914,BAD
case3,case3_y1024_x1152,1152,1024,257,45.13918720275382,25.072810272387642,-20.066376930366175,BAD
case3,case3_y1024_x1280,1280,1024,258,44.70760709006511,24.744205306394484,-19.963401783670626,BAD
case3,case3_y1024_x1408,1408,1024,259,44.83014706672233,25.53827377524266,-19.29187329147967,BAD
case3,case3_y1024_x1536,1536,1024,260,45.237413848448334,28.732433662439977,-16.504980186008357,BAD
case3,case3_y1024_x1664,1664,1024,261,45.60267215971138,37.477464983018685,-8.125207176692697,BAD
case3,case3_y1024_x1792,1792,1024,262,46.09207296985619,39.47967237169558,-6.612400598160612,BAD
case3,case3_y1024_x1920,1920,1024,263,45.969697324969275,40.87113741174562,-5.098559913223653,BAD
case3,case3_y1024_x2048,2048,1024,264,41.506764873053285,31.34386210180505,-10.162902771248234,BAD
case3,case3_y1024_x2176,2176,1024,265,37.3950571765744,28.861614401897448,-8.53344277467695,BAD
case3,case3_y1024_x2304,2304,1024,266,34.070548641823706,28.9150799786947,-5.155468663129007,BAD
case3,case3_y1024_x2432,2432,1024,267,33.98786707348781,30.123319531744812,-3.8645475417430006,BAD
case3,case3_y1024_x2560,2560,1024,268,38.494394045754326,34.77519545140157,-3.719198594352754,BAD
case3,case3_y1024_x2688,2688,1024,269,47.36149952768195,41.41642677322368,-5.945072754458273,BAD
case3,case3_y1024_x2816,2816,1024,270,46.06398405080096,38.41794572031724,-7.646038330483719,BAD
case3,case3_y1024_x2944,2944,1024,271,44.99240463537045,36.777304627955935,-8.215100007414513,BAD
case3,case3_y1024_x3072,3072,1024,272,45.6383123202926,37.901260319237885,-7.737052001054714,BAD
case3,case3_y1024_x3200,3200,1024,273,46.66889532835481,39.25857746629751,-7.410317862057298,BAD
case3,case3_y1024_x3328,3328,1024,274,47.32642944240724,37.57331739502287,-9.75311204738437,BAD
case3,case3_y1024_x3456,3456,1024,275,47.47293864514553,34.799891631275905,-12.673047013869628,BAD
case3,case3_y1024_x3584,3584,1024,276,45.76676619586348,35.50232495785207,-10.264441238011415,BAD
case3,case3_y1024_x3712,3712,1024,277,45.352487479297935,39.32082477800946,-6.031662701288475,BAD
case3,case3_y1024_x3840,3840,1024,278,45.59341352597467,37.88614244153573,-7.707271084438936,BAD
case3,case3_y1152_x0000,0,1152,279,42.62377750077202,33.56252072074695,-9.061256780025069,BAD
case3,case3_y1152_x0128,128,1152,280,43.58945109962487,34.39507565336968,-9.194375446255187,BAD
case3,case3_y1152_x0256,256,1152,281,44.715135819222446,34.2399362512509,-10.475199567971544,BAD
case3,case3_y1152_x0384,384,1152,282,44.64037014088156,33.38214977063801,-11.25822037024355,BAD
case3,case3_y1152_x0512,512,1152,283,44.52236421856466,33.17504435980196,-11.347319858762702,BAD
case3,case3_y1152_x0640,640,1152,284,44.01632472186823,32.340333711626904,-11.675991010241326,BAD
case3,case3_y1152_x0768,768,1152,285,43.068841938404184,29.1444269766024,-13.924414961801784,BAD
case3,case3_y1152_x0896,896,1152,286,43.22634416338501,28.572179464897797,-14.654164698487211,BAD
case3,case3_y1152_x1024,1024,1152,287,44.821168898496005,27.78696922520382,-17.034199673292186,BAD
case3,case3_y1152_x1152,1152,1152,288,44.84946651525699,25.376614321643487,-19.472852193613505,BAD
case3,case3_y1152_x1280,1280,1152,289,43.281945712250774,24.176948238987983,-19.10499747326279,BAD
case3,case3_y1152_x1408,1408,1152,290,42.856858114865126,23.809136385558315,-19.04772172930681,BAD
case3,case3_y1152_x1536,1536,1152,291,43.44858161411508,26.72519504774804,-16.723386566367036,BAD
case3,case3_y1152_x1664,1664,1152,292,44.408979942144725,38.11134237334351,-6.297637568801214,BAD
case3,case3_y1152_x1792,1792,1152,293,45.920780161903124,40.97517583510297,-4.945604326800158,BAD
case3,case3_y1152_x1920,1920,1152,294,43.82890226138437,39.97706098480849,-3.8518412765758825,BAD
case3,case3_y1152_x2048,2048,1152,295,40.63709325768031,32.71240464541514,-7.924688612265172,BAD
case3,case3_y1152_x2176,2176,1152,296,39.13585066550837,30.96411533172479,-8.17173533378358,BAD
case3,case3_y1152_x2304,2304,1152,297,35.85860927430418,30.344870329495816,-5.513738944808363,BAD
case3,case3_y1152_x2432,2432,1152,298,34.952770147621045,29.928249946599674,-5.024520201021371,BAD
case3,case3_y1152_x2560,2560,1152,299,38.55327839245207,32.98978718069675,-5.56349121175532,BAD
case3,case3_y1152_x2688,2688,1152,300,45.31277762774201,37.483166178345535,-7.829611449396474,BAD
case3,case3_y1152_x2816,2816,1152,301,44.6116201365096,35.382993340017364,-9.228626796492236,BAD
case3,case3_y1152_x2944,2944,1152,302,44.470990352729096,34.860893571356385,-9.610096781372711,BAD
case3,case3_y1152_x3072,3072,1152,303,45.84473434843734,37.23654727404555,-8.608187074391793,BAD
case3,case3_y1152_x3200,3200,1152,304,47.22381906902888,39.70965455136163,-7.514164517667247,BAD
case3,case3_y1152_x3328,3328,1152,305,47.599883121159145,39.80734680220158,-7.792536318957566,BAD
case3,case3_y1152_x3456,3456,1152,306,46.95779523806148,37.15031501257848,-9.807480225482998,BAD
case3,case3_y1152_x3584,3584,1152,307,45.98880976401996,36.916529127312415,-9.072280636707546,BAD
case3,case3_y1152_x3712,3712,1152,308,45.57321426054166,38.91665603354965,-6.656558226992011,BAD
case3,case3_y1152_x3840,3840,1152,309,45.436551654007175,38.56992163229811,-6.866630021709064,BAD
case3,case3_y1280_x0000,0,1280,310,41.52900116143697,32.55053348355424,-8.978467677882733,BAD
case3,case3_y1280_x0128,128,1280,311,41.914923130850184,32.954885255116146,-8.960037875734038,BAD
case3,case3_y1280_x0256,256,1280,312,42.59823840309997,32.013603041672376,-10.584635361427594,BAD
case3,case3_y1280_x0384,384,1280,313,42.98738797481916,30.15512818413578,-12.832259790683377,BAD
case3,case3_y1280_x0512,512,1280,314,43.601135082824314,30.999552619865845,-12.601582462958469,BAD
case3,case3_y1280_x0640,640,1280,315,43.36463772967444,31.662840105051547,-11.701797624622895,BAD
case3,case3_y1280_x0768,768,1280,316,42.332737454232074,28.409084063014593,-13.923653391217481,BAD
case3,case3_y1280_x0896,896,1280,317,42.65121870851683,27.463000496218232,-15.188218212298597,BAD
case3,case3_y1280_x1024,1024,1280,318,44.8014717570349,27.344727491918327,-17.456744265116576,BAD
case3,case3_y1280_x1152,1152,1280,319,45.891016852344116,27.240283589325283,-18.650733263018832,BAD
case3,case3_y1280_x1280,1280,1280,320,43.67324424660651,26.302796152869668,-17.37044809373684,BAD
case3,case3_y1280_x1408,1408,1280,321,42.259788274629535,24.99115786661024,-17.268630408019295,BAD
case3,case3_y1280_x1536,1536,1280,322,42.557254737527,27.71449276476571,-14.842761972761295,BAD
case3,case3_y1280_x1664,1664,1280,323,42.770227621443084,37.794254240520914,-4.97597338092217,BAD
case3,case3_y1280_x1792,1792,1280,324,38.47814009601166,35.9176261051385,-2.5605139908731545,BAD
case3,case3_y1280_x1920,1920,1280,325,35.65830605450148,34.098104260770256,-1.560201793731224,BAD
case3,case3_y1280_x2048,2048,1280,326,34.993802153718256,30.827659664237224,-4.166142489481032,BAD
case3,case3_y1280_x2176,2176,1280,327,35.311429422663785,29.258957524786492,-6.052471897877293,BAD
case3,case3_y1280_x2304,2304,1280,328,34.40016735298593,30.359346769142803,-4.040820583843129,BAD
case3,case3_y1280_x2432,2432,1280,329,34.620346241526285,30.489448276526716,-4.130897964999569,BAD
case3,case3_y1280_x2560,2560,1280,330,38.808426448793725,31.921408062504636,-6.887018386289089,BAD
case3,case3_y1280_x2688,2688,1280,331,44.9574577874928,35.90092764649548,-9.056530140997317,BAD
case3,case3_y1280_x2816,2816,1280,332,44.65120188959047,31.45740719796896,-13.193794691621509,BAD
case3,case3_y1280_x2944,2944,1280,333,45.14094013938342,30.88074738797269,-14.260192751410727,BAD
case3,case3_y1280_x3072,3072,1280,334,46.901425525116224,35.41543812734213,-11.485987397774096,BAD
case3,case3_y1280_x3200,3200,1280,335,48.13084778762308,40.5875241940368,-7.54332359358628,BAD
case3,case3_y1280_x3328,3328,1280,336,47.567147470309706,40.132041768588564,-7.435105701721142,BAD
case3,case3_y1280_x3456,3456,1280,337,46.60192533198217,36.76954937161832,-9.832375960363855,BAD
case3,case3_y1280_x3584,3584,1280,338,45.9709196170644,36.433364719384215,-9.537554897680188,BAD
case3,case3_y1280_x3712,3712,1280,339,45.09737153899448,37.187751455863626,-7.909620083130854,BAD
case3,case3_y1280_x3840,3840,1280,340,44.31313871059742,35.86356038942671,-8.449578321170712,BAD
case3,case3_y1408_x0000,0,1408,341,42.28799599813001,33.53827211822982,-8.749723879900188,BAD
case3,case3_y1408_x0128,128,1408,342,42.40212255179073,33.468119336408364,-8.934003215382369,BAD
case3,case3_y1408_x0256,256,1408,343,42.559624242768564,31.65997153260551,-10.899652710163053,BAD
case3,case3_y1408_x0384,384,1408,344,42.887098354400266,29.894145272168828,-12.992953082231438,BAD
case3,case3_y1408_x0512,512,1408,345,43.37026596771929,30.74246492905438,-12.627801038664913,BAD
case3,case3_y1408_x0640,640,1408,346,43.218945624539884,31.402424353261974,-11.81652127127791,BAD
case3,case3_y1408_x0768,768,1408,347,43.192097362588804,30.378206031079426,-12.813891331509378,BAD
case3,case3_y1408_x0896,896,1408,348,43.20008900307059,28.41673642953943,-14.783352573531158,BAD
case3,case3_y1408_x1024,1024,1408,349,43.61149268035048,24.329666822486136,-19.281825857864344,BAD
case3,case3_y1408_x1152,1152,1408,350,44.81612038775043,24.15095159717496,-20.66516879057547,BAD
case3,case3_y1408_x1280,1280,1408,351,44.998607340923975,28.56338503799303,-16.435222302930946,BAD
case3,case3_y1408_x1408,1408,1408,352,43.7325796107597,31.58934225984462,-12.14323735091508,BAD
case3,case3_y1408_x1536,1536,1408,353,40.16275696020696,32.59324792488195,-7.569509035325012,BAD
case3,case3_y1408_x1664,1664,1408,354,35.66113462750526,33.38745986667357,-2.273674760831696,BAD
case3,case3_y1408_x1792,1792,1408,355,33.13761739629538,31.583984480292116,-1.5536329160032665,BAD
case3,case3_y1408_x1920,1920,1408,356,32.24539275900768,30.942588277558407,-1.3028044814492716,BAD
case3,case3_y1408_x2048,2048,1408,357,31.173552708567343,27.456553601548407,-3.7169991070189354,BAD
case3,case3_y1408_x2176,2176,1408,358,30.892729131820285,26.074259900531334,-4.818469231288951,BAD
case3,case3_y1408_x2304,2304,1408,359,32.45680503959269,28.44792317447524,-4.0088818651174485,BAD
case3,case3_y1408_x2432,2432,1408,360,34.66325048987337,29.601601558812117,-5.061648931061253,BAD
case3,case3_y1408_x2560,2560,1408,361,38.2006297610165,30.379114504242168,-7.821515256774333,BAD
case3,case3_y1408_x2688,2688,1408,362,44.14506408698845,33.9186343792172,-10.226429707771246,BAD
case3,case3_y1408_x2816,2816,1408,363,43.488734369260925,27.262284698179542,-16.226449671081383,BAD
case3,case3_y1408_x2944,2944,1408,364,44.23550720647046,25.57717765065949,-18.65832955581097,BAD
case3,case3_y1408_x3072,3072,1408,365,45.59353668047184,28.950432319248357,-16.643104361223486,BAD
case3,case3_y1408_x3200,3200,1408,366,45.40407902920406,33.542624536639075,-11.861454492564988,BAD
case3,case3_y1408_x3328,3328,1408,367,44.38052455425738,33.01614723597967,-11.364377318277704,BAD
case3,case3_y1408_x3456,3456,1408,368,44.79466284803033,34.5658665595758,-10.228796288454525,BAD
case3,case3_y1408_x3584,3584,1408,369,45.205783107660345,35.56392885462072,-9.641854253039625,BAD
case3,case3_y1408_x3712,3712,1408,370,44.669650214872505,35.65931122486843,-9.010338990004072,BAD
case3,case3_y1408_x3840,3840,1408,371,43.950168566121846,34.91989930837402,-9.030269257747825,BAD
case3,case3_y1536_x0000,0,1536,372,43.728217050091295,31.64828725367802,-12.079929796413275,BAD
case3,case3_y1536_x0128,128,1536,373,43.57511264047872,28.979884740578164,-14.595227899900557,BAD
case3,case3_y1536_x0256,256,1536,374,43.26800908682421,26.58974727395931,-16.678261812864896,BAD
case3,case3_y1536_x0384,384,1536,375,43.31228390068512,26.660153435758062,-16.652130464927055,BAD
case3,case3_y1536_x0512,512,1536,376,43.44230315250564,29.038101618697283,-14.404201533808354,BAD
case3,case3_y1536_x0640,640,1536,377,43.53187346778551,32.68582733223278,-10.846046135552726,BAD
case3,case3_y1536_x0768,768,1536,378,43.433568970785956,31.787303050977236,-11.64626591980872,BAD
case3,case3_y1536_x0896,896,1536,379,43.0625936602309,30.443904674878894,-12.618688985352009,BAD
case3,case3_y1536_x1024,1024,1536,380,43.45773015531418,26.427829905310844,-17.029900250003337,BAD
case3,case3_y1536_x1152,1152,1536,381,44.38257420743397,25.790344285468446,-18.592229921965522,BAD
case3,case3_y1536_x1280,1280,1536,382,43.13081818144397,29.761668272142824,-13.369149909301147,BAD
case3,case3_y1536_x1408,1408,1536,383,35.21981554337157,32.951828836884715,-2.2679867064868517,BAD
case3,case3_y1536_x1536,1536,1536,384,31.700957791503903,27.775607476307993,-3.92535031519591,BAD
case3,case3_y1536_x1664,1664,1536,385,31.437959107737914,26.4167286971836,-5.021230410554313,BAD
case3,case3_y1536_x1792,1792,1536,386,31.77735287828405,28.2816401417117,-3.4957127365723473,BAD
case3,case3_y1536_x1920,1920,1536,387,30.39433621945321,28.801836155252147,-1.5925000642010616,BAD
case3,case3_y1536_x2048,2048,1536,388,28.63216634587914,26.19791327036851,-2.434253075510629,BAD
case3,case3_y1536_x2176,2176,1536,389,28.0242121673456,25.2599412960462,-2.7642708712993986,BAD
case3,case3_y1536_x2304,2304,1536,390,28.30931718064982,23.18482216777012,-5.124495012879702,BAD
case3,case3_y1536_x2432,2432,1536,391,30.67730604092172,23.766139012771408,-6.911167028150313,BAD
case3,case3_y1536_x2560,2560,1536,392,37.79899533548097,29.92810192534371,-7.870893410137256,BAD
case3,case3_y1536_x2688,2688,1536,393,43.18872642356901,32.01973518672998,-11.168991236839027,BAD
case3,case3_y1536_x2816,2816,1536,394,43.26159738885676,26.568896116735075,-16.69270127212168,BAD
case3,case3_y1536_x2944,2944,1536,395,44.421646128235366,24.041795983223913,-20.379850145011453,BAD
case3,case3_y1536_x3072,3072,1536,396,44.94031176113019,26.320829361522897,-18.619482399607293,BAD
case3,case3_y1536_x3200,3200,1536,397,43.126440610157076,28.18387954200494,-14.942561068152134,BAD
case3,case3_y1536_x3328,3328,1536,398,42.12269661260191,27.575167167514852,-14.547529445087054,BAD
case3,case3_y1536_x3456,3456,1536,399,43.80445946604571,32.210537240712696,-11.59392222533301,BAD
case3,case3_y1536_x3584,3584,1536,400,45.348120668033836,35.3405932850077,-10.007527383026137,BAD
case3,case3_y1536_x3712,3712,1536,401,45.39125875316487,36.05992893903593,-9.331329814128942,BAD
case3,case3_y1536_x3840,3840,1536,402,44.05526466647193,33.816477978939574,-10.238786687532354,BAD
case3,case3_y1664_x0000,0,1664,403,42.87943118050307,25.946696664465264,-16.932734516037804,BAD
case3,case3_y1664_x0128,128,1664,404,42.61722502671846,24.56495574532426,-18.0522692813942,BAD
case3,case3_y1664_x0256,256,1664,405,42.72766648107862,24.238509793228268,-18.489156687850354,BAD
case3,case3_y1664_x0384,384,1664,406,43.23251806326403,25.494857644745785,-17.737660418518246,BAD
case3,case3_y1664_x0512,512,1664,407,42.86170737470147,28.35465355797856,-14.507053816722909,BAD
case3,case3_y1664_x0640,640,1664,408,42.55744449523259,35.67336544246616,-6.884079052766431,BAD
case3,case3_y1664_x0768,768,1664,409,42.460914225211575,35.82211165450845,-6.6388025707031275,BAD
case3,case3_y1664_x0896,896,1664,410,41.988017441192085,35.96476598369308,-6.023251457499008,BAD
case3,case3_y1664_x1024,1024,1664,411,39.3425230915073,34.79427760247896,-4.548245489028346,BAD
case3,case3_y1664_x1152,1152,1664,412,34.63556392011553,32.03063777955348,-2.60492614056205,BAD
case3,case3_y1664_x1280,1280,1664,413,31.584143478607892,29.48241099221437,-2.101732486393523,BAD
case3,case3_y1664_x1408,1408,1664,414,29.959509318961246,28.031716138121695,-1.9277931808395508,BAD
case3,case3_y1664_x1536,1536,1664,415,29.091062642009014,24.36158519840591,-4.7294774436031055,BAD
case3,case3_y1664_x1664,1664,1664,416,29.671147920611077,23.019330902687123,-6.651817017923953,BAD
case3,case3_y1664_x1792,1792,1664,417,29.62820540431033,24.743891755120213,-4.884313649190116,BAD
case3,case3_y1664_x1920,1920,1664,418,27.238571064713245,25.06259301734287,-2.175978047370375,BAD
case3,case3_y1664_x2048,2048,1664,419,25.908490551288654,24.34828865882438,-1.5602018924642742,BAD
case3,case3_y1664_x2176,2176,1664,420,25.623150951930654,24.10026837609253,-1.5228825758381248,BAD
case3,case3_y1664_x2304,2304,1664,421,25.902532586068784,21.41364468986076,-4.488887896208023,BAD
case3,case3_y1664_x2432,2432,1664,422,28.825438533680273,22.335979466334813,-6.489459067345461,BAD
case3,case3_y1664_x2560,2560,1664,423,38.18407050892258,30.339376943984526,-7.844693564938055,BAD
case3,case3_y1664_x2688,2688,1664,424,45.177043339507186,33.946771163576,-11.230272175931184,BAD
case3,case3_y1664_x2816,2816,1664,425,45.53100689820339,28.195754905868462,-17.335251992334925,BAD
case3,case3_y1664_x2944,2944,1664,426,44.93520758390251,24.201222861538042,-20.733984722364468,BAD
case3,case3_y1664_x3072,3072,1664,427,44.31404673439593,25.556565473622292,-18.757481260773638,BAD
case3,case3_y1664_x3200,3200,1664,428,43.05973401293336,28.477010096595556,-14.582723916337805,BAD
case3,case3_y1664_x3328,3328,1664,429,42.170140696556466,27.926105082567272,-14.244035613989194,BAD
case3,case3_y1664_x3456,3456,1664,430,43.94413282197565,32.429631823167114,-11.514500998808536,BAD
case3,case3_y1664_x3584,3584,1664,431,46.6818033473417,37.40418139789562,-9.277621949446079,BAD
case3,case3_y1664_x3712,3712,1664,432,46.85258613085217,38.56043231613199,-8.29215381472018,BAD
case3,case3_y1664_x3840,3840,1664,433,45.07159809018803,35.07432592144141,-9.997272168746626,BAD
case3,case3_y1792_x0000,0,1792,434,41.668354477799305,26.07829124285753,-15.590063234941773,BAD
case3,case3_y1792_x0128,128,1792,435,42.32811302288775,25.55225082666429,-16.775862196223457,BAD
case3,case3_y1792_x0256,256,1792,436,43.30002150117976,26.8155194272336,-16.484502073946157,BAD
case3,case3_y1792_x0384,384,1792,437,43.86314658300215,29.38929691269083,-14.473849670311317,BAD
case3,case3_y1792_x0512,512,1792,438,41.75712150012121,31.171555557012432,-10.585565943108776,BAD
case3,case3_y1792_x0640,640,1792,439,37.950115862422415,30.05364891275287,-7.896466949669545,BAD
case3,case3_y1792_x0768,768,1792,440,35.20202828733958,27.739019860186225,-7.463008427153355,BAD
case3,case3_y1792_x0896,896,1792,441,33.973341486117675,27.74324034210698,-6.230101144010696,BAD
case3,case3_y1792_x1024,1024,1792,442,33.994022745114556,29.701077129543986,-4.29294561557057,BAD
case3,case3_y1792_x1152,1152,1792,443,31.86414174968744,29.661980782739462,-2.2021609669479787,BAD
case3,case3_y1792_x1280,1280,1792,444,29.064377062588118,27.184028248521003,-1.8803488140671156,BAD
case3,case3_y1792_x1408,1408,1792,445,28.910893177678044,26.73762546665015,-2.1732677110278935,BAD
case3,case3_y1792_x1536,1536,1792,446,30.220139509314727,25.128289837326903,-5.0918496719878235,BAD
case3,case3_y1792_x1664,1664,1792,447,30.77954495956527,24.21666026512113,-6.56288469444414,BAD
case3,case3_y1792_x1792,1792,1792,448,29.406365472516054,25.430405607205095,-3.9759598653109585,BAD
case3,case3_y1792_x1920,1920,1792,449,26.85780461676614,25.020114326509116,-1.8376902902570222,BAD
case3,case3_y1792_x2048,2048,1792,450,25.48761058982589,24.159046977556315,-1.3285636122695763,BAD
case3,case3_y1792_x2176,2176,1792,451,25.698411941142663,24.406405405576525,-1.2920065355661379,BAD
case3,case3_y1792_x2304,2304,1792,452,27.408153282854244,24.008067116855027,-3.400086165999216,BAD
case3,case3_y1792_x2432,2432,1792,453,31.388843901531686,25.68294714854222,-5.705896752989467,BAD
case3,case3_y1792_x2560,2560,1792,454,40.189941647562804,32.14686007367452,-8.043081573888287,BAD
case3,case3_y1792_x2688,2688,1792,455,44.81050180880611,30.912061061367773,-13.898440747438336,BAD
case3,case3_y1792_x2816,2816,1792,456,43.507884048402914,25.053467260366148,-18.454416788036767,BAD
case3,case3_y1792_x2944,2944,1792,457,42.85633348581878,22.94543990828615,-19.91089357753263,BAD
case3,case3_y1792_x3072,3072,1792,458,42.49468497187298,25.143615063821223,-17.351069908051755,BAD
case3,case3_y1792_x3200,3200,1792,459,42.73743660298315,31.348628903346206,-11.388807699636946,BAD
case3,case3_y1792_x3328,3328,1792,460,42.72933470411098,32.8943384999022,-9.834996204208785,BAD
case3,case3_y1792_x3456,3456,1792,461,44.00889652338645,35.29981273831226,-8.709083785074185,BAD
case3,case3_y1792_x3584,3584,1792,462,46.73797199464666,39.416126950655595,-7.321845043991061,BAD
case3,case3_y1792_x3712,3712,1792,463,47.36625751980891,40.699113684585164,-6.667143835223747,BAD
case3,case3_y1792_x3840,3840,1792,464,46.67557363779062,40.6084632389512,-6.067110398839418,BAD
case3,case3_y1920_x0000,0,1920,465,40.82992952891634,30.105815002577195,-10.724114526339143,BAD
case3,case3_y1920_x0128,128,1920,466,40.81601490829088,30.59564767418014,-10.220367234110743,BAD
case3,case3_y1920_x0256,256,1920,467,41.182282775428945,31.25079234410697,-9.931490431321976,BAD
case3,case3_y1920_x0384,384,1920,468,42.54822940417693,33.733422153909004,-8.814807250267926,BAD
case3,case3_y1920_x0512,512,1920,469,41.871531722253394,34.32207035337648,-7.549461368876912,BAD
case3,case3_y1920_x0640,640,1920,470,38.207189348533575,30.22623871619338,-7.980950632340196,BAD
case3,case3_y1920_x0768,768,1920,471,35.00009387173005,27.85108797247132,-7.149005899258732,BAD
case3,case3_y1920_x0896,896,1920,472,33.57977558253276,27.64001977230921,-5.939755810223552,BAD
case3,case3_y1920_x1024,1024,1920,473,32.361716555763294,28.63709217456604,-3.7246243811972555,BAD
case3,case3_y1920_x1152,1152,1920,474,30.870366526266405,28.928954860885252,-1.9414116653811533,BAD
case3,case3_y1920_x1280,1280,1920,475,29.74982285055184,28.21423058079057,-1.5355922697612705,BAD
case3,case3_y1920_x1408,1408,1920,476,30.409498363437205,28.511028990437183,-1.8984693730000224,BAD
case3,case3_y1920_x1536,1536,1920,477,32.70514906628411,27.478087604767833,-5.227061461516275,BAD
case3,case3_y1920_x1664,1664,1920,478,33.93950043327811,27.99103599098011,-5.948464442298004,BAD
case3,case3_y1920_x1792,1792,1920,479,31.437883421856277,29.617232123932578,-1.8206512979236997,BAD
case3,case3_y1920_x1920,1920,1920,480,29.412323514762434,28.49011201420472,-0.9222115005577152,BAD
case3,case3_y1920_x2048,2048,1920,481,27.940232823962305,27.09617924130919,-0.8440535826531139,BAD
case3,case3_y1920_x2176,2176,1920,482,28.297592434801317,27.436290948479677,-0.8613014863216399,BAD
case3,case3_y1920_x2304,2304,1920,483,31.921015753875356,29.066783381081773,-2.8542323727935823,BAD
case3,case3_y1920_x2432,2432,1920,484,37.096167404653634,29.578753635648983,-7.517413769004651,BAD
case3,case3_y1920_x2560,2560,1920,485,41.768300742931416,27.695713783069333,-14.072586959862083,BAD
case3,case3_y1920_x2688,2688,1920,486,41.08156305636889,24.67907724935667,-16.402485807012223,BAD
case3,case3_y1920_x2816,2816,1920,487,40.931908418022054,22.139895927112963,-18.79201249090909,BAD
case3,case3_y1920_x2944,2944,1920,488,41.78808903645833,22.000189942312993,-19.787899094145338,BAD
case3,case3_y1920_x3072,3072,1920,489,41.44381835848161,25.23662208078762,-16.20719627769399,BAD
case3,case3_y1920_x3200,3200,1920,490,41.47705541607971,29.737098262194607,-11.7399571538851,BAD
case3,case3_y1920_x3328,3328,1920,491,42.815697402549205,33.04047980446001,-9.775217598089192,BAD
case3,case3_y1920_x3456,3456,1920,492,45.05983028431031,39.40972005400775,-5.650110230302559,BAD
case3,case3_y1920_x3584,3584,1920,493,46.6116140806977,40.44593170839391,-6.165682372303792,BAD
case3,case3_y1920_x3712,3712,1920,494,46.876118029398995,40.00350554610612,-6.872612483292876,BAD
case3,case3_y1920_x3840,3840,1920,495,46.26861591458601,39.950783190185575,-6.317832724400432,BAD
case3,case3_y2048_x0000,0,2048,496,40.735691466855705,31.695343166713226,-9.04034830014248,BAD
case3,case3_y2048_x0128,128,2048,497,39.98065113713437,31.79002307399775,-8.190628063136622,BAD
case3,case3_y2048_x0256,256,2048,498,39.53745302040455,31.725022166318205,-7.812430854086344,BAD
case3,case3_y2048_x0384,384,2048,499,39.030441699112885,32.67063239971207,-6.3598092994008155,BAD
case3,case3_y2048_x0512,512,2048,500,39.938725144165666,30.49502109485457,-9.443704049311094,BAD
case3,case3_y2048_x0640,640,2048,501,41.606121596534855,28.212768071236454,-13.393353525298402,BAD
case3,case3_y2048_x0768,768,2048,502,38.94229715376009,27.715405252628567,-11.22689190113152,BAD
case3,case3_y2048_x0896,896,2048,503,36.56824866217494,27.04047844928558,-9.527770212889358,BAD
case3,case3_y2048_x1024,1024,2048,504,33.67409593758091,27.08659984693106,-6.58749609064985,BAD
case3,case3_y2048_x1152,1152,2048,505,32.248951959325844,28.845052883583477,-3.403899075742366,BAD
case3,case3_y2048_x1280,1280,2048,506,32.6670293463861,28.662999579734493,-4.004029766651609,BAD
case3,case3_y2048_x1408,1408,2048,507,33.25921738482229,28.019628152921563,-5.23958923190073,BAD
case3,case3_y2048_x1536,1536,2048,508,34.29836097209734,27.586048742928647,-6.712312229168695,BAD
case3,case3_y2048_x1664,1664,2048,509,35.208463568915406,27.94242591334112,-7.266037655574287,BAD
case3,case3_y2048_x1792,1792,2048,510,32.053923437841,28.731976745775118,-3.3219466920658824,BAD
case3,case3_y2048_x1920,1920,2048,511,31.1921799934778,29.432800334157818,-1.7593796593199826,BAD
case3,case3_y2048_x2048,2048,2048,512,29.921072217164586,28.443605981991823,-1.4774662351727628,BAD
case3,case3_y2048_x2176,2176,2048,513,30.315267582233105,28.741002708219703,-1.5742648740134015,BAD
case3,case3_y2048_x2304,2304,2048,514,35.37951360921715,27.349147737749515,-8.030365871467634,BAD
case3,case3_y2048_x2432,2432,2048,515,38.321641668131605,24.97904443204864,-13.342597236082966,BAD
case3,case3_y2048_x2560,2560,2048,516,38.46577706664186,23.845671465055723,-14.62010560158614,BAD
case3,case3_y2048_x2688,2688,2048,517,38.7231614046964,23.198511350700713,-15.524650053995686,BAD
case3,case3_y2048_x2816,2816,2048,518,40.47474570189966,23.097740371632383,-17.377005330267274,BAD
case3,case3_y2048_x2944,2944,2048,519,40.813326633406405,23.777885024403854,-17.03544160900255,BAD
case3,case3_y2048_x3072,3072,2048,520,40.01514504451913,26.701337092511395,-13.313807952007735,BAD
case3,case3_y2048_x3200,3200,2048,521,39.93656527722897,30.04314396284724,-9.893421314381733,BAD
case3,case3_y2048_x3328,3328,2048,522,40.14429125436966,31.77871007612792,-8.365581178241744,BAD
case3,case3_y2048_x3456,3456,2048,523,40.91568352241518,33.67336138378584,-7.242322138629341,BAD
case3,case3_y2048_x3584,3584,2048,524,41.878703915000756,30.85653296848065,-11.022170946520106,BAD
case3,case3_y2048_x3712,3712,2048,525,42.84260420149405,30.35341567362925,-12.489188527864798,BAD
case3,case3_y2048_x3840,3840,2048,526,44.53581963682922,33.34285898344352,-11.192960653385697,BAD
case3,case3_y2176_x0000,0,2176,527,36.11800395418369,33.343638743375855,-2.7743652108078365,BAD
case3,case3_y2176_x0128,128,2176,528,37.05215693829568,33.49514645411582,-3.5570104841798624,BAD
case3,case3_y2176_x0256,256,2176,529,35.412754454807626,32.344357422459865,-3.068397032347761,BAD
case3,case3_y2176_x0384,384,2176,530,34.35159926396038,31.042029049429196,-3.3095702145311847,BAD
case3,case3_y2176_x0512,512,2176,531,35.45280078096918,28.016819257050635,-7.435981523918542,BAD
case3,case3_y2176_x0640,640,2176,532,36.60429964165934,25.270793168348916,-11.333506473310422,BAD
case3,case3_y2176_x0768,768,2176,533,36.342580373571806,24.958269414966384,-11.384310958605422,BAD
case3,case3_y2176_x0896,896,2176,534,36.15349833740603,25.183153583752205,-10.970344753653823,BAD
case3,case3_y2176_x1024,1024,2176,535,35.82240633712797,26.153001274497644,-9.669405062630329,BAD
case3,case3_y2176_x1152,1152,2176,536,36.433010583548494,29.02017082582127,-7.412839757727223,BAD
case3,case3_y2176_x1280,1280,2176,537,37.59855604912816,27.62931284281639,-9.969243206311774,BAD
case3,case3_y2176_x1408,1408,2176,538,35.884669778716855,26.295866539667703,-9.588803239049152,BAD
case3,case3_y2176_x1536,1536,2176,539,34.58194290950524,25.96697244923833,-8.614970460266907,BAD
case3,case3_y2176_x1664,1664,2176,540,34.19324107218028,24.725107784349568,-9.46813328783071,BAD
case3,case3_y2176_x1792,1792,2176,541,32.01107779288863,25.46651051256314,-6.544567280325488,BAD
case3,case3_y2176_x1920,1920,2176,542,32.191848749804045,29.305471204294406,-2.8863775455096388,BAD
case3,case3_y2176_x2048,2048,2176,543,29.52740343408143,27.08881437636687,-2.4385890577145624,BAD
case3,case3_y2176_x2176,2176,2176,544,29.89744653408131,27.001711713233355,-2.895734820847956,BAD
case3,case3_y2176_x2304,2304,2176,545,36.97812648813317,25.06956398353767,-11.908562504595501,BAD
case3,case3_y2176_x2432,2432,2176,546,37.03272392385102,23.316862514745683,-13.71586140910534,BAD
case3,case3_y2176_x2560,2560,2176,547,36.99809555331385,24.100748854872908,-12.897346698440945,BAD
case3,case3_y2176_x2688,2688,2176,548,36.93625323603131,23.937597803605478,-12.998655432425835,BAD
case3,case3_y2176_x2816,2816,2176,549,37.29909200597032,23.543229537947564,-13.755862468022759,BAD
case3,case3_y2176_x2944,2944,2176,550,36.927090631299826,23.727931791853422,-13.199158839446405,BAD
case3,case3_y2176_x3072,3072,2176,551,38.254406312546465,26.80227543923644,-11.452130873310026,BAD
case3,case3_y2176_x3200,3200,2176,552,38.978820982447516,31.183893119798974,-7.794927862648542,BAD
case3,case3_y2176_x3328,3328,2176,553,36.73179569812189,29.782740376093656,-6.9490553220282365,BAD
case3,case3_y2176_x3456,3456,2176,554,37.02690733782818,30.326056823123345,-6.7008505147048325,BAD
case3,case3_y2176_x3584,3584,2176,555,39.239645337776295,29.498828229895114,-9.740817107881181,BAD
case3,case3_y2176_x3712,3712,2176,556,40.56478947068648,28.688205220872874,-11.876584249813604,BAD
case3,case3_y2176_x3840,3840,2176,557,41.364620941203675,28.360850824667097,-13.003770116536579,BAD
case3,case3_y2304_x0000,0,2304,558,31.541505816331494,28.23368940046109,-3.3078164158704055,BAD
case3,case3_y2304_x0128,128,2304,559,30.872368538470262,27.738033585752447,-3.134334952717815,BAD
case3,case3_y2304_x0256,256,2304,560,30.460488171458458,28.22451468923679,-2.2359734822216666,BAD
case3,case3_y2304_x0384,384,2304,561,30.759616307567693,28.507713379143244,-2.2519029284244496,BAD
case3,case3_y2304_x0512,512,2304,562,31.793969211602334,26.902392621599237,-4.891576590003098,BAD
case3,case3_y2304_x0640,640,2304,563,33.81012353813269,24.68472794286742,-9.125395595265275,BAD
case3,case3_y2304_x0768,768,2304,564,34.62709704736952,25.099448500967135,-9.527648546402382,BAD
case3,case3_y2304_x0896,896,2304,565,34.45004184828895,26.64353053991341,-7.806511308375537,BAD
case3,case3_y2304_x1024,1024,2304,566,33.588560737301506,27.48745651571884,-6.101104221582666,BAD
case3,case3_y2304_x1152,1152,2304,567,34.007991117932036,29.493524558474164,-4.514466559457873,BAD
case3,case3_y2304_x1280,1280,2304,568,34.07898241768257,28.505396340281287,-5.573586077401281,BAD
case3,case3_y2304_x1408,1408,2304,569,32.168795445501615,26.758867747803148,-5.409927697698468,BAD
case3,case3_y2304_x1536,1536,2304,570,31.75445100095014,24.419565362243727,-7.334885638706414,BAD
case3,case3_y2304_x1664,1664,2304,571,31.366560458811183,22.517006373361163,-8.84955408545002,BAD
case3,case3_y2304_x1792,1792,2304,572,30.189165921647376,23.412140425791147,-6.777025495856229,BAD
case3,case3_y2304_x1920,1920,2304,573,31.873002337953693,27.383863660847684,-4.489138677106009,BAD
case3,case3_y2304_x2048,2048,2304,574,30.117437406846967,25.965502644627712,-4.1519347622192555,BAD
case3,case3_y2304_x2176,2176,2304,575,30.16107677423633,26.05454996390009,-4.106526810336241,BAD
case3,case3_y2304_x2304,2304,2304,576,35.47074364547178,26.447466482205392,-9.023277163266386,BAD
case3,case3_y2304_x2432,2432,2304,577,32.43182089080367,24.37309466325749,-8.058726227546181,BAD
case3,case3_y2304_x2560,2560,2304,578,31.893734308056043,24.2200957804791,-7.673638527576944,BAD
case3,case3_y2304_x2688,2688,2304,579,33.323294246946595,23.559403994997105,-9.76389025194949,BAD
case3,case3_y2304_x2816,2816,2304,580,34.44013226181616,23.339775132315953,-11.100357129500207,BAD
case3,case3_y2304_x2944,2944,2304,581,35.737976623395554,24.19156883373972,-11.546407789655834,BAD
case3,case3_y2304_x3072,3072,2304,582,38.29817114853596,27.7449634370751,-10.553207711460857,BAD
case3,case3_y2304_x3200,3200,2304,583,39.49147415874333,32.97024008503692,-6.52123407370641,BAD
case3,case3_y2304_x3328,3328,2304,584,35.61710364544928,27.411168552160333,-8.20593509328895,BAD
case3,case3_y2304_x3456,3456,2304,585,34.54880367494125,25.283690737815,-9.265112937126247,BAD
case3,case3_y2304_x3584,3584,2304,586,35.70558500038055,25.80217452946451,-9.903410470916043,BAD
case3,case3_y2304_x3712,3712,2304,587,36.920051232951906,26.253025042224998,-10.667026190726908,BAD
case3,case3_y2304_x3840,3840,2304,588,36.80451447324345,24.594720546533274,-12.209793926710176,BAD
case3,case3_y2432_x0000,0,2432,589,30.629087886581136,26.921897301959874,-3.7071905846212623,BAD
case3,case3_y2432_x0128,128,2432,590,29.49256149959748,26.31575526167657,-3.176806237920907,BAD
case3,case3_y2432_x0256,256,2432,591,28.352395815216035,26.23313947989317,-2.1192563353228664,BAD
case3,case3_y2432_x0384,384,2432,592,28.694410152445418,26.137102613749008,-2.55730753869641,BAD
case3,case3_y2432_x0512,512,2432,593,30.964164532817435,26.13297352470887,-4.831191008108565,BAD
case3,case3_y2432_x0640,640,2432,594,32.15639768062359,24.373330758228818,-7.783066922394774,BAD
case3,case3_y2432_x0768,768,2432,595,31.563772148908615,24.67067257702501,-6.893099571883607,BAD
case3,case3_y2432_x0896,896,2432,596,31.185742406663437,26.019578198889185,-5.166164207774251,BAD
case3,case3_y2432_x1024,1024,2432,597,31.3445643807848,27.067499546042374,-4.277064834742426,BAD
case3,case3_y2432_x1152,1152,2432,598,31.174179010061913,28.823106815729336,-2.351072194332577,BAD
case3,case3_y2432_x1280,1280,2432,599,30.361012797140525,28.182099526076094,-2.178913271064431,BAD
case3,case3_y2432_x1408,1408,2432,600,28.994167960066804,26.5113500679361,-2.4828178921307043,BAD
case3,case3_y2432_x1536,1536,2432,601,29.059029806819915,23.354242619781513,-5.704787187038402,BAD
case3,case3_y2432_x1664,1664,2432,602,28.538914560985482,20.9612842388799,-7.5776303221055805,BAD
case3,case3_y2432_x1792,1792,2432,603,28.485645792481883,21.706919323043103,-6.77872646943878,BAD
case3,case3_y2432_x1920,1920,2432,604,30.613884213056124,24.573911221874795,-6.03997299118133,BAD
case3,case3_y2432_x2048,2048,2432,605,29.03843128423777,23.72633832929237,-5.312092954945399,BAD
case3,case3_y2432_x2176,2176,2432,606,28.813815967468642,24.30079779007987,-4.513018177388773,BAD
case3,case3_y2432_x2304,2304,2432,607,30.355755947415012,25.904818258765296,-4.4509376886497165,BAD
case3,case3_y2432_x2432,2432,2432,608,28.252377486676252,23.279945405531134,-4.972432081145119,BAD
case3,case3_y2432_x2560,2560,2432,609,28.634214436960157,22.538092118111372,-6.096122318848785,BAD
case3,case3_y2432_x2688,2688,2432,610,32.487776650702884,24.07488441312761,-8.412892237575274,BAD
case3,case3_y2432_x2816,2816,2432,611,35.385522497226184,27.284983742806254,-8.10053875441993,BAD
case3,case3_y2432_x2944,2944,2432,612,33.81573857455303,29.851280704098045,-3.9644578704549858,BAD
case3,case3_y2432_x3072,3072,2432,613,31.088946072538803,27.910785762063494,-3.1781603104753096,BAD
case3,case3_y2432_x3200,3200,2432,614,31.037423078763542,27.30133147693057,-3.736091601832971,BAD
case3,case3_y2432_x3328,3328,2432,615,31.707360253830675,24.279484766467675,-7.427875487363,BAD
case3,case3_y2432_x3456,3456,2432,616,31.545118445250026,22.171237919293016,-9.37388052595701,BAD
case3,case3_y2432_x3584,3584,2432,617,32.52168185879193,22.722861824126177,-9.798820034665752,BAD
case3,case3_y2432_x3712,3712,2432,618,33.53804502178621,23.6473158765337,-9.89072914525251,BAD
case3,case3_y2432_x3840,3840,2432,619,34.03426203129712,23.657560048337835,-10.376701982959283,BAD
case3,case3_y2560_x0000,0,2560,620,31.183984137695685,24.251161656653526,-6.932822481042159,BAD
case3,case3_y2560_x0128,128,2560,621,30.624631964083868,24.753218233416845,-5.871413730667022,BAD
case3,case3_y2560_x0256,256,2560,622,29.58505406458382,25.821585040257865,-3.7634690243259534,BAD
case3,case3_y2560_x0384,384,2560,623,29.66269831698125,26.343020584322666,-3.319677732658583,BAD
case3,case3_y2560_x0512,512,2560,624,32.36342263139841,27.07054440352808,-5.292878227870329,BAD
case3,case3_y2560_x0640,640,2560,625,32.80541150551269,26.088104449557797,-6.71730705595489,BAD
case3,case3_y2560_x0768,768,2560,626,31.580553003195845,25.304342073198644,-6.276210929997202,BAD
case3,case3_y2560_x0896,896,2560,627,30.77212947326818,24.46529826640196,-6.306831206866221,BAD
case3,case3_y2560_x1024,1024,2560,628,30.978090465072782,25.544259233063258,-5.433831232009524,BAD
case3,case3_y2560_x1152,1152,2560,629,31.128705292252175,28.775266791175934,-2.3534385010762406,BAD
case3,case3_y2560_x1280,1280,2560,630,30.708733162485913,28.419220972471088,-2.2895121900148254,BAD
case3,case3_y2560_x1408,1408,2560,631,29.555141176159644,26.718627233387945,-2.836513942771699,BAD
case3,case3_y2560_x1536,1536,2560,632,29.553622082382716,23.996115224344322,-5.557506858038394,BAD
case3,case3_y2560_x1664,1664,2560,633,29.13520646809602,21.60093492059307,-7.53427154750295,BAD
case3,case3_y2560_x1792,1792,2560,634,28.36855299178755,21.840078901342274,-6.528474090445275,BAD
case3,case3_y2560_x1920,1920,2560,635,29.38673995650121,23.847072567237653,-5.539667389263556,BAD
case3,case3_y2560_x2048,2048,2560,636,28.05325192325053,23.325296872565616,-4.7279550506849155,BAD
case3,case3_y2560_x2176,2176,2560,637,27.920187570678905,23.965056865034388,-3.9551307056445175,BAD
case3,case3_y2560_x2304,2304,2560,638,29.494930536298362,25.521519387388594,-3.9734111489097685,BAD
case3,case3_y2560_x2432,2432,2560,639,27.931860174577704,23.349784084907125,-4.582076089670579,BAD
case3,case3_y2560_x2560,2560,2560,640,29.056424936706662,23.647233898410235,-5.409191038296427,BAD
case3,case3_y2560_x2688,2688,2560,641,34.47985268179589,25.5652284489574,-8.914624232838491,BAD
case3,case3_y2560_x2816,2816,2560,642,34.17367535977106,27.045282606349584,-7.128392753421476,BAD
case3,case3_y2560_x2944,2944,2560,643,31.679383769758918,29.679425618263075,-1.9999581514958429,BAD
case3,case3_y2560_x3072,3072,2560,644,30.216209872769323,27.82843100903609,-2.3877788637332316,BAD
case3,case3_y2560_x3200,3200,2560,645,29.699771148211326,26.593581732124235,-3.1061894160870906,BAD
case3,case3_y2560_x3328,3328,2560,646,30.009071863856548,24.845679097331118,-5.16339276652543,BAD
case3,case3_y2560_x3456,3456,2560,647,30.19423441984975,23.35097114955106,-6.843263270298689,BAD
case3,case3_y2560_x3584,3584,2560,648,30.436635687598177,23.87913325516093,-6.557502432437246,BAD
case3,case3_y2560_x3712,3712,2560,649,31.575775361156083,25.15044749121749,-6.425327869938592,BAD
case3,case3_y2560_x3840,3840,2560,650,32.824490725605415,26.26656829181428,-6.557922433791134,BAD
case3,case3_y2688_x0000,0,2688,651,32.560503798992954,22.818657974654798,-9.741845824338156,BAD
case3,case3_y2688_x0128,128,2688,652,33.060544971602916,24.223742173437223,-8.836802798165692,BAD
case3,case3_y2688_x0256,256,2688,653,33.75369721966078,26.914303219846648,-6.839393999814131,BAD
case3,case3_y2688_x0384,384,2688,654,33.52822526104373,28.59004117954614,-4.938184081497589,BAD
case3,case3_y2688_x0512,512,2688,655,34.25363318867802,28.58236063529199,-5.671272553386032,BAD
case3,case3_y2688_x0640,640,2688,656,35.82270103974401,29.6678128060282,-6.154888233715813,BAD
case3,case3_y2688_x0768,768,2688,657,35.92274198283484,28.735097725648743,-7.187644257186101,BAD
case3,case3_y2688_x0896,896,2688,658,33.790997081299714,26.190778196721716,-7.600218884577998,BAD
case3,case3_y2688_x1024,1024,2688,659,33.444872769844125,27.288702297458105,-6.1561704723860196,BAD
case3,case3_y2688_x1152,1152,2688,660,35.30182979911503,33.17552071925909,-2.126309079855943,BAD
case3,case3_y2688_x1280,1280,2688,661,36.61832176586074,34.26284474330194,-2.3554770225588015,BAD
case3,case3_y2688_x1408,1408,2688,662,33.99478802383898,29.77415652432321,-4.220631499515768,BAD
case3,case3_y2688_x1536,1536,2688,663,33.14810621717724,26.74736827419899,-6.400737942978246,BAD
case3,case3_y2688_x1664,1664,2688,664,33.98481503998818,25.91637308312352,-8.068441956864657,BAD
case3,case3_y2688_x1792,1792,2688,665,30.47554989978007,24.981656748159708,-5.493893151620362,BAD
case3,case3_y2688_x1920,1920,2688,666,29.057335889345694,24.589838560031176,-4.467497329314519,BAD
case3,case3_y2688_x2048,2048,2688,667,28.556067898137666,24.693926192402692,-3.862141705734974,BAD
case3,case3_y2688_x2176,2176,2688,668,29.970843051371318,26.39359710604293,-3.5772459453283894,BAD
case3,case3_y2688_x2304,2304,2688,669,34.167018696465725,29.94893793465856,-4.218080761807165,BAD
case3,case3_y2688_x2432,2432,2688,670,31.49615381337523,27.094075956376717,-4.402077856998513,BAD
case3,case3_y2688_x2560,2560,2688,671,31.74291553653947,26.28681142068983,-5.456104115849641,BAD
case3,case3_y2688_x2688,2688,2688,672,33.49545944398165,25.731264224109292,-7.764195219872359,BAD
case3,case3_y2688_x2816,2816,2688,673,31.075913030550197,25.978704820995617,-5.09720820955458,BAD
case3,case3_y2688_x2944,2944,2688,674,30.869101109542918,29.22353513564417,-1.6455659738987478,BAD
case3,case3_y2688_x3072,3072,2688,675,31.740154357380128,30.087833008391776,-1.6523213489883517,BAD
case3,case3_y2688_x3200,3200,2688,676,31.897011308448743,30.285741893898358,-1.6112694145503852,BAD
case3,case3_y2688_x3328,3328,2688,677,32.98579532055049,31.086624879294895,-1.8991704412555919,BAD
case3,case3_y2688_x3456,3456,2688,678,32.03146093048028,28.376924294195174,-3.654536636285105,BAD
case3,case3_y2688_x3584,3584,2688,679,30.201586365426316,26.889153799683424,-3.312432565742892,BAD
case3,case3_y2688_x3712,3712,2688,680,30.12816301719326,27.779669312485524,-2.348493704707735,BAD
case3,case3_y2688_x3840,3840,2688,681,30.799155491421537,28.718622597303643,-2.080532894117894,BAD
case3,case3_y2816_x0000,0,2816,682,36.90942177405482,25.586848414511767,-11.322573359543053,BAD
case3,case3_y2816_x0128,128,2816,683,39.04015079627807,27.428363319791707,-11.611787476486363,BAD
case3,case3_y2816_x0256,256,2816,684,37.43847103839073,28.782384275207754,-8.656086763182977,BAD
case3,case3_y2816_x0384,384,2816,685,36.35666052099171,28.688865780555965,-7.667794740435745,BAD
case3,case3_y2816_x0512,512,2816,686,36.84221882906173,29.289625943590856,-7.552592885470872,BAD
case3,case3_y2816_x0640,640,2816,687,37.236683914065495,28.712738600574905,-8.52394531349059,BAD
case3,case3_y2816_x0768,768,2816,688,37.03646004008388,28.029821933942827,-9.006638106141054,BAD
case3,case3_y2816_x0896,896,2816,689,36.4213268601106,28.317544530376715,-8.103782329733882,BAD
case3,case3_y2816_x1024,1024,2816,690,37.283259864962375,30.146068597465458,-7.137191267496917,BAD
case3,case3_y2816_x1152,1152,2816,691,40.52097215784286,36.666015616212775,-3.854956541630088,BAD
case3,case3_y2816_x1280,1280,2816,692,42.595452513863805,37.969834723594246,-4.625617790269558,BAD
case3,case3_y2816_x1408,1408,2816,693,38.57272821043485,32.552496978651085,-6.020231231783768,BAD
case3,case3_y2816_x1536,1536,2816,694,35.82501261717246,25.939424531416286,-9.885588085756176,BAD
case3,case3_y2816_x1664,1664,2816,695,36.23054458565945,24.587469519783447,-11.643075065876005,BAD
case3,case3_y2816_x1792,1792,2816,696,34.51855204525247,26.247452350209045,-8.271099695043425,BAD
case3,case3_y2816_x1920,1920,2816,697,31.912885711118278,26.943752553160603,-4.969133157957675,BAD
case3,case3_y2816_x2048,2048,2816,698,30.850798632348813,27.13060757574023,-3.7201910566085843,BAD
case3,case3_y2816_x2176,2176,2816,699,32.81796263693191,29.450761246808504,-3.3672013901234052,BAD
case3,case3_y2816_x2304,2304,2816,700,39.05289338459954,33.26787643449985,-5.7850169500996955,BAD
case3,case3_y2816_x2432,2432,2816,701,37.42338086266893,32.01347180271216,-5.409909059956767,BAD
case3,case3_y2816_x2560,2560,2816,702,34.95657707360604,27.83598286335135,-7.120594210254691,BAD
case3,case3_y2816_x2688,2688,2816,703,33.848455498238174,26.579991208876763,-7.268464289361411,BAD
case3,case3_y2816_x2816,2816,2816,704,32.20033995726881,28.328454712473437,-3.871885244795372,BAD
case3,case3_y2816_x2944,2944,2816,705,32.2493123164041,30.81018600087348,-1.439126315530622,BAD
case3,case3_y2816_x3072,3072,2816,706,32.6076086347842,30.489774527032033,-2.1178341077521665,BAD
case3,case3_y2816_x3200,3200,2816,707,34.251563911651715,31.814266594979863,-2.4372973166718523,BAD
case3,case3_y2816_x3328,3328,2816,708,40.79448581537487,37.026333472994146,-3.7681523423807235,BAD
case3,case3_y2816_x3456,3456,2816,709,36.533700876454034,31.632455007646712,-4.901245868807322,BAD
case3,case3_y2816_x3584,3584,2816,710,32.40359583124125,28.24052274443007,-4.163073086811178,BAD
case3,case3_y2816_x3712,3712,2816,711,31.208705751404608,27.75176286150412,-3.456942889900489,BAD
case3,case3_y2816_x3840,3840,2816,712,31.010612543424184,27.669714140087812,-3.3408984033363716,BAD
case4,case4_y0000_x0000,0,0,0,16.845987365604113,16.72856693939883,-0.11742042620528181,BAD
case4,case4_y0000_x0128,128,0,1,17.5913256895447,17.448858352704445,-0.14246733684025514,BAD
case4,case4_y0000_x0256,256,0,2,17.677181523543886,17.433842128807452,-0.2433393947364344,BAD
case4,case4_y0000_x0384,384,0,3,18.485854767637704,18.229277787474796,-0.2565769801629081,BAD
case4,case4_y0000_x0512,512,0,4,19.66298297488278,18.6645196643269,-0.9984633105558807,BAD
case4,case4_y0000_x0640,640,0,5,19.549993584038987,17.481775617525138,-2.068217966513849,BAD
case4,case4_y0000_x0768,768,0,6,18.43848644570063,16.803665261823276,-1.634821183877353,BAD
case4,case4_y0000_x0896,896,0,7,17.647185230238275,16.71911227343721,-0.9280729568010635,BAD
case4,case4_y0000_x1024,1024,0,8,17.350841546902686,16.611008561840347,-0.7398329850623391,BAD
case4,case4_y0000_x1152,1152,0,9,18.037934565686164,17.47238247612347,-0.5655520895626935,BAD
case4,case4_y0000_x1280,1280,0,10,18.34708386952617,17.201919265644033,-1.1451646038821366,BAD
case4,case4_y0000_x1408,1408,0,11,18.636673272965375,16.80539077700727,-1.8312824959581064,BAD
case4,case4_y0000_x1536,1536,0,12,19.52281050589175,17.668519960734667,-1.8542905451570846,BAD
case4,case4_y0000_x1664,1664,0,13,18.72556418307314,17.06232566089483,-1.6632385221783075,BAD
case4,case4_y0000_x1792,1792,0,14,17.920854516894305,16.601282595936745,-1.3195719209575607,BAD
case4,case4_y0000_x1920,1920,0,15,17.908620236355027,16.985997522667834,-0.9226227136871934,BAD
case4,case4_y0000_x2048,2048,0,16,18.269825672834248,16.97488832916425,-1.2949373436699965,BAD
case4,case4_y0000_x2176,2176,0,17,18.320382215650387,16.99119164123456,-1.3291905744158257,BAD
case4,case4_y0000_x2304,2304,0,18,18.22252493146052,16.614501633834255,-1.6080232976262643,BAD
case4,case4_y0000_x2432,2432,0,19,18.48669736216162,16.375199890181936,-2.1114974719796855,BAD
case4,case4_y0000_x2560,2560,0,20,18.074279709440834,15.869797247802861,-2.204482461637973,BAD
case4,case4_y0000_x2688,2688,0,21,17.738541185379358,15.681938215324791,-2.0566029700545663,BAD
case4,case4_y0000_x2816,2816,0,22,18.637130497715656,17.24349977512498,-1.3936307225906752,BAD
case4,case4_y0000_x2944,2944,0,23,19.35874013425178,18.660571664905262,-0.6981684693465162,BAD
case4,case4_y0000_x3072,3072,0,24,19.290044528561275,18.056206342235775,-1.2338381863254995,BAD
case4,case4_y0000_x3200,3200,0,25,16.516909949391255,14.724077952288628,-1.7928319971026276,BAD
case4,case4_y0000_x3328,3328,0,26,14.375294721439655,13.152888369780133,-1.2224063516595223,BAD
case4,case4_y0000_x3456,3456,0,27,13.944527519058509,13.352236991655033,-0.5922905274034758,BAD
case4,case4_y0000_x3584,3584,0,28,14.690401443243715,13.693339675578443,-0.9970617676652722,BAD
case4,case4_y0000_x3712,3712,0,29,14.8530928911811,13.117519740799164,-1.7355731503819367,BAD
case4,case4_y0000_x3840,3840,0,30,14.472391070801788,12.815950431560246,-1.6564406392415414,BAD
case4,case4_y0128_x0000,0,128,31,18.167005211850114,18.12361973206797,-0.04338547978214535,BAD
case4,case4_y0128_x0128,128,128,32,18.561863320750557,18.48544516853452,-0.0764181522160392,BAD
case4,case4_y0128_x0256,256,128,33,19.13109946529359,18.950830393264987,-0.18026907202860443,BAD
case4,case4_y0128_x0384,384,128,34,20.343988663015597,20.081294783132236,-0.26269387988336135,BAD
case4,case4_y0128_x0512,512,128,35,21.16514733642527,20.40307232328979,-0.7620750131354797,BAD
case4,case4_y0128_x0640,640,128,36,20.685257354736734,19.292725975327684,-1.39253137940905,BAD
case4,case4_y0128_x0768,768,128,37,19.776561816697342,18.620344972917696,-1.1562168437796458,BAD
case4,case4_y0128_x0896,896,128,38,19.03756707470219,18.168749859539915,-0.8688172151622737,BAD
case4,case4_y0128_x1024,1024,128,39,19.328972174083617,18.6509623733986,-0.6780098006850181,BAD
case4,case4_y0128_x1152,1152,128,40,20.09295584986079,19.670326717138234,-0.4226291327225553,BAD
case4,case4_y0128_x1280,1280,128,41,19.731886052352138,18.62800464733103,-1.1038814050211094,BAD
case4,case4_y0128_x1408,1408,128,42,19.85001537581532,18.12168484907335,-1.7283305267419706,BAD
case4,case4_y0128_x1536,1536,128,43,19.956585353466046,18.34400210443601,-1.6125832490300347,BAD
case4,case4_y0128_x1664,1664,128,44,18.992161853734313,17.472130175263857,-1.5200316784704562,BAD
case4,case4_y0128_x1792,1792,128,45,18.348599107128265,17.056517788480527,-1.292081318647739,BAD
case4,case4_y0128_x1920,1920,128,46,18.007164279503833,17.164756364277235,-0.8424079152265982,BAD
case4,case4_y0128_x2048,2048,128,47,18.408868646457933,17.348502151866896,-1.0603664945910367,BAD
case4,case4_y0128_x2176,2176,128,48,18.86803043478165,17.698560423127713,-1.1694700116539387,BAD
case4,case4_y0128_x2304,2304,128,49,18.20913835372934,16.74791536647584,-1.4612229872534996,BAD
case4,case4_y0128_x2432,2432,128,50,18.189730720043165,16.31522096938633,-1.8745097506568342,BAD
case4,case4_y0128_x2560,2560,128,51,17.933178194256453,16.114652984346062,-1.8185252099103906,BAD
case4,case4_y0128_x2688,2688,128,52,17.078724273081118,15.306538790937665,-1.7721854821434526,BAD
case4,case4_y0128_x2816,2816,128,53,17.216338001017306,15.936984938508047,-1.2793530625092586,BAD
case4,case4_y0128_x2944,2944,128,54,17.74408638582689,17.377038031205423,-0.3670483546214669,BAD
case4,case4_y0128_x3072,3072,128,55,18.84902156356225,18.153958879949286,-0.6950626836129636,BAD
case4,case4_y0128_x3200,3200,128,56,17.401685788740597,15.676898656503633,-1.7247871322369637,BAD
case4,case4_y0128_x3328,3328,128,57,14.660974162041555,13.348945040051968,-1.3120291219895872,BAD
case4,case4_y0128_x3456,3456,128,58,14.170580148822989,13.177728900736412,-0.992851248086577,BAD
case4,case4_y0128_x3584,3584,128,59,14.600858140852328,13.186828992502434,-1.4140291483498935,BAD
case4,case4_y0128_x3712,3712,128,60,14.694120708504883,12.588288284527845,-2.105832423977038,BAD
case4,case4_y0128_x3840,3840,128,61,14.791922343780904,12.895075273193124,-1.8968470705877802,BAD
case4,case4_y0256_x0000,0,256,62,18.982805520104147,18.865833790355868,-0.11697172974827907,BAD
case4,case4_y0256_x0128,128,256,63,19.620836912104544,19.46094445175351,-0.15989246035103477,BAD
case4,case4_y0256_x0256,256,256,64,20.077263958639296,19.906679667318723,-0.17058429132057285,BAD
case4,case4_y0256_x0384,384,256,65,20.6588705155055,20.503955251810588,-0.15491526369491382,BAD
case4,case4_y0256_x0512,512,256,66,22.309651951367016,21.807014131658935,-0.502637819708081,BAD
case4,case4_y0256_x0640,640,256,67,21.234089313917757,20.429562079253994,-0.8045272346637624,BAD
case4,case4_y0256_x0768,768,256,68,20.734399189334198,20.06845960731807,-0.6659395820161293,BAD
case4,case4_y0256_x0896,896,256,69,20.40835846898971,19.342997587079502,-1.065360881910209,BAD
case4,case4_y0256_x1024,1024,256,70,19.132896912290832,18.16686007519662,-0.9660368370942116,BAD
case4,case4_y0256_x1152,1152,256,71,19.404047117823435,18.791743803261586,-0.6123033145618493,BAD
case4,case4_y0256_x1280,1280,256,72,19.315591285738407,18.150386283123805,-1.1652050026146021,BAD
case4,case4_y0256_x1408,1408,256,73,18.155440747041908,16.496022571610315,-1.6594181754315933,BAD
case4,case4_y0256_x1536,1536,256,74,17.918245463631713,15.943889319648557,-1.9743561439831563,BAD
case4,case4_y0256_x1664,1664,256,75,18.183680466814952,16.132125536425377,-2.0515549303895746,BAD
case4,case4_y0256_x1792,1792,256,76,17.70260746506775,16.135281547163135,-1.5673259179046148,BAD
case4,case4_y0256_x1920,1920,256,77,17.36016626270709,16.17015394737703,-1.1900123153300584,BAD
case4,case4_y0256_x2048,2048,256,78,17.997386488183793,16.997741215871905,-0.9996452723118878,BAD
case4,case4_y0256_x2176,2176,256,79,19.11736475767385,17.916823191370916,-1.2005415663029346,BAD
case4,case4_y0256_x2304,2304,256,80,19.14583322986655,17.30506663669329,-1.8407665931732602,BAD
case4,case4_y0256_x2432,2432,256,81,18.483743545474546,16.4627561380726,-2.0209874074019467,BAD
case4,case4_y0256_x2560,2560,256,82,16.704545981219685,14.99312506802563,-1.711420913194054,BAD
case4,case4_y0256_x2688,2688,256,83,15.378506614312716,13.819106369880638,-1.5594002444320783,BAD
case4,case4_y0256_x2816,2816,256,84,15.967365971077648,14.742677504426924,-1.2246884666507238,BAD
case4,case4_y0256_x2944,2944,256,85,16.571041777293793,15.595915959464593,-0.9751258178292002,BAD
case4,case4_y0256_x3072,3072,256,86,16.879991497254768,15.189805285576693,-1.6901862116780748,BAD
case4,case4_y0256_x3200,3200,256,87,17.028047395365398,14.63759372412271,-2.390453671242689,BAD
case4,case4_y0256_x3328,3328,256,88,15.779586783186453,13.698791038251288,-2.0807957449351644,BAD
case4,case4_y0256_x3456,3456,256,89,15.018348233601557,13.315348409449754,-1.702999824151803,BAD
case4,case4_y0256_x3584,3584,256,90,14.754506712108792,13.165286967368077,-1.5892197447407153,BAD
case4,case4_y0256_x3712,3712,256,91,14.267402999492994,12.580759366829366,-1.6866436326636283,BAD
case4,case4_y0256_x3840,3840,256,92,14.664606129846682,13.032856430843472,-1.63174969900321,BAD
case4,case4_y0384_x0000,0,384,93,19.213975148956248,18.960239461675837,-0.25373568728041107,BAD
case4,case4_y0384_x0128,128,384,94,20.121688034606564,19.78944942934847,-0.33223860525809457,BAD
case4,case4_y0384_x0256,256,384,95,20.563551847691297,20.286556365570743,-0.27699548212055447,BAD
case4,case4_y0384_x0384,384,384,96,20.42041217792429,20.321656952861368,-0.09875522506292356,BAD
case4,case4_y0384_x0512,512,384,97,21.603188661305254,21.413362741304447,-0.189825920000807,BAD
case4,case4_y0384_x0640,640,384,98,20.969522345273045,20.59171981743514,-0.377802527837904,BAD
case4,case4_y0384_x0768,768,384,99,20.23493839527628,19.718437679217207,-0.516500716059074,BAD
case4,case4_y0384_x0896,896,384,100,19.114759222927862,18.303119532345303,-0.8116396905825596,BAD
case4,case4_y0384_x1024,1024,384,101,17.062277127661606,16.395897973317577,-0.6663791543440283,BAD
case4,case4_y0384_x1152,1152,384,102,17.24676483841956,16.574361379174128,-0.6724034592454302,BAD
case4,case4_y0384_x1280,1280,384,103,17.751586911220453,16.35141664227048,-1.4001702689499744,BAD
case4,case4_y0384_x1408,1408,384,104,17.508562894702887,15.572303797637648,-1.9362590970652391,BAD
case4,case4_y0384_x1536,1536,384,105,17.854784974345137,15.540172594478811,-2.3146123798663254,BAD
case4,case4_y0384_x1664,1664,384,106,18.056805884470986,15.604548074311523,-2.4522578101594625,BAD
case4,case4_y0384_x1792,1792,384,107,17.48999040456421,15.60516570965681,-1.884824694907401,BAD
case4,case4_y0384_x1920,1920,384,108,17.52517805296554,16.126512436211037,-1.3986656167545028,BAD
case4,case4_y0384_x2048,2048,384,109,18.340904649523008,17.227770890111604,-1.1131337594114044,BAD
case4,case4_y0384_x2176,2176,384,110,19.186419110752603,17.898678858626226,-1.287740252126376,BAD
case4,case4_y0384_x2304,2304,384,111,19.65456036406301,17.67858507400056,-1.9759752900624505,BAD
case4,case4_y0384_x2432,2432,384,112,19.662039802763537,17.446403966867862,-2.215635835895675,BAD
case4,case4_y0384_x2560,2560,384,113,17.679780133057022,15.920453313298655,-1.7593268197583676,BAD
case4,case4_y0384_x2688,2688,384,114,15.96194323802299,14.422661632109888,-1.5392816059131018,BAD
case4,case4_y0384_x2816,2816,384,115,15.940359741347914,14.31834755791851,-1.622012183429403,BAD
case4,case4_y0384_x2944,2944,384,116,15.910317277879713,14.30828579183165,-1.6020314860480624,BAD
case4,case4_y0384_x3072,3072,384,117,15.783392099733813,13.85572276882192,-1.9276693309118933,BAD
case4,case4_y0384_x3200,3200,384,118,16.107552627371998,13.36556318802668,-2.7419894393453177,BAD
case4,case4_y0384_x3328,3328,384,119,16.023702329858647,13.426198359627673,-2.5975039702309743,BAD
case4,case4_y0384_x3456,3456,384,120,15.432287929296546,13.501702786819711,-1.9305851424768345,BAD
case4,case4_y0384_x3584,3584,384,121,15.154411411838069,13.642798153043564,-1.5116132587945046,BAD
case4,case4_y0384_x3712,3712,384,122,14.818133947221417,13.618218211334426,-1.1999157358869912,BAD
case4,case4_y0384_x3840,3840,384,123,15.074816074813974,13.671929305748073,-1.4028867690659013,BAD
case4,case4_y0512_x0000,0,512,124,20.824651424486223,20.561738794785228,-0.2629126297009954,BAD
case4,case4_y0512_x0128,128,512,125,21.87501035204552,21.488698536774123,-0.386311815271398,BAD
case4,case4_y0512_x0256,256,512,126,21.920923920707214,21.598416106345777,-0.32250781436143683,BAD
case4,case4_y0512_x0384,384,512,127,20.612366260474346,20.4616207134737,-0.15074554700064624,BAD
case4,case4_y0512_x0512,512,512,128,20.717521632285923,20.43488501680681,-0.2826366154791131,BAD
case4,case4_y0512_x0640,640,512,129,21.320592260950086,20.758615191927987,-0.5619770690220989,BAD
case4,case4_y0512_x0768,768,512,130,19.984362626244845,19.336949184268562,-0.6474134419762834,BAD
case4,case4_y0512_x0896,896,512,131,18.77173704779986,18.11894975193033,-0.6527872958695298,BAD
case4,case4_y0512_x1024,1024,512,132,17.973247446048546,17.37758410967725,-0.5956633363712953,BAD
case4,case4_y0512_x1152,1152,512,133,18.036257042747597,17.12921597397458,-0.9070410687730153,BAD
case4,case4_y0512_x1280,1280,512,134,18.427026552297153,16.89191013506083,-1.535116417236324,BAD
case4,case4_y0512_x1408,1408,512,135,19.321128708059376,17.461899179064897,-1.8592295289944794,BAD
case4,case4_y0512_x1536,1536,512,136,20.2839240616883,18.2545724278576,-2.0293516338307,BAD
case4,case4_y0512_x1664,1664,512,137,20.390233497490495,17.903444167075406,-2.486789330415089,BAD
case4,case4_y0512_x1792,1792,512,138,19.74774662437565,17.12880347526955,-2.6189431491061015,BAD
case4,case4_y0512_x1920,1920,512,139,19.27711349229828,16.725691962404163,-2.5514215298941174,BAD
case4,case4_y0512_x2048,2048,512,140,19.49091950218085,17.160890772239565,-2.3300287299412865,BAD
case4,case4_y0512_x2176,2176,512,141,19.779759849540827,17.684940837323133,-2.0948190122176946,BAD
case4,case4_y0512_x2304,2304,512,142,20.26141014095751,17.93088612482494,-2.3305240161325678,BAD
case4,case4_y0512_x2432,2432,512,143,20.620942120128937,18.4595593560017,-2.161382764127236,BAD
case4,case4_y0512_x2560,2560,512,144,20.68363222470071,19.31440140685432,-1.3692308178463897,BAD
case4,case4_y0512_x2688,2688,512,145,19.51006320578848,18.257486126478668,-1.2525770793098125,BAD
case4,case4_y0512_x2816,2816,512,146,16.94913414333735,15.43012269350367,-1.5190114498336804,BAD
case4,case4_y0512_x2944,2944,512,147,15.798582008215199,14.617052323941442,-1.181529684273757,BAD
case4,case4_y0512_x3072,3072,512,148,15.701987481661169,13.859184804683903,-1.842802676977266,BAD
case4,case4_y0512_x3200,3200,512,149,15.476791608989817,12.838507318402586,-2.6382842905872312,BAD
case4,case4_y0512_x3328,3328,512,150,15.276695129845844,13.039007553133196,-2.2376875767126485,BAD
case4,case4_y0512_x3456,3456,512,151,15.481605630179159,13.548649751466662,-1.9329558787124963,BAD
case4,case4_y0512_x3584,3584,512,152,15.798376379072693,14.267163110464697,-1.5312132686079956,BAD
case4,case4_y0512_x3712,3712,512,153,15.825417880328965,14.943384667129646,-0.8820332131993194,BAD
case4,case4_y0512_x3840,3840,512,154,16.0142691960186,14.827505692678294,-1.1867635033403054,BAD
case4,case4_y0640_x0000,0,640,155,20.185305783048697,19.946119112489317,-0.2391866705593806,BAD
case4,case4_y0640_x0128,128,640,156,21.11977366333564,20.731424485811228,-0.388349177524411,BAD
case4,case4_y0640_x0256,256,640,157,21.853561012595733,21.44908588365736,-0.40447512893837256,BAD
case4,case4_y0640_x0384,384,640,158,21.404828612460364,21.102803135992744,-0.30202547646761957,BAD
case4,case4_y0640_x0512,512,640,159,20.88352045195569,20.46870306618124,-0.41481738577444816,BAD
case4,case4_y0640_x0640,640,640,160,19.73871957700026,18.903783018637103,-0.8349365583631574,BAD
case4,case4_y0640_x0768,768,640,161,18.454512423968758,16.95436067015779,-1.500151753810968,BAD
case4,case4_y0640_x0896,896,640,162,19.619660742206857,18.05013233488158,-1.5695284073252758,BAD
case4,case4_y0640_x1024,1024,640,163,21.549370889114243,20.909666948631987,-0.6397039404822564,BAD
case4,case4_y0640_x1152,1152,640,164,21.065143229188518,20.031619057017913,-1.0335241721706048,BAD
case4,case4_y0640_x1280,1280,640,165,21.144807497731136,19.93550592869146,-1.2093015690396776,BAD
case4,case4_y0640_x1408,1408,640,166,21.637061343617066,20.83695495761582,-0.8001063860012465,BAD
case4,case4_y0640_x1536,1536,640,167,21.792470755661682,20.586715558558588,-1.2057551971030946,BAD
case4,case4_y0640_x1664,1664,640,168,21.753888863225338,19.240916790331248,-2.5129720728940903,BAD
case4,case4_y0640_x1792,1792,640,169,20.433837205330484,17.02371269708436,-3.410124508246124,BAD
case4,case4_y0640_x1920,1920,640,170,19.719640432775215,15.904396456354,-3.8152439764212147,BAD
case4,case4_y0640_x2048,2048,640,171,20.66452962972804,17.065855100457796,-3.5986745292702444,BAD
case4,case4_y0640_x2176,2176,640,172,21.289838210731244,18.598297155253082,-2.6915410554781616,BAD
case4,case4_y0640_x2304,2304,640,173,20.488229426792813,18.146262140383655,-2.341967286409158,BAD
case4,case4_y0640_x2432,2432,640,174,19.79084857430888,18.198403438996753,-1.5924451353121256,BAD
case4,case4_y0640_x2560,2560,640,175,19.90573604729494,19.07320678374105,-0.8325292635538908,BAD
case4,case4_y0640_x2688,2688,640,176,19.53173170268634,18.31788128699607,-1.2138504156902705,BAD
case4,case4_y0640_x2816,2816,640,177,17.588246834488874,16.329340017345427,-1.2589068171434477,BAD
case4,case4_y0640_x2944,2944,640,178,16.661108295023997,15.805261888193677,-0.8558464068303202,BAD
case4,case4_y0640_x3072,3072,640,179,16.21771627173105,14.566830232299354,-1.650886039431695,BAD
case4,case4_y0640_x3200,3200,640,180,15.630542551492523,13.412871654719464,-2.2176708967730594,BAD
case4,case4_y0640_x3328,3328,640,181,15.532166843735407,13.405986695921655,-2.126180147813752,BAD
case4,case4_y0640_x3456,3456,640,182,15.521063910889586,13.412426837132713,-2.1086370737568725,BAD
case4,case4_y0640_x3584,3584,640,183,16.38832689230458,14.734764114790144,-1.653562777514436,BAD
case4,case4_y0640_x3712,3712,640,184,16.568696120051086,15.852752141677975,-0.7159439783731116,BAD
case4,case4_y0640_x3840,3840,640,185,16.09777554081666,15.085573423519458,-1.0122021172972016,BAD
case4,case4_y0768_x0000,0,768,186,19.471134717577478,19.123330948743835,-0.34780376883364283,BAD
case4,case4_y0768_x0128,128,768,187,19.680799857376748,19.246855276564645,-0.43394458081210274,BAD
case4,case4_y0768_x0256,256,768,188,19.45150052398222,19.030407406184278,-0.4210931177979411,BAD
case4,case4_y0768_x0384,384,768,189,19.34627965394431,18.895639535800488,-0.45064011814382354,BAD
case4,case4_y0768_x0512,512,768,190,19.713793908054814,19.078496689169103,-0.6352972188857109,BAD
case4,case4_y0768_x0640,640,768,191,18.713254145700308,17.866640714114535,-0.846613431585773,BAD
case4,case4_y0768_x0768,768,768,192,18.420671410260468,16.961092267305556,-1.4595791429549116,BAD
case4,case4_y0768_x0896,896,768,193,19.16744111364538,17.872264481864832,-1.2951766317805493,BAD
case4,case4_y0768_x1024,1024,768,194,19.869746440546496,19.395487844722783,-0.4742585958237129,BAD
case4,case4_y0768_x1152,1152,768,195,21.072766027223725,20.331781130219785,-0.7409848970039405,BAD
case4,case4_y0768_x1280,1280,768,196,21.010641224244672,20.335410818843727,-0.6752304054009457,BAD
case4,case4_y0768_x1408,1408,768,197,20.56357107043165,20.085645149355255,-0.47792592107639464,BAD
case4,case4_y0768_x1536,1536,768,198,21.506526408358965,20.734679838133367,-0.7718465702255983,BAD
case4,case4_y0768_x1664,1664,768,199,22.06135716197707,20.313337125129486,-1.748020036847585,BAD
case4,case4_y0768_x1792,1792,768,200,19.865470372712444,16.870159984176677,-2.995310388535767,BAD
case4,case4_y0768_x1920,1920,768,201,19.32980250637192,15.590229249199325,-3.7395732571725944,BAD
case4,case4_y0768_x2048,2048,768,202,20.341171839691434,17.13120619620402,-3.209965643487415,BAD
case4,case4_y0768_x2176,2176,768,203,20.5254213465386,18.886519498998013,-1.6389018475405877,BAD
case4,case4_y0768_x2304,2304,768,204,19.344917180580936,17.99181580411049,-1.3531013764704447,BAD
case4,case4_y0768_x2432,2432,768,205,17.824189886431196,16.819767115810798,-1.0044227706203976,BAD
case4,case4_y0768_x2560,2560,768,206,16.926850103159484,16.159727414575748,-0.7671226885837363,BAD
case4,case4_y0768_x2688,2688,768,207,16.736516698738004,15.731023978200792,-1.0054927205372124,BAD
case4,case4_y0768_x2816,2816,768,208,16.905445015080947,15.802714380656703,-1.102730634424244,BAD
case4,case4_y0768_x2944,2944,768,209,17.24391256200948,16.4979761453877,-0.745936416621781,BAD
case4,case4_y0768_x3072,3072,768,210,17.313852080605752,16.189803278157488,-1.1240488024482644,BAD
case4,case4_y0768_x3200,3200,768,211,17.33762255988116,15.099920678335826,-2.237701881545336,BAD
case4,case4_y0768_x3328,3328,768,212,17.395628725442513,14.665491469405529,-2.7301372560369845,BAD
case4,case4_y0768_x3456,3456,768,213,16.41173652315367,14.147192893178897,-2.2645436299747743,BAD
case4,case4_y0768_x3584,3584,768,214,15.701490913870792,14.289491132880467,-1.4119997809903246,BAD
case4,case4_y0768_x3712,3712,768,215,15.529054868539225,14.768130313097343,-0.760924555441882,BAD
case4,case4_y0768_x3840,3840,768,216,15.73301740838897,14.843890308336041,-0.8891271000529279,BAD
case4,case4_y0896_x0000,0,896,217,19.2708871730542,18.673331585175283,-0.5975555878789152,BAD
case4,case4_y0896_x0128,128,896,218,19.314132582490004,18.637407754926986,-0.6767248275630173,BAD
case4,case4_y0896_x0256,256,896,219,19.203934537683168,18.713078038646042,-0.49085649903712536,BAD
case4,case4_y0896_x0384,384,896,220,18.495334704039095,17.676499535200463,-0.8188351688386319,BAD
case4,case4_y0896_x0512,512,896,221,19.139396240526906,18.067698120175304,-1.071698120351602,BAD
case4,case4_y0896_x0640,640,896,222,19.910111060334412,19.122770766920944,-0.7873402934134681,BAD
case4,case4_y0896_x0768,768,896,223,20.616025059661762,20.023083702019346,-0.5929413576424167,BAD
case4,case4_y0896_x0896,896,896,224,18.84106782203911,18.15706528030565,-0.684002541733463,BAD
case4,case4_y0896_x1024,1024,896,225,17.760696924923444,16.68422350038505,-1.0764734245383956,BAD
case4,case4_y0896_x1152,1152,896,226,19.240343944657454,18.055483852900103,-1.1848600917573506,BAD
case4,case4_y0896_x1280,1280,896,227,19.738510962214363,19.20740423196286,-0.5311067302515013,BAD
case4,case4_y0896_x1408,1408,896,228,19.49548017059426,19.208109447559586,-0.28737072303467315,BAD
case4,case4_y0896_x1536,1536,896,229,21.110493565909877,20.60511779780849,-0.5053757681013877,BAD
case4,case4_y0896_x1664,1664,896,230,21.891726547414656,20.89455159992,-0.9971749474946563,BAD
case4,case4_y0896_x1792,1792,896,231,19.724030672573885,17.310724867208524,-2.4133058053653613,BAD
case4,case4_y0896_x1920,1920,896,232,19.355288161033908,15.851265868967715,-3.5040222920661925,BAD
case4,case4_y0896_x2048,2048,896,233,19.63903072692576,16.648538005822317,-2.9904927211034433,BAD
case4,case4_y0896_x2176,2176,896,234,20.168239414185614,18.374449689119746,-1.7937897250658672,BAD
case4,case4_y0896_x2304,2304,896,235,20.09599221968751,18.690980146437056,-1.4050120732504539,BAD
case4,case4_y0896_x2432,2432,896,236,17.406922686977527,16.385883184179328,-1.0210395027981995,BAD
case4,case4_y0896_x2560,2560,896,237,15.658891637969736,14.860777757765026,-0.7981138802047099,BAD
case4,case4_y0896_x2688,2688,896,238,15.91058374661583,15.160183102517436,-0.7504006440983932,BAD
case4,case4_y0896_x2816,2816,896,239,17.22539206025186,16.61224708955754,-0.6131449706943215,BAD
case4,case4_y0896_x2944,2944,896,240,17.889344781454568,17.571759584137222,-0.3175851973173458,BAD
case4,case4_y0896_x3072,3072,896,241,18.282751561656262,17.046641630273438,-1.236109931382824,BAD
case4,case4_y0896_x3200,3200,896,242,18.317116744379852,15.904777825769632,-2.412338918610221,BAD
case4,case4_y0896_x3328,3328,896,243,17.45596289729236,15.543189485692624,-1.9127734115997352,BAD
case4,case4_y0896_x3456,3456,896,244,16.693044406284027,15.284939014369428,-1.4081053919145994,BAD
case4,case4_y0896_x3584,3584,896,245,15.945847906157304,14.95036332222191,-0.9954845839353936,BAD
case4,case4_y0896_x3712,3712,896,246,15.736694650816567,15.128551896824536,-0.6081427539920305,BAD
case4,case4_y0896_x3840,3840,896,247,16.345192934221252,15.627215777012522,-0.7179771572087308,BAD
case4,case4_y1024_x0000,0,1024,248,19.230305308174287,17.075795057041564,-2.1545102511327237,BAD
case4,case4_y1024_x0128,128,1024,249,19.472909999821574,17.44253759439731,-2.030372405424263,BAD
case4,case4_y1024_x0256,256,1024,250,20.077432022305576,18.04927380129473,-2.0281582210108446,BAD
case4,case4_y1024_x0384,384,1024,251,19.145577904234422,17.16493893684597,-1.980638967388451,BAD
case4,case4_y1024_x0512,512,1024,252,19.218617903999814,17.53487189791747,-1.6837460060823446,BAD
case4,case4_y1024_x0640,640,1024,253,19.25377072192561,17.441415689473807,-1.8123550324518014,BAD
case4,case4_y1024_x0768,768,1024,254,18.333775316727664,16.456297635789824,-1.8774776809378402,BAD
case4,case4_y1024_x0896,896,1024,255,16.937064656522093,15.103148746891462,-1.8339159096306314,BAD
case4,case4_y1024_x1024,1024,1024,256,16.301447571120235,14.469628696004202,-1.8318188751160331,BAD
case4,case4_y1024_x1152,1152,1024,257,17.137583246984413,15.344654858087388,-1.7929283888970247,BAD
case4,case4_y1024_x1280,1280,1024,258,18.449729274626197,16.838823615585813,-1.6109056590403839,BAD
case4,case4_y1024_x1408,1408,1024,259,19.35932186579882,17.907032576438603,-1.4522892893602162,BAD
case4,case4_y1024_x1536,1536,1024,260,20.45985088049254,18.838366339117417,-1.6214845413751213,BAD
case4,case4_y1024_x1664,1664,1024,261,20.707795484924997,19.18427971434842,-1.5235157705765765,BAD
case4,case4_y1024_x1792,1792,1024,262,19.266217066134963,16.63744724457715,-2.628769821557814,BAD
case4,case4_y1024_x1920,1920,1024,263,18.65364313567635,15.202291863218434,-3.4513512724579165,BAD
case4,case4_y1024_x2048,2048,1024,264,19.509341928590246,16.411585532941423,-3.0977563956488225,BAD
case4,case4_y1024_x2176,2176,1024,265,20.529675801917598,18.09529859000216,-2.4343772119154394,BAD
case4,case4_y1024_x2304,2304,1024,266,19.510443252053193,17.03195976322378,-2.4784834888294114,BAD
case4,case4_y1024_x2432,2432,1024,267,17.54269844792255,15.737305858448208,-1.8053925894743426,BAD
case4,case4_y1024_x2560,2560,1024,268,16.483723203215174,15.394850040924732,-1.088873162290442,BAD
case4,case4_y1024_x2688,2688,1024,269,16.611491428872036,15.624991485676912,-0.986499943195124,BAD
case4,case4_y1024_x2816,2816,1024,270,17.363307543044343,15.766493962886802,-1.5968135801575407,BAD
case4,case4_y1024_x2944,2944,1024,271,17.00841726770633,15.0025751591358,-2.0058421085705316,BAD
case4,case4_y1024_x3072,3072,1024,272,16.97531852781526,14.96968005116221,-2.0056384766530506,BAD
case4,case4_y1024_x3200,3200,1024,273,17.98878844236526,16.16112442519411,-1.8276640171711485,BAD
case4,case4_y1024_x3328,3328,1024,274,17.91445514522049,16.74347002055053,-1.1709851246699614,BAD
case4,case4_y1024_x3456,3456,1024,275,17.710119720353376,16.586251866861236,-1.1238678534921398,BAD
case4,case4_y1024_x3584,3584,1024,276,17.971880412511986,16.67618988582628,-1.295690526685707,BAD
case4,case4_y1024_x3712,3712,1024,277,16.99791678133867,15.644280695535373,-1.3536360858032968,BAD
case4,case4_y1024_x3840,3840,1024,278,16.869082099833506,15.262758935940749,-1.6063231638927569,BAD
case4,case4_y1152_x0000,0,1152,279,19.349778343917936,16.116786255917713,-3.2329920880002234,BAD
case4,case4_y1152_x0128,128,1152,280,19.25093990317544,15.933619868341648,-3.3173200348337915,BAD
case4,case4_y1152_x0256,256,1152,281,18.603765748956523,15.639315574042207,-2.9644501749143153,BAD
case4,case4_y1152_x0384,384,1152,282,18.759882266945844,16.117960972746666,-2.6419212941991788,BAD
case4,case4_y1152_x0512,512,1152,283,19.413732027327345,16.668862073026347,-2.7448699543009987,BAD
case4,case4_y1152_x0640,640,1152,284,18.070641820811172,15.342631204825192,-2.72801061598598,BAD
case4,case4_y1152_x0768,768,1152,285,16.39635956432234,14.065661998802794,-2.3306975655195448,BAD
case4,case4_y1152_x0896,896,1152,286,15.688121363163802,13.629049291620053,-2.059072071543749,BAD
case4,case4_y1152_x1024,1024,1152,287,15.968742739203737,13.96421219311762,-2.0045305460861176,BAD
case4,case4_y1152_x1152,1152,1152,288,17.065020970180488,15.092060438224305,-1.9729605319561827,BAD
case4,case4_y1152_x1280,1280,1152,289,18.169002714483277,16.123445728906304,-2.0455569855769724,BAD
case4,case4_y1152_x1408,1408,1152,290,18.97516188297329,16.804534004781097,-2.1706278781921924,BAD
case4,case4_y1152_x1536,1536,1152,291,19.94264149471658,17.37352473336961,-2.5691167613469688,BAD
case4,case4_y1152_x1664,1664,1152,292,20.359735648670018,18.001212886193283,-2.358522762476735,BAD
case4,case4_y1152_x1792,1792,1152,293,19.348557484571018,16.65371617574565,-2.6948413088253673,BAD
case4,case4_y1152_x1920,1920,1152,294,18.903664280256056,15.629711056689244,-3.273953223566812,BAD
case4,case4_y1152_x2048,2048,1152,295,19.82326885281752,17.22920118647818,-2.594067666339342,BAD
case4,case4_y1152_x2176,2176,1152,296,19.880194356497675,18.198278921647656,-1.6819154348500192,BAD
case4,case4_y1152_x2304,2304,1152,297,18.611503275097206,16.581726788921422,-2.029776486175784,BAD
case4,case4_y1152_x2432,2432,1152,298,17.93345537644379,16.14161111813935,-1.7918442583044403,BAD
case4,case4_y1152_x2560,2560,1152,299,18.016028380253037,16.84481300081257,-1.171215379440465,BAD
case4,case4_y1152_x2688,2688,1152,300,17.87198237436649,16.914822668736058,-0.9571597056304313,BAD
case4,case4_y1152_x2816,2816,1152,301,18.030208111854037,16.215223242766392,-1.8149848690876453,BAD
case4,case4_y1152_x2944,2944,1152,302,17.643127942934534,15.32687117482956,-2.3162567681049744,BAD
case4,case4_y1152_x3072,3072,1152,303,17.78201245023432,15.749491684132998,-2.032520766101321,BAD
case4,case4_y1152_x3200,3200,1152,304,18.674852987602918,17.028234318037185,-1.6466186695657328,BAD
case4,case4_y1152_x3328,3328,1152,305,18.626288391672706,17.1844428287268,-1.441845562945904,BAD
case4,case4_y1152_x3456,3456,1152,306,18.46677510114238,16.870626865688855,-1.5961482354535264,BAD
case4,case4_y1152_x3584,3584,1152,307,18.098022335681524,16.141397181533936,-1.9566251541475879,BAD
case4,case4_y1152_x3712,3712,1152,308,16.999140644449596,14.93491724973975,-2.064223394709847,BAD
case4,case4_y1152_x3840,3840,1152,309,16.381748146649436,14.375346540558452,-2.006401606090984,BAD
case4,case4_y1280_x0000,0,1280,310,18.680822583565167,15.485042627113618,-3.195779956451549,BAD
case4,case4_y1280_x0128,128,1280,311,18.152967341765766,14.870379770307508,-3.282587571458258,BAD
case4,case4_y1280_x0256,256,1280,312,17.393994727088938,14.453894327329833,-2.940100399759105,BAD
case4,case4_y1280_x0384,384,1280,313,17.736677627334473,14.76800947215639,-2.968668155178083,BAD
case4,case4_y1280_x0512,512,1280,314,18.899121063871828,15.46111811347912,-3.4380029503927076,BAD
case4,case4_y1280_x0640,640,1280,315,17.802943063680637,14.427625429372661,-3.375317634307976,BAD
case4,case4_y1280_x0768,768,1280,316,16.438467764172902,13.427040708616005,-3.011427055556897,BAD
case4,case4_y1280_x0896,896,1280,317,16.166889837372075,13.582946539922764,-2.583943297449311,BAD
case4,case4_y1280_x1024,1024,1280,318,17.054068432510892,14.81254552322204,-2.241522909288852,BAD
case4,case4_y1280_x1152,1152,1280,319,17.98352490119904,15.895072526390512,-2.0884523748085275,BAD
case4,case4_y1280_x1280,1280,1280,320,18.45160502446251,16.22068710445529,-2.2309179200072187,BAD
case4,case4_y1280_x1408,1408,1280,321,19.219072071241786,16.937322297751386,-2.2817497734904,BAD
case4,case4_y1280_x1536,1536,1280,322,20.20614286477482,17.300633021205222,-2.9055098435695967,BAD
case4,case4_y1280_x1664,1664,1280,323,21.014911634905186,18.12932084849075,-2.8855907864144363,BAD
case4,case4_y1280_x1792,1792,1280,324,20.598126436713343,18.287379141449684,-2.31074729526366,BAD
case4,case4_y1280_x1920,1920,1280,325,20.67866130739276,18.318299115505283,-2.360362191887475,BAD
case4,case4_y1280_x2048,2048,1280,326,20.73485802895842,18.999620826657384,-1.735237202301036,BAD
case4,case4_y1280_x2176,2176,1280,327,20.396630505549545,19.43065071690357,-0.9659797886459742,BAD
case4,case4_y1280_x2304,2304,1280,328,20.324907023676552,19.379023340927123,-0.9458836827494288,BAD
case4,case4_y1280_x2432,2432,1280,329,20.53777485829616,19.333166737611116,-1.2046081206850445,BAD
case4,case4_y1280_x2560,2560,1280,330,19.78589128968493,18.841635175558427,-0.9442561141265031,BAD
case4,case4_y1280_x2688,2688,1280,331,19.364520284899232,19.012072941776303,-0.3524473431229289,BAD
case4,case4_y1280_x2816,2816,1280,332,19.250398635533937,18.736263961006784,-0.5141346745271527,BAD
case4,case4_y1280_x2944,2944,1280,333,19.076537465262774,18.60099101006987,-0.47554645519290517,BAD
case4,case4_y1280_x3072,3072,1280,334,19.07871636480176,18.431721964942437,-0.6469943998593237,BAD
case4,case4_y1280_x3200,3200,1280,335,18.475863075880202,17.23697507952205,-1.2388879963581516,BAD
case4,case4_y1280_x3328,3328,1280,336,18.319398710633855,17.03710669554405,-1.282292015089805,BAD
case4,case4_y1280_x3456,3456,1280,337,18.109884311747273,16.861063330652918,-1.2488209810943545,BAD
case4,case4_y1280_x3584,3584,1280,338,17.64740575511699,15.660755927083109,-1.9866498280338796,BAD
case4,case4_y1280_x3712,3712,1280,339,17.64384345268276,15.010911588990798,-2.6329318636919616,BAD
case4,case4_y1280_x3840,3840,1280,340,17.209274106858988,14.692825597018285,-2.5164485098407035,BAD
case4,case4_y1408_x0000,0,1408,341,18.436126814402535,15.462577476160622,-2.973549338241913,BAD
case4,case4_y1408_x0128,128,1408,342,18.20204022450008,15.220836270522067,-2.9812039539780137,BAD
case4,case4_y1408_x0256,256,1408,343,17.694926439899568,14.793465164022761,-2.901461275876807,BAD
case4,case4_y1408_x0384,384,1408,344,16.92906880117578,13.756115384241616,-3.172953416934165,BAD
case4,case4_y1408_x0512,512,1408,345,16.972253473505223,13.759023275690303,-3.2132301978149194,BAD
case4,case4_y1408_x0640,640,1408,346,17.141931412912154,13.585825377572307,-3.5561060353398464,BAD
case4,case4_y1408_x0768,768,1408,347,16.69652163569185,13.119206949548879,-3.577314686142973,BAD
case4,case4_y1408_x0896,896,1408,348,16.572376389350726,13.416688241023419,-3.1556881483273074,BAD
case4,case4_y1408_x1024,1024,1408,349,17.570275718724044,15.028347156229366,-2.541928562494679,BAD
case4,case4_y1408_x1152,1152,1408,350,17.643967066672612,15.584271194265934,-2.059695872406678,BAD
case4,case4_y1408_x1280,1280,1408,351,17.90339955868274,15.69698408497704,-2.2064154737057002,BAD
case4,case4_y1408_x1408,1408,1408,352,19.2147433801825,17.009147473146655,-2.205595907035846,BAD
case4,case4_y1408_x1536,1536,1408,353,20.34936712972083,17.954465022866753,-2.394902106854076,BAD
case4,case4_y1408_x1664,1664,1408,354,21.358555643773073,19.298816337954033,-2.05973930581904,BAD
case4,case4_y1408_x1792,1792,1408,355,20.64551652368147,18.655833872403544,-1.9896826512779242,BAD
case4,case4_y1408_x1920,1920,1408,356,19.978337920855854,17.965722119169094,-2.01261580168676,BAD
case4,case4_y1408_x2048,2048,1408,357,20.51252486392626,18.706188670641644,-1.806336193284615,BAD
case4,case4_y1408_x2176,2176,1408,358,21.21989808153041,20.146352302041592,-1.0735457794888177,BAD
case4,case4_y1408_x2304,2304,1408,359,21.45452519219901,20.570154697766494,-0.8843704944325168,BAD
case4,case4_y1408_x2432,2432,1408,360,22.642776965800714,21.193758193605937,-1.4490187721947763,BAD
case4,case4_y1408_x2560,2560,1408,361,20.16621200475962,19.29572125838224,-0.8704907463773779,BAD
case4,case4_y1408_x2688,2688,1408,362,19.18362522544276,18.833983188544945,-0.3496420368978157,BAD
case4,case4_y1408_x2816,2816,1408,363,19.08878734288032,18.79426549117611,-0.29452185170421075,BAD
case4,case4_y1408_x2944,2944,1408,364,19.242741644179972,18.935739568354744,-0.30700207582522765,BAD
case4,case4_y1408_x3072,3072,1408,365,19.560174352014936,18.922854826352847,-0.6373195256620896,BAD
case4,case4_y1408_x3200,3200,1408,366,18.731381380143613,17.50304773571279,-1.2283336444308226,BAD
case4,case4_y1408_x3328,3328,1408,367,18.95030138779022,17.42312681308118,-1.52717457470904,BAD
case4,case4_y1408_x3456,3456,1408,368,18.894313021356247,17.1653437752144,-1.7289692461418475,BAD
case4,case4_y1408_x3584,3584,1408,369,18.32784814134052,15.986626679946719,-2.3412214613938023,BAD
case4,case4_y1408_x3712,3712,1408,370,18.191028076224217,15.125779275937246,-3.0652488002869713,BAD
case4,case4_y1408_x3840,3840,1408,371,18.108121879407243,14.752264968498434,-3.355856910908809,BAD
case4,case4_y1536_x0000,0,1536,372,18.641242967636515,16.03173623711905,-2.6095067305174666,BAD
case4,case4_y1536_x0128,128,1536,373,18.189700827999488,15.638789035106866,-2.550911792892622,BAD
case4,case4_y1536_x0256,256,1536,374,17.718254909993345,15.532623644104746,-2.185631265888599,BAD
case4,case4_y1536_x0384,384,1536,375,16.631721372136987,14.365264497505763,-2.266456874631224,BAD
case4,case4_y1536_x0512,512,1536,376,16.179481711559283,13.804794125769341,-2.3746875857899425,BAD
case4,case4_y1536_x0640,640,1536,377,17.127539230781316,14.422328794151863,-2.7052104366294536,BAD
case4,case4_y1536_x0768,768,1536,378,18.08249644987224,14.934046543558656,-3.1484499063135853,BAD
case4,case4_y1536_x0896,896,1536,379,18.234978892463538,15.095620063352017,-3.1393588291115204,BAD
case4,case4_y1536_x1024,1024,1536,380,18.61185265920244,15.948553087355599,-2.663299571846842,BAD
case4,case4_y1536_x1152,1152,1536,381,17.764077539186257,15.481199588422497,-2.28287795076376,BAD
case4,case4_y1536_x1280,1280,1536,382,18.200571308421225,16.028625546113446,-2.1719457623077787,BAD
case4,case4_y1536_x1408,1408,1536,383,20.370387160594564,18.60454898197821,-1.765838178616356,BAD
case4,case4_y1536_x1536,1536,1536,384,21.27747034716962,19.411675929755404,-1.8657944174142145,BAD
case4,case4_y1536_x1664,1664,1536,385,21.35486443849611,19.839145588195393,-1.5157188503007184,BAD
case4,case4_y1536_x1792,1792,1536,386,19.638447806931477,17.938609095109616,-1.6998387118218616,BAD
case4,case4_y1536_x1920,1920,1536,387,18.780178672356016,16.85438521560819,-1.9257934567478259,BAD
case4,case4_y1536_x2048,2048,1536,388,19.521565527939252,17.93892961187555,-1.5826359160637011,BAD
case4,case4_y1536_x2176,2176,1536,389,20.208849583041726,19.501772742947637,-0.7070768400940892,BAD
case4,case4_y1536_x2304,2304,1536,390,20.710670540278343,20.0703889890041,-0.6402815512742421,BAD
case4,case4_y1536_x2432,2432,1536,391,20.308716352623904,19.09541258900622,-1.2133037636176844,BAD
case4,case4_y1536_x2560,2560,1536,392,18.417833601950772,17.696543382329498,-0.7212902196212738,BAD
case4,case4_y1536_x2688,2688,1536,393,18.346396390925538,18.127104399527212,-0.21929199139832534,BAD
case4,case4_y1536_x2816,2816,1536,394,18.376201877421728,18.081064330028806,-0.29513754739292253,BAD
case4,case4_y1536_x2944,2944,1536,395,19.115233996498123,18.834418704555077,-0.2808152919430462,BAD
case4,case4_y1536_x3072,3072,1536,396,19.513936330632568,19.34818763037836,-0.16574870025420907,BAD
case4,case4_y1536_x3200,3200,1536,397,19.1322190479279,18.525976750819645,-0.6062422971082562,BAD
case4,case4_y1536_x3328,3328,1536,398,19.099438589368173,18.077896556483694,-1.0215420328844793,BAD
case4,case4_y1536_x3456,3456,1536,399,18.1766140129271,17.071502014916334,-1.1051119980107664,BAD
case4,case4_y1536_x3584,3584,1536,400,17.772848242923345,16.21904019336162,-1.5538080495617237,BAD
case4,case4_y1536_x3712,3712,1536,401,17.79712824394512,15.728241099598677,-2.0688871443464443,BAD
case4,case4_y1536_x3840,3840,1536,402,17.926821054098234,15.476358768745875,-2.4504622853523585,BAD
case4,case4_y1664_x0000,0,1664,403,18.4892036727011,15.230118963324387,-3.2590847093767152,BAD
case4,case4_y1664_x0128,128,1664,404,17.65918940628532,14.969735779581528,-2.689453626703793,BAD
case4,case4_y1664_x0256,256,1664,405,16.82328610911434,14.401384549886947,-2.4219015592273916,BAD
case4,case4_y1664_x0384,384,1664,406,15.544888082047944,13.55089672656627,-1.9939913554816737,BAD
case4,case4_y1664_x0512,512,1664,407,15.868612189160832,14.04681426133887,-1.8217979278219616,BAD
case4,case4_y1664_x0640,640,1664,408,17.529752481067334,15.789950051770141,-1.7398024292971925,BAD
case4,case4_y1664_x0768,768,1664,409,19.691486796856267,17.75527236402835,-1.9362144328279172,BAD
case4,case4_y1664_x0896,896,1664,410,21.892475829837327,18.62750060874806,-3.2649752210892657,BAD
case4,case4_y1664_x1024,1024,1664,411,21.370390583525932,18.45282111493595,-2.9175694685899813,BAD
case4,case4_y1664_x1152,1152,1664,412,19.214636014116625,16.870607299052413,-2.344028715064212,BAD
case4,case4_y1664_x1280,1280,1664,413,18.727339947858894,16.77392191456049,-1.953418033298405,BAD
case4,case4_y1664_x1408,1408,1664,414,19.63957855172682,18.38057730132959,-1.2590012503972297,BAD
case4,case4_y1664_x1536,1536,1664,415,19.167965464274133,17.595205755867877,-1.572759708406256,BAD
case4,case4_y1664_x1664,1664,1664,416,19.23916503588268,17.498896630413544,-1.7402684054691377,BAD
case4,case4_y1664_x1792,1792,1664,417,18.772735134361017,16.817662791829836,-1.9550723425311816,BAD
case4,case4_y1664_x1920,1920,1664,418,17.920995554486996,15.853080209984054,-2.067915344502943,BAD
case4,case4_y1664_x2048,2048,1664,419,18.41707848899986,16.97728292028472,-1.439795568715141,BAD
case4,case4_y1664_x2176,2176,1664,420,18.990924630467266,18.3959996557033,-0.5949249747639662,BAD
case4,case4_y1664_x2304,2304,1664,421,18.516404997007502,17.301579504368185,-1.2148254926393172,BAD
case4,case4_y1664_x2432,2432,1664,422,17.014891325418496,14.916094743627903,-2.0987965817905927,BAD
case4,case4_y1664_x2560,2560,1664,423,16.302284504570046,14.865776937529267,-1.4365075670407794,BAD
case4,case4_y1664_x2688,2688,1664,424,16.962608217779064,16.90400097538368,-0.058607242395382286,BAD
case4,case4_y1664_x2816,2816,1664,425,17.037321913863174,16.94342942605515,-0.09389248780802362,BAD
case4,case4_y1664_x2944,2944,1664,426,17.576659043921886,17.43586164983754,-0.14079739408434477,BAD
case4,case4_y1664_x3072,3072,1664,427,18.016625886753786,17.946731869058226,-0.06989401769556025,BAD
case4,case4_y1664_x3200,3200,1664,428,18.675329123624863,18.646856117304328,-0.028473006320535177,BAD
case4,case4_y1664_x3328,3328,1664,429,19.165846154294933,19.09646280689286,-0.06938334740207353,BAD
case4,case4_y1664_x3456,3456,1664,430,18.216776828467125,18.23764611904422,0.020869290577095967,GOOD
case4,case4_y1664_x3584,3584,1664,431,17.92770660359644,17.33516265167888,-0.5925439519175626,BAD
case4,case4_y1664_x3712,3712,1664,432,18.03922831720981,16.753977735941284,-1.2852505812685244,BAD
case4,case4_y1664_x3840,3840,1664,433,17.737134126010844,16.258810142201018,-1.478323983809826,BAD
case4,case4_y1792_x0000,0,1792,434,18.195483045181582,15.284297747859835,-2.9111852973217474,BAD
case4,case4_y1792_x0128,128,1792,435,18.054854060625285,15.447895182085709,-2.606958878539576,BAD
case4,case4_y1792_x0256,256,1792,436,16.79327785639761,14.17145463096862,-2.6218232254289884,BAD
case4,case4_y1792_x0384,384,1792,437,15.373264217020871,13.218380607561542,-2.154883609459329,BAD
case4,case4_y1792_x0512,512,1792,438,15.840970764899062,14.063267803579153,-1.7777029613199087,BAD
case4,case4_y1792_x0640,640,1792,439,16.91184058966388,15.423975877420448,-1.4878647122434305,BAD
case4,case4_y1792_x0768,768,1792,440,18.47778771423385,16.981772845705994,-1.4960148685278547,BAD
case4,case4_y1792_x0896,896,1792,441,21.608687935493307,19.500373087293255,-2.1083148482000524,BAD
case4,case4_y1792_x1024,1024,1792,442,21.92191399204075,20.154822889208738,-1.767091102832012,BAD
case4,case4_y1792_x1152,1152,1792,443,19.848685621056145,17.97860042403143,-1.8700851970247143,BAD
case4,case4_y1792_x1280,1280,1792,444,18.45158511829152,16.667024764794604,-1.7845603534969143,BAD
case4,case4_y1792_x1408,1408,1792,445,17.868681174580615,16.661616105161034,-1.2070650694195812,BAD
case4,case4_y1792_x1536,1536,1792,446,17.425928843140834,15.960895771016174,-1.46503307212466,BAD
case4,case4_y1792_x1664,1664,1792,447,17.86405768221155,15.916184457930878,-1.94787322428067,BAD
case4,case4_y1792_x1792,1792,1792,448,18.1003395619992,15.861841346100716,-2.238498215898483,BAD
case4,case4_y1792_x1920,1920,1792,449,17.61973460744008,15.399939217628809,-2.219795389811271,BAD
case4,case4_y1792_x2048,2048,1792,450,18.025316423017387,16.189021119283865,-1.8362953037335217,BAD
case4,case4_y1792_x2176,2176,1792,451,18.223873511961624,16.749057806052075,-1.474815705909549,BAD
case4,case4_y1792_x2304,2304,1792,452,17.022990702045075,15.570149008302911,-1.4528416937421635,BAD
case4,case4_y1792_x2432,2432,1792,453,16.17505612489785,14.309899502372556,-1.8651566225252942,BAD
case4,case4_y1792_x2560,2560,1792,454,16.03353172594254,14.75917136934382,-1.2743603565987218,BAD
case4,case4_y1792_x2688,2688,1792,455,16.535011226754385,16.364928049102783,-0.17008317765160186,BAD
case4,case4_y1792_x2816,2816,1792,456,16.811387051183104,16.58776550677942,-0.22362154440368442,BAD
case4,case4_y1792_x2944,2944,1792,457,16.773223433164976,16.56925045398529,-0.20397297917968515,BAD
case4,case4_y1792_x3072,3072,1792,458,17.619678426206015,17.3895199074464,-0.23015851875961602,BAD
case4,case4_y1792_x3200,3200,1792,459,18.884359991398252,18.73032793263482,-0.1540320587634305,BAD
case4,case4_y1792_x3328,3328,1792,460,18.933432735907743,18.76965778041669,-0.16377495549105348,BAD
case4,case4_y1792_x3456,3456,1792,461,17.83755685531024,17.674731074701118,-0.162825780609122,BAD
case4,case4_y1792_x3584,3584,1792,462,17.342368967330795,16.89472530291193,-0.44764366441886594,BAD
case4,case4_y1792_x3712,3712,1792,463,17.63973457946648,16.579708045617526,-1.060026533848955,BAD
case4,case4_y1792_x3840,3840,1792,464,17.52247894250484,16.268070732058327,-1.2544082104465133,BAD
case4,case4_y1920_x0000,0,1920,465,16.945729837528255,14.767170511610402,-2.1785593259178526,BAD
case4,case4_y1920_x0128,128,1920,466,18.284895561294366,16.274674537800657,-2.0102210234937097,BAD
case4,case4_y1920_x0256,256,1920,467,18.911548199887946,16.723108086920526,-2.1884401129674202,BAD
case4,case4_y1920_x0384,384,1920,468,17.82636375191386,15.802723594995863,-2.023640156917997,BAD
case4,case4_y1920_x0512,512,1920,469,17.004571376983296,15.453837626977858,-1.5507337500054383,BAD
case4,case4_y1920_x0640,640,1920,470,16.988786755839726,15.668642726196394,-1.3201440296433322,BAD
case4,case4_y1920_x0768,768,1920,471,18.218436869201412,16.63778171967461,-1.5806551495268018,BAD
case4,case4_y1920_x0896,896,1920,472,20.524841617377213,19.16172551991897,-1.3631160974582421,BAD
case4,case4_y1920_x1024,1024,1920,473,21.50554649533793,20.74328317941952,-0.7622633159184105,BAD
case4,case4_y1920_x1152,1152,1920,474,19.27483889607131,17.501392928545545,-1.7734459675257632,BAD
case4,case4_y1920_x1280,1280,1920,475,17.94346708269338,16.24497044314745,-1.6984966395459296,BAD
case4,case4_y1920_x1408,1408,1920,476,17.602848021688832,16.68480166181306,-0.9180463598757704,BAD
case4,case4_y1920_x1536,1536,1920,477,17.198855481421024,16.087751266568667,-1.1111042148523573,BAD
case4,case4_y1920_x1664,1664,1920,478,17.115933691280446,15.557222389637154,-1.5587113016432923,BAD
case4,case4_y1920_x1792,1792,1920,479,17.377713410610667,15.622220191874117,-1.7554932187365502,BAD
case4,case4_y1920_x1920,1920,1920,480,18.11184002705492,16.088648522381245,-2.023191504673676,BAD
case4,case4_y1920_x2048,2048,1920,481,18.067105170077806,15.762545613782317,-2.304559556295489,BAD
case4,case4_y1920_x2176,2176,1920,482,17.389738512295477,15.292095129674333,-2.0976433826211434,BAD
case4,case4_y1920_x2304,2304,1920,483,17.132622449134026,15.675788420480943,-1.4568340286530823,BAD
case4,case4_y1920_x2432,2432,1920,484,16.890756526683376,15.825105339688237,-1.0656511869951384,BAD
case4,case4_y1920_x2560,2560,1920,485,16.240494646112943,15.769231744404745,-0.4712629017081973,BAD
case4,case4_y1920_x2688,2688,1920,486,16.35879546357178,16.17252438673438,-0.18627107683740007,BAD
case4,case4_y1920_x2816,2816,1920,487,16.97228957492921,16.47995309657189,-0.49233647835731986,BAD
case4,case4_y1920_x2944,2944,1920,488,16.988914884737813,16.421534952259865,-0.567379932477948,BAD
case4,case4_y1920_x3072,3072,1920,489,17.861251805508168,17.391162655671398,-0.4700891498367703,BAD
case4,case4_y1920_x3200,3200,1920,490,18.877931245442404,18.59790537109487,-0.28002587434753323,BAD
case4,case4_y1920_x3328,3328,1920,491,18.38742442850295,18.267055464898213,-0.12036896360473648,BAD
case4,case4_y1920_x3456,3456,1920,492,17.47356128282141,17.356277257387635,-0.1172840254337757,BAD
case4,case4_y1920_x3584,3584,1920,493,17.22053847834581,16.947804883787306,-0.27273359455850255,BAD
case4,case4_y1920_x3712,3712,1920,494,16.95584086879235,16.270355123971967,-0.685485744820383,BAD
case4,case4_y1920_x3840,3840,1920,495,16.607205135141047,15.636081021615372,-0.9711241135256756,BAD
case4,case4_y2048_x0000,0,2048,496,17.13994022694895,15.049025995860667,-2.0909142310882842,BAD
case4,case4_y2048_x0128,128,2048,497,17.82723539490582,16.448997699332075,-1.3782376955737448,BAD
case4,case4_y2048_x0256,256,2048,498,19.732178603274335,18.24026539660428,-1.4919132066700556,BAD
case4,case4_y2048_x0384,384,2048,499,18.85519653288988,16.83333471045888,-2.021861822430999,BAD
case4,case4_y2048_x0512,512,2048,500,16.931453823585827,15.527335840529155,-1.404117983056672,BAD
case4,case4_y2048_x0640,640,2048,501,17.616576115783108,16.41480273759427,-1.201773378188836,BAD
case4,case4_y2048_x0768,768,2048,502,18.921402737600484,17.34641352956491,-1.574989208035575,BAD
case4,case4_y2048_x0896,896,2048,503,18.788973728954286,17.52539836768993,-1.2635753612643548,BAD
case4,case4_y2048_x1024,1024,2048,504,19.02095964534224,18.010786082375795,-1.0101735629664468,BAD
case4,case4_y2048_x1152,1152,2048,505,17.58148411380691,16.0771602312939,-1.5043238825130096,BAD
case4,case4_y2048_x1280,1280,2048,506,16.59637055838328,15.196706454050535,-1.3996641043327465,BAD
case4,case4_y2048_x1408,1408,2048,507,16.83056595432419,15.796185942748194,-1.0343800115759958,BAD
case4,case4_y2048_x1536,1536,2048,508,16.72446949241044,15.120017624967005,-1.6044518674434336,BAD
case4,case4_y2048_x1664,1664,2048,509,16.48681010983252,14.787209803959968,-1.6996003058725506,BAD
case4,case4_y2048_x1792,1792,2048,510,16.884922642672468,15.071524122856484,-1.8133985198159834,BAD
case4,case4_y2048_x1920,1920,2048,511,17.720993714570227,14.957971130358397,-2.7630225842118303,BAD
case4,case4_y2048_x2048,2048,2048,512,17.522381454103584,14.625811733655965,-2.8965697204476193,BAD
case4,case4_y2048_x2176,2176,2048,513,16.888299857731376,14.51194088529265,-2.376358972438725,BAD
case4,case4_y2048_x2304,2304,2048,514,16.992502159901605,14.712413536764293,-2.2800886231373116,BAD
case4,case4_y2048_x2432,2432,2048,515,16.59025108371649,14.551474069684565,-2.0387770140319237,BAD
case4,case4_y2048_x2560,2560,2048,516,16.30457556675306,15.16568630631248,-1.1388892604405783,BAD
case4,case4_y2048_x2688,2688,2048,517,16.167687544391423,15.699091501692042,-0.4685960426993816,BAD
case4,case4_y2048_x2816,2816,2048,518,15.908896144556785,15.115066282307282,-0.7938298622495026,BAD
case4,case4_y2048_x2944,2944,2048,519,16.752077345149445,15.799036422856698,-0.9530409222927467,BAD
case4,case4_y2048_x3072,3072,2048,520,18.24540005714946,17.371311288419395,-0.8740887687300649,BAD
case4,case4_y2048_x3200,3200,2048,521,18.126684351015726,17.166222643637585,-0.9604617073781405,BAD
case4,case4_y2048_x3328,3328,2048,522,17.33936441919792,16.85930886598538,-0.4800555532125408,BAD
case4,case4_y2048_x3456,3456,2048,523,16.751482762210408,16.625288649488866,-0.12619411272154224,BAD
case4,case4_y2048_x3584,3584,2048,524,16.73687483629698,16.331304381426865,-0.4055704548701158,BAD
case4,case4_y2048_x3712,3712,2048,525,16.80104334023249,15.817903523130925,-0.9831398171015646,BAD
case4,case4_y2048_x3840,3840,2048,526,16.686225631572444,15.44813698670221,-1.2380886448702348,BAD
case4,case4_y2176_x0000,0,2176,527,16.085840268130525,14.788197678693692,-1.2976425894368333,BAD
case4,case4_y2176_x0128,128,2176,528,15.81390094956133,14.784506504401534,-1.0293944451597952,BAD
case4,case4_y2176_x0256,256,2176,529,16.593963022806598,15.245972808226277,-1.3479902145803209,BAD
case4,case4_y2176_x0384,384,2176,530,16.90832613403049,15.461456705970313,-1.4468694280601753,BAD
case4,case4_y2176_x0512,512,2176,531,16.28319772761286,15.42299940947711,-0.8601983181357475,BAD
case4,case4_y2176_x0640,640,2176,532,17.24036472566585,16.741889667695332,-0.4984750579705164,BAD
case4,case4_y2176_x0768,768,2176,533,19.09877956347543,18.168748321998706,-0.9300312414767227,BAD
case4,case4_y2176_x0896,896,2176,534,18.545145919137248,17.419661372682985,-1.1254845464542633,BAD
case4,case4_y2176_x1024,1024,2176,535,17.321118217517835,16.127484849510104,-1.1936333680077311,BAD
case4,case4_y2176_x1152,1152,2176,536,16.325234669194426,14.596356528779335,-1.728878140415091,BAD
case4,case4_y2176_x1280,1280,2176,537,15.807813620962081,14.061816804008906,-1.7459968169531752,BAD
case4,case4_y2176_x1408,1408,2176,538,16.24165760026817,14.84778108187603,-1.3938765183921387,BAD
case4,case4_y2176_x1536,1536,2176,539,16.679590445120464,14.635520922371061,-2.0440695227494032,BAD
case4,case4_y2176_x1664,1664,2176,540,16.10951676904474,13.713898771993469,-2.3956179970512697,BAD
case4,case4_y2176_x1792,1792,2176,541,15.98939574411133,13.479890332222357,-2.5095054118889735,BAD
case4,case4_y2176_x1920,1920,2176,542,16.656991327906596,13.53966153953854,-3.117329788368055,BAD
case4,case4_y2176_x2048,2048,2176,543,16.691220182864154,13.887266160751363,-2.8039540221127908,BAD
case4,case4_y2176_x2176,2176,2176,544,16.352383265548312,14.174362914630825,-2.178020350917487,BAD
case4,case4_y2176_x2304,2304,2176,545,16.281986928230154,13.91360555625331,-2.3683813719768434,BAD
case4,case4_y2176_x2432,2432,2176,546,15.698814519163346,13.593154550809185,-2.1056599683541606,BAD
case4,case4_y2176_x2560,2560,2176,547,16.071289796516382,14.676045076996054,-1.3952447195203277,BAD
case4,case4_y2176_x2688,2688,2176,548,17.01535024545587,16.27356135929341,-0.7417888861624604,BAD
case4,case4_y2176_x2816,2816,2176,549,15.784925696208386,15.028305927284109,-0.7566197689242777,BAD
case4,case4_y2176_x2944,2944,2176,550,16.072945919204415,15.300695939073837,-0.772249980130578,BAD
case4,case4_y2176_x3072,3072,2176,551,18.435792208642468,17.52341676327815,-0.9123754453643187,BAD
case4,case4_y2176_x3200,3200,2176,552,18.435237796157548,17.23647749939879,-1.1987602967587563,BAD
case4,case4_y2176_x3328,3328,2176,553,17.070001545691287,16.416029219551117,-0.6539723261401704,BAD
case4,case4_y2176_x3456,3456,2176,554,16.62224917323962,16.355076887330085,-0.2671722859095347,BAD
case4,case4_y2176_x3584,3584,2176,555,16.98667552542232,16.23400545534935,-0.7526700700729698,BAD
case4,case4_y2176_x3712,3712,2176,556,17.339507959520613,15.654177807576872,-1.6853301519437416,BAD
case4,case4_y2176_x3840,3840,2176,557,17.759216624362097,15.799291734002491,-1.9599248903596056,BAD
case4,case4_y2304_x0000,0,2304,558,16.024048043949456,14.215984680246416,-1.8080633637030399,BAD
case4,case4_y2304_x0128,128,2304,559,16.156419773529464,14.43945259846896,-1.7169671750605033,BAD
case4,case4_y2304_x0256,256,2304,560,16.84093730117703,15.148704665073298,-1.6922326361037303,BAD
case4,case4_y2304_x0384,384,2304,561,16.83500327966349,15.086055753355772,-1.7489475263077168,BAD
case4,case4_y2304_x0512,512,2304,562,17.076204509253138,15.459584020467991,-1.6166204887851467,BAD
case4,case4_y2304_x0640,640,2304,563,18.038449848939212,16.809679750028653,-1.2287700989105588,BAD
case4,case4_y2304_x0768,768,2304,564,18.470638486700302,16.59020265372133,-1.8804358329789714,BAD
case4,case4_y2304_x0896,896,2304,565,18.327049325802843,16.018865654624705,-2.3081836711781385,BAD
case4,case4_y2304_x1024,1024,2304,566,17.486530731275348,15.109398046781727,-2.3771326844936205,BAD
case4,case4_y2304_x1152,1152,2304,567,17.180966689314342,14.53087745504674,-2.650089234267602,BAD
case4,case4_y2304_x1280,1280,2304,568,17.03420990218894,14.515504579567363,-2.518705322621578,BAD
case4,case4_y2304_x1408,1408,2304,569,16.92545832508015,14.906007064348675,-2.0194512607314756,BAD
case4,case4_y2304_x1536,1536,2304,570,16.937499952069164,15.097905184169791,-1.8395947678993725,BAD
case4,case4_y2304_x1664,1664,2304,571,15.95998579612527,13.955904153949014,-2.0040816421762564,BAD
case4,case4_y2304_x1792,1792,2304,572,15.697541176986292,13.436769160097786,-2.260772016888506,BAD
case4,case4_y2304_x1920,1920,2304,573,16.49096693459379,13.853003134932898,-2.6379637996608913,BAD
case4,case4_y2304_x2048,2048,2304,574,16.548194364793876,14.270582065519974,-2.277612299273901,BAD
case4,case4_y2304_x2176,2176,2304,575,16.513827992514987,14.50409014271665,-2.009737849798336,BAD
case4,case4_y2304_x2304,2304,2304,576,16.392305489905734,14.05202238808801,-2.3402831018177235,BAD
case4,case4_y2304_x2432,2432,2304,577,15.591398475597773,13.498463211887266,-2.0929352637105065,BAD
case4,case4_y2304_x2560,2560,2304,578,15.902260647291484,14.325857949852331,-1.5764026974391534,BAD
case4,case4_y2304_x2688,2688,2304,579,17.298066850473994,16.32865146789454,-0.9694153825794523,BAD
case4,case4_y2304_x2816,2816,2304,580,17.01949572425783,16.442116500735548,-0.5773792235222821,BAD
case4,case4_y2304_x2944,2944,2304,581,17.705433973728066,17.088518918890106,-0.6169150548379605,BAD
case4,case4_y2304_x3072,3072,2304,582,20.718391750502132,19.98481124317204,-0.7335805073300925,BAD
case4,case4_y2304_x3200,3200,2304,583,20.450924781094745,19.352500420887637,-1.0984243602071082,BAD
case4,case4_y2304_x3328,3328,2304,584,18.917233057638015,18.04670201325419,-0.8705310443838243,BAD
case4,case4_y2304_x3456,3456,2304,585,18.80030654989569,18.22742100099282,-0.572885548902871,BAD
case4,case4_y2304_x3584,3584,2304,586,18.903853144162422,17.947429925087313,-0.9564232190751092,BAD
case4,case4_y2304_x3712,3712,2304,587,17.894938962099967,16.509609683856375,-1.3853292782435922,BAD
case4,case4_y2304_x3840,3840,2304,588,18.117711912152267,16.49829994309068,-1.6194119690615878,BAD
case4,case4_y2432_x0000,0,2432,589,18.072697483188055,15.246349221500367,-2.826348261687688,BAD
case4,case4_y2432_x0128,128,2432,590,19.008963337658816,16.18053715445854,-2.828426183200275,BAD
case4,case4_y2432_x0256,256,2432,591,19.993693733123518,17.967553547265233,-2.026140185858285,BAD
case4,case4_y2432_x0384,384,2432,592,19.00734926968054,16.80893604927574,-2.198413220404799,BAD
case4,case4_y2432_x0512,512,2432,593,19.444735955819194,17.04197667628254,-2.402759279536653,BAD
case4,case4_y2432_x0640,640,2432,594,21.15022862855479,19.07248911227605,-2.07773951627874,BAD
case4,case4_y2432_x0768,768,2432,595,19.373640090499038,16.632936063404753,-2.740704027094285,BAD
case4,case4_y2432_x0896,896,2432,596,18.535199797718867,15.578219269146418,-2.9569805285724495,BAD
case4,case4_y2432_x1024,1024,2432,597,18.450714592006094,15.400396077828699,-3.0503185141773947,BAD
case4,case4_y2432_x1152,1152,2432,598,17.596183516329333,14.569039941780947,-3.0271435745483863,BAD
case4,case4_y2432_x1280,1280,2432,599,17.454311545443574,14.619711970773462,-2.8345995746701114,BAD
case4,case4_y2432_x1408,1408,2432,600,17.330334126404026,14.593399534203655,-2.7369345922003703,BAD
case4,case4_y2432_x1536,1536,2432,601,17.23041697582942,14.990667695448154,-2.2397492803812664,BAD
case4,case4_y2432_x1664,1664,2432,602,17.579035891639794,15.97359637544498,-1.6054395161948136,BAD
case4,case4_y2432_x1792,1792,2432,603,17.80884124126191,16.11456021491422,-1.6942810263476886,BAD
case4,case4_y2432_x1920,1920,2432,604,17.656828267037213,15.595075815065439,-2.061752451971774,BAD
case4,case4_y2432_x2048,2048,2432,605,16.946862353092833,15.079538624460064,-1.867323728632769,BAD
case4,case4_y2432_x2176,2176,2432,606,17.434108170492223,15.293144332128897,-2.1409638383633265,BAD
case4,case4_y2432_x2304,2304,2432,607,17.679161101978554,14.693073073537406,-2.9860880284411486,BAD
case4,case4_y2432_x2432,2432,2432,608,16.717653072022415,14.042042067170028,-2.675611004852387,BAD
case4,case4_y2432_x2560,2560,2432,609,16.493099046523124,14.158265972945221,-2.3348330735779026,BAD
case4,case4_y2432_x2688,2688,2432,610,16.31878180732157,14.283701336722494,-2.035080470599077,BAD
case4,case4_y2432_x2816,2816,2432,611,17.130551202703582,15.766531270394067,-1.3640199323095157,BAD
case4,case4_y2432_x2944,2944,2432,612,19.456372499157656,18.679933078062696,-0.7764394210949597,BAD
case4,case4_y2432_x3072,3072,2432,613,21.087808929956434,19.806225458054413,-1.281583471902021,BAD
case4,case4_y2432_x3200,3200,2432,614,20.8220682631912,18.918750067212954,-1.903318195978244,BAD
case4,case4_y2432_x3328,3328,2432,615,20.626823091259382,18.891024519201924,-1.7357985720574582,BAD
case4,case4_y2432_x3456,3456,2432,616,20.125299878824446,18.976747765553778,-1.148552113270668,BAD
case4,case4_y2432_x3584,3584,2432,617,19.585009172441247,18.85056269059453,-0.7344464818467173,BAD
case4,case4_y2432_x3712,3712,2432,618,18.624362525661173,18.181864279636155,-0.44249824602501775,BAD
case4,case4_y2432_x3840,3840,2432,619,18.868050616641955,17.996073959762494,-0.8719766568794611,BAD
case4,case4_y2560_x0000,0,2560,620,19.77386484045928,17.184101057870127,-2.589763782589152,BAD
case4,case4_y2560_x0128,128,2560,621,20.284227760653874,17.790332800754296,-2.4938949598995777,BAD
case4,case4_y2560_x0256,256,2560,622,19.86446724077268,17.867687987630987,-1.9967792531416926,BAD
case4,case4_y2560_x0384,384,2560,623,19.704253168154843,17.993959760344186,-1.7102934078106564,BAD
case4,case4_y2560_x0512,512,2560,624,20.452140254142282,18.634700327673293,-1.8174399264689889,BAD
case4,case4_y2560_x0640,640,2560,625,22.074206047467886,20.079262366205786,-1.9949436812621002,BAD
case4,case4_y2560_x0768,768,2560,626,21.018045708402553,18.40859674747199,-2.609448960930564,BAD
case4,case4_y2560_x0896,896,2560,627,19.62729248183685,17.09844989954728,-2.5288425822895704,BAD
case4,case4_y2560_x1024,1024,2560,628,19.099907963351754,16.28418065882352,-2.8157273045282345,BAD
case4,case4_y2560_x1152,1152,2560,629,18.03905775852378,14.976871519012754,-3.062186239511025,BAD
case4,case4_y2560_x1280,1280,2560,630,16.761021840443266,14.020459256783706,-2.7405625836595604,BAD
case4,case4_y2560_x1408,1408,2560,631,17.195416339049356,14.241811510648255,-2.953604828401101,BAD
case4,case4_y2560_x1536,1536,2560,632,19.340728974121,16.46296338130076,-2.8777655928202392,BAD
case4,case4_y2560_x1664,1664,2560,633,20.183979181729313,18.285667614560374,-1.898311567168939,BAD
case4,case4_y2560_x1792,1792,2560,634,19.654452692579444,18.09894283716314,-1.5555098554163038,BAD
case4,case4_y2560_x1920,1920,2560,635,18.86975316723815,17.244249382818666,-1.625503784419486,BAD
case4,case4_y2560_x2048,2048,2560,636,17.640819737948377,15.617321696772068,-2.0234980411763086,BAD
case4,case4_y2560_x2176,2176,2560,637,17.846372412248215,15.302319849156945,-2.5440525630912703,BAD
case4,case4_y2560_x2304,2304,2560,638,18.873888811647245,15.72328927759997,-3.1505995340472737,BAD
case4,case4_y2560_x2432,2432,2560,639,18.6141583267207,15.809311058295602,-2.804847268425096,BAD
case4,case4_y2560_x2560,2560,2560,640,17.813721621876024,15.032929164473678,-2.7807924574023453,BAD
case4,case4_y2560_x2688,2688,2560,641,16.73543028847979,14.206622129306757,-2.5288081591730336,BAD
case4,case4_y2560_x2816,2816,2560,642,17.143367463100404,15.641051633340268,-1.5023158297601356,BAD
case4,case4_y2560_x2944,2944,2560,643,18.784370044853212,18.05645338009162,-0.7279166647615902,BAD
case4,case4_y2560_x3072,3072,2560,644,20.514539404091565,18.748791140600268,-1.7657482634912967,BAD
case4,case4_y2560_x3200,3200,2560,645,20.987672281616558,18.669496750380645,-2.3181755312359122,BAD
case4,case4_y2560_x3328,3328,2560,646,20.084941142067294,17.796646026209043,-2.2882951158582507,BAD
case4,case4_y2560_x3456,3456,2560,647,19.64227966939439,17.186047272997772,-2.4562323963966186,BAD
case4,case4_y2560_x3584,3584,2560,648,20.133214231525407,18.523166388557655,-1.6100478429677523,BAD
case4,case4_y2560_x3712,3712,2560,649,19.224006921483433,19.107847153422327,-0.11615976806110595,BAD
case4,case4_y2560_x3840,3840,2560,650,18.983068413526805,17.559404261218926,-1.4236641523078788,BAD
case4,case4_y2688_x0000,0,2688,651,20.749983352161905,16.692093285309834,-4.057890066852071,BAD
case4,case4_y2688_x0128,128,2688,652,20.292324699705237,17.65897000618957,-2.633354693515667,BAD
case4,case4_y2688_x0256,256,2688,653,19.456283718035476,17.33871165316608,-2.117572064869396,BAD
case4,case4_y2688_x0384,384,2688,654,19.54683741071467,17.962474947869495,-1.5843624628451742,BAD
case4,case4_y2688_x0512,512,2688,655,20.54174314108108,18.849462135096847,-1.6922810059842348,BAD
case4,case4_y2688_x0640,640,2688,656,21.731397067080994,19.73058185356156,-2.0008152135194344,BAD
case4,case4_y2688_x0768,768,2688,657,21.528540586236666,19.23874670755962,-2.2897938786770453,BAD
case4,case4_y2688_x0896,896,2688,658,20.345250190769605,18.10177976467509,-2.2434704260945146,BAD
case4,case4_y2688_x1024,1024,2688,659,20.02913151589654,17.073217687112482,-2.955913828784059,BAD
case4,case4_y2688_x1152,1152,2688,660,19.417296405530372,15.362570074075656,-4.054726331454717,BAD
case4,case4_y2688_x1280,1280,2688,661,17.854067162858417,14.35149965186257,-3.5025675109958474,BAD
case4,case4_y2688_x1408,1408,2688,662,18.540764953780478,15.372922270244347,-3.167842683536131,BAD
case4,case4_y2688_x1536,1536,2688,663,20.489025518185787,18.04033869125054,-2.4486868269352478,BAD
case4,case4_y2688_x1664,1664,2688,664,19.162742369492957,17.763525416172897,-1.3992169533200602,BAD
case4,case4_y2688_x1792,1792,2688,665,18.418202510837332,17.010218249130855,-1.4079842617064777,BAD
case4,case4_y2688_x1920,1920,2688,666,19.051714053126723,17.904546127246885,-1.1471679258798382,BAD
case4,case4_y2688_x2048,2048,2688,667,18.854669706089737,16.735768807261934,-2.1189008988278033,BAD
case4,case4_y2688_x2176,2176,2688,668,18.542754060353893,15.789725194545547,-2.7530288658083464,BAD
case4,case4_y2688_x2304,2304,2688,669,19.221077882378214,16.501357508567366,-2.7197203738108477,BAD
case4,case4_y2688_x2432,2432,2688,670,19.581192937753716,16.83549221527936,-2.745700722474357,BAD
case4,case4_y2688_x2560,2560,2688,671,19.213680836652426,16.060109897925916,-3.15357093872651,BAD
case4,case4_y2688_x2688,2688,2688,672,17.828589001317297,15.436095167346021,-2.392493833971276,BAD
case4,case4_y2688_x2816,2816,2688,673,17.911720637983898,16.718877773731027,-1.1928428642528708,BAD
case4,case4_y2688_x2944,2944,2688,674,19.118832352957448,18.385333828075698,-0.7334985248817496,BAD
case4,case4_y2688_x3072,3072,2688,675,19.767238529350898,18.120873917706323,-1.6463646116445751,BAD
case4,case4_y2688_x3200,3200,2688,676,19.800163693408955,17.322053700436683,-2.4781099929722714,BAD
case4,case4_y2688_x3328,3328,2688,677,19.288350850875542,16.26794111076605,-3.0204097401094927,BAD
case4,case4_y2688_x3456,3456,2688,678,19.423971239707047,15.873574464920242,-3.5503967747868046,BAD
case4,case4_y2688_x3584,3584,2688,679,20.088707996112277,17.627775996356426,-2.46093199975585,BAD
case4,case4_y2688_x3712,3712,2688,680,18.730932969225783,18.429640106731174,-0.3012928624946092,BAD
case4,case4_y2688_x3840,3840,2688,681,18.249292439006798,17.068900863276877,-1.1803915757299208,BAD
case4,case4_y2816_x0000,0,2816,682,18.666202047276908,14.858308818758346,-3.8078932285185623,BAD
case4,case4_y2816_x0128,128,2816,683,19.167067633763413,16.09497050363872,-3.0720971301246927,BAD
case4,case4_y2816_x0256,256,2816,684,20.416515973006067,18.11296591262543,-2.303550060380637,BAD
case4,case4_y2816_x0384,384,2816,685,21.19134518636217,19.91142058307762,-1.2799246032845488,BAD
case4,case4_y2816_x0512,512,2816,686,21.94320484535571,20.85459552201769,-1.0886093233380194,BAD
case4,case4_y2816_x0640,640,2816,687,22.26082628454906,21.175213829524605,-1.0856124550244566,BAD
case4,case4_y2816_x0768,768,2816,688,22.03528498810344,20.481043232458305,-1.554241755645137,BAD
case4,case4_y2816_x0896,896,2816,689,22.737549473340962,20.81655112310774,-1.9209983502332229,BAD
case4,case4_y2816_x1024,1024,2816,690,23.727238641923883,21.171634526737613,-2.55560411518627,BAD
case4,case4_y2816_x1152,1152,2816,691,21.17309530292033,17.038344488259582,-4.134750814660748,BAD
case4,case4_y2816_x1280,1280,2816,692,19.69683708741391,15.949011078475824,-3.7478260089380875,BAD
case4,case4_y2816_x1408,1408,2816,693,20.425945392300772,17.47215540089406,-2.953789991406712,BAD
case4,case4_y2816_x1536,1536,2816,694,20.256192845680104,18.354026643451704,-1.9021662022284005,BAD
case4,case4_y2816_x1664,1664,2816,695,19.52210503238577,18.355082871164893,-1.1670221612208778,BAD
case4,case4_y2816_x1792,1792,2816,696,19.606774262210422,18.412220364550855,-1.194553897659567,BAD
case4,case4_y2816_x1920,1920,2816,697,20.1278010114877,19.237675625192093,-0.8901253862956082,BAD
case4,case4_y2816_x2048,2048,2816,698,19.83354447982554,18.067857811263302,-1.765686668562239,BAD
case4,case4_y2816_x2176,2176,2816,699,19.00083456668163,16.389321041038535,-2.611513525643094,BAD
case4,case4_y2816_x2304,2304,2816,700,18.678730497198732,15.814316191301444,-2.864414305897288,BAD
case4,case4_y2816_x2432,2432,2816,701,18.812660717879506,15.789611359457808,-3.023049358421698,BAD
case4,case4_y2816_x2560,2560,2816,702,18.703136119642572,16.064405459069775,-2.638730660572797,BAD
case4,case4_y2816_x2688,2688,2816,703,18.004558830612666,16.222918570713983,-1.7816402598986834,BAD
case4,case4_y2816_x2816,2816,2816,704,18.506531510777773,17.113998694250693,-1.3925328165270798,BAD
case4,case4_y2816_x2944,2944,2816,705,18.85112215987904,17.70034663764965,-1.1507755222293916,BAD
case4,case4_y2816_x3072,3072,2816,706,18.97783407693358,17.316264950510085,-1.661569126423494,BAD
case4,case4_y2816_x3200,3200,2816,707,19.396239410800828,16.76328882606993,-2.632950584730896,BAD
case4,case4_y2816_x3328,3328,2816,708,19.339480018994163,16.471801486402548,-2.867678532591615,BAD
case4,case4_y2816_x3456,3456,2816,709,19.975377880646377,16.79131117283037,-3.184066707816008,BAD
case4,case4_y2816_x3584,3584,2816,710,20.094712234042156,18.03387885052399,-2.0608333835181654,BAD
case4,case4_y2816_x3712,3712,2816,711,18.8890225322842,18.601670341907134,-0.2873521903770673,BAD
case4,case4_y2816_x3840,3840,2816,712,18.447412782497356,18.018694214071566,-0.4287185684257899,BAD
case5,case5_y0000_x0000,0,0,0,30.339241038999113,22.745149605053278,-7.5940914339458345,BAD
case5,case5_y0000_x0128,128,0,1,26.753590259014345,21.206620566655886,-5.546969692358459,BAD
case5,case5_y0000_x0256,256,0,2,27.220963312374693,22.389237732512516,-4.8317255798621765,BAD
case5,case5_y0000_x0384,384,0,3,34.038082379443395,32.75365130217428,-1.2844310772691117,BAD
case5,case5_y0000_x0512,512,0,4,26.16052536465322,24.323439125856265,-1.8370862387969566,BAD
case5,case5_y0000_x0640,640,0,5,26.090331825598852,24.32444456421522,-1.7658872613836323,BAD
case5,case5_y0000_x0768,768,0,6,29.432051833673558,26.167664984062448,-3.2643868496111104,BAD
case5,case5_y0000_x0896,896,0,7,27.87904279561781,24.99999063591804,-2.8790521596997714,BAD
case5,case5_y0000_x1024,1024,0,8,29.226650449687156,24.682812638444062,-4.543837811243094,BAD
case5,case5_y0000_x1152,1152,0,9,30.03952819476347,23.896439017494448,-6.143089177269022,BAD
case5,case5_y0000_x1280,1280,0,10,33.42450850127919,27.737566258280214,-5.6869422429989775,BAD
case5,case5_y0000_x1408,1408,0,11,42.77556031546072,37.19538839650523,-5.580171918955493,BAD
case5,case5_y0000_x1536,1536,0,12,43.64183438257392,39.24052938037813,-4.401305002195791,BAD
case5,case5_y0000_x1664,1664,0,13,34.73510734823235,32.443243089891574,-2.291864258340773,BAD
case5,case5_y0000_x1792,1792,0,14,28.990084629122887,25.105322025414356,-3.8847626037085305,BAD
case5,case5_y0000_x1920,1920,0,15,26.115536233027363,21.9845550838697,-4.1309811491576625,BAD
case5,case5_y0000_x2048,2048,0,16,25.108106590424097,21.338308609171218,-3.7697979812528786,BAD
case5,case5_y0000_x2176,2176,0,17,24.78625014377269,21.173812922087333,-3.612437221685358,BAD
case5,case5_y0000_x2304,2304,0,18,24.948650394770947,20.862650437129556,-4.085999957641391,BAD
case5,case5_y0000_x2432,2432,0,19,25.192424201314566,20.81052600015697,-4.381898201157597,BAD
case5,case5_y0000_x2560,2560,0,20,25.53786668074068,21.36691831047702,-4.1709483702636625,BAD
case5,case5_y0000_x2688,2688,0,21,27.939592086751162,24.159039630976725,-3.780552455774437,BAD
case5,case5_y0000_x2816,2816,0,22,33.80509170612853,30.840816357791972,-2.9642753483365567,BAD
case5,case5_y0000_x2944,2944,0,23,31.83413481392339,24.104344788753945,-7.7297900251694465,BAD
case5,case5_y0000_x3072,3072,0,24,30.138383130779793,23.674497303401623,-6.463885827378171,BAD
case5,case5_y0000_x3200,3200,0,25,29.598714285736108,27.643376180147552,-1.955338105588556,BAD
case5,case5_y0000_x3328,3328,0,26,25.04663531473537,23.83971595897146,-1.2069193557639082,BAD
case5,case5_y0000_x3456,3456,0,27,24.172521582313813,22.239417983764966,-1.933103598548847,BAD
case5,case5_y0000_x3584,3584,0,28,25.59543160630303,22.642816670285285,-2.9526149360177456,BAD
case5,case5_y0000_x3712,3712,0,29,22.560070919918687,20.587516415734974,-1.9725545041837123,BAD
case5,case5_y0000_x3840,3840,0,30,22.543127449749328,20.725218311113057,-1.8179091386362707,BAD
case5,case5_y0128_x0000,0,128,31,29.077469293270806,22.91150782591452,-6.165961467356286,BAD
case5,case5_y0128_x0128,128,128,32,25.949289342326217,20.365887217282594,-5.583402125043623,BAD
case5,case5_y0128_x0256,256,128,33,26.67906955493445,21.390048170218474,-5.289021384715976,BAD
case5,case5_y0128_x0384,384,128,34,33.90861229447602,32.6089395996478,-1.2996726948282245,BAD
case5,case5_y0128_x0512,512,128,35,26.03091079573261,24.50407869077538,-1.5268321049572293,BAD
case5,case5_y0128_x0640,640,128,36,26.05352310736532,24.536876533891217,-1.5166465734741017,BAD
case5,case5_y0128_x0768,768,128,37,29.984344788138408,25.678672326593333,-4.305672461545075,BAD
case5,case5_y0128_x0896,896,128,38,28.439932256285537,24.62276835003958,-3.817163906245959,BAD
case5,case5_y0128_x1024,1024,128,39,29.61605745839464,25.048270030457104,-4.567787427937535,BAD
case5,case5_y0128_x1152,1152,128,40,29.90379709030711,24.118922366743,-5.7848747235641085,BAD
case5,case5_y0128_x1280,1280,128,41,33.18008936548813,27.66255557099006,-5.517533794498068,BAD
case5,case5_y0128_x1408,1408,128,42,43.7767478419127,38.191781043905905,-5.584966798006796,BAD
case5,case5_y0128_x1536,1536,128,43,39.79247262797111,34.698271115927476,-5.094201512043632,BAD
case5,case5_y0128_x1664,1664,128,44,27.493044589490797,23.526538121383602,-3.9665064681071946,BAD
case5,case5_y0128_x1792,1792,128,45,24.374039399176638,20.338820531835356,-4.035218867341282,BAD
case5,case5_y0128_x1920,1920,128,46,25.034659594672153,20.84978383825076,-4.184875756421391,BAD
case5,case5_y0128_x2048,2048,128,47,24.249751843154343,20.523619463585593,-3.7261323795687495,BAD
case5,case5_y0128_x2176,2176,128,48,23.02798348198769,19.636280642267828,-3.391702839719862,BAD
case5,case5_y0128_x2304,2304,128,49,25.319015751484493,21.270089783131112,-4.04892596835338,BAD
case5,case5_y0128_x2432,2432,128,50,26.34146819141128,21.558421193432395,-4.783046997978886,BAD
case5,case5_y0128_x2560,2560,128,51,23.87900678305972,19.91220893649663,-3.9667978465630895,BAD
case5,case5_y0128_x2688,2688,128,52,23.73625084376964,20.402128415861824,-3.3341224279078148,BAD
case5,case5_y0128_x2816,2816,128,53,26.632512897790175,24.12851838140056,-2.5039945163896142,BAD
case5,case5_y0128_x2944,2944,128,54,30.769789024043632,25.1282258849943,-5.641563139049332,BAD
case5,case5_y0128_x3072,3072,128,55,29.673310786020387,24.874839556654894,-4.798471229365493,BAD
case5,case5_y0128_x3200,3200,128,56,29.016656430546682,27.851535156787797,-1.165121273758885,BAD
case5,case5_y0128_x3328,3328,128,57,24.816577190996433,24.181854445902417,-0.6347227450940167,BAD
case5,case5_y0128_x3456,3456,128,58,25.216946930147643,24.089604646706885,-1.1273422834407576,BAD
case5,case5_y0128_x3584,3584,128,59,32.27003689152624,28.338430203031045,-3.9316066884951937,BAD
case5,case5_y0128_x3712,3712,128,60,26.210017345149595,23.799509475824586,-2.4105078693250093,BAD
case5,case5_y0128_x3840,3840,128,61,26.27543038898365,23.844837245213874,-2.4305931437697765,BAD
case5,case5_y0256_x0000,0,256,62,29.078606676717925,23.598628813477404,-5.479977863240521,BAD
case5,case5_y0256_x0128,128,256,63,25.330763971667032,20.618859919441356,-4.711904052225677,BAD
case5,case5_y0256_x0256,256,256,64,26.02982006487297,21.457591803087382,-4.572228261785586,BAD
case5,case5_y0256_x0384,384,256,65,33.61952843977596,32.23042535992205,-1.3891030798539106,BAD
case5,case5_y0256_x0512,512,256,66,26.580729612887474,25.281226251192102,-1.299503361695372,BAD
case5,case5_y0256_x0640,640,256,67,25.31798831019859,24.493866484739737,-0.8241218254588532,BAD
case5,case5_y0256_x0768,768,256,68,26.23036432735377,24.767125671684674,-1.4632386556690946,BAD
case5,case5_y0256_x0896,896,256,69,26.775280041517142,24.78753140864219,-1.9877486328749505,BAD
case5,case5_y0256_x1024,1024,256,70,29.574249811219033,26.138515778901855,-3.4357340323171783,BAD
case5,case5_y0256_x1152,1152,256,71,30.072196609454366,24.888497401418736,-5.18369920803563,BAD
case5,case5_y0256_x1280,1280,256,72,33.282637208458866,27.88364411066898,-5.398993097789887,BAD
case5,case5_y0256_x1408,1408,256,73,44.02928599325244,39.21534487202515,-4.813941121227288,BAD
case5,case5_y0256_x1536,1536,256,74,28.658523181744307,25.27178560179266,-3.386737579951646,BAD
case5,case5_y0256_x1664,1664,256,75,23.90914280725175,20.49123637696432,-3.417906430287431,BAD
case5,case5_y0256_x1792,1792,256,76,22.107489430121117,19.744393473138864,-2.363095956982253,BAD
case5,case5_y0256_x1920,1920,256,77,24.094193361028683,22.616893008091882,-1.4773003529368012,BAD
case5,case5_y0256_x2048,2048,256,78,24.290216419884505,21.913381623964476,-2.376834795920029,BAD
case5,case5_y0256_x2176,2176,256,79,22.19068161294214,19.56407268903919,-2.6266089239029498,BAD
case5,case5_y0256_x2304,2304,256,80,25.487819362705327,22.54880472905956,-2.9390146336457654,BAD
case5,case5_y0256_x2432,2432,256,81,26.59911124999063,24.692257610409957,-1.9068536395806746,BAD
case5,case5_y0256_x2560,2560,256,82,24.75339949889719,22.15740713687837,-2.595992362018819,BAD
case5,case5_y0256_x2688,2688,256,83,23.20037973059462,21.16892835223738,-2.0314513783572394,BAD
case5,case5_y0256_x2816,2816,256,84,23.102625947287734,21.78363833019164,-1.318987617096095,BAD
case5,case5_y0256_x2944,2944,256,85,27.873288526849933,24.296274663736565,-3.5770138631133683,BAD
case5,case5_y0256_x3072,3072,256,86,31.559344667137378,26.295154167136367,-5.2641905000010105,BAD
case5,case5_y0256_x3200,3200,256,87,30.096536643054908,28.897721718534456,-1.1988149245204518,BAD
case5,case5_y0256_x3328,3328,256,88,24.441615558735506,24.594175734356778,0.15256017562127155,GOOD
case5,case5_y0256_x3456,3456,256,89,24.55900637859553,24.50442369974434,-0.05458267885119028,BAD
case5,case5_y0256_x3584,3584,256,90,32.049050041182795,29.30069041363904,-2.7483596275437563,BAD
case5,case5_y0256_x3712,3712,256,91,26.091558301841275,24.16402311182463,-1.9275351900166449,BAD
case5,case5_y0256_x3840,3840,256,92,26.12413479745372,24.178343680646492,-1.9457911168072286,BAD
case5,case5_y0384_x0000,0,384,93,29.921070882814117,24.0918825356269,-5.829188347187216,BAD
case5,case5_y0384_x0128,128,384,94,25.41233804925557,20.96997451851857,-4.442363530737001,BAD
case5,case5_y0384_x0256,256,384,95,23.844229158676903,20.564706523368933,-3.27952263530797,BAD
case5,case5_y0384_x0384,384,384,96,24.52363270278071,23.946075820615384,-0.5775568821653252,BAD
case5,case5_y0384_x0512,512,384,97,23.327242026929575,22.683435178374765,-0.6438068485548101,BAD
case5,case5_y0384_x0640,640,384,98,22.872513251668593,22.32667400536843,-0.5458392463001616,BAD
case5,case5_y0384_x0768,768,384,99,23.548144561211473,23.144737563134967,-0.4034069980765054,BAD
case5,case5_y0384_x0896,896,384,100,25.098325009443418,24.679254648335917,-0.41907036110750084,BAD
case5,case5_y0384_x1024,1024,384,101,28.739410590497346,27.347264862674177,-1.39214572782317,BAD
case5,case5_y0384_x1152,1152,384,102,29.626024985560285,26.419647317686596,-3.2063776678736886,BAD
case5,case5_y0384_x1280,1280,384,103,32.571560595741914,28.79920195945528,-3.772358636286633,BAD
case5,case5_y0384_x1408,1408,384,104,35.0145722384161,29.927964266762007,-5.086607971654093,BAD
case5,case5_y0384_x1536,1536,384,105,24.855015448965542,21.891996950617724,-2.963018498347818,BAD
case5,case5_y0384_x1664,1664,384,106,23.084862302787652,20.440355731234753,-2.644506571552899,BAD
case5,case5_y0384_x1792,1792,384,107,22.413036850843216,21.79632515663616,-0.616711694207055,BAD
case5,case5_y0384_x1920,1920,384,108,22.841109368814074,23.945736617937957,1.104627249123883,GOOD
case5,case5_y0384_x2048,2048,384,109,23.599632128136623,22.884496530386954,-0.7151355977496685,BAD
case5,case5_y0384_x2176,2176,384,110,22.831582301926172,20.74774458888384,-2.083837713042332,BAD
case5,case5_y0384_x2304,2304,384,111,25.352073899623576,22.71194297483815,-2.640130924785428,BAD
case5,case5_y0384_x2432,2432,384,112,25.442398929688352,24.05390060756585,-1.3884983221225013,BAD
case5,case5_y0384_x2560,2560,384,113,26.43147184756799,25.216686189731735,-1.2147856578362557,BAD
case5,case5_y0384_x2688,2688,384,114,25.515424607448033,25.23863485352624,-0.2767897539217934,BAD
case5,case5_y0384_x2816,2816,384,115,22.392385728167426,21.67958910824417,-0.7127966199232567,BAD
case5,case5_y0384_x2944,2944,384,116,24.571420719994617,21.97916481617036,-2.592255903824256,BAD
case5,case5_y0384_x3072,3072,384,117,30.958911647099598,25.77810860458178,-5.180803042517816,BAD
case5,case5_y0384_x3200,3200,384,118,30.38042547202381,30.037287127644007,-0.3431383443798026,BAD
case5,case5_y0384_x3328,3328,384,119,24.179225107565678,24.281302549056672,0.1020774414909944,GOOD
case5,case5_y0384_x3456,3456,384,120,24.056841307760024,24.00665874545244,-0.05018256230758311,BAD
case5,case5_y0384_x3584,3584,384,121,31.269515705937362,29.833055711542688,-1.4364599943946743,BAD
case5,case5_y0384_x3712,3712,384,122,24.767428584360825,23.7585928177513,-1.0088357666095256,BAD
case5,case5_y0384_x3840,3840,384,123,24.677077771619654,23.698509027693525,-0.9785687439261288,BAD
case5,case5_y0512_x0000,0,512,124,29.16729587388442,23.893902679422716,-5.273393194461704,BAD
case5,case5_y0512_x0128,128,512,125,25.80370537659054,21.920921435898904,-3.8827839406916347,BAD
case5,case5_y0512_x0256,256,512,126,23.950228038007985,21.247643893771333,-2.7025841442366527,BAD
case5,case5_y0512_x0384,384,512,127,24.355561543809788,23.805424668517183,-0.5501368752926048,BAD
case5,case5_y0512_x0512,512,512,128,22.977260422124,22.100783419682195,-0.8764770024418063,BAD
case5,case5_y0512_x0640,640,512,129,23.047697071449242,21.826547206503605,-1.2211498649456374,BAD
case5,case5_y0512_x0768,768,512,130,25.307979208640997,23.432456081271148,-1.8755231273698492,BAD
case5,case5_y0512_x0896,896,512,131,26.28409734971663,23.783775526150276,-2.500321823566356,BAD
case5,case5_y0512_x1024,1024,512,132,28.544322400602546,26.051888224051105,-2.4924341765514413,BAD
case5,case5_y0512_x1152,1152,512,133,28.976990295790323,27.906921509601016,-1.0700687861893066,BAD
case5,case5_y0512_x1280,1280,512,134,31.00169680823886,29.90248385175118,-1.0992129564876798,BAD
case5,case5_y0512_x1408,1408,512,135,27.49564284795277,25.12922975756464,-2.3664130903881286,BAD
case5,case5_y0512_x1536,1536,512,136,23.50791513354718,21.797410547762837,-1.7105045857843422,BAD
case5,case5_y0512_x1664,1664,512,137,24.769340017831034,23.196673844331972,-1.5726661734990621,BAD
case5,case5_y0512_x1792,1792,512,138,24.068063911471324,23.102936597010284,-0.9651273144610393,BAD
case5,case5_y0512_x1920,1920,512,139,22.31389895705657,21.923332632834324,-0.39056632422224524,BAD
case5,case5_y0512_x2048,2048,512,140,23.010812806562626,21.471624779907465,-1.539188026655161,BAD
case5,case5_y0512_x2176,2176,512,141,23.68480809040665,21.180775481072263,-2.504032609334388,BAD
case5,case5_y0512_x2304,2304,512,142,24.621162715307847,22.300712161335817,-2.32045055397203,BAD
case5,case5_y0512_x2432,2432,512,143,25.921315091945814,23.852582685539367,-2.068732406406447,BAD
case5,case5_y0512_x2560,2560,512,144,28.37601197223467,27.31256338486712,-1.063448587367553,BAD
case5,case5_y0512_x2688,2688,512,145,24.90805351927847,25.796814550648325,0.8887610313698531,GOOD
case5,case5_y0512_x2816,2816,512,146,21.910597973149724,21.135789511327427,-0.7748084618222961,BAD
case5,case5_y0512_x2944,2944,512,147,22.97369921605059,20.865036093408197,-2.108663122642394,BAD
case5,case5_y0512_x3072,3072,512,148,27.174123601674797,24.934243123672907,-2.23988047800189,BAD
case5,case5_y0512_x3200,3200,512,149,29.49622474052497,29.300406735003193,-0.19581800552177597,BAD
case5,case5_y0512_x3328,3328,512,150,24.363237468201177,23.87814132808556,-0.4850961401156155,BAD
case5,case5_y0512_x3456,3456,512,151,24.330152740644845,23.775514447447733,-0.5546382931971117,BAD
case5,case5_y0512_x3584,3584,512,152,31.785991341160052,30.481082510461583,-1.3049088306984693,BAD
case5,case5_y0512_x3712,3712,512,153,25.066057687134663,23.88208199512892,-1.1839756920057418,BAD
case5,case5_y0512_x3840,3840,512,154,24.985929475971112,23.835238416323836,-1.1506910596472757,BAD
case5,case5_y0640_x0000,0,640,155,28.161239806599895,24.10817788651331,-4.053061920086584,BAD
case5,case5_y0640_x0128,128,640,156,25.411759046105583,23.67278277269163,-1.7389762734139538,BAD
case5,case5_y0640_x0256,256,640,157,25.60959598304748,24.163257726719788,-1.4463382563276923,BAD
case5,case5_y0640_x0384,384,640,158,31.306552302949235,30.963755247592253,-0.3427970553569821,BAD
case5,case5_y0640_x0512,512,640,159,25.66846572451596,24.299501683233416,-1.3689640412825455,BAD
case5,case5_y0640_x0640,640,640,160,24.9897676290616,22.936457023918425,-2.0533106051431744,BAD
case5,case5_y0640_x0768,768,640,161,29.807934704836924,24.93488808405045,-4.873046620786475,BAD
case5,case5_y0640_x0896,896,640,162,28.28061271269864,23.31388762616301,-4.966725086535632,BAD
case5,case5_y0640_x1024,1024,640,163,28.60757086148746,24.674714198958508,-3.932856662528952,BAD
case5,case5_y0640_x1152,1152,640,164,29.31455945445494,29.732437827523313,0.4178783730683726,GOOD
case5,case5_y0640_x1280,1280,640,165,30.54279899339065,31.29644760436994,0.7536486109792904,GOOD
case5,case5_y0640_x1408,1408,640,166,24.811688513921677,22.30564656167445,-2.5060419522472266,BAD
case5,case5_y0640_x1536,1536,640,167,22.13075198419046,20.603602085901457,-1.5271498982890037,BAD
case5,case5_y0640_x1664,1664,640,168,25.18070493791204,25.179887163212502,-0.0008177746995379209,BAD
case5,case5_y0640_x1792,1792,640,169,25.244142264821306,23.9589801215689,-1.285162143252407,BAD
case5,case5_y0640_x1920,1920,640,170,22.81570052082051,21.70193696296768,-1.113763557852831,BAD
case5,case5_y0640_x2048,2048,640,171,24.623252145899745,22.646568258562457,-1.9766838873372876,BAD
case5,case5_y0640_x2176,2176,640,172,26.9835730880329,23.62551802412145,-3.3580550639114506,BAD
case5,case5_y0640_x2304,2304,640,173,27.106180551185844,24.66500273662962,-2.441177814556223,BAD
case5,case5_y0640_x2432,2432,640,174,27.81284057399787,24.120573878859876,-3.692266695137995,BAD
case5,case5_y0640_x2560,2560,640,175,24.747586129927885,23.47612004781951,-1.2714660821083754,BAD
case5,case5_y0640_x2688,2688,640,176,22.656993248151053,23.591599044564795,0.9346057964137415,GOOD
case5,case5_y0640_x2816,2816,640,177,22.566988671446346,21.32828011017248,-1.2387085612738673,BAD
case5,case5_y0640_x2944,2944,640,178,23.035433511935423,20.73887519656663,-2.2965583153687916,BAD
case5,case5_y0640_x3072,3072,640,179,25.58706041431995,23.867313169886273,-1.7197472444336768,BAD
case5,case5_y0640_x3200,3200,640,180,29.468782920770767,28.19267966883414,-1.2761032519366289,BAD
case5,case5_y0640_x3328,3328,640,181,25.790562589378666,24.550088526146983,-1.2404740632316837,BAD
case5,case5_y0640_x3456,3456,640,182,25.908046571526224,24.274783778989196,-1.6332627925370282,BAD
case5,case5_y0640_x3584,3584,640,183,32.78524085138079,30.334679670300368,-2.450561181080424,BAD
case5,case5_y0640_x3712,3712,640,184,26.09371310400556,24.015522497877217,-2.0781906061283415,BAD
case5,case5_y0640_x3840,3840,640,185,26.037065912033913,23.99172609952794,-2.045339812505972,BAD
case5,case5_y0768_x0000,0,768,186,28.11669928642051,24.30777204118598,-3.8089272452345284,BAD
case5,case5_y0768_x0128,128,768,187,25.41569996577936,23.64327105575161,-1.7724289100277488,BAD
case5,case5_y0768_x0256,256,768,188,25.99392866468709,23.74395955268866,-2.2499691119984284,BAD
case5,case5_y0768_x0384,384,768,189,30.551137666019752,28.349373997884108,-2.2017636681356443,BAD
case5,case5_y0768_x0512,512,768,190,23.794940009426867,23.175574709960763,-0.6193652994661036,BAD
case5,case5_y0768_x0640,640,768,191,23.083755731882828,21.10575156534115,-1.9780041665416768,BAD
case5,case5_y0768_x0768,768,768,192,27.01212326938727,20.815765599147667,-6.196357670239603,BAD
case5,case5_y0768_x0896,896,768,193,26.6017749613114,20.726081259830202,-5.875693701481197,BAD
case5,case5_y0768_x1024,1024,768,194,27.81832593043289,23.653874496358878,-4.164451434074014,BAD
case5,case5_y0768_x1152,1152,768,195,29.8758323277018,28.97609603935567,-0.89973628834613,BAD
case5,case5_y0768_x1280,1280,768,196,28.449385061804353,27.35721753547633,-1.0921675263280228,BAD
case5,case5_y0768_x1408,1408,768,197,23.790042966021026,20.674862952045608,-3.1151800139754187,BAD
case5,case5_y0768_x1536,1536,768,198,21.671759316518976,19.140469301617582,-2.531290014901394,BAD
case5,case5_y0768_x1664,1664,768,199,22.178284633721983,20.528573410727454,-1.6497112229945294,BAD
case5,case5_y0768_x1792,1792,768,200,22.885934936654383,21.122970193211287,-1.7629647434430957,BAD
case5,case5_y0768_x1920,1920,768,201,23.84514164977837,22.313763183910957,-1.5313784658674123,BAD
case5,case5_y0768_x2048,2048,768,202,25.585573805534175,23.946944890271755,-1.6386289152624194,BAD
case5,case5_y0768_x2176,2176,768,203,28.993232171889247,26.876270262820015,-2.116961909069232,BAD
case5,case5_y0768_x2304,2304,768,204,35.081245491714775,34.89147057765754,-0.18977491405723157,BAD
case5,case5_y0768_x2432,2432,768,205,30.036561830327727,26.184570255551655,-3.851991574776072,BAD
case5,case5_y0768_x2560,2560,768,206,24.380312004686218,23.308227003901276,-1.0720850007849414,BAD
case5,case5_y0768_x2688,2688,768,207,24.54768298463606,25.03638816891517,0.4887051842791088,GOOD
case5,case5_y0768_x2816,2816,768,208,26.284124060434735,23.56368033622378,-2.7204437242109556,BAD
case5,case5_y0768_x2944,2944,768,209,22.98328819200416,21.120205877940638,-1.8630823140635222,BAD
case5,case5_y0768_x3072,3072,768,210,24.03642020105258,22.717070093520736,-1.319350107531843,BAD
case5,case5_y0768_x3200,3200,768,211,29.728974264976756,27.428441113294685,-2.300533151682071,BAD
case5,case5_y0768_x3328,3328,768,212,25.624305659256198,24.865966722648125,-0.758338936608073,BAD
case5,case5_y0768_x3456,3456,768,213,25.721525720379628,24.3352872948973,-1.386238425482329,BAD
case5,case5_y0768_x3584,3584,768,214,32.8192725412471,29.835863339732278,-2.9834092015148244,BAD
case5,case5_y0768_x3712,3712,768,215,25.489838619375934,23.54980426856793,-1.9400343508080056,BAD
case5,case5_y0768_x3840,3840,768,216,25.43015628350051,23.513041205765685,-1.9171150777348238,BAD
case5,case5_y0896_x0000,0,896,217,28.73772633634114,24.705851827943718,-4.031874508397422,BAD
case5,case5_y0896_x0128,128,896,218,26.591919335604018,24.08769990263911,-2.5042194329649092,BAD
case5,case5_y0896_x0256,256,896,219,26.05679115898343,23.395438763354974,-2.6613523956284553,BAD
case5,case5_y0896_x0384,384,896,220,27.853969690923684,25.529913624372345,-2.3240560665513392,BAD
case5,case5_y0896_x0512,512,896,221,23.685839453116884,22.53898640241449,-1.1468530507023935,BAD
case5,case5_y0896_x0640,640,896,222,23.09026513329549,20.52399957229502,-2.5662655610004705,BAD
case5,case5_y0896_x0768,768,896,223,26.211548294856748,19.415806173380304,-6.795742121476444,BAD
case5,case5_y0896_x0896,896,896,224,25.99854078553153,19.56598652852597,-6.432554257005563,BAD
case5,case5_y0896_x1024,1024,896,225,27.5979483503352,23.278867575740115,-4.319080774595086,BAD
case5,case5_y0896_x1152,1152,896,226,29.951358250764414,28.60750503998043,-1.3438532107839833,BAD
case5,case5_y0896_x1280,1280,896,227,26.12339619588039,24.16350155785399,-1.9598946380263982,BAD
case5,case5_y0896_x1408,1408,896,228,23.110275458766658,20.407152947473204,-2.7031225112934543,BAD
case5,case5_y0896_x1536,1536,896,229,23.45387044625746,20.652165215136836,-2.801705231120625,BAD
case5,case5_y0896_x1664,1664,896,230,23.29135443352349,21.17188430297251,-2.1194701305509795,BAD
case5,case5_y0896_x1792,1792,896,231,22.494116047540686,20.67108865124468,-1.8230273962960055,BAD
case5,case5_y0896_x1920,1920,896,232,23.877051166677163,22.02955908072534,-1.8474920859518242,BAD
case5,case5_y0896_x2048,2048,896,233,25.07868089177416,23.336782242071944,-1.7418986497022146,BAD
case5,case5_y0896_x2176,2176,896,234,28.033382209525204,26.61497348398569,-1.4184087255395141,BAD
case5,case5_y0896_x2304,2304,896,235,35.76246316739519,35.35275661849337,-0.40970654890181635,BAD
case5,case5_y0896_x2432,2432,896,236,32.39512392055447,31.400074366468353,-0.9950495540861155,BAD
case5,case5_y0896_x2560,2560,896,237,27.05980420522295,25.46510225789767,-1.5947019473252801,BAD
case5,case5_y0896_x2688,2688,896,238,26.423949305598985,24.62320870844222,-1.8007405971567643,BAD
case5,case5_y0896_x2816,2816,896,239,24.80192825363149,20.146991768093024,-4.654936485538467,BAD
case5,case5_y0896_x2944,2944,896,240,22.300581819541584,18.848563108033137,-3.4520187115084475,BAD
case5,case5_y0896_x3072,3072,896,241,23.95694702204409,22.237968070906888,-1.7189789511372027,BAD
case5,case5_y0896_x3200,3200,896,242,29.648998603788662,27.051220861759518,-2.5977777420291446,BAD
case5,case5_y0896_x3328,3328,896,243,25.240488350638376,24.179331374583832,-1.0611569760545443,BAD
case5,case5_y0896_x3456,3456,896,244,25.18976282046232,23.686069330773766,-1.5036934896885548,BAD
case5,case5_y0896_x3584,3584,896,245,33.0273666956058,29.49002278049935,-3.537343915106451,BAD
case5,case5_y0896_x3712,3712,896,246,25.15614745446392,23.47370596496047,-1.68244148950345,BAD
case5,case5_y0896_x3840,3840,896,247,25.075585759258928,23.411753272458775,-1.6638324868001533,BAD
case5,case5_y1024_x0000,0,1024,248,28.39420925651966,25.58389379159253,-2.810315464927129,BAD
case5,case5_y1024_x0128,128,1024,249,28.00311747272893,25.04293211260883,-2.9601853601201,BAD
case5,case5_y1024_x0256,256,1024,250,25.399896213874733,23.018068086795736,-2.3818281270789967,BAD
case5,case5_y1024_x0384,384,1024,251,26.200179428480197,24.099738182035235,-2.100441246444962,BAD
case5,case5_y1024_x0512,512,1024,252,24.851394890474275,23.355295480739162,-1.4960994097351126,BAD
case5,case5_y1024_x0640,640,1024,253,24.337749537947182,22.125105809537544,-2.2126437284096383,BAD
case5,case5_y1024_x0768,768,1024,254,26.87769969705983,20.947369248435663,-5.930330448624165,BAD
case5,case5_y1024_x0896,896,1024,255,26.338436560368706,20.453836348496168,-5.884600211872538,BAD
case5,case5_y1024_x1024,1024,1024,256,28.126027423900567,23.943158953477255,-4.182868470423312,BAD
case5,case5_y1024_x1152,1152,1024,257,30.909350804195043,29.00071387370955,-1.9086369304854927,BAD
case5,case5_y1024_x1280,1280,1024,258,25.946411460177377,22.491275256231468,-3.4551362039459086,BAD
case5,case5_y1024_x1408,1408,1024,259,23.27740338174327,19.92665395547366,-3.3507494262696085,BAD
case5,case5_y1024_x1536,1536,1024,260,25.704799903298387,22.68221039590381,-3.022589507394578,BAD
case5,case5_y1024_x1664,1664,1024,261,27.78177911301073,25.782860549666545,-1.998918563344187,BAD
case5,case5_y1024_x1792,1792,1024,262,25.798119391836746,24.25869196336952,-1.5394274284672242,BAD
case5,case5_y1024_x1920,1920,1024,263,26.387728087236777,25.03021222104543,-1.3575158661913456,BAD
case5,case5_y1024_x2048,2048,1024,264,25.527515988882623,24.050534202826782,-1.4769817860558412,BAD
case5,case5_y1024_x2176,2176,1024,265,27.143972456125788,25.906977128142948,-1.2369953279828394,BAD
case5,case5_y1024_x2304,2304,1024,266,33.073740181807956,31.92360501115569,-1.1501351706522662,BAD
case5,case5_y1024_x2432,2432,1024,267,34.36217672650004,33.689551925448555,-0.6726248010514837,BAD
case5,case5_y1024_x2560,2560,1024,268,26.01587568346483,21.483731501006396,-4.532144182458435,BAD
case5,case5_y1024_x2688,2688,1024,269,22.9970606980649,18.57888487773712,-4.418175820327779,BAD
case5,case5_y1024_x2816,2816,1024,270,21.689651928668006,16.909274359976195,-4.7803775686918115,BAD
case5,case5_y1024_x2944,2944,1024,271,22.145604133926007,17.450023180192325,-4.695580953733682,BAD
case5,case5_y1024_x3072,3072,1024,272,25.554723678481572,22.252413478125153,-3.3023102003564198,BAD
case5,case5_y1024_x3200,3200,1024,273,29.587692524460625,27.099531008741625,-2.488161515719,BAD
case5,case5_y1024_x3328,3328,1024,274,26.147075227593145,24.24912455277207,-1.8979506748210753,BAD
case5,case5_y1024_x3456,3456,1024,275,26.136459352231228,23.839760861339872,-2.2966984908913552,BAD
case5,case5_y1024_x3584,3584,1024,276,33.21002351491779,29.450795372813296,-3.7592281421044973,BAD
case5,case5_y1024_x3712,3712,1024,277,25.742818032525182,24.101702110246084,-1.6411159222790985,BAD
case5,case5_y1024_x3840,3840,1024,278,25.60134885268239,23.994591578072082,-1.606757274610306,BAD
case5,case5_y1152_x0000,0,1152,279,27.609616356724302,25.505142889122908,-2.1044734676013945,BAD
case5,case5_y1152_x0128,128,1152,280,28.15739806531979,25.585935113716598,-2.5714629516031913,BAD
case5,case5_y1152_x0256,256,1152,281,26.156348861482527,23.296695171910944,-2.8596536895715836,BAD
case5,case5_y1152_x0384,384,1152,282,26.96762448959387,24.274678150275875,-2.692946339317995,BAD
case5,case5_y1152_x0512,512,1152,283,23.619278059549064,23.250069147672573,-0.3692089118764912,BAD
case5,case5_y1152_x0640,640,1152,284,23.177250307998463,22.578745875722074,-0.598504432276389,BAD
case5,case5_y1152_x0768,768,1152,285,27.192579209737925,22.79906486707686,-4.393514342661064,BAD
case5,case5_y1152_x0896,896,1152,286,26.016172952252262,21.801971743473516,-4.214201208778746,BAD
case5,case5_y1152_x1024,1024,1152,287,27.537811828051815,24.77650437534219,-2.7613074527096266,BAD
case5,case5_y1152_x1152,1152,1152,288,31.140008954611737,29.037180266806203,-2.102828687805534,BAD
case5,case5_y1152_x1280,1280,1152,289,26.04825393320236,21.138929191379987,-4.909324741822374,BAD
case5,case5_y1152_x1408,1408,1152,290,22.751059957519097,17.891185330527662,-4.859874626991434,BAD
case5,case5_y1152_x1536,1536,1152,291,22.998799447644807,19.115815321915054,-3.8829841257297524,BAD
case5,case5_y1152_x1664,1664,1152,292,23.610190739585004,20.975594831010426,-2.6345959085745783,BAD
case5,case5_y1152_x1792,1792,1152,293,25.47487077717995,22.80124549020979,-2.673625286970161,BAD
case5,case5_y1152_x1920,1920,1152,294,32.10229738338277,30.302468678010214,-1.7998287053725548,BAD
case5,case5_y1152_x2048,2048,1152,295,26.627297273840234,24.75898681404519,-1.868310459795044,BAD
case5,case5_y1152_x2176,2176,1152,296,26.011505466718617,24.414589068344018,-1.5969163983745993,BAD
case5,case5_y1152_x2304,2304,1152,297,30.547645280648656,29.341928658213604,-1.2057166224350517,BAD
case5,case5_y1152_x2432,2432,1152,298,34.774710953729425,34.20611211324339,-0.5685988404860325,BAD
case5,case5_y1152_x2560,2560,1152,299,26.091965914990283,21.21500911053705,-4.876956804453233,BAD
case5,case5_y1152_x2688,2688,1152,300,23.09451112476765,18.413828478872986,-4.680682645894663,BAD
case5,case5_y1152_x2816,2816,1152,301,22.750903277960163,18.451362589207697,-4.299540688752465,BAD
case5,case5_y1152_x2944,2944,1152,302,23.08181369475736,19.319362573607407,-3.7624511211499545,BAD
case5,case5_y1152_x3072,3072,1152,303,25.481552016377933,22.341008807924936,-3.1405432084529963,BAD
case5,case5_y1152_x3200,3200,1152,304,29.726955766386972,26.655282107280524,-3.071673659106448,BAD
case5,case5_y1152_x3328,3328,1152,305,26.08515643464592,24.84962309893339,-1.2355333357125318,BAD
case5,case5_y1152_x3456,3456,1152,306,26.18671849086028,24.705160501030733,-1.4815579898295468,BAD
case5,case5_y1152_x3584,3584,1152,307,32.75587222147437,29.849898908388994,-2.9059733130853758,BAD
case5,case5_y1152_x3712,3712,1152,308,26.33930726673833,24.20584959411123,-2.1334576726271024,BAD
case5,case5_y1152_x3840,3840,1152,309,26.180530161872685,24.09280996109317,-2.087720200779515,BAD
case5,case5_y1280_x0000,0,1280,310,27.623145055720677,25.28622455092325,-2.336920504797426,BAD
case5,case5_y1280_x0128,128,1280,311,28.94183785146605,26.055948708757995,-2.8858891427080557,BAD
case5,case5_y1280_x0256,256,1280,312,27.389113232625956,24.120868494348827,-3.2682447382771294,BAD
case5,case5_y1280_x0384,384,1280,313,28.579392783941543,25.396864291940325,-3.182528492001218,BAD
case5,case5_y1280_x0512,512,1280,314,24.441700387843266,24.3254244837792,-0.1162759040640644,BAD
case5,case5_y1280_x0640,640,1280,315,23.73221263402044,23.253585420272746,-0.4786272137476928,BAD
case5,case5_y1280_x0768,768,1280,316,27.41036438790479,24.371283695857585,-3.0390806920472038,BAD
case5,case5_y1280_x0896,896,1280,317,26.337649931136916,23.379903266725282,-2.9577466644116335,BAD
case5,case5_y1280_x1024,1024,1280,318,27.517652448622435,25.509171921199165,-2.00848052742327,BAD
case5,case5_y1280_x1152,1152,1280,319,29.669428414373673,29.611204485917668,-0.058223928456005325,BAD
case5,case5_y1280_x1280,1280,1280,320,25.870734713291853,21.02912873456428,-4.841605978727571,BAD
case5,case5_y1280_x1408,1408,1280,321,22.150461352389556,17.15591111277919,-4.994550239610366,BAD
case5,case5_y1280_x1536,1536,1280,322,21.525453747295842,17.722330347744485,-3.8031233995513567,BAD
case5,case5_y1280_x1664,1664,1280,323,22.56264040464425,19.786454723621954,-2.7761856810222945,BAD
case5,case5_y1280_x1792,1792,1280,324,25.12233403069997,22.258786514210467,-2.863547516489504,BAD
case5,case5_y1280_x1920,1920,1280,325,32.04869666701625,31.28872370482548,-0.7599729621907727,BAD
case5,case5_y1280_x2048,2048,1280,326,27.275109617769022,25.881139545383608,-1.3939700723854145,BAD
case5,case5_y1280_x2176,2176,1280,327,25.755404628135604,24.207932557123538,-1.5474720710120664,BAD
case5,case5_y1280_x2304,2304,1280,328,27.906855844295336,26.36626369335478,-1.5405921509405545,BAD
case5,case5_y1280_x2432,2432,1280,329,28.95759474262968,28.305353061090152,-0.6522416815395289,BAD
case5,case5_y1280_x2560,2560,1280,330,24.77389477388112,23.034790044589045,-1.7391047292920767,BAD
case5,case5_y1280_x2688,2688,1280,331,24.44012423516266,22.361148344335557,-2.0789758908271025,BAD
case5,case5_y1280_x2816,2816,1280,332,26.073815291913228,24.719590646331117,-1.3542246455821108,BAD
case5,case5_y1280_x2944,2944,1280,333,24.15558386814198,22.474453544769098,-1.6811303233728836,BAD
case5,case5_y1280_x3072,3072,1280,334,25.308139504942115,22.59600998107965,-2.7121295238624654,BAD
case5,case5_y1280_x3200,3200,1280,335,28.913735689395214,26.039534606657128,-2.874201082738086,BAD
case5,case5_y1280_x3328,3328,1280,336,24.63801459611976,25.126884983860368,0.488870387740608,GOOD
case5,case5_y1280_x3456,3456,1280,337,24.78735883981003,25.09738461236392,0.3100257725538924,GOOD
case5,case5_y1280_x3584,3584,1280,338,31.926519772006184,30.04370427670225,-1.8828154953039338,BAD
case5,case5_y1280_x3712,3712,1280,339,26.06265625699468,24.38221740507917,-1.6804388519155076,BAD
case5,case5_y1280_x3840,3840,1280,340,25.92327051103965,24.270201564373725,-1.6530689466659254,BAD
case5,case5_y1408_x0000,0,1408,341,27.896374510617463,26.569817210089397,-1.3265573005280658,BAD
case5,case5_y1408_x0128,128,1408,342,29.745744630549666,27.47748778810129,-2.268256842448377,BAD
case5,case5_y1408_x0256,256,1408,343,25.745427604201293,24.367496028801803,-1.37793157539949,BAD
case5,case5_y1408_x0384,384,1408,344,26.885134147417528,25.55201636626082,-1.3331177811567088,BAD
case5,case5_y1408_x0512,512,1408,345,27.106470006601086,26.57387842442805,-0.5325915821730369,BAD
case5,case5_y1408_x0640,640,1408,346,26.151922165757455,25.333588952564217,-0.8183332131932382,BAD
case5,case5_y1408_x0768,768,1408,347,29.116726123605265,26.87669687577038,-2.240029247834883,BAD
case5,case5_y1408_x0896,896,1408,348,27.022301427664168,25.270052450132358,-1.75224897753181,BAD
case5,case5_y1408_x1024,1024,1408,349,27.40097565635011,26.56261879898917,-0.8383568573609388,BAD
case5,case5_y1408_x1152,1152,1408,350,29.327126211336086,30.8332346912364,1.5061084799003126,GOOD
case5,case5_y1408_x1280,1280,1408,351,25.976592195169236,21.99747639603895,-3.979115799130284,BAD
case5,case5_y1408_x1408,1408,1408,352,22.738122483998158,18.39016865915629,-4.347953824841866,BAD
case5,case5_y1408_x1536,1536,1408,353,23.232640057608567,19.67528873767561,-3.5573513199329554,BAD
case5,case5_y1408_x1664,1664,1408,354,24.460198266614924,22.19328891715381,-2.2669093494611126,BAD
case5,case5_y1408_x1792,1792,1408,355,24.768003820231094,23.266408517753455,-1.5015953024776394,BAD
case5,case5_y1408_x1920,1920,1408,356,29.290172295734557,29.789974484747646,0.4998021890130886,GOOD
case5,case5_y1408_x2048,2048,1408,357,27.569769102668047,26.723796397058045,-0.8459727056100022,BAD
case5,case5_y1408_x2176,2176,1408,358,26.343514264680834,24.931863471989352,-1.411650792691482,BAD
case5,case5_y1408_x2304,2304,1408,359,27.8752087546085,26.15954708332392,-1.7156616712845825,BAD
case5,case5_y1408_x2432,2432,1408,360,26.972839152123992,25.44416774972227,-1.5286714024017236,BAD
case5,case5_y1408_x2560,2560,1408,361,24.144798350706402,23.25552042265862,-0.8892779280477825,BAD
case5,case5_y1408_x2688,2688,1408,362,23.02236469956209,23.140862273514667,0.11849757395257754,GOOD
case5,case5_y1408_x2816,2816,1408,363,22.982238992483026,22.67711958620079,-0.30511940628223755,BAD
case5,case5_y1408_x2944,2944,1408,364,23.18208575528882,21.97262881647283,-1.2094569388159897,BAD
case5,case5_y1408_x3072,3072,1408,365,25.365789145315553,23.606619973905545,-1.759169171410008,BAD
case5,case5_y1408_x3200,3200,1408,366,27.91555454275274,26.1805341092988,-1.7350204334539399,BAD
case5,case5_y1408_x3328,3328,1408,367,25.34933350244429,25.40034417580752,0.05101067336322984,GOOD
case5,case5_y1408_x3456,3456,1408,368,25.69582049812108,25.341866662171043,-0.35395383595003693,BAD
case5,case5_y1408_x3584,3584,1408,369,32.394963531014525,30.239172091782265,-2.15579143923226,BAD
case5,case5_y1408_x3712,3712,1408,370,26.620054514774168,25.49742860053359,-1.1226259142405794,BAD
case5,case5_y1408_x3840,3840,1408,371,26.447545638834903,25.35509918326186,-1.092446455573043,BAD
case5,case5_y1536_x0000,0,1536,372,28.912366164592008,27.58513224998194,-1.3272339146100691,BAD
case5,case5_y1536_x0128,128,1536,373,28.720911271872303,27.19374012233798,-1.5271711495343219,BAD
case5,case5_y1536_x0256,256,1536,374,25.139742518637973,24.44212654220565,-0.6976159764323242,BAD
case5,case5_y1536_x0384,384,1536,375,26.64963950351741,26.289616673924805,-0.3600228295926051,BAD
case5,case5_y1536_x0512,512,1536,376,27.252985135432542,26.63176814009725,-0.621216995335292,BAD
case5,case5_y1536_x0640,640,1536,377,26.728950446559693,26.050309912930118,-0.6786405336295758,BAD
case5,case5_y1536_x0768,768,1536,378,32.74305688503515,31.4313864503456,-1.3116704346895531,BAD
case5,case5_y1536_x0896,896,1536,379,27.842916279479205,26.25236108420414,-1.5905551952750656,BAD
case5,case5_y1536_x1024,1024,1536,380,27.20812148435357,26.10827194229971,-1.0998495420538603,BAD
case5,case5_y1536_x1152,1152,1536,381,30.555248159532947,31.810543702751822,1.2552955432188746,GOOD
case5,case5_y1536_x1280,1280,1536,382,26.151048457820075,24.087602036112898,-2.0634464217071766,BAD
case5,case5_y1536_x1408,1408,1536,383,22.638834046302566,20.886361196328508,-1.7524728499740583,BAD
case5,case5_y1536_x1536,1536,1536,384,23.465232484569665,22.557222846803832,-0.9080096377658329,BAD
case5,case5_y1536_x1664,1664,1536,385,24.759636552599012,24.29141759223786,-0.4682189603611526,BAD
case5,case5_y1536_x1792,1792,1536,386,24.33843339368145,23.683148106911105,-0.6552852867703436,BAD
case5,case5_y1536_x1920,1920,1536,387,27.581565146754915,27.17894952808908,-0.40261561866583406,BAD
case5,case5_y1536_x2048,2048,1536,388,26.924035589805,25.73560973238505,-1.1884258574199507,BAD
case5,case5_y1536_x2176,2176,1536,389,27.034872698998687,25.42853650247625,-1.606336196522438,BAD
case5,case5_y1536_x2304,2304,1536,390,29.88168189080649,28.24749483211746,-1.6341870586890295,BAD
case5,case5_y1536_x2432,2432,1536,391,27.740221169282204,25.827877433359106,-1.9123437359230984,BAD
case5,case5_y1536_x2560,2560,1536,392,26.421101999467815,24.98329917952679,-1.4378028199410267,BAD
case5,case5_y1536_x2688,2688,1536,393,23.201622781846595,23.196089642752607,-0.005533139093987671,BAD
case5,case5_y1536_x2816,2816,1536,394,21.497096124059333,20.539872003810835,-0.9572241202484975,BAD
case5,case5_y1536_x2944,2944,1536,395,22.797385303302487,21.28247157669323,-1.514913726609258,BAD
case5,case5_y1536_x3072,3072,1536,396,25.992843670873746,24.65880806535644,-1.3340356055173075,BAD
case5,case5_y1536_x3200,3200,1536,397,28.259040560510506,26.54803135934829,-1.7110092011622164,BAD
case5,case5_y1536_x3328,3328,1536,398,27.103866997133217,25.567131503136274,-1.536735493996943,BAD
case5,case5_y1536_x3456,3456,1536,399,27.428977249893162,25.457362025318805,-1.9716152245743572,BAD
case5,case5_y1536_x3584,3584,1536,400,32.68116224281638,30.637260447327137,-2.0439017954892407,BAD
case5,case5_y1536_x3712,3712,1536,401,26.07471542395284,25.63711494651917,-0.43760047743366925,BAD
case5,case5_y1536_x3840,3840,1536,402,25.92060832894525,25.46947033995113,-0.4511379889941196,BAD
case5,case5_y1664_x0000,0,1664,403,29.94413320464399,26.644125002808018,-3.300008201835972,BAD
case5,case5_y1664_x0128,128,1664,404,27.5190051014837,26.222217023860548,-1.2967880776231517,BAD
case5,case5_y1664_x0256,256,1664,405,26.007916721411664,24.59556353539409,-1.412353186017576,BAD
case5,case5_y1664_x0384,384,1664,406,29.303157840016212,27.780738451594793,-1.5224193884214188,BAD
case5,case5_y1664_x0512,512,1664,407,27.642098521004424,26.445438136046953,-1.1966603849574717,BAD
case5,case5_y1664_x0640,640,1664,408,26.838187414045255,25.957792479310264,-0.8803949347349906,BAD
case5,case5_y1664_x0768,768,1664,409,32.03296881834565,31.93521852403364,-0.09775029431201077,BAD
case5,case5_y1664_x0896,896,1664,410,28.801937988259088,25.144998794272713,-3.656939193986375,BAD
case5,case5_y1664_x1024,1024,1664,411,28.096064044205345,25.011453509714716,-3.084610534490629,BAD
case5,case5_y1664_x1152,1152,1664,412,31.46752952367344,32.08748302785121,0.6199535041777722,GOOD
case5,case5_y1664_x1280,1280,1664,413,28.455048547529262,28.616252753862526,0.16120420633326304,GOOD
case5,case5_y1664_x1408,1408,1664,414,22.989494797406365,23.416392961986958,0.42689816458059227,GOOD
case5,case5_y1664_x1536,1536,1664,415,21.888808010307915,22.361953083761463,0.47314507345354784,GOOD
case5,case5_y1664_x1664,1664,1664,416,22.9038188228909,23.097529288492844,0.19371046560194216,GOOD
case5,case5_y1664_x1792,1792,1664,417,24.277266156928277,23.590325105275983,-0.686941051652294,BAD
case5,case5_y1664_x1920,1920,1664,418,27.184093792866832,25.136693372252754,-2.0474004206140783,BAD
case5,case5_y1664_x2048,2048,1664,419,25.376465536187975,22.63569658375586,-2.7407689524321164,BAD
case5,case5_y1664_x2176,2176,1664,420,24.666937760706414,21.822898854815328,-2.844038905891086,BAD
case5,case5_y1664_x2304,2304,1664,421,26.71073256684657,24.804177774782232,-1.9065547920643375,BAD
case5,case5_y1664_x2432,2432,1664,422,26.823261164048052,25.3870856776352,-1.4361754864128535,BAD
case5,case5_y1664_x2560,2560,1664,423,28.305568531895844,26.116030137359736,-2.1895383945361075,BAD
case5,case5_y1664_x2688,2688,1664,424,25.357434730857516,24.663697955006203,-0.6937367758513133,BAD
case5,case5_y1664_x2816,2816,1664,425,22.062613877003532,20.771126321315847,-1.2914875556876844,BAD
case5,case5_y1664_x2944,2944,1664,426,23.61909530594931,21.867918935338466,-1.7511763706108425,BAD
case5,case5_y1664_x3072,3072,1664,427,28.255562137705464,25.890486695960252,-2.365075441745212,BAD
case5,case5_y1664_x3200,3200,1664,428,29.14258510042727,26.89172204712883,-2.2508630532984384,BAD
case5,case5_y1664_x3328,3328,1664,429,25.394615443644568,25.521997517104968,0.12738207346039943,GOOD
case5,case5_y1664_x3456,3456,1664,430,25.292819116037045,25.097223010703424,-0.19559610533362104,BAD
case5,case5_y1664_x3584,3584,1664,431,32.08905610878594,30.35329591089427,-1.7357601978916684,BAD
case5,case5_y1664_x3712,3712,1664,432,25.922733745850493,25.190926609091903,-0.7318071367585901,BAD
case5,case5_y1664_x3840,3840,1664,433,25.7506637149258,24.947741639666965,-0.8029220752588344,BAD
case5,case5_y1792_x0000,0,1792,434,30.10235120640147,25.935899364602623,-4.166451841798846,BAD
case5,case5_y1792_x0128,128,1792,435,27.240177065315816,26.021051337602778,-1.2191257277130383,BAD
case5,case5_y1792_x0256,256,1792,436,25.790710537109828,23.79586165936498,-1.9948488777448468,BAD
case5,case5_y1792_x0384,384,1792,437,29.419172574963138,26.378308442061286,-3.040864132901852,BAD
case5,case5_y1792_x0512,512,1792,438,28.589456854336554,26.224638888513276,-2.3648179658232777,BAD
case5,case5_y1792_x0640,640,1792,439,26.926785097388173,25.09657875114701,-1.8302063462411624,BAD
case5,case5_y1792_x0768,768,1792,440,30.199898918387554,29.603205740231257,-0.596693178156297,BAD
case5,case5_y1792_x0896,896,1792,441,28.516240942399964,25.149302280745637,-3.366938661654327,BAD
case5,case5_y1792_x1024,1024,1792,442,27.98711786743869,24.98618496892451,-3.0009328985141828,BAD
case5,case5_y1792_x1152,1152,1792,443,31.486139212220383,31.657534237300503,0.17139502508011972,GOOD
case5,case5_y1792_x1280,1280,1792,444,32.579820482071014,32.530838907224314,-0.048981574846699516,BAD
case5,case5_y1792_x1408,1408,1792,445,24.82260312747868,24.44832226309941,-0.3742808643792692,BAD
case5,case5_y1792_x1536,1536,1792,446,21.835329688381506,22.20432011680915,0.36899042842764374,GOOD
case5,case5_y1792_x1664,1664,1792,447,22.564507969179623,23.103165156671395,0.538657187491772,GOOD
case5,case5_y1792_x1792,1792,1792,448,23.771381940823872,23.378177075028255,-0.3932048657956173,BAD
case5,case5_y1792_x1920,1920,1792,449,24.107196882508035,22.797074217265685,-1.3101226652423499,BAD
case5,case5_y1792_x2048,2048,1792,450,23.852741054541674,21.03436366390302,-2.8183773906386556,BAD
case5,case5_y1792_x2176,2176,1792,451,24.144692307764988,20.601922505496457,-3.5427698022685306,BAD
case5,case5_y1792_x2304,2304,1792,452,26.768089235766652,23.652057190129433,-3.116032045637219,BAD
case5,case5_y1792_x2432,2432,1792,453,24.963067167658288,22.81596122921327,-2.1471059384450193,BAD
case5,case5_y1792_x2560,2560,1792,454,25.215947303234927,22.821863154361516,-2.394084148873411,BAD
case5,case5_y1792_x2688,2688,1792,455,24.592457694894616,24.126400235715053,-0.466057459179563,BAD
case5,case5_y1792_x2816,2816,1792,456,22.326388487881598,21.5433171833052,-0.7830713045763993,BAD
case5,case5_y1792_x2944,2944,1792,457,25.35324985062024,24.13134875701185,-1.2219010936083912,BAD
case5,case5_y1792_x3072,3072,1792,458,30.491460925596222,28.234495387069867,-2.256965538526355,BAD
case5,case5_y1792_x3200,3200,1792,459,28.901029303211597,27.243408316138897,-1.6576209870727006,BAD
case5,case5_y1792_x3328,3328,1792,460,24.9309838091363,24.92023458246017,-0.010749226676129098,BAD
case5,case5_y1792_x3456,3456,1792,461,24.91257319588286,24.251096832799902,-0.6614763630829579,BAD
case5,case5_y1792_x3584,3584,1792,462,32.312313291890035,29.416530257316985,-2.89578303457305,BAD
case5,case5_y1792_x3712,3712,1792,463,26.831170334333617,25.05011552667468,-1.7810548076589363,BAD
case5,case5_y1792_x3840,3840,1792,464,26.596079468209815,24.680823817340976,-1.9152556508688399,BAD
case5,case5_y1920_x0000,0,1920,465,30.310840052304265,25.870402473405548,-4.440437578898717,BAD
case5,case5_y1920_x0128,128,1920,466,28.146145005586092,26.145462927186593,-2.0006820783994996,BAD
case5,case5_y1920_x0256,256,1920,467,24.868104917048374,23.08496224806686,-1.7831426689815153,BAD
case5,case5_y1920_x0384,384,1920,468,26.738709540583123,24.901824434734607,-1.8368851058485163,BAD
case5,case5_y1920_x0512,512,1920,469,29.78608734980545,26.40841602478899,-3.3776713250164576,BAD
case5,case5_y1920_x0640,640,1920,470,26.881243452017777,24.454709128394413,-2.4265343236233647,BAD
case5,case5_y1920_x0768,768,1920,471,28.696988323921758,27.65125673560476,-1.0457315883169969,BAD
case5,case5_y1920_x0896,896,1920,472,27.147566350034673,25.05876457755543,-2.0888017724792434,BAD
case5,case5_y1920_x1024,1024,1920,473,26.96108251428044,24.98760940880088,-1.9734731054795631,BAD
case5,case5_y1920_x1152,1152,1920,474,31.85201708823229,31.63580249718573,-0.21621459104656182,BAD
case5,case5_y1920_x1280,1280,1920,475,33.37312418628757,33.39546096161528,0.022336775327708835,GOOD
case5,case5_y1920_x1408,1408,1920,476,27.406162212626157,26.772941784035673,-0.6332204285904837,BAD
case5,case5_y1920_x1536,1536,1920,477,22.2265531501904,22.946617236046887,0.7200640858564853,GOOD
case5,case5_y1920_x1664,1664,1920,478,22.67534096967983,23.865335097911668,1.189994128231838,GOOD
case5,case5_y1920_x1792,1792,1920,479,23.081091084322246,22.97460524774943,-0.10648583657281563,BAD
case5,case5_y1920_x1920,1920,1920,480,21.93513402803007,21.328385367340022,-0.6067486606900481,BAD
case5,case5_y1920_x2048,2048,1920,481,23.579886817242265,21.460731291285917,-2.119155525956348,BAD
case5,case5_y1920_x2176,2176,1920,482,25.188363746363635,21.17878213622877,-4.009581610134866,BAD
case5,case5_y1920_x2304,2304,1920,483,28.75561443456558,24.040671542727566,-4.714942891838014,BAD
case5,case5_y1920_x2432,2432,1920,484,25.267846935051463,22.107616752771,-3.1602301822804613,BAD
case5,case5_y1920_x2560,2560,1920,485,22.834207998086047,20.52419308869171,-2.3100149093943365,BAD
case5,case5_y1920_x2688,2688,1920,486,22.429256784061277,21.494762752936367,-0.9344940311249097,BAD
case5,case5_y1920_x2816,2816,1920,487,23.556287732387084,22.654654979668383,-0.9016327527187009,BAD
case5,case5_y1920_x2944,2944,1920,488,29.5992712043412,28.970413549429082,-0.6288576549121174,BAD
case5,case5_y1920_x3072,3072,1920,489,31.232841019130614,28.107483199535697,-3.1253578195949174,BAD
case5,case5_y1920_x3200,3200,1920,490,28.905175975948193,26.79414100026156,-2.111034975686632,BAD
case5,case5_y1920_x3328,3328,1920,491,26.19124752089775,24.588480239521687,-1.6027672813760638,BAD
case5,case5_y1920_x3456,3456,1920,492,26.255269375354807,24.001245935286843,-2.2540234400679644,BAD
case5,case5_y1920_x3584,3584,1920,493,31.86941633118034,29.08653074218659,-2.78288558899375,BAD
case5,case5_y1920_x3712,3712,1920,494,27.01146958550956,24.4098854417491,-2.6015841437604585,BAD
case5,case5_y1920_x3840,3840,1920,495,26.559343937596584,23.934047840523462,-2.6252960970731216,BAD
case5,case5_y2048_x0000,0,2048,496,29.95770980542933,25.695329148468872,-4.26238065696046,BAD
case5,case5_y2048_x0128,128,2048,497,28.902369400754328,26.308275133783205,-2.5940942669711227,BAD
case5,case5_y2048_x0256,256,2048,498,24.985771112151347,23.475888388282705,-1.5098827238686425,BAD
case5,case5_y2048_x0384,384,2048,499,26.43079393101825,25.218718663058173,-1.2120752679600777,BAD
case5,case5_y2048_x0512,512,2048,500,31.138653221361288,26.618858516592176,-4.519794704769112,BAD
case5,case5_y2048_x0640,640,2048,501,26.765404319427056,24.375582906844414,-2.3898214125826414,BAD
case5,case5_y2048_x0768,768,2048,502,27.494596031568758,26.904478021516702,-0.5901180100520556,BAD
case5,case5_y2048_x0896,896,2048,503,26.942562645890273,24.885891641849316,-2.0566710040409575,BAD
case5,case5_y2048_x1024,1024,2048,504,26.96222737880357,25.070247044508456,-1.8919803342951127,BAD
case5,case5_y2048_x1152,1152,2048,505,32.50402223158717,31.687836373090086,-0.8161858584970858,BAD
case5,case5_y2048_x1280,1280,2048,506,34.37455439887925,33.13420177771114,-1.2403526211681069,BAD
case5,case5_y2048_x1408,1408,2048,507,32.842546024633265,31.821031136219386,-1.0215148884138792,BAD
case5,case5_y2048_x1536,1536,2048,508,23.646956191315603,23.940376941324644,0.2934207500090409,GOOD
case5,case5_y2048_x1664,1664,2048,509,21.695012713194114,22.101754401082392,0.40674168788827814,GOOD
case5,case5_y2048_x1792,1792,2048,510,21.791860771544226,21.71281753857587,-0.07904323296835614,BAD
case5,case5_y2048_x1920,1920,2048,511,22.376906332242203,21.907689869295282,-0.4692164629469211,BAD
case5,case5_y2048_x2048,2048,2048,512,24.29220727146052,22.247724916866638,-2.0444823545938817,BAD
case5,case5_y2048_x2176,2176,2048,513,23.181363441142953,19.693460795155197,-3.487902645987756,BAD
case5,case5_y2048_x2304,2304,2048,514,24.957609484025447,21.38080294209715,-3.5768065419282955,BAD
case5,case5_y2048_x2432,2432,2048,515,26.87775763241529,22.82224667793742,-4.055510954477867,BAD
case5,case5_y2048_x2560,2560,2048,516,22.480982930110642,19.68110805261986,-2.799874877490783,BAD
case5,case5_y2048_x2688,2688,2048,517,22.524289289543532,20.661820685455762,-1.8624686040877698,BAD
case5,case5_y2048_x2816,2816,2048,518,26.914736757391054,25.174397291359977,-1.7403394660310774,BAD
case5,case5_y2048_x2944,2944,2048,519,37.05100431619047,36.25829701856415,-0.7927072976263219,BAD
case5,case5_y2048_x3072,3072,2048,520,31.946913702046903,28.055586866014593,-3.8913268360323094,BAD
case5,case5_y2048_x3200,3200,2048,521,29.38405980805037,26.958010051999885,-2.4260497560504852,BAD
case5,case5_y2048_x3328,3328,2048,522,24.709863836315,25.010997928609143,0.30113409229414145,GOOD
case5,case5_y2048_x3456,3456,2048,523,24.74916031433889,24.463167530865245,-0.2859927834736453,BAD
case5,case5_y2048_x3584,3584,2048,524,31.908368793919895,29.699376799394017,-2.208991994525878,BAD
case5,case5_y2048_x3712,3712,2048,525,26.34120909870298,24.17602906409307,-2.165180034609911,BAD
case5,case5_y2048_x3840,3840,2048,526,25.78092257752668,23.598608897362837,-2.182313680163844,BAD
case5,case5_y2176_x0000,0,2176,527,28.93125594230063,24.788675630590788,-4.1425803117098425,BAD
case5,case5_y2176_x0128,128,2176,528,29.52965376977328,26.09530602652952,-3.434347743243759,BAD
case5,case5_y2176_x0256,256,2176,529,26.15923156022944,24.245451829014545,-1.9137797312148948,BAD
case5,case5_y2176_x0384,384,2176,530,27.65952437345636,26.325470916830916,-1.334053456625444,BAD
case5,case5_y2176_x0512,512,2176,531,29.76902033641718,25.909114291745453,-3.859906044671728,BAD
case5,case5_y2176_x0640,640,2176,532,25.231610032871906,23.673797272650162,-1.5578127602217435,BAD
case5,case5_y2176_x0768,768,2176,533,26.19246508899895,26.144139209878738,-0.048325879120213244,BAD
case5,case5_y2176_x0896,896,2176,534,28.42198802052301,25.33478357895064,-3.0872044415723714,BAD
case5,case5_y2176_x1024,1024,2176,535,28.33738878903582,25.68667049997687,-2.6507182890589505,BAD
case5,case5_y2176_x1152,1152,2176,536,32.88404041942988,31.636301080125833,-1.2477393393040472,BAD
case5,case5_y2176_x1280,1280,2176,537,35.19121656658078,32.75959915243615,-2.4316174141446254,BAD
case5,case5_y2176_x1408,1408,2176,538,39.298430752227446,36.66437790249786,-2.634052849729585,BAD
case5,case5_y2176_x1536,1536,2176,539,28.09843988410946,27.409027375725472,-0.6894125083839882,BAD
case5,case5_y2176_x1664,1664,2176,540,22.96580607104965,22.477231790080726,-0.48857428096892264,BAD
case5,case5_y2176_x1792,1792,2176,541,21.457275532034018,20.981237415167517,-0.4760381168665013,BAD
case5,case5_y2176_x1920,1920,2176,542,22.13132662800609,21.9534652578364,-0.1778613701696905,BAD
case5,case5_y2176_x2048,2048,2176,543,23.025944096252843,22.345348455354355,-0.6805956408984883,BAD
case5,case5_y2176_x2176,2176,2176,544,22.205899969759287,20.256685397181386,-1.949214572577901,BAD
case5,case5_y2176_x2304,2304,2176,545,22.760543123488752,19.928193276917867,-2.832349846570885,BAD
case5,case5_y2176_x2432,2432,2176,546,24.131984332846454,20.121156832248417,-4.010827500598037,BAD
case5,case5_y2176_x2560,2560,2176,547,23.762113966264018,20.27462326390546,-3.4874907023585564,BAD
case5,case5_y2176_x2688,2688,2176,548,25.794235451411605,23.161127896932303,-2.6331075544793023,BAD
case5,case5_y2176_x2816,2816,2176,549,32.51586534422404,30.146263236132384,-2.369602108091655,BAD
case5,case5_y2176_x2944,2944,2176,550,39.33411924575713,37.78041240453332,-1.553706841223807,BAD
case5,case5_y2176_x3072,3072,2176,551,31.32760628489263,29.367585364905864,-1.9600209199867678,BAD
case5,case5_y2176_x3200,3200,2176,552,29.328489807744038,28.62134677459737,-0.7071430331466679,BAD
case5,case5_y2176_x3328,3328,2176,553,23.975956310672778,25.830360060804022,1.8544037501312438,GOOD
case5,case5_y2176_x3456,3456,2176,554,23.940351523046296,25.033445130464838,1.0930936074185418,GOOD
case5,case5_y2176_x3584,3584,2176,555,31.76457878016551,30.111439854736144,-1.6531389254293671,BAD
case5,case5_y2176_x3712,3712,2176,556,26.4442543602662,24.404912633585653,-2.039341726680547,BAD
case5,case5_y2176_x3840,3840,2176,557,25.924374276831248,23.843840195896888,-2.0805340809343598,BAD
case5,case5_y2304_x0000,0,2304,558,28.359632644128187,24.535789614552975,-3.8238430295752117,BAD
case5,case5_y2304_x0128,128,2304,559,29.723835736350992,26.251156700982502,-3.4726790353684898,BAD
case5,case5_y2304_x0256,256,2304,560,26.956926142557926,24.933676336015722,-2.0232498065422035,BAD
case5,case5_y2304_x0384,384,2304,561,28.055440542531006,26.784620892163215,-1.270819650367791,BAD
case5,case5_y2304_x0512,512,2304,562,27.405498974573966,24.652353484527012,-2.753145490046954,BAD
case5,case5_y2304_x0640,640,2304,563,24.318603936245008,22.938792027437714,-1.3798119088072944,BAD
case5,case5_y2304_x0768,768,2304,564,26.232991219602372,26.110374572676243,-0.12261664692612939,BAD
case5,case5_y2304_x0896,896,2304,565,28.68924759470806,25.563009965532917,-3.1262376291751437,BAD
case5,case5_y2304_x1024,1024,2304,566,28.206592285865746,25.67281178143808,-2.5337805044276642,BAD
case5,case5_y2304_x1152,1152,2304,567,32.29939288370364,31.217385442742646,-1.082007440960993,BAD
case5,case5_y2304_x1280,1280,2304,568,34.85830379671419,32.10382676345456,-2.754477033259626,BAD
case5,case5_y2304_x1408,1408,2304,569,39.70646246474101,35.871302244630854,-3.8351602201101542,BAD
case5,case5_y2304_x1536,1536,2304,570,41.711445559114196,36.74327754836526,-4.968168010748933,BAD
case5,case5_y2304_x1664,1664,2304,571,28.765007950404673,27.283706582462052,-1.4813013679426206,BAD
case5,case5_y2304_x1792,1792,2304,572,24.19712356122773,22.77908103601402,-1.4180425252137105,BAD
case5,case5_y2304_x1920,1920,2304,573,22.629131965381326,21.609349243669712,-1.0197827217116142,BAD
case5,case5_y2304_x2048,2048,2304,574,22.562988956549717,21.227241084259294,-1.3357478722904226,BAD
case5,case5_y2304_x2176,2176,2304,575,22.98716475180141,20.742320320341065,-2.2448444314603435,BAD
case5,case5_y2304_x2304,2304,2304,576,22.97358758381723,20.057670743573908,-2.915916840243323,BAD
case5,case5_y2304_x2432,2432,2304,577,23.963758583453988,20.394464633814135,-3.569293949639853,BAD
case5,case5_y2304_x2560,2560,2304,578,27.523497526656946,23.892003020541285,-3.6314945061156614,BAD
case5,case5_y2304_x2688,2688,2304,579,33.87009339295857,32.09549833049414,-1.774595062464435,BAD
case5,case5_y2304_x2816,2816,2304,580,41.950829395709476,39.42171956252183,-2.529109833187647,BAD
case5,case5_y2304_x2944,2944,2304,581,39.87030483592616,38.01815481654273,-1.85215001938343,BAD
case5,case5_y2304_x3072,3072,2304,582,31.11006126401911,29.57792653674424,-1.5321347272748689,BAD
case5,case5_y2304_x3200,3200,2304,583,29.37668518888264,28.392191490762478,-0.9844936981201613,BAD
case5,case5_y2304_x3328,3328,2304,584,24.95686030787654,26.276902702509357,1.320042394632818,GOOD
case5,case5_y2304_x3456,3456,2304,585,24.66206340467249,24.874969502551334,0.21290609787884307,GOOD
case5,case5_y2304_x3584,3584,2304,586,28.932042189990035,25.34604977301512,-3.585992416974914,BAD
case5,case5_y2304_x3712,3712,2304,587,25.74115635874419,22.751977043121126,-2.989179315623062,BAD
case5,case5_y2304_x3840,3840,2304,588,25.184631908195986,22.75957709169901,-2.4250548164969743,BAD
case5,case5_y2432_x0000,0,2432,589,28.679892771097354,24.95018247193577,-3.729710299161585,BAD
case5,case5_y2432_x0128,128,2432,590,29.547749063981282,26.57190018106757,-2.975848882913713,BAD
case5,case5_y2432_x0256,256,2432,591,27.853001722473643,25.15715557499808,-2.6958461474755637,BAD
case5,case5_y2432_x0384,384,2432,592,28.771612955942494,26.66251049617701,-2.1091024597654844,BAD
case5,case5_y2432_x0512,512,2432,593,26.95817462622413,24.517331856486603,-2.440842769737529,BAD
case5,case5_y2432_x0640,640,2432,594,25.299328184620403,23.217731029025785,-2.0815971555946184,BAD
case5,case5_y2432_x0768,768,2432,595,28.36353547442361,27.05592637331349,-1.3076091011101205,BAD
case5,case5_y2432_x0896,896,2432,596,27.347774469945843,25.64322059722015,-1.7045538727256933,BAD
case5,case5_y2432_x1024,1024,2432,597,26.891933119346874,25.51909756724247,-1.372835552104405,BAD
case5,case5_y2432_x1152,1152,2432,598,31.99158777393185,31.31331732886953,-0.6782704450623207,BAD
case5,case5_y2432_x1280,1280,2432,599,34.33861419900606,32.043716007688985,-2.294898191317074,BAD
case5,case5_y2432_x1408,1408,2432,600,39.53510829469409,35.22349869453891,-4.31160960015518,BAD
case5,case5_y2432_x1536,1536,2432,601,42.371517914741155,37.858998681375525,-4.51251923336563,BAD
case5,case5_y2432_x1664,1664,2432,602,41.857545795567496,38.308256491428146,-3.54928930413935,BAD
case5,case5_y2432_x1792,1792,2432,603,32.94910548867901,29.435270317095142,-3.5138351715838674,BAD
case5,case5_y2432_x1920,1920,2432,604,27.78856582962299,25.101791700946563,-2.6867741286764257,BAD
case5,case5_y2432_x2048,2048,2432,605,26.527022360841478,23.476789608053874,-3.050232752787604,BAD
case5,case5_y2432_x2176,2176,2432,606,26.32089444885625,20.45344030889748,-5.86745413995877,BAD
case5,case5_y2432_x2304,2304,2432,607,26.522138632666564,20.952214917178512,-5.569923715488052,BAD
case5,case5_y2432_x2432,2432,2432,608,29.30104670092796,27.133039348449746,-2.168007352478213,BAD
case5,case5_y2432_x2560,2560,2432,609,35.55853302584341,32.98452810127967,-2.574004924563738,BAD
case5,case5_y2432_x2688,2688,2432,610,40.51192361555717,39.19978010941156,-1.3121435061456097,BAD
case5,case5_y2432_x2816,2816,2432,611,38.518090174345026,37.848110679478935,-0.6699794948660909,BAD
case5,case5_y2432_x2944,2944,2432,612,35.363336156384435,34.24974506457203,-1.1135910918124026,BAD
case5,case5_y2432_x3072,3072,2432,613,30.08379680646425,27.470313328246597,-2.6134834782176526,BAD
case5,case5_y2432_x3200,3200,2432,614,28.810963425014954,26.202352970148407,-2.6086104548665467,BAD
case5,case5_y2432_x3328,3328,2432,615,26.03012183039326,26.27446088888773,0.24433905849447157,GOOD
case5,case5_y2432_x3456,3456,2432,616,25.336030647455615,24.65618901489289,-0.6798416325627237,BAD
case5,case5_y2432_x3584,3584,2432,617,26.959977088388158,23.858444866726714,-3.1015322216614436,BAD
case5,case5_y2432_x3712,3712,2432,618,25.496776956673443,23.03683741748975,-2.4599395391836936,BAD
case5,case5_y2432_x3840,3840,2432,619,25.168901395016235,22.857896280204876,-2.3110051148113584,BAD
case5,case5_y2560_x0000,0,2560,620,28.85822151058121,25.821143107404254,-3.037078403176956,BAD
case5,case5_y2560_x0128,128,2560,621,30.253530726475397,27.918631249159738,-2.334899477315659,BAD
case5,case5_y2560_x0256,256,2560,622,28.363531512509688,25.45170663267406,-2.9118248798356277,BAD
case5,case5_y2560_x0384,384,2560,623,29.02211663193844,26.47548264830505,-2.5466339836333916,BAD
case5,case5_y2560_x0512,512,2560,624,27.833679270646485,25.204079131534915,-2.62960013911157,BAD
case5,case5_y2560_x0640,640,2560,625,26.963317001722608,23.654538776092615,-3.308778225629993,BAD
case5,case5_y2560_x0768,768,2560,626,30.725959559784194,27.28017862065391,-3.445780939130284,BAD
case5,case5_y2560_x0896,896,2560,627,27.48759652046418,26.221299602396336,-1.2662969180678445,BAD
case5,case5_y2560_x1024,1024,2560,628,27.221571723571746,26.15021790506168,-1.0713538185100653,BAD
case5,case5_y2560_x1152,1152,2560,629,32.95497313044839,32.536222901154545,-0.41875022929384187,BAD
case5,case5_y2560_x1280,1280,2560,630,34.33931442942301,32.98813281037185,-1.351181619051161,BAD
case5,case5_y2560_x1408,1408,2560,631,38.821588425714694,35.905289431469434,-2.9162989942452597,BAD
case5,case5_y2560_x1536,1536,2560,632,41.71588619579843,38.354976853051376,-3.360909342747057,BAD
case5,case5_y2560_x1664,1664,2560,633,41.77138991901367,39.100152251165625,-2.6712376678480467,BAD
case5,case5_y2560_x1792,1792,2560,634,38.26322426977565,31.297640076197858,-6.96558419357779,BAD
case5,case5_y2560_x1920,1920,2560,635,34.38111140155901,27.34935439273847,-7.031757008820541,BAD
case5,case5_y2560_x2048,2048,2560,636,33.93595917315335,28.63588705426301,-5.300072118890341,BAD
case5,case5_y2560_x2176,2176,2560,637,31.480465286080666,22.137010850891382,-9.343454435189283,BAD
case5,case5_y2560_x2304,2304,2560,638,31.774887168447975,22.1576522796957,-9.617234888752275,BAD
case5,case5_y2560_x2432,2432,2560,639,36.87044948016564,34.52224777413045,-2.3482017060351907,BAD
case5,case5_y2560_x2560,2560,2560,640,36.62980416291867,34.18872836083847,-2.4410758020801993,BAD
case5,case5_y2560_x2688,2688,2560,641,33.56173305638632,30.098724054674335,-3.4630090017119883,BAD
case5,case5_y2560_x2816,2816,2560,642,31.17284728164443,26.05907875121321,-5.113768530431219,BAD
case5,case5_y2560_x2944,2944,2560,643,28.932546153988447,24.35112666805987,-4.581419485928578,BAD
case5,case5_y2560_x3072,3072,2560,644,26.999122890284653,23.50132046898033,-3.4978024213043213,BAD
case5,case5_y2560_x3200,3200,2560,645,26.839923683452803,23.476743691623156,-3.3631799918296466,BAD
case5,case5_y2560_x3328,3328,2560,646,26.257457038475597,24.639128691512045,-1.6183283469635512,BAD
case5,case5_y2560_x3456,3456,2560,647,25.415179968916508,24.197018643774022,-1.2181613251424857,BAD
case5,case5_y2560_x3584,3584,2560,648,25.550826205285,23.24551899250313,-2.3053072127818695,BAD
case5,case5_y2560_x3712,3712,2560,649,26.647563033195286,24.245532279686266,-2.4020307535090204,BAD
case5,case5_y2560_x3840,3840,2560,650,28.046238803368688,25.386937589925985,-2.6593012134427028,BAD
case5,case5_y2688_x0000,0,2688,651,28.050733901659548,26.792279779622284,-1.2584541220372643,BAD
case5,case5_y2688_x0128,128,2688,652,30.230590102951467,29.922839924333196,-0.3077501786182708,BAD
case5,case5_y2688_x0256,256,2688,653,27.544476299767958,26.109778809574355,-1.434697490193603,BAD
case5,case5_y2688_x0384,384,2688,654,28.405627901813176,26.797594284686088,-1.608033617127088,BAD
case5,case5_y2688_x0512,512,2688,655,27.754620115968002,25.37559577046632,-2.3790243455016835,BAD
case5,case5_y2688_x0640,640,2688,656,26.680831303834417,23.457790632886546,-3.2230406709478707,BAD
case5,case5_y2688_x0768,768,2688,657,30.489732698674498,26.50582352074673,-3.9839091779277673,BAD
case5,case5_y2688_x0896,896,2688,658,27.362364465073195,24.564135000072675,-2.798229465000521,BAD
case5,case5_y2688_x1024,1024,2688,659,26.71071488620107,24.154308714096587,-2.5564061721044844,BAD
case5,case5_y2688_x1152,1152,2688,660,31.310149604532572,29.833989097187477,-1.4761605073450959,BAD
case5,case5_y2688_x1280,1280,2688,661,33.87710027239271,32.90213080116543,-0.9749694712272827,BAD
case5,case5_y2688_x1408,1408,2688,662,37.54806231179718,35.763916676032174,-1.7841456357650074,BAD
case5,case5_y2688_x1536,1536,2688,663,39.82387672566601,37.98756346508772,-1.8363132605782937,BAD
case5,case5_y2688_x1664,1664,2688,664,37.0476687771375,32.20499166752812,-4.842677109609383,BAD
case5,case5_y2688_x1792,1792,2688,665,31.010226292530106,25.724723766337675,-5.285502526192431,BAD
case5,case5_y2688_x1920,1920,2688,666,28.254283588117524,21.768089074402596,-6.486194513714928,BAD
case5,case5_y2688_x2048,2048,2688,667,28.10653788754939,21.223856362001673,-6.882681525547717,BAD
case5,case5_y2688_x2176,2176,2688,668,27.63486764577893,20.59511864834034,-7.03974899743859,BAD
case5,case5_y2688_x2304,2304,2688,669,27.425517111100255,21.42207947845452,-6.003437632645735,BAD
case5,case5_y2688_x2432,2432,2688,670,27.98757863972151,24.731628062818032,-3.2559505769034764,BAD
case5,case5_y2688_x2560,2560,2688,671,27.68936124243922,24.544972295971,-3.1443889464682186,BAD
case5,case5_y2688_x2688,2688,2688,672,28.060470688616522,25.02220821453684,-3.0382624740796835,BAD
case5,case5_y2688_x2816,2816,2688,673,28.858189386669665,24.1368394496371,-4.721349937032564,BAD
case5,case5_y2688_x2944,2944,2688,674,28.247470325984892,23.297328413426452,-4.95014191255844,BAD
case5,case5_y2688_x3072,3072,2688,675,27.7914030772302,23.934554572335145,-3.856848504895055,BAD
case5,case5_y2688_x3200,3200,2688,676,28.427309114951953,24.914633555128272,-3.5126755598236805,BAD
case5,case5_y2688_x3328,3328,2688,677,28.47356927357769,26.1772679952758,-2.2963012783018932,BAD
case5,case5_y2688_x3456,3456,2688,678,27.27791953462837,25.828676909665607,-1.4492426249627641,BAD
case5,case5_y2688_x3584,3584,2688,679,24.853144557524075,22.715446313312032,-2.137698244212043,BAD
case5,case5_y2688_x3712,3712,2688,680,25.574653971252303,23.161994950310532,-2.4126590209417706,BAD
case5,case5_y2688_x3840,3840,2688,681,30.12165453123602,27.68242544268777,-2.4392290885482524,BAD
case5,case5_y2816_x0000,0,2816,682,26.837327985407,25.22051304481618,-1.616814940590821,BAD
case5,case5_y2816_x0128,128,2816,683,28.065285594350286,27.85320623989854,-0.21207935445174542,BAD
case5,case5_y2816_x0256,256,2816,684,25.790042621441604,25.132952817300183,-0.657089804141421,BAD
case5,case5_y2816_x0384,384,2816,685,26.0019611838297,24.370515843128597,-1.6314453407011023,BAD
case5,case5_y2816_x0512,512,2816,686,26.510295575181104,24.462533041664617,-2.0477625335164866,BAD
case5,case5_y2816_x0640,640,2816,687,25.549739513890884,23.6815850241517,-1.868154489739183,BAD
case5,case5_y2816_x0768,768,2816,688,26.8968637678401,24.882506646922874,-2.014357120917225,BAD
case5,case5_y2816_x0896,896,2816,689,26.544101840404075,23.725089851046953,-2.819011989357122,BAD
case5,case5_y2816_x1024,1024,2816,690,26.33313435817881,23.389073362711976,-2.9440609954668346,BAD
case5,case5_y2816_x1152,1152,2816,691,28.027110396869936,25.617623251966034,-2.4094871449039026,BAD
case5,case5_y2816_x1280,1280,2816,692,28.91757546450718,24.663555787125432,-4.2540196773817485,BAD
case5,case5_y2816_x1408,1408,2816,693,29.06125007420103,22.413863878129554,-6.647386196071476,BAD
case5,case5_y2816_x1536,1536,2816,694,28.419581925254608,21.66933565505046,-6.750246270204148,BAD
case5,case5_y2816_x1664,1664,2816,695,27.698142471757777,21.882921942250164,-5.815220529507613,BAD
case5,case5_y2816_x1792,1792,2816,696,27.49182564748963,21.681095187175554,-5.810730460314076,BAD
case5,case5_y2816_x1920,1920,2816,697,27.56624969848196,20.91065800199397,-6.655591696487992,BAD
case5,case5_y2816_x2048,2048,2816,698,27.895725563160923,20.958129175244025,-6.937596387916898,BAD
case5,case5_y2816_x2176,2176,2816,699,28.237699095863924,21.660190642627462,-6.577508453236462,BAD
case5,case5_y2816_x2304,2304,2816,700,28.13764675847662,23.156130924064673,-4.9815158344119475,BAD
case5,case5_y2816_x2432,2432,2816,701,26.781156534579438,23.475119303706027,-3.306037230873411,BAD
case5,case5_y2816_x2560,2560,2816,702,25.992367358468258,22.233333701994525,-3.7590336564737328,BAD
case5,case5_y2816_x2688,2688,2816,703,27.23528966859341,23.65709574334288,-3.578193925250531,BAD
case5,case5_y2816_x2816,2816,2816,704,29.558949983566908,26.050774561569952,-3.508175421996956,BAD
case5,case5_y2816_x2944,2944,2816,705,29.74985973002722,25.19239466886594,-4.557465061161281,BAD
case5,case5_y2816_x3072,3072,2816,706,29.1180047056568,25.399691036117535,-3.718313669539267,BAD
case5,case5_y2816_x3200,3200,2816,707,27.803774595930257,25.156175850590976,-2.6475987453392804,BAD
case5,case5_y2816_x3328,3328,2816,708,26.277303870524683,24.224455663374584,-2.052848207150099,BAD
case5,case5_y2816_x3456,3456,2816,709,25.850664584705182,24.087960513495084,-1.7627040712100985,BAD
case5,case5_y2816_x3584,3584,2816,710,24.372505272239287,22.05394611504847,-2.318559157190819,BAD
case5,case5_y2816_x3712,3712,2816,711,24.995453370746034,22.525014012416452,-2.470439358329582,BAD
case5,case5_y2816_x3840,3840,2816,712,29.75521153489654,27.540569483761892,-2.2146420511346463,BAD
